CREATE DATABASE  IF NOT EXISTS `intex` /*!40100 DEFAULT CHARACTER SET utf8 */;
USE `intex`;
-- MySQL dump 10.16  Distrib 10.1.44-MariaDB, for debian-linux-gnu (x86_64)
--
-- Host: 127.0.0.1    Database: intex
-- ------------------------------------------------------
-- Server version	10.1.44-MariaDB-0+deb9u1

/*!40101 SET @OLD_CHARACTER_SET_CLIENT=@@CHARACTER_SET_CLIENT */;
/*!40101 SET @OLD_CHARACTER_SET_RESULTS=@@CHARACTER_SET_RESULTS */;
/*!40101 SET @OLD_COLLATION_CONNECTION=@@COLLATION_CONNECTION */;
/*!40101 SET NAMES utf8 */;
/*!40103 SET @OLD_TIME_ZONE=@@TIME_ZONE */;
/*!40103 SET TIME_ZONE='+00:00' */;
/*!40014 SET @OLD_UNIQUE_CHECKS=@@UNIQUE_CHECKS, UNIQUE_CHECKS=0 */;
/*!40014 SET @OLD_FOREIGN_KEY_CHECKS=@@FOREIGN_KEY_CHECKS, FOREIGN_KEY_CHECKS=0 */;
/*!40101 SET @OLD_SQL_MODE=@@SQL_MODE, SQL_MODE='NO_AUTO_VALUE_ON_ZERO' */;
/*!40111 SET @OLD_SQL_NOTES=@@SQL_NOTES, SQL_NOTES=0 */;

--
-- Table structure for table `acceso`
--

DROP TABLE IF EXISTS `acceso`;
/*!40101 SET @saved_cs_client     = @@character_set_client */;
/*!40101 SET character_set_client = utf8 */;
CREATE TABLE `acceso` (
  `idacceso` int(30) NOT NULL AUTO_INCREMENT,
  `accesoNombre` varchar(30) NOT NULL,
  `accesoIndice` int(30) DEFAULT '0',
  `accesourl` varchar(100) NOT NULL,
  `accesoComentario` varchar(140) DEFAULT NULL,
  PRIMARY KEY (`idacceso`),
  UNIQUE KEY `accesoNombre_UNIQUE` (`accesoNombre`),
  UNIQUE KEY `idacceso_UNIQUE` (`idacceso`),
  KEY `fk_acceso_1_idx` (`accesoIndice`),
  CONSTRAINT `fk_acceso_1` FOREIGN KEY (`accesoIndice`) REFERENCES `acceso` (`idacceso`) ON UPDATE CASCADE
) ENGINE=InnoDB AUTO_INCREMENT=55 DEFAULT CHARSET=utf8;
/*!40101 SET character_set_client = @saved_cs_client */;

--
-- Dumping data for table `acceso`
--

LOCK TABLES `acceso` WRITE;
/*!40000 ALTER TABLE `acceso` DISABLE KEYS */;
REPLACE INTO `acceso` VALUES (9,'Administración',NULL,'#','fa fa-cog'),(10,'Sistema',9,'tipopp.intex','pi pi-folder-open'),(11,'Permisos y Licencias',9,'lictp.intex','pi pi-th-large'),(12,'Académica',9,'academico.intex','fa fa-leaf'),(13,'Perfil',NULL,'#','pi pi-user'),(14,'Permisos',45,'#','pi pi-eye'),(15,'Solicitar Permiso',14,'permisoE.intex','pi pi-briefcase'),(16,'Personal',NULL,'#','pi pi-users'),(17,'Gestión de maestros',27,'agregacion.intex','pi pi-user-plus'),(18,'Gestión de administradores',16,'agAdm.intex','pi pi-plus'),(19,'Plantel Institucional',35,'plantel.intex','pi pi-table'),(20,'Inventario',23,'inventario.intex','fa fa-barcode'),(21,'Libros',23,'libros.intex','fa fa-book'),(22,'Nuevo Ingreso',36,'inscripcion.intex','pi pi-user'),(23,'Recursos',9,'#','fa fa-yelp'),(24,'Nomina de Alumnos',36,'nominaA.intex','pi pi-user'),(25,'Gestión de Recursos',23,'admRecurso.intex','fa fa-table'),(26,'Lista de Representantes',35,'listaRepresentantes.intex','pi pi-list'),(27,'Maestros',16,'#','fa fa-puzzle-piece'),(28,'Gestión de horarios',27,'horario.intex','pi pi-plus'),(29,'Gestión de permisos',14,'permiso.intex','fa fa-legal'),(30,'Solicitud de permisos',14,'permisoM.intex','fa fa-ge'),(31,'Administrador de anuncios',9,'anuncios.intex','fa fa-bell'),(32,'Matricula',36,'matricula.intex','fa fa-slideshare'),(33,'Entrega de Útiles',36,'paquetes.intex','fa fa-sliders'),(34,'Contribuciones',36,'contribuciones.intex','fa fa-money'),(35,'Listados',16,'#','fa fa-list-ul'),(36,'Alumnos',16,'#','fa fa-graduation-cap'),(37,'Reservas de Equipo',45,'#','fa fa-gamepad'),(38,'Solicitud de Reserva',37,'solicitudR.intex','fa fa-flag'),(39,'Historial de Reservas',43,'solicitudH.intex','fa fa-archive'),(40,'Gestionar Reservas de equipo',37,'srCra.intex','fa fa-certificate'),(41,'Historial de Notificaciones',43,'notifh.intex','fa fa-forumbee'),(42,'Proyecto Planificado',37,'solicitudRPP.intex','pi pi-pencil'),(43,'Historiales',13,'#','fa fa-folder-open'),(44,'Historial de permisos',43,'permisoH.intex','fa fa-database'),(45,'Solicitudes',NULL,'#','fa fa-street-view'),(46,'Área psicológica',45,'#','fa fa-ambulance'),(47,'Solicitud de cita psicológica',46,'solicitudCP.intex','pi pi-bookmark'),(48,'Adminitración citas pscológica',46,'admCitasPs.intex','pi pi-calendar'),(49,'Consulta Psicológica',46,'consultasPS.intex','pi pi-window-maximize'),(50,'Historial citas Psicológicas',43,'citasPSH.intex','fa fa-file'),(51,'Horario de clases',13,'horarioCl.intex','fa fa-calendar'),(52,'Aspecto de la aplicación',13,'temas.intex','fa fa-picture-o'),(53,'Mi usuario',13,'infoPerfil.intex','fa fa-android'),(54,'Administración de usuarios',16,'admUsuarios.intex','fa fa-university');
/*!40000 ALTER TABLE `acceso` ENABLE KEYS */;
UNLOCK TABLES;

--
-- Table structure for table `accesoTipoPersona`
--

DROP TABLE IF EXISTS `accesoTipoPersona`;
/*!40101 SET @saved_cs_client     = @@character_set_client */;
/*!40101 SET character_set_client = utf8 */;
CREATE TABLE `accesoTipoPersona` (
  `idacceso` int(30) NOT NULL,
  `idTipoPersona` int(30) NOT NULL,
  `accesoTipoPersonaComentario` varchar(140) DEFAULT NULL,
  PRIMARY KEY (`idacceso`,`idTipoPersona`),
  KEY `fk_accesoTipoPersona_2_idx` (`idTipoPersona`),
  CONSTRAINT `fk_accesoTipoPersona_1` FOREIGN KEY (`idacceso`) REFERENCES `acceso` (`idacceso`) ON DELETE NO ACTION ON UPDATE CASCADE,
  CONSTRAINT `fk_accesoTipoPersona_2` FOREIGN KEY (`idTipoPersona`) REFERENCES `tipoPersona` (`idtipoPersona`) ON UPDATE CASCADE
) ENGINE=InnoDB DEFAULT CHARSET=utf8;
/*!40101 SET character_set_client = @saved_cs_client */;

--
-- Dumping data for table `accesoTipoPersona`
--

LOCK TABLES `accesoTipoPersona` WRITE;
/*!40000 ALTER TABLE `accesoTipoPersona` DISABLE KEYS */;
REPLACE INTO `accesoTipoPersona` VALUES (9,1,''),(9,2,''),(9,3,''),(9,5,''),(9,6,''),(9,7,''),(10,1,''),(10,2,''),(11,1,''),(11,2,''),(11,3,''),(12,1,''),(12,2,''),(13,1,''),(13,2,''),(13,3,''),(13,4,''),(13,5,''),(13,6,''),(13,7,''),(13,8,''),(13,9,''),(13,12,''),(13,13,''),(13,14,''),(13,15,''),(14,1,''),(14,2,''),(14,3,''),(14,4,''),(14,5,''),(14,6,''),(14,7,''),(14,8,''),(14,9,''),(14,12,''),(14,13,''),(14,14,''),(14,15,''),(15,8,''),(15,9,''),(16,1,''),(16,2,''),(16,3,''),(16,4,''),(16,12,''),(16,13,''),(17,1,''),(17,2,''),(18,1,''),(18,2,''),(19,1,''),(19,2,''),(19,3,''),(19,13,''),(20,1,''),(20,2,''),(20,5,''),(20,6,''),(20,7,''),(21,1,''),(21,2,''),(21,5,''),(22,1,''),(22,2,''),(22,3,''),(22,4,''),(22,13,''),(23,1,''),(23,2,''),(23,5,''),(23,6,''),(23,7,''),(24,1,''),(24,2,''),(24,3,''),(24,4,''),(24,13,''),(25,1,''),(25,2,''),(25,5,''),(25,6,''),(25,7,''),(26,1,''),(26,2,''),(26,3,''),(26,4,''),(26,13,''),(27,1,''),(27,2,''),(28,1,''),(28,2,''),(29,1,''),(29,2,''),(29,3,''),(30,1,''),(30,2,''),(30,3,''),(30,4,''),(30,5,''),(30,6,''),(30,7,''),(30,12,''),(30,13,''),(30,14,''),(30,15,''),(31,1,''),(31,2,''),(31,3,''),(31,4,''),(31,5,''),(31,6,''),(31,7,''),(31,13,''),(32,1,''),(32,2,''),(32,13,''),(33,1,''),(33,2,''),(33,12,''),(34,1,''),(34,2,''),(34,12,''),(35,1,''),(35,2,''),(35,3,''),(35,4,''),(35,13,''),(36,1,''),(36,2,''),(36,3,''),(36,4,''),(36,13,''),(37,1,''),(37,2,''),(37,3,''),(37,4,''),(37,5,''),(37,6,''),(37,7,''),(37,8,''),(37,13,''),(38,1,''),(38,2,''),(38,3,''),(38,4,''),(38,5,''),(38,6,''),(38,7,''),(38,8,''),(39,1,''),(39,2,''),(39,3,''),(39,4,''),(39,5,''),(39,6,''),(39,7,''),(39,8,''),(40,1,''),(40,2,''),(40,5,''),(40,6,''),(40,7,''),(41,1,''),(41,2,''),(41,3,''),(41,4,''),(41,5,''),(41,6,''),(41,7,''),(41,8,''),(41,9,''),(41,12,''),(41,14,''),(41,15,''),(42,1,''),(42,2,''),(42,4,''),(43,1,''),(43,2,''),(43,3,''),(43,4,''),(43,5,''),(43,6,''),(43,7,''),(43,8,''),(43,9,''),(43,12,''),(43,13,''),(43,14,''),(43,15,''),(44,1,''),(44,2,''),(44,3,''),(44,4,''),(44,5,''),(44,6,''),(44,7,''),(44,8,''),(44,9,''),(44,12,''),(44,13,''),(44,14,''),(44,15,''),(45,1,''),(45,2,''),(45,3,''),(45,4,''),(45,5,''),(45,6,''),(45,7,''),(45,8,''),(45,9,''),(45,12,''),(45,13,''),(45,14,''),(45,15,''),(46,1,''),(46,8,''),(46,14,''),(47,8,''),(48,1,''),(48,14,''),(49,1,''),(49,14,''),(50,8,''),(51,4,''),(51,8,''),(51,9,''),(52,1,''),(52,2,''),(52,3,''),(52,4,''),(52,5,''),(52,6,''),(52,7,''),(52,8,''),(52,9,''),(52,12,''),(52,13,''),(52,14,''),(52,15,''),(53,1,''),(53,2,''),(53,3,''),(53,4,''),(53,5,''),(53,6,''),(53,7,''),(53,8,''),(53,9,''),(53,12,''),(53,13,''),(53,14,''),(53,15,''),(54,1,''),(54,2,''),(54,13,'');
/*!40000 ALTER TABLE `accesoTipoPersona` ENABLE KEYS */;
UNLOCK TABLES;

--
-- Table structure for table `anuncio`
--

DROP TABLE IF EXISTS `anuncio`;
/*!40101 SET @saved_cs_client     = @@character_set_client */;
/*!40101 SET character_set_client = utf8 */;
CREATE TABLE `anuncio` (
  `idanuncio` int(30) NOT NULL AUTO_INCREMENT,
  `anuncioTitulo` varchar(45) NOT NULL,
  `anuncioFechaFin` date NOT NULL,
  `anuncioTexto` text NOT NULL,
  `anuncioAnunciante` int(30) NOT NULL,
  `anuncioTipoPersona` int(30) DEFAULT NULL,
  `anuncioComentario` varchar(140) DEFAULT NULL,
  PRIMARY KEY (`idanuncio`),
  KEY `fk_anuncio_1_idx` (`anuncioAnunciante`),
  KEY `fk_anuncio_2_idx` (`anuncioTipoPersona`),
  CONSTRAINT `fk_anuncio_1` FOREIGN KEY (`anuncioAnunciante`) REFERENCES `persona` (`idpersona`) ON UPDATE CASCADE,
  CONSTRAINT `fk_anuncio_2` FOREIGN KEY (`anuncioTipoPersona`) REFERENCES `tipoPersona` (`idtipoPersona`) ON UPDATE CASCADE
) ENGINE=InnoDB AUTO_INCREMENT=5 DEFAULT CHARSET=utf8;
/*!40101 SET character_set_client = @saved_cs_client */;

--
-- Dumping data for table `anuncio`
--

LOCK TABLES `anuncio` WRITE;
/*!40000 ALTER TABLE `anuncio` DISABLE KEYS */;
REPLACE INTO `anuncio` VALUES (1,'Inicio de clases','2020-01-31','las clases inicial el 20/01/2020. con uniforme desde las 08:30 am.',1045367073,NULL,NULL),(2,'CANCELACIÓN DE ENSAYO','2020-01-30','HOLA',1045367083,8,'Desabilitado por: Laura María López Suñiga'),(3,'Lorem ipsum dolor sit amet','2020-03-10','Lorem ipsum dolor sit amet, consectetur adipisicing elit, sed do eiusmod tempor incididunt ut labore et dolore magna aliqua. Ut enim ad minim veniam, quis nostrud exercitation ullamco laboris nisi ut aliquip ex ea commodo consequat. Duis aute irure dolor in reprehenderit in voluptate velit esse cillum dolore eu fugiat nulla pariatur. Excepteur sint occaecat cupidatat non proident, sunt in culpa qui officia deserunt mollit anim id est laborum.',1045367083,NULL,'Modificado por: Guillermo Aldolfo Delsas Murcia'),(4,'no hay clases','2020-02-08','el sábado XD XD :V',1045367084,NULL,NULL);
/*!40000 ALTER TABLE `anuncio` ENABLE KEYS */;
UNLOCK TABLES;

--
-- Table structure for table `aula`
--

DROP TABLE IF EXISTS `aula`;
/*!40101 SET @saved_cs_client     = @@character_set_client */;
/*!40101 SET character_set_client = utf8 */;
CREATE TABLE `aula` (
  `idaula` int(30) NOT NULL AUTO_INCREMENT,
  `zonaAula` int(30) NOT NULL,
  `aulaComentario` varchar(145) DEFAULT NULL COMMENT 'Contiene la lista de las aulas del instituto',
  PRIMARY KEY (`idaula`),
  KEY `fk_aula_1_idx` (`zonaAula`),
  CONSTRAINT `fk_aula_1` FOREIGN KEY (`zonaAula`) REFERENCES `zona` (`idzona`) ON UPDATE CASCADE
) ENGINE=InnoDB AUTO_INCREMENT=12 DEFAULT CHARSET=utf8;
/*!40101 SET character_set_client = @saved_cs_client */;

--
-- Dumping data for table `aula`
--

LOCK TABLES `aula` WRITE;
/*!40000 ALTER TABLE `aula` DISABLE KEYS */;
REPLACE INTO `aula` VALUES (1,1,''),(2,1,''),(3,1,''),(4,1,''),(5,1,''),(6,2,''),(7,2,''),(8,3,''),(9,3,''),(10,3,''),(11,3,'');
/*!40000 ALTER TABLE `aula` ENABLE KEYS */;
UNLOCK TABLES;

--
-- Table structure for table `autor`
--

DROP TABLE IF EXISTS `autor`;
/*!40101 SET @saved_cs_client     = @@character_set_client */;
/*!40101 SET character_set_client = utf8 */;
CREATE TABLE `autor` (
  `idautor` int(30) NOT NULL AUTO_INCREMENT,
  `autorNombre` varchar(30) NOT NULL,
  `autorComentario` varchar(140) DEFAULT NULL,
  PRIMARY KEY (`idautor`)
) ENGINE=InnoDB AUTO_INCREMENT=10 DEFAULT CHARSET=utf8;
/*!40101 SET character_set_client = @saved_cs_client */;

--
-- Dumping data for table `autor`
--

LOCK TABLES `autor` WRITE;
/*!40000 ALTER TABLE `autor` DISABLE KEYS */;
REPLACE INTO `autor` VALUES (1,'Rusou 1',''),(2,'loosss','8'),(3,'Delsas',''),(4,'Lic. Julio Zelada',''),(5,'Museo de la palabra y la image',''),(6,'Rudyard Kipling',''),(7,'Gabriel Alegría',''),(8,'D.J. Flakoll',''),(9,'Paul Watzlawick','');
/*!40000 ALTER TABLE `autor` ENABLE KEYS */;
UNLOCK TABLES;

--
-- Table structure for table `autorLibro`
--

DROP TABLE IF EXISTS `autorLibro`;
/*!40101 SET @saved_cs_client     = @@character_set_client */;
/*!40101 SET character_set_client = utf8 */;
CREATE TABLE `autorLibro` (
  `idautor` int(30) NOT NULL,
  `idLibro` int(30) NOT NULL,
  `autorLibrocComentario` varchar(145) DEFAULT NULL,
  PRIMARY KEY (`idautor`,`idLibro`),
  KEY `fk_autorLibro_2_idx` (`idLibro`),
  CONSTRAINT `fk_autorLibro_1` FOREIGN KEY (`idautor`) REFERENCES `autor` (`idautor`) ON UPDATE CASCADE,
  CONSTRAINT `fk_autorLibro_2` FOREIGN KEY (`idLibro`) REFERENCES `recurso` (`idrecurso`) ON UPDATE CASCADE
) ENGINE=InnoDB DEFAULT CHARSET=utf8;
/*!40101 SET character_set_client = @saved_cs_client */;

--
-- Dumping data for table `autorLibro`
--

LOCK TABLES `autorLibro` WRITE;
/*!40000 ALTER TABLE `autorLibro` DISABLE KEYS */;
REPLACE INTO `autorLibro` VALUES (3,766,''),(4,1,''),(5,1140,''),(6,7663,''),(7,98,''),(8,98,''),(9,1890,'');
/*!40000 ALTER TABLE `autorLibro` ENABLE KEYS */;
UNLOCK TABLES;

--
-- Table structure for table `capacitaciones`
--

DROP TABLE IF EXISTS `capacitaciones`;
/*!40101 SET @saved_cs_client     = @@character_set_client */;
/*!40101 SET character_set_client = utf8 */;
CREATE TABLE `capacitaciones` (
  `idMaestro` int(30) NOT NULL,
  `fechaCapacitaciones` date NOT NULL,
  `capacitacionCategoria` varchar(50) NOT NULL,
  `capacitacionArea` varchar(50) NOT NULL,
  `capacitacionNombre` varchar(50) NOT NULL,
  `capacitacionCertificado` bit(1) NOT NULL DEFAULT b'0',
  `capacitacionPatrocinador` varchar(80) NOT NULL,
  `capacitacionModalidad` enum('P','S','V') NOT NULL DEFAULT 'P',
  `capacitacionComentario` varchar(145) DEFAULT NULL COMMENT 'Histórico de las capacitaciones que cada maestro de la institución ha hecho.',
  PRIMARY KEY (`idMaestro`,`fechaCapacitaciones`),
  CONSTRAINT `fk_capacitaciones_1` FOREIGN KEY (`idMaestro`) REFERENCES `maestro` (`idmaestro`) ON UPDATE CASCADE
) ENGINE=InnoDB DEFAULT CHARSET=utf8;
/*!40101 SET character_set_client = @saved_cs_client */;

--
-- Dumping data for table `capacitaciones`
--

LOCK TABLES `capacitaciones` WRITE;
/*!40000 ALTER TABLE `capacitaciones` DISABLE KEYS */;
/*!40000 ALTER TABLE `capacitaciones` ENABLE KEYS */;
UNLOCK TABLES;

--
-- Table structure for table `cargo`
--

DROP TABLE IF EXISTS `cargo`;
/*!40101 SET @saved_cs_client     = @@character_set_client */;
/*!40101 SET character_set_client = utf8 */;
CREATE TABLE `cargo` (
  `idcargo` int(30) NOT NULL AUTO_INCREMENT,
  `cargoNombre` varchar(50) NOT NULL COMMENT 'Lista de los cargos que el personal docente puede desempeñar.',
  `cargoTipoPersona` int(30) DEFAULT NULL,
  `cargoComentario` varchar(145) DEFAULT NULL,
  PRIMARY KEY (`idcargo`),
  KEY `fk_cargo_1_idx` (`cargoTipoPersona`),
  CONSTRAINT `fk_cargo_1` FOREIGN KEY (`cargoTipoPersona`) REFERENCES `tipoPersona` (`idtipoPersona`) ON DELETE SET NULL ON UPDATE CASCADE
) ENGINE=InnoDB AUTO_INCREMENT=7 DEFAULT CHARSET=utf8;
/*!40101 SET character_set_client = @saved_cs_client */;

--
-- Dumping data for table `cargo`
--

LOCK TABLES `cargo` WRITE;
/*!40000 ALTER TABLE `cargo` DISABLE KEYS */;
REPLACE INTO `cargo` VALUES (1,'Director',2,''),(2,'Subdirector',3,''),(3,'Coordinador de área bibliográfica',5,''),(4,'Coordinador de área Informática',6,''),(5,'Psicólogo',14,''),(6,'Coordinador de laboratorio de CC.NN',7,NULL);
/*!40000 ALTER TABLE `cargo` ENABLE KEYS */;
UNLOCK TABLES;

--
-- Table structure for table `categoria`
--

DROP TABLE IF EXISTS `categoria`;
/*!40101 SET @saved_cs_client     = @@character_set_client */;
/*!40101 SET character_set_client = utf8 */;
CREATE TABLE `categoria` (
  `idcategoria` int(30) NOT NULL,
  `categoriaNombre` varchar(50) NOT NULL,
  `categoriaComentario` varchar(45) DEFAULT NULL,
  PRIMARY KEY (`idcategoria`)
) ENGINE=InnoDB DEFAULT CHARSET=utf8;
/*!40101 SET character_set_client = @saved_cs_client */;

--
-- Dumping data for table `categoria`
--

LOCK TABLES `categoria` WRITE;
/*!40000 ALTER TABLE `categoria` DISABLE KEYS */;
REPLACE INTO `categoria` VALUES (0,'Generalidades s',NULL),(100,'Filosofías y Disciplinas afines',NULL),(300,'Ciencias Sociales',''),(400,'Leguas',''),(500,'Ciencias Puras',''),(600,'Ciencias Aplicadas',''),(700,'Bellas Artes',''),(800,' Literatura',''),(900,'Geografia e Historia','');
/*!40000 ALTER TABLE `categoria` ENABLE KEYS */;
UNLOCK TABLES;

--
-- Table structure for table `citaPsicologia`
--

DROP TABLE IF EXISTS `citaPsicologia`;
/*!40101 SET @saved_cs_client     = @@character_set_client */;
/*!40101 SET character_set_client = utf8 */;
CREATE TABLE `citaPsicologia` (
  `estudiante` int(30) NOT NULL,
  `fechaSolicitada` datetime NOT NULL,
  `fechaSolicitud` datetime NOT NULL,
  `estado` enum('S','A','P','C','T') NOT NULL DEFAULT 'S',
  `motivo` varchar(145) DEFAULT NULL,
  `comentarios` varchar(140) DEFAULT NULL,
  PRIMARY KEY (`estudiante`,`fechaSolicitada`),
  KEY `fk_citaPsixologia_1_idx` (`estudiante`),
  CONSTRAINT `fk_citaPsixologia_1` FOREIGN KEY (`estudiante`) REFERENCES `estudiante` (`idestudiante`) ON DELETE CASCADE ON UPDATE CASCADE
) ENGINE=InnoDB DEFAULT CHARSET=utf8;
/*!40101 SET character_set_client = @saved_cs_client */;

--
-- Dumping data for table `citaPsicologia`
--

LOCK TABLES `citaPsicologia` WRITE;
/*!40000 ALTER TABLE `citaPsicologia` DISABLE KEYS */;
REPLACE INTO `citaPsicologia` VALUES (16018,'2020-01-30 21:54:00','2020-01-30 19:38:29','C','','tr'),(16018,'2020-01-30 21:59:46','2020-01-30 21:56:53','T','frnh',''),(16018,'2020-01-31 11:26:32','2020-01-31 11:23:51','T','','ya tengo una.'),(16018,'2020-02-03 10:30:00','2020-01-30 22:03:33','A','gfdvdsgdfsgsdfgd','');
/*!40000 ALTER TABLE `citaPsicologia` ENABLE KEYS */;
UNLOCK TABLES;

--
-- Table structure for table `constancias`
--

DROP TABLE IF EXISTS `constancias`;
/*!40101 SET @saved_cs_client     = @@character_set_client */;
/*!40101 SET character_set_client = utf8 */;
CREATE TABLE `constancias` (
  `idConstancias` int(30) NOT NULL,
  `fechaSolicitud` date NOT NULL,
  `tioPermiso` int(30) NOT NULL,
  `fechaInicio` date NOT NULL,
  `documento` longblob NOT NULL,
  `extención` varchar(100) NOT NULL,
  `comentario` varchar(140) DEFAULT NULL,
  PRIMARY KEY (`idConstancias`,`fechaSolicitud`,`tioPermiso`,`fechaInicio`),
  KEY `fk_constancias_1_idx` (`idConstancias`),
  CONSTRAINT `fk_constancias_1` FOREIGN KEY (`idConstancias`, `fechaSolicitud`, `tioPermiso`, `fechaInicio`) REFERENCES `permisos` (`ipPersona`, `permisoFechaSolicitud`, `tipoPermiso`, `permisoFechaInicio`) ON DELETE NO ACTION ON UPDATE NO ACTION
) ENGINE=InnoDB DEFAULT CHARSET=utf8;
/*!40101 SET character_set_client = @saved_cs_client */;

--
-- Dumping data for table `constancias`
--

LOCK TABLES `constancias` WRITE;
/*!40000 ALTER TABLE `constancias` DISABLE KEYS */;
REPLACE INTO `constancias` VALUES (1045367085,'2020-02-03',1,'2020-02-03','\0JFIF\0\0H\0H\0\0\0C\0\n\n\n		\n\Z%\Z# , #&\')*)-0-(0%()(\0C\n\n\n\n(\Z\Z((((((((((((((((((((((((((((((((((((((((((((((((((\0XR\"\0\0\0\0\0\0\0\0\0\0\0\0\0\0\0\0\Z\0\0\0\0\0\0\0\0\0\0\0\0\0\0\0\0f	DY]Z65xyF]A΢R*JJƏ>m<9;E vjS\n!P6]C@(2vNE2J2ۙ	<:Fwc\\yɧݬ=KfћR\n\\:r\ZkLUN\Zm5i=j̜\'YyrԖxY\rOcIPD5h$ӦTmyɝpIzz4B\'6RuPih\r8e%S^e)y>yK3<U\'^\ZG2M1u׳&\nU\"Ě:g mONM0]6j\\!\'ZC:qiUq\n_YW\"hialLYyJ:gцN+qWJͧ\Z9XAA\'sq	ġW=yCJ_F[8٬PMud13X5#Br:42[$mW;V*+W8ŲU\"ƀ\0d\0׳YPS{]%y}D\\ۃ<a^@0,jqu̷48f[X\ZUdbrW$)f+h6oMyWbzVVNWgT*sܗ]덴z3ǩj #meb:N!PkYrO^TH:)VvsV	EZ};vxRUq@m*kokFוMiG덯.VW9MuJ\r@Ҽ^R6QբkVig Pf3i8+4\0܈gQϫV-=newمγU\nM)cBavCC+\\f.ټ$VJΙP!tux1njW61|}ԣ!Jdz2Xc6)SL$!Z:Ef渍B.P\\a#\nVmUIXjRlV+150NU5QA:Z8C\r=LΑʦ͜^gbF9HSu^bM!5`7hk).k\ns\nlä\'K@˭f\nY:ٝ/y^z..M>kg3E+Um0E\r6]\nYc+XO*<wE\ZpSxL쑄T)U4nQy~OYѻhKyVڗ{y`PԍƎ;46z8\Z9	V3\Zpj	[ExTSu55LZOX65k:#wt4zY7nKk4vYiOdl`]4\0kw\ZZ[by@rV[ )!t<^bZ>^se٢J`c=Ur9泞bkA]\\gW>~Uke;cIMM x衛J5sf\\Wpuwد׏F*]\0d!MFuePP5yw8R\ZfR<H)2qwqtދd|.jXA[K+cˏc+X^ɸwZ;9AD(mˤeW\0nk-MqW%I&i5f]9si@@}=ah\0S]%|ml͎.y\'\'gB&hQS*ÔqQP-g2]V3A\\쎦ۆPyoş{9СDz,TqyQ=foJCib\\BLm^f~P\nM:HEϷI$<HOOy@4kqu0tUktgQght6`uG,=mN9雙m<%.J\rCn\\MDIdh2Ij@SXB?o}Kq{ګiܯ:<[>ʺcn,skV.Fd\Zfp#&ɕA{9Ũ<CC8\nQ$nS<kZo<SJ\ZGp:Eƻp|U\nN0ޑn4ݫl984)dfbO,PAzI<c*<޽\Z4z4GZTX \\W͔il)r!ӞVab|fnL \Z0LwS2Hx4TYgӤwW󎇓z7rV4ʤ6ǝS\\\Z4c͎4t^\"L\'ʌgHI&LI;1:@8;;\noS.c9B+GH)Ey*Ǽտ*9^dqEXB=LR*_<-\"d1@d!6nr/݅|LF:pJ^d6ɻp-\0z0$E\'EM ()\'fi`@V1HCڮc]QJ9\Z5nxqIPA44(ZsS(d	;0L3(͎D^T\'F\rYw/^1bcb3 Ӌ$$i萛\'pI(́;fD(OjoV^޳Z־Mz(<d-&ݐR;SԈ;#\'pe#\0s\\v$Jp XƳyԹԕ[5JEEv   \Z	1$nLHQrNXkj:hVѿi58qhs=>OE21Mɘ)IIk<&bI!jSkw9cNukG!me&;LP4}~SY\rַً k{,b=t&@iȲz/#R6)Z\"~g[J$4Hj}\rVj\'G-s0wȭ\rZ\\՞QvksAO~se܄tH3=>աtu_C#e]8a2A>Uv:\\:i$CTɒ,M@Za(陃 ;Q&vBIe_tx-dtdET=Mv7!sߗۺ{^awĊbPjSqɩ<S$)BBL%a2W$	1IB7|9-dzgc^ǗcC\\PGJ\ZJdRgi&BI$D6 i%N$tEKK8LNNi&mTʮd4RbIM<RA$IB$c$\0.\0\0\0\0! 1\"02#A3@4B$%\0\0{q1,:K\'=%0};1?ch>{^*sɚk#w->o\0XEv{\0}K\ZQL5BQ\0t?R\0{{U\n=yR;1cȧͽǴOðxI {jC[h=͟ىIBo\'홴rm@+=h\0lD=W}ޥ6=\nSve8,Q5-gSҮ6׻\rƮqG<W:+Mv,쟩:V3]}5|sCŁضլs{+3\\&%8{nJox6qi3fr3jf:pS]\ZUkIIb{ſPaJ]̹1zZeZ#˩Y+X>ɹLR+jnndʟE~;{ݺZfmE9l3DkB4N\">ۏ-:DŭD\Z»@Ad?r1kԩn\rwg}N\0`ZYЂzI*skDWa4޻`5	+~k٣M1t*ǈko\\5iWP7iEa~^DM0\rd-71ƌjOѻtu|CJXt@Rٖ*ęBSX49y0	Uw\ZԴy\'톻#_csa7SmgӲZ%@\ZhlIeCYdkAHXH2k8a\n3ɊP4}FXVmWVj\n)R3\Z\Zu6ɮC?ڣOmSLS$>]|K]l]MvL(<f,K@[.Mŧb7\0?cvu-ŕ<)ص|F|J\\y/(j1?VUH*\nɚc>HkĿ/2F3Re\rfx+q^g\\R=G\"vz%yXt4dRʶ܍8[V1Eum\r2do5.~M޿-DS}^@\rC࿕lkYZkS]g`qbyoUg;r)+a[F>\"~*>YAR	j-\\3J*k@߸osBS}Ʈ\055-v@}s!~Vnlen{jUه,pu,MvtV\"3OtTcf_ˤ?#Ϳ}$v\\C7:\0/uW+=XmHM\r8-(o\Zd1r4yiTj,2ݾOՎ])w(nv7[;7g{YTozS+),snAygEHʇ\0RfB)px^\0N{hfqOa3ZXY>GWc7!XvgE\rU@Ê}Ϗ\\:zPr=6]ρt)3k?]L^blIU>>7\\;QSeNbzr\"bcK:^A =~OW۩\niZ1Q\0p=N[Fr?C UiHck>E\0U/ͩj^>\0dɕAV\"moR+Q]r/iRۨ\'t-Xϕ{hv㾧(nt7GJ1_=YWE\0zXuz=?=.ڂP366@҃-0L\'50iGYLVR2*},_-Ėi)`zqgfƲױYަ5Fe!am}1Z٘uNF)ȴQNVKd1;qT(owKx^IVuhꂴv	R^)Kj~ߎPYUA=[USJ֮2*kZ8O)NYa}Ji\ruݶ(ʴV{3BZVRfSREƼcĀ	ME\\ف׻\nЙF06-ڞ؈]JXX/*ý\nhz\"DFI1l[myB5+mw4R1(?D).3=/TΚq22ZimD喆9M\0Xa=/EOVn2VAk\'xMK1fF$ṇ^emq5q&^Y$}ь>O`u,\r56u=(=@*iqSt+a}JT	1mŷ$i\0]γbB׷zC㹌>0gfF]\rMޝ+4\n6ZoZмC?wJ{9£|9XE 7nZN=ѣdhcx8!=[-Lw׎CWKN5݊^ԟö?=\'s>{z4v/\"gGo?c52pET\'PQe&5̬nIR_isj@S>\"Ԧ]C+	VS5^azbccIvr\\x\nX\Z]x_;\0o`Ews	߰OS1DF>H<q1OTˉۻ\nVQF=7ҬJ!*Kzks+[XqZnehznTraLwXG:WK*oSPmͺȾbP(\Zk)J%_o\04A>7 CgTu2ќ,{	퓏qrq/vzC]Y(ɚ6\'!GXdUiFeRjeJmbZg]lnSzOԱ=Oo3g{jss}[.I\Zxl=;7\0K]7lEfq=OM=>f8$\\WXH~`\0OS4gH#_7Yg3v,OY\\>;nnYXˇq㗍0]ɀlR~evs3c܁mQXYرv9D&:#\'џ|3@ W+vCC^qPv~RjTH5lەXN\n}6\'6yUW)[Et<55+_;?6`L̻!\'Ԩ^V8rǢ\rwvWbȮɩe*cGWg)pc>xʳF۰20k&Y{>\"3,[|Aq͉1(SR^@k5I\0\\wKH\0$vԱbAf.\Z\0W̼u,de]uh!X~>W-5f*fIS\rMW\Z2=Yeċd5Szno8$[k5Y-};kBP75	\0;5>J)N/vŮޫCszQe:MdQ\nLfJ<lso:rM&W32mǩ,hȲ/{22q+g>OcW;:&ro!=rqh³{DGYq60x_!\"Oݨ\0aZ&=}I>7-^!Gݨ\0{m@ Ir&NNZ:}7t0bT75b\rwbx*ܧkdێr)[\nN0a^4DìYs-qrی~SծO9ctڨ|Rs)ȯtr.6b}kFNtYC#2#}~r(_,^<ksZj0\r1&nkM7*涞ZJ){\"\"ΝOn^OxW(`+55\nJ6_x\0T0.z[π`f[|,:FWz6ͩ,s:{,&a\\Bp4Ṗ\r7\\l>_,mo;>nDʛԳ &>̭.k~)ZΊw7}t &p9Wnnn+E}{ݑec9vEJxW83+ї=6zU޽=_ѱq0Ig.E9v)-8=G?k_p!ˣ9=mG0WR\07}3{hwLFԵ>՝&\0Fγ_:ޯ5p:J66\r\"K\ne7>ƨ׌/Lk87OoK[+SIOZ2o~k͡ȍNvSy`)볷VѽJdG\Z?\0\'\0\0\0\0\0\0\0!1 A0Q\"@aBq\0?Ζti5HsXecOBSF\n\n1st4\"nLw7F$1>IK^c\'H1h8fW7e_l[xएBH\"oqz\'.beǎOOj%\"ħ/S]-l$,rHjV?T%\"ͬ>E\"HE#SdqEVlc,lCGE87P\Z.F*$0ՓCw6.\n?x(^r>ʡ<t\"|ē\"cs#+#L{7\0\Zcƚ6]!pQ,(b\"5DG!Ap<(ȑ\"=b}GHM(ٰXeF^F ]\r7^|,6q*cFNjkA)O{^ZVȪ&\\tͿdN1tF~8Z~ZY%#s}*&r97}n	h//\Z=9|S;TA5\"2Ql\ncilv[q}I!E}&c4fJWGIoV|U-n/ጶ&Fyԇ7pQEFӄpʯ:FzvIp?Z?R>U-6Ze|1DuXwTՕEХZc9G/ɟ~JbGDQ+n5&vpYӏ_ƾ*E𯆄\0G+B,<XB΅~>6|+r?=?^\0+\0\0\0\0\0\0\0!1 \"0AQ2@Ba#qb\0?.X⍲ye[zHoD^3<.\'7rD~8f\\,1V-=CX#D:굔U>gW0J%i&,Gun,9nx҅Q~VznL4Cᮄ֕h/?].V>xJ$+e6\Z8DS_1,b,rl\"NmrlTZ(Fщ萼ˁEX(Bt&.5)vȭJ17Xr좸DEX:H]h==(6FGȥieiZj4\\i[1\"}#Ѿ+I	jC5)fɮJ1~U+b$B\\yhƉbbb\\)&%kSG5EF&MCf֗+pI9rG\'-SbyկS)=Q{D15~kEBEz򘤢ܑd_<hY\rnH}OȆX!+_XǓ\0d#\Z$Er!Bc֫KʑQGӾƝf)\\>* _G{G얟sF	d3O3F;m:F%\0/-)\0Up^\rdjKlakF)1a.ŉGC!;ϏdLŚ٘\0-MݛYEm63dӇ\\m([&b^/KfUkOd<E&m71O9_b֬g3쟧:R(mCzl{VϋI(F]xHx71vˢ\0eZ[~E-/1-Ym+r7b^^7ܥ|&+^bOF&Y~ddڇ\0)BM䧤|ѱнρ(\\rbF-MҊIUGQdrp\\\"W-D(\'}=݊6	c\0=\0\0\0\0\0! \"102AQaq#@BR3br$PSCc\0\0?\rNoTqMx$r\nTl%[DHhVj)7k}v5N=\n=b5KOJ\'c詈_*O\ZTl~*詏28q(5HhUv5O\rn]mM0KθE{cU\"u\\NPIjTbvط\\&z\nnSU_cy3ZR~{`4\\Y,ҥcy\rLqD1ʸ8E6PeK[ -ZF̀\n\'-ؠ9hURxekm$z*kp];8%\\J.MOw7as嗝\\J[($0M:`sy&q.? \rrjeEP\\Tb٩TCdC[\\%p3p1phZuW7%]\nrA*c\\\Z-U00&8F@jo%ǩTTSvUズ%\"TR*㵷n#Tlj\\dKfUta`mꪳ{idơO\0!Lau0K/ZΚMpUVlz&rBz+t]SaXV)3(\n*j(.EԡaXS{J;<m{q+U{5l+eh[ftj.6\rtQY,p\n9ǎ\'OЮ++BUBw!8GTSUf5@-\"\0<4+ԇ;	oܤ7ErD{e{\"{HSgĤ`qn5ʜgIhR4WT1A=\"uByeި3`mEyѿI=zɝou51L\'86*V1&u;6,ԭ}Ӈ5z-y.BYp\0h]?{ftWވD@3{[Eɣ0gl⡱\'Vߩ ;)hno7\nu;}/`	`rZF,_w>!@Z!Rp(OTXE6nW\\xnR\nCR@):F&;m(vqګ\ZG|7DԎW[,C/Y_ʙP\nMӐ!\ng,1EuqdqK;\'wM0uSl;~!*1z\"0\0v^i6$g.ELiqPctP\r0WЏ8&ŇXnBuR#|6q؍r]8S_	gz^*J`6\r\"~ls<5UYA7GuUc}(/A~	^g7~[{,uq1e#M.rT7xCP\Z7wm\ncSO/$Bjm	(w!:$8i*n0iMŬc?b/ԈަCcPfNH\rM1*CrQ7,oZtK W9Zlz)TX<j*,c\"N+Um1N|=\\uHSpU0⸭J]w^\\\"	>E:!P~Љ)5v4yXftGIW,5܍~T۪\'%q-$\\K`o\0v?(0pS%2eJ5{NJCpdi+hUxM$]=Ngl͗dU$T$mWpoTOLMU-akfcU淎lTNS+gxNὤ}.N=K(m/r1O\0e3^,f+m5u\rDpNˇV~֘n}VZ\rOpЕ\rTIpsNY!U7/=ge⼿&jGf\0j!ݗ,ɤ\ZfyjV[^nEտOMJowZg\rUBmbօ3317Uj˨UJYzkǪ\Z>xRmm\ZFNj\"Xg3ULidԧ5伨N̆3q+.G.¦4O^D+̆5[W\re\0+[Uc0z{037 ,czɹtRa>Ҥ\0tT.4S\0\'@emȂ?^:ʊ~KCbQ\ZO.*qRr-5W#fψWVEW,Rj6\n9\r5#a5<|?W89R*g[\ZVZCuW$W\0ޜTk]yaR\n+МZU<}dlhW#d\n;	~\0PN%WU>7m^GN\n^%O6Bpx邫[hiݫFOZTeOѠr+sfAY4ڲ=nU\rB$ԛezNnW5J*Uٯ0 WMftV\n$\0ynM_\r͜I\0!O\rPE@\'C|B{nT~mrCsly&DR	qB2ܜ7K,xU80&\Z\roR늟	|)CAo]dh>O\rEycCw22S~)_D:4yp[o]xxPX)Mēt=)?5R@#nOtccGdF女,5\'ꔑ K6s o_%_\0.E0-^晅4IZ\"\rd677W;E*,\0^zՙ~/q\0Ģ9\Z@\'P|=IVGeNo\nktGBWh<JPp[ptˈ]Qe~G$|u;0^\Z)ľG6kcE(ZO ꫯkF ϟgR\nqD\0*Qf|/Lwa4܂-r8s3<O:`TLPb9;H ƍZU7,ßv*M=[9\rqa9cA):(͋$qV<_0:hb,V\"-\0]sHw%xo%c:3b/!Viv̈́9sOL2{e$	=3Krl`qW\0\rSso4o0\nT.镪N,\rdHm4q\Z*yaw1S8;yJTƺ)Rѣ^LA\"FO\\\n׸5ډ_SUNZ9$t\"e3j<p\n}S6\ZB#,Jbe\'{ÑoV.p#33	WZޥdap%u ꩫa&?50&C!|#ڲe8|GNfQNm\0Q;\0(\0\0\0\0\0\0\0!1AQaq 0\0\0?!cL=0D76[P}/ևKLkO\0>mޅ\0%[ZV7#im1%|%fbK{ie.}K+k18Y\ZBFsi;	ZE1}+cBB>	\"No_rD_Po5KƽJ+Dks#K܀jL#Z	=NGǡ\'J!A\"׬90$/\\	LI-!hǝk1X0>Xyv$К,dYz\ZjB2	k	CDl5b{F,Dr,itQxW,EH,y64](\Z\Z\Z>\Z7ӍH9,D6`kp$ٷg/6밈%b%D!k445_Δ$H,ZVʇ\"瘏R01+6}#-v*Q\raY*ٟWcz-q7sەLqd7/BI;ۉFMQD{($֤N֣F#mt$!e{e1zH_qJ3Z_c9I, j &BZ \Zm\'_Bee.O0ix52Kti$2(\0uqoO\"Qy{2 hzLOȑhO3\0&;\"ñ;őC(f-n \"HXcaKm>Ag+T+,ca$]:\0BXN\Z=HAhٸ/.MD$CM\r=ɉ\"Q\\\'E%~4d@ DN444EОoȊ=tܪOpmټ\'l/͊6<	)1.V=kK(2/@2\nieӗ0\0x%zdv\\Bk[,^&XV5H$%ʈ̑vɼ\r$3X\Z\n;4򉋡v&fЂ<OF\Zbd	j4:̥.\\RddEhpQJ&vMCv1Hޮ*ɐDɫwl7[\Zg\"yu	Rx F<lZ@ܟ\0FtBRo{teU$;\0iV[hv#&K-U=Bn	`[34n\'䂆\ZyClI@y\\jFxBKD-	҉C1R̓	@l0HTH6D9(֛)В	3HAF)X\ri\rtfvg`inK$1BToF\'\'QXl%1;1dC;QaDFD@\rAtbٚ^j+(#l.\nzDŁDΆ	G\"VL\"*eYr!0	#[4NC@n	]J+$\rCƲ!^	aNؚ/\"\Zѩa(Z&o(a<cfL\'용Z\Z5XyaB\Z^LR9NZ<[9IhĲd4EFYh7X,d`0PfUQbز\r{F &>!chWMH2Ot3M)\\DT&(\Z ǂ7\"ym$ucV\r7Ibq)Y`J)Xغ9A3\rD|e&6gɆ\"	$R4tXK=2&j:eCB&UІ9_+/b,rPpfw\'K<O$a_zLd=77HŏA!!@qŸ\\	#E<\nC[+SCx\'Xg\\3P[#;`E0oؚQp7T<q-I@17e\'N?i2s<EKm$.QX\Z Nߣʝcdc`_g,l5q!WؐC\r&3|H\rI\r\0B]\\ry(,.MZbJeeZehc<&?՜JbNl%uqJgP}RtEB|`{Lyƈ)[{DLaK6-	ۑ-弳Ynluc&\rajˡ8*M\\.9>y}}o10i_շO9RQЊ-%5ZX@- ^DT=X?bg&+Mn#(y&!ƙITQv{	Wcyx$.%cȱ_ԛ2%m&E)Dnf͖_sAȆxEτ+|f?yrIm-e,d9Y|$z\"F\'QC\\K\Z\'g[C-d)E,ct71[_!*GYY!]`VQip=țHF@Ʉ*{aeJ1А!I贒K6ecTBkR(Rn0);#ȬpƐ\"Lc[%3@C5X>tOl#K^)ת\\y|U`Ʉ;yrڔDp-3ɄthŎߡp;{c^]9E\'-*X2@ OwMT)N\05 KO9iBl!vt%@$l ½E\ZiNO+\0aYFFx\')u]y;]^F\r	b\04\\ֱ6 7㳑=yd1Md3Knw\nZ!0\'$a\Zk:ykO`\'~˔%MB2D|QF(pLo&nD:D	\\H$]/=ܝW+j\"]4Cw !vJ.J\\LPN42ICP 4y$Bt<0`5ۣX⒗;̇n <b67좍ވRc\Zn$;rQ$Kh\'<\nH*bZ.ZKz1]Β\nzj9]Oa\"!p\',C%ǜ۽5+D%8\rcB vO8}-؜ 9!!M,Chn|=\nenPt=ixq-3R4FQ~K&;.r\'QlR#zl %6$XVPٟa\rH8\"4j\'DH\"]ƄlExcht$.+$5,\\ʙ8}0\'#8%d4DlC~F/4<y0w}\Zd.}q\r6r4:jܕpO7s.bNVǡj_#YZ*FM!HE!tŅy84!7p\rig(b>җN*Ďz<M,y9LO,B>(E°dC=ǰ{\n\"2_pE<ޣfMgJ%!)t	2L8cRbT~`l=/\rjh[Q>qU	(۱/$\Z4>MNkjĊi6HCdr)|\\AdCqD	_&A\\na\'$](oh)J\ZkR;\npL!V5L񾭉ҷΖn`EE2!*OcӈkWb&$OlDD6Ԏ,GLw|	ycWK|lRؐZfGE-}؉&^vAFc$z\\Un/),9D9Kb|a;Q[.0*G=(v	<$RǦdK$肼ҍCc`PSSe)Ip-DJl2y\\D%w9 ͽWHZ\rH݉+J1)\Ztѵ)7\ZT$YKAJ+q\nԎњ\'*es\0b6&afpkba	C6\"okRi\Z7l;ai⽌I2a5vdḔH%d\r0<k\"H2	Db-bmFZ/\0?Y|і	{({ԿG8DӇ\"[Ȅ#a7Ԟ8B\r{ϣԄYؚ1\rr-;$lOm[%;&zГyRG>q!4]4M;8I#\"dĎyv\"vaM0WJHAn\\pIxuO5s?:ݙ\"L!_\0[\0S9LcC0· ~W$[ 1eG	fbcye,ȎztiXbjoB\"WdP$I%_Gʇիꉗ,_L{\nPK)\Z\Z0%H1N/H7\'q$	IDA,yYp		?C	[z(jw:RM}YWK}8@Y|!r%R,u,CrRH:z҆Oc*f7??9a\0(v!eM%VL?R#N\rе\Zc(->\\YIdgD6ff0~P%(Kޡ)D@I	!z-\\oZ\'II#)#\'Zk\rrj8]M\'Ȭ1-%Q8`;|\0-Q^!(>?1A<:6]fæt#S2ޠ2#[/JzR+cMj_=y1Qeو;K\0vojFbVB&c8,E[=XQ2O)ds*]Y -(*#Њ̾NY3^#8B\0W,!4V1EH[ʏ#F[#MU\nػ\"4d\rje/bg|\r#z\nCbZ!	CVI#Ih(a;DOg(ހH	f0z6H\nE3#y8;HkKvއ<hlD/CmBD%%̒R=3BǸA}c$ TlI#_:*K7Z죋8N.O}6E;4/,%\ZthBm4EP!\\HUёسih$eFX=rU{a?^#)2Z\Z<$бk0HDsCсZ5BBDa$c`Kj:HSVKlК~0s~bMC,726M+G!萅LK~Iׁ֑pYMwQMH\'E[֨.;$@_zA^`؄\Zv/5ȌRLI~\\k*M˰$$@8di1K2,>f<;A.PjI\0\Z\r8i\"z\rj:ӭM5UR7w}z8|Rs*\r5֢Ck\ZU?F8oė*vH1[u\Z81H6=D%6e22&颧;T~; X_d$$61MOwjhbY1\06i4(YPS$DnyjNF~IRk}=e[\r\"\rz_Sƭh-HI2N#W.60tcevJ,\'D)eНF`+)j&cgċ-c\ZE3.J,+zMȞ#&*J\".4o%r2}ɓ4Ӎ1Fz=W a>Za{?xǤz{ofkLK\'*CSH9RK4B\\Zi,{Ri\"LfĥLCCbAE\0\"2-)`jT23_B8SYc\'ִhBDm?\0\0\0\0\0\0,9&\06vC?+}َ`B<{=κ}j!\0)~/clKjvxC:;l\0kلkܪvՆNsCm|_;;^]rr.Y?o28;sUvg/O~|2?6s/++jwg#~l0{\0$yp_F5\00n`ј,|Oc\'o>!˒ĭ?I4qW\0etkm%o\'G4t1^A̽a#Z~a.cH;Ht}޼@syۤZڊ;F&;o}ܳ)f\06y\0<π\'?]~y\"]\0qq/{\0\0}6ߏT@wʂk?\0}T7.ŞtU[k\0%\0Nmv=x֎ \0¢[q?~5Ѝumj{Cs\rV(޹C_5~)K\'_/|\0a/>\0\'\0\0\0\0\0\0!1AQ a0q\0?|\0|}	?^ۗtɭ3˓l1oKfzedeGDBgמ%t9`>.Zpz[\\[o{i*}K9c,{jTD3~\'̤,ܳ{z+9\"/^9v~x&rA-rRZ60忘.\r^X[D{aRϠ?eifY#w9rg2|7zvHz;/`G`C\0N|, c9M,e{lS`.6,N>mlN0+L[c$Xo{<afC,N}B8:~?s;o\n͝2jRm+;-?EXlL\"m S574ˏي؟z&08Hج-Ze#ӓ>. F[~{\0,--st%?~kmvw[zv,H6썄/`/p_\n{;tޣ9<\n$$dseU[!ێ>6\rN-\"=(z䦖Ű6Ztòc/3z18nxS~%R_97kݝ,p/\0b>-d[?G:̵Not5]cr}^Z/7I\'_/q?eKQ\0M1 bYn#xG&_YX[	zIbf_ax-W|#F偯KOcy\rX~˗\rl{͟~.@;s^3/D{_ci{`{`Edy-$O~Y\'\\Cls[X3-O&~.iF%-<g?3P{F1NH&<e;,bF#sQ|\0DA獥3Osdoa2o,dKUze\0~eIX996I|, {>;^?}\0(\0\0\0\0\0\0\0!1AQ aq0\0?9k<IJ\Znv^#3z4\0ɕirmH(T%,0&\\#z	hhl̫\\T	BuL,AEJoe\\>K(b*BFV*$N5+Sn?\\%kQ]˷\n$}I8w&W.vB!r#XD˘\0ܧpx\'D^bpDpL!S1Z j$GQP*->s+@FۀTΧUx4X*P(GMEi,J75ppGq\rګR\' [SAew9!&f[FTRwJoْ;.*\rfHc1%S+0\rjİEEե\Z5	qBQ3x]@=cHC?8\\yES\ZCK΄lVblbVe	p0vjb\rb\"K`%;`߻ʧ#k[	u*06V(gfe\0;0tй	H\0p@@!\03==,]*TAlb>AZ)yGf3VN\"4Tnӿ_h7	5\rzeT|RA\0ib\0h˱HǇ2K9MfT1wd\0DH0LqQϨq(0g0b,*`vR츭X4<A%3^䥃%RP/>w8fE	(rHfH,|o~sL8?2qB./DaԳ=~YTV<nZ_5O3߈\"uL%P7pL/$ZT|(,Ӹ`2LMʓw),s^ϞC׃,-Cwq`Lggl!4}fPG3KX_&5Kn\\\n\"kHeS)+\0;\"[3H{˗yyrDga{r~(8c!5uŃtJ;Lx&f0h3sT|4p.\\5pHZY\r0 GT511^6VWVтaqO	ܯ!0eVw(1N+ÎC	r.$EB\0E+qzBr1Ô\\zS\0\'\0\0\0\0\0!1AQaq \0\0?sgJ\Zsaz\\GifhUQ֏E *\0ee\\b\0\Z\0Ѱ}\0UfV+USEbY\r\"ŕs*\n!w*8{Im*՟g:g`\"2\rV:.U2-9F~x<u`JPHtc}DNy..I2&\"JɻvDi$\0\0ߌ}0qo.ůL=@mwOE/̖>.5#U\r*k/v\nf_)\0}Qu-WP\nU2X	41̾D}El%Mdl)`\"hb$qpr˹zAsp}7PlV]\'Onűk7/#[l_1HZTGknG_ab?l,afѕ	W*@_=ǴlW\Z(yo0%\\.e`8۹Hb`ĵ\r;ǄV}a]<jGW\0\0\0V=J2>Pw*$Er\0.A(_\0~_@J-PXˠ(=صur3=2@Vp{+M\0f\r++S	\ZQM}@8?2蹴or\nx3bk_ L@^\\DA[*\"^Uh+\0(q|y+2F\nS&Ϩ	N\0ZK\r8Fcv_@SŊ%Rm:-ED@e\\Â%QGw[amv{?Q*aM>7_X%ܴh2|G#Vt@V}:UW`Wsk_pp2b+bĻ\"`Y0)I;\rP#p`l}8߉Gd-ߗ@`̭@&B!6|Sd+/PKY\0#cS\r^(\\\n[Ya/i\0^O8\n@\05n\r/\nIc*n68Xfk+ >NU\na	.(()}\'6_ET#1AoWU{\nlʅK吏c](EA.)a\n10Τ0aћUx#}\\M~eJ=GN\0sPB]fUD\nqe=6\0T0dh#\\e8Jo\0\n7z%:nqn=Lpj04ߜ^AgP1*]L  ̠*4ў^ UʚIRWi#\0LĬn6\nX<\'%GW:VrXJ~l4K]rOQhr++ja`K(+Ϲ$s{؀;YH8;;A[IzEC,hbZ=cj\04ȎJp$GoodZK#\n;2~b#K!ME=D\0zQ,0\0R胄ԣ\0eAڌUa},l#XZ\' w	]M~<DK\na\rGW22]]*]EƐ&ApE&Hhn,CV&dpмс,t_6Y_0[h]o$(0˩K*o`p\nM0Նitۂl%#w_hW`RdRv8xjR i5KKӿ$3Albeۨ-;,;=D}22q3%K|r3+Ա4M]BA%uv\0HC\0JC+ H?>\0ؠU!dJq<\\@b%r/P@=ę?PY*̧>_r\\xJa\ZLT+q RHR	\"ejAOB¦vb{-Dḱ_>&-/ڼʍrZw@-}CmDY` R9~wP)a)4V`*g#=(RPJn%A\0t۸X-\'QM\'2-GLdop&G=xNKqeN^c\n 	=D%Kbǲ+U*B6DD{XDy\rz`\Z\rA=K<	7.ﶈra(=f\rW\0s)neK)\0z\rB:ؿh\0b\0\0Dj<jm5bFoi$eR04%OQcܸ!MRP.z{vA`;Yv\'CѴ/\n>e\Z`bQ#xPXwWv<\0C]~b;&Nçyo\0}}?w9Kׂ.M`￴q̵Jgܳ^SEV +lz֎[$X?n-\ZO#X\0S\Z	tq~S8Lp/_B#\"5P)+N\\t\0(Wq\"[\nR>Pk2UICT-+9DSbdNǘP䊢VS\"*|tcAGWj\0.+q4xCB` ;e);}@nF	k\0}=AJЫIB=_\'S>zaeI8\0\0b\\ry\"v&XE楲ѐ<L\n~ac3I9B@ℸdjhb`\"ۧ^!W2\0)j7!z(\'(6;@9{ahpw(P(\n\"5O\0N>\'!x^\ZPJ@szM0)@R4VuN\\dRtMN\"u\n\'O$|Dh}4	ǞI\0߿~A@Q{?#k~4Ai@V6cW^;[f9̲R\0P[	+˄5Pw6֏;U3@OQ;5`Bk$1^Z\0(u%vL\ȑTj\0/|e+|A`&Np!ؽgl㰍B;a&␿ikm^A9q\",?LEXr-Q@QJ<ǘ((8#iw(D{q*ildr}#_BeK|B\r̮TG\0qTkde2%(}w	-@*<31@1}!@hġ#yLh\'ݏyreG;+&6Z@-!p.̩\0y\r	Cȭz%.e&8=ċrQpArH(_oǇ\re,X[G>F]ckOW@\0}J	rev33n&pQP֖0N\0/*z \"pEUV^[ơV*+\\Ҁ凥J?a@|[@d\"0RG~RZ?fs`/v7,8|1E\0\"WB\\$Hj(/qE))Q #{,Yr\rW0ufq;F\"]JEʧWv}<r`TBUAK\0R[~Ek\'\0բ\0%?1\'`Y^opÙ=,+ev\\c?o+#2! Ԫ<\ZM	eC[W\0ZDC&ˏ)^\Z܇\'TZ<L@\0&Z-DunZi\0|g\0)TXXbfTb0-bX\nDabd1o醛p*<v+2zvE]A}n\05z9xFnիvѷ=ʟ`X-P|_ɯcUQ\'nn=&\0^]OUZz%5+RXkNR_L5\\IKUc,K6W%he\\X\n\0zpyCAPP+J\n\0ABe޾O+B^Tr#[zB9a?G 1z̴*qh9:1Vlfm>0b?RޅXJ\"\08Ck~)-N>Dr*<+~cE#*D=	콬РfvpBQG5u\rP#Zt8Tf352W\"nko8kQӚ0n\nCmS\nz?I@%·X\0E RRG<i@RzWlWݿp01WTU#;gT~\nA>?Ir\0ܽw~@hSq@QYcn/ڔ\0\n >\0TG$?2?\\EGk~\"iA~Ab`B9`P&~ࢍr:ga_w~bQ`zbP\n[uwQ\nq!OFy}@M\0b\07b|w\ZFrP:Qb901Ո}xC$y#T:./be?TfD6f\0\0uu\r>1dv]vx\";\0\0?pⴳ`,3I\0,#@8P|D1EV\nE<lg)Z1 l\ZR#V)Q]AlA\0&<sLhE\ZF}J8M}IC-i_QdU۷KaPDlOp)RGKFZ_!H kܷ;Oby.qihs0]V`\0Ĳ WV)H[\\-f=#ķGDuϿ1i44nE@UqYGsGQY*6g-\'+h!B\"4$\0-ׂg1k@r׎2j6G1U\"(<\\2/*ϗe\r;c%Wp5UO^;\"WHt5$JK\Zjv𽻯%\ZTJzb@	0^MqvFc&9{En߻\'T*A_BZ\\@_@\r\rDaZAB.kza6g5[GDNDuV_g8\nbf}fjPEQ0mr?Xz/>yWCǏCs@;Հ?La]vSch? _Km=e869G㥸nw\r߸_/^))\ry!c\"2Mϼ6|Ht=(FʍZII&@j)|òRbJPEEJ헖~JF|@Uaů|\0uMdg-\Z4JSgp+xȤvkJ+0ξ_huWBBSm\ZTk1C6\0/\n4\03/i>b\0u xLLa!L#v >|CK(	J/}v\0V[d-@xd]OD8T41`eT.8PDMk)/a9h߼63J,#܂ը\"F\0c\0fP8>ԯ(AdR̽+NGd&Z$S4.\01Is--%R\r[2w\rel!d?a#AwfaP6tR5UମEW~1AvcLPm8CNO5	u̺<5auy^0D\rKJL1ʦ\Zĵ t#\r\r\"+k5qvya?ToH]n0U-*)-ޑ9Vխ[\Z!6Z2$x !4Q֪-[RQ ҵ;M>`,5Ui\Z`6\\KpiV\n\r\0**;/dUX\0@<#-ۀQG\nĮQpȆeD{v:V?˱W=\0\r:M<]%ѵdi2\"Dz\nz>WߺBίurtnTseJSTK#Eݦ\Zv\'wFR]T5}&+&i_=kd(khа%=vE62٩Dh|ܸ/~8˶S|,0A\ZiA%MĶǸry;Ci$ho6B:]xtyL:x:~ǵ*കE7@Izz)z\0#)=,zZKM\\\\&HPPX5kw\ZZ06jWG/k\'j[Xs~<p\"h<#*qr97U%cQ\rhN}IOY\'}\rѱ|3{&+v\0\Zw2Ct -e\0\"#\ZtԱiCێPR2/4)K͠|ٽѧ_zWERh~_65rhx]v(VDX^1ly (]Q\\Wrz\r+0oLJɤx\0,K)[vxU6;8z2{Ir2\\bRF=~riOul QA>N|BpY;XNWsR+}`,%Szb4/!\0\'c%\0e:#B_J+:\0IP=ލ/Q3.VهiteڇGmke&?l\n$RyOEN[WQ^Q.;HN6qCu|)\rw\0=&\0\0Zk.E@F.UK`iћ`	]:_:.GAFYejV:ASd4=~\'Ph\0	Rj7N\0\0\nH%/gPR#TWr*OċMgP|.㋩]\ZK_Nz#1J,	P=Jk#{\"&$`I2ǸLzO~lo gA;.ʥa4X]vۘCG(vӲ4tPA]1Bz>_n/ٷ[ۘG\ZN~\0c@ZWO^) A[X(,YruĶڎӾcRU3\ZG-)n&!}XN\Zp	 Pw\rDش72V0_岃E⪻]_-3pL%	ŗt܊_Q)vEmy=8a81Jسq\"D\\gM>⨥]WD+>&Eg_R{t}xDmlyPh\\OAzNGYÏlAYbݕYaD83|qPLw-I>o\r˄v\0L\0`iy\0fh$TT+z[Aˣ-Q>ze(_`{-^\Z!D!jǝ^K\09Q=\0C#2ڽD,\0bWf50\0j.*s\ZdTLl\nߞ1Nܲn*M\'5b}~R݃KKĊWI\0s\0ndaFf2ryrQtrтQ-1zlJP.ؓZ_j%p`5ix؈\05`(K  te[.Z@{B@YKD^C̲\"wN+w~g9G1[vr@~חmjU_MFA,T/6ߧg\n#`GP\\mP|=]`JfϴA*7&JAj<VR=܁ѕMT&;nR?$`gVrKz;uqL@^.i)Յ<tXmїheܼ\0-WR\"\0!y|hFb8\nSY:4wC7Rͥ۔q%\0^`ΡmPĩˌ@T\nN	B4vH[cfjEӃi0DDM-Άh@2GQI{ $r:\"Se\0\\l!\rb\'xѶ>N5uލ@ܣ#UjlRpy]Z6W[\r5~RG\rq\05#>YlXյX2BGPЋC.`,Kc\\ePc+k1\\@Z^y().`.~S1+~|_:>>o+y^Li><BR?15\001v%-e\Z8T@̙Mj$	U\Z̥ܥu6\ZiMi_GKm\0R!/@}\r5e9 pzO\0P,\0\\X90D1(t\0uX\\,G\'\ru*Kڠ\n/~c.zMz瘴\'`\Z`DspF7epcnb6Wy>D]픀ZBtz%\r#V҅MT6Z6\ng~#X\'\Z\Za/,b(-4˚Y`hϙzlDX]|s~k\n\"a<& a;˰r%Ξ+`7O+D=5i@{B.L]3-wPvih7\0,Qm2\nVwh8rОaڧ\rmWV)ybu4h|g%}cDYp8`\rU⠠@١휸]dzn桷EE\"v&FAtQ\"X\n-\\/%Տ	t/f7uc㨴::-U*GFl\06:*o)ĴQ蹗4B:>XM_~|<Թ㳭~V\"tDzk3^l()ז6y6\nw6gUD:	e\00/Sj|ZZ>Դ.^?kyy_zJ\0j˳O#g)\nBƵ=EM?y`0Ĭ|F	\0FNoR -)e\\5O6Zm^^_B%[VtO\r\"gaD!\"9%Q#T{#ȹ,<,s~\"WCEoD5&02=zt\'pps6>bOc*W/\ZnI\0= [O,f^r.\r&m_Q.ţ @95{OԺjZi{|@,B-\'}A;j-,\0WpݾnB7M8Վ8wZe	D/?\'\n&ڠ(:;x̬FvnF>!}TǤxI+W۵lCVp;`*8Im\rZtcKXN$K{lvW>d_1Lxu)ix9۫zj,ŮAuPP^1?J4-`=\ZF9m:DqK<5\0װmK@#cyCZ6?0.>?JJu)P&/lR\"j.!ZOx}hIg.hɰΉI7KU\'R{8{GJt$E78YY{ea/t 6Zz/:6*F7 tO.f><`ܜ-jw/YxEaOyJG.S;\nsqVUʼrV1J0)^0Q1FUdGXcLx%cUH2)$i2Gܦ@DNȠ\Z쨥k+cQQU^1·|ǝ{e^u׃ӫB>$@C+Zm=+DR\\u\0:d˗)i2T79&p+\0>RUUpqҴ)ksWkLXr}=\'fz~Tø\0\\ԯ\r7*\0E/$a\02kJ\Zؽ_,.Ѣ\0JTXQNpn7Q*FE1KV}2Z(ODc\n[9W\Z${\rwO]c`5GM\"Vix\0\rhHw_.tV %V0-Z;bduVD=\0B0-W\'cfPǩT p`%ˊo%J080io[,P&]d{,\0-/:\\3*cfS}G\Z)uT]mw\0Zd\n#n[`s/\0Ng%.Zy}\ZqPXDF\\lJ \nx`Y\rngtcHal\ZhS\\2,o<lb)O ^P-dA:P=µ\0^N\"lj\\s%TOWSrj\\fŗuQc~c.o.ᙄE\Zx\"	\'V^zZvː0<j\nq=EwVf6\Z|p{\'u*B~} /UOrK? DVaI_QJ}8:t=G\Zŧo;sY\nK3;:F9 1FNKۮ9Vb2lN\0\\ĩu%AW1Q3*EWXz**@,Dge!fTe5Z&x\Z6TXAJ)HJ^4-oʬ@6:GY|V\ZDC#JhuY[a,K`5t\0/rڵ-/1Wl[ -}E	AkVR-z[J*+ziE(QP6\ZX`!\010\Zw1-?q|aa\rE`k]:`Gz~b	b+h&\\jƩ^:p\\<P/ǓdU\n&en+e^C3TGj2sXwMr[UbXq.mr9,\n	]L}TUcDWkj<eKS[Rh\0U \\\0./ĶOη(j/Q+w41` `~5nbL	H\0(b(*.O}L2X\"pPAKj%\'.A~PXtAAINيdsSK|m/Kec&P7YD\"3ShFM\0රq.RBP0ڋO\0q+-	EG[Uu@PDe\Z\0]SȗM^{&a>:wZTDSQ+h*~%ЦB6f8.+\'bP\"AE$K(b9x#\"\0D%i,`eRк&\0(|cO:ыU[U?Y+PeWܡYE? Z\0t`*@eG[CAjqq4/2=~MǮÚt_+8hG*]U֭	g\r\\cjԪʭsĲ1(6@1NT/<kt5VBv-gp+	Fp|JMW`SaKi63ew nH5ioAÒƞ <	 Z,*<K-n^	[P\rǔ@*+g\\)0=0(bE;#MqeFj-tPy.sf1DA9~J0ƺHmFODmevPyK}GŢUb/fl!ȷTqUp/lq/uR⌛w	PڤJFdR#ځUp`zlMV+1l`_E3 1ZܕRa8[>vW2<侜XDRi4KSۢEEĥܰE[#c%Iή%EG8ekLVVues-{9`TKr\nݔtSbSapܼekpǚsrf5Kԧ߁BnI-W8kH<GھJW*ܱaz LJc~PpjhZv#Bǘ \0*\rP[\rv[^(3R\nK(+S8;4]\rގ2&3V(F5(Qu@I%+0iTJ D5񹾥`f2C&\\O\\y\"]Fx\0esb,r4\0 JaEXsQGs =;y!9!Xx`\nڨW.e6wq i[b>|6{,`5Zh+Z^Wr77!W2(ؓɤ\0Q;\nV7y.)~Q*%YY-OoU<c5\\ķ1iɶs/pRWhHK\Z\"5r:`?e1cB%DIk^2򉘊6%f\n`g^?g	IN3J9PxRW-`g?pۭQoL\r%12㸺<ˊpZu1Q}x*EU_kjh, N\"es_B$pͰnPeU+\n^DfUJ*A\r`=\n%8Qw\r;S)W\ZI*Nt%/hK1^ep˩qeQz.>*kh|=]å^e<^efW#lӻ*&x|gk>\nZ^.VmjrX\"i+at˴4`^hŌKpPKYrcOҌ/V>bc+Y(K[2Ŭ	ܼm̪QPDFO$y@Xe)8ATyb,+*(Ne 3Wh?Bo5\n!:tj5B@)H?δ>> ,{Ej93zQR0T]M(H$Hfhx\Z(|=DXpD?','Zenitsu Kimetsu no Yaiba Breath of Thunder 4K HD….jpeg¿¿image/jpeg',NULL);
/*!40000 ALTER TABLE `constancias` ENABLE KEYS */;
UNLOCK TABLES;

--
-- Table structure for table `consulta`
--

DROP TABLE IF EXISTS `consulta`;
/*!40101 SET @saved_cs_client     = @@character_set_client */;
/*!40101 SET character_set_client = utf8 */;
CREATE TABLE `consulta` (
  `idestudiante` int(30) NOT NULL,
  `fechaHoraConsulta` datetime NOT NULL,
  `idPsicologo` int(30) NOT NULL,
  `consultaRemitidoPor` varchar(45) DEFAULT NULL,
  `consultaMotivo` varchar(80) NOT NULL,
  `consultaAntecedentePersonal` varchar(140) DEFAULT NULL,
  `consultaAntecedenteFamiliar` varchar(140) DEFAULT NULL,
  `consultaAntecedentesMorbidos` varchar(140) DEFAULT NULL,
  `consultaConductaObcerbada` varchar(140) DEFAULT NULL,
  `consultaProblema` varchar(250) DEFAULT NULL,
  `consultaDiagnostico` varchar(150) DEFAULT NULL,
  `consultaEvaluacionPsicologica` varchar(250) DEFAULT NULL,
  `consultaRemitir` varchar(100) DEFAULT NULL,
  `consultaExpediente` int(30) DEFAULT NULL,
  `consultaCoemntario` varchar(45) DEFAULT NULL,
  PRIMARY KEY (`idestudiante`,`fechaHoraConsulta`),
  KEY `fk_consulta_2_idx` (`consultaExpediente`),
  CONSTRAINT `fk_consulta_1` FOREIGN KEY (`idestudiante`, `fechaHoraConsulta`) REFERENCES `citaPsicologia` (`estudiante`, `fechaSolicitada`) ON UPDATE CASCADE,
  CONSTRAINT `fk_consulta_2` FOREIGN KEY (`consultaExpediente`) REFERENCES `expedientePS` (`idEstudiante`) ON UPDATE CASCADE
) ENGINE=InnoDB DEFAULT CHARSET=utf8;
/*!40101 SET character_set_client = @saved_cs_client */;

--
-- Dumping data for table `consulta`
--

LOCK TABLES `consulta` WRITE;
/*!40000 ALTER TABLE `consulta` DISABLE KEYS */;
REPLACE INTO `consulta` VALUES (16018,'2020-01-30 21:59:46',1045367088,'688664684646','84648648864646frnh','4546546546','46546','5464654646','64465464556','46546464','646456','4654654665484164','6464654',16018,'65456465464564646'),(16018,'2020-01-31 11:26:32',1045367088,'adsl','asdf','asdf','asdf','asdf','asdf','asdf','adsf','asdfs','asd',16018,'asdf');
/*!40000 ALTER TABLE `consulta` ENABLE KEYS */;
UNLOCK TABLES;

--
-- Table structure for table `contenidoLibro`
--

DROP TABLE IF EXISTS `contenidoLibro`;
/*!40101 SET @saved_cs_client     = @@character_set_client */;
/*!40101 SET character_set_client = utf8 */;
CREATE TABLE `contenidoLibro` (
  `contenidoLibroPagina` int(30) NOT NULL,
  `contenidoLibroNombre` varchar(145) NOT NULL,
  `contenidoLibroIndice` int(30) NOT NULL AUTO_INCREMENT,
  `idLibro` int(30) NOT NULL,
  `contenidoLibroComentario` varchar(140) DEFAULT NULL,
  PRIMARY KEY (`contenidoLibroIndice`),
  KEY `fk_contenidoLibro_1_idx` (`idLibro`),
  CONSTRAINT `fk_contenidoLibro_1` FOREIGN KEY (`idLibro`) REFERENCES `recurso` (`idrecurso`) ON UPDATE CASCADE
) ENGINE=InnoDB AUTO_INCREMENT=87 DEFAULT CHARSET=utf8;
/*!40101 SET character_set_client = @saved_cs_client */;

--
-- Dumping data for table `contenidoLibro`
--

LOCK TABLES `contenidoLibro` WRITE;
/*!40000 ALTER TABLE `contenidoLibro` DISABLE KEYS */;
REPLACE INTO `contenidoLibro` VALUES (49,'Di no a los vicios.',68,1,NULL),(1,'El poder del aire',69,1,NULL),(17,'Aprende a alimentarte',70,1,NULL),(65,'El poder de la comunicación.',71,1,NULL),(33,'Recargar Fuerzas a través del descanso',72,1,NULL),(59,'Relaciones humanas efectivas.',73,1,NULL),(25,'La riqueza del agua',74,1,NULL),(9,'La importancia del ejercicio',75,1,NULL),(73,'Confianza en el Dios Todopoderoso.',76,1,NULL),(41,'Actitud mental positiva',77,1,NULL),(9,'Los hermanos de Mowgli',83,7663,NULL),(16,'Las lecciones de Mowgli',84,7663,NULL),(22,'Los Bandar-log',85,7663,NULL),(888,'TEMA1',86,766,NULL);
/*!40000 ALTER TABLE `contenidoLibro` ENABLE KEYS */;
UNLOCK TABLES;

--
-- Table structure for table `contribuciones`
--

DROP TABLE IF EXISTS `contribuciones`;
/*!40101 SET @saved_cs_client     = @@character_set_client */;
/*!40101 SET character_set_client = utf8 */;
CREATE TABLE `contribuciones` (
  `idEstudiante` int(30) NOT NULL,
  `año` int(4) NOT NULL,
  `enero` date DEFAULT NULL,
  `febrero` date DEFAULT NULL,
  `marzo` date DEFAULT NULL,
  `abril` date DEFAULT NULL,
  `mayo` date DEFAULT NULL,
  `junio` date DEFAULT NULL,
  `julio` date DEFAULT NULL,
  `agosto` date DEFAULT NULL,
  `septiembre` date DEFAULT NULL,
  `octubre` date DEFAULT NULL,
  `comentario` date DEFAULT NULL,
  PRIMARY KEY (`idEstudiante`,`año`),
  CONSTRAINT `fk_contribuciones_1` FOREIGN KEY (`idEstudiante`) REFERENCES `estudiante` (`idestudiante`) ON UPDATE CASCADE
) ENGINE=InnoDB DEFAULT CHARSET=utf8;
/*!40101 SET character_set_client = @saved_cs_client */;

--
-- Dumping data for table `contribuciones`
--

LOCK TABLES `contribuciones` WRITE;
/*!40000 ALTER TABLE `contribuciones` DISABLE KEYS */;
REPLACE INTO `contribuciones` VALUES (16018,2020,'2020-01-30',NULL,NULL,NULL,NULL,NULL,NULL,NULL,NULL,NULL,NULL),(16019,2020,'2020-01-29',NULL,NULL,NULL,NULL,NULL,NULL,NULL,NULL,NULL,NULL),(16020,2020,'2020-01-30','2020-01-30','2020-01-30',NULL,NULL,NULL,NULL,NULL,NULL,NULL,NULL);
/*!40000 ALTER TABLE `contribuciones` ENABLE KEYS */;
UNLOCK TABLES;

--
-- Table structure for table `delagacionCargo`
--

DROP TABLE IF EXISTS `delagacionCargo`;
/*!40101 SET @saved_cs_client     = @@character_set_client */;
/*!40101 SET character_set_client = utf8 */;
CREATE TABLE `delagacionCargo` (
  `iddelagacionCargo` int(30) NOT NULL AUTO_INCREMENT,
  `idTipoPersona` int(30) NOT NULL,
  `idpersona` int(30) NOT NULL,
  `fechaInicio` date NOT NULL,
  `fechaFin` date NOT NULL,
  `delagacionCargoComentario` varchar(45) DEFAULT NULL,
  PRIMARY KEY (`iddelagacionCargo`),
  KEY `fk_delagacionCargo_1` (`idpersona`),
  KEY `fk_delagacionCargo_2` (`idTipoPersona`),
  CONSTRAINT `fk_delagacionCargo_1` FOREIGN KEY (`idpersona`) REFERENCES `persona` (`idpersona`) ON DELETE CASCADE ON UPDATE CASCADE,
  CONSTRAINT `fk_delagacionCargo_2` FOREIGN KEY (`idTipoPersona`) REFERENCES `tipoPersona` (`idtipoPersona`) ON UPDATE CASCADE
) ENGINE=InnoDB DEFAULT CHARSET=utf8;
/*!40101 SET character_set_client = @saved_cs_client */;

--
-- Dumping data for table `delagacionCargo`
--

LOCK TABLES `delagacionCargo` WRITE;
/*!40000 ALTER TABLE `delagacionCargo` DISABLE KEYS */;
/*!40000 ALTER TABLE `delagacionCargo` ENABLE KEYS */;
UNLOCK TABLES;

--
-- Table structure for table `diasEstudio`
--

DROP TABLE IF EXISTS `diasEstudio`;
/*!40101 SET @saved_cs_client     = @@character_set_client */;
/*!40101 SET character_set_client = utf8 */;
CREATE TABLE `diasEstudio` (
  `idDias` int(30) NOT NULL,
  `diasEstudioNombre` varchar(45) NOT NULL,
  `diasEstudioComentario` varchar(140) DEFAULT NULL,
  PRIMARY KEY (`idDias`)
) ENGINE=InnoDB DEFAULT CHARSET=utf8;
/*!40101 SET character_set_client = @saved_cs_client */;

--
-- Dumping data for table `diasEstudio`
--

LOCK TABLES `diasEstudio` WRITE;
/*!40000 ALTER TABLE `diasEstudio` DISABLE KEYS */;
REPLACE INTO `diasEstudio` VALUES (1,'Lunes',NULL),(2,'Martes',''),(3,'Miércoles',NULL),(4,'Jueves',NULL),(5,'Viernes',NULL);
/*!40000 ALTER TABLE `diasEstudio` ENABLE KEYS */;
UNLOCK TABLES;

--
-- Table structure for table `documentos`
--

DROP TABLE IF EXISTS `documentos`;
/*!40101 SET @saved_cs_client     = @@character_set_client */;
/*!40101 SET character_set_client = utf8 */;
CREATE TABLE `documentos` (
  `iddocumentos` int(30) NOT NULL,
  `estudianteDocPartida` longblob,
  `estudianteDocCertificado` longblob,
  `estudianteDocConducta` longblob,
  `estudianteDocDui` longblob,
  `estudianteDocNotas` longblob,
  `estudianteExtencionPartida` varchar(100) DEFAULT NULL,
  `estudianteExtencionCertificado` varchar(100) DEFAULT NULL,
  `estudianteExtencionConducta` varchar(100) DEFAULT NULL,
  `estudianteExtencionNotas` varchar(100) DEFAULT NULL,
  `estudianteExtencionDui` varchar(100) DEFAULT NULL,
  `documentosComentario` varchar(140) DEFAULT NULL,
  PRIMARY KEY (`iddocumentos`),
  CONSTRAINT `fk_documentos_1` FOREIGN KEY (`iddocumentos`) REFERENCES `estudiante` (`idestudiante`) ON UPDATE CASCADE
) ENGINE=InnoDB DEFAULT CHARSET=utf8;
/*!40101 SET character_set_client = @saved_cs_client */;

--
-- Dumping data for table `documentos`
--

LOCK TABLES `documentos` WRITE;
/*!40000 ALTER TABLE `documentos` DISABLE KEYS */;
REPLACE INTO `documentos` VALUES (16018,'PNG\r\n\Z\n\0\0\0\rIHDR\0\0\0\0\0\0\0\0Ę\0\0\0sBIT|d\0\0\0tEXtSoftware\0gnome-screenshot>\0\0 \0IDATxy\\T\n\\]oif.(ZYf-\\ICM[ek4E\\F,3gg3_/^a<93|,|\\k^Bݝ/׭MϿBO2lh4OKdKH{J@#wRn}q\Z3.^$k,@6(J̂yW<ˮc[ߋ\\.6l\'6S&Mvm>Y)A.ؤ	9}m56̸PO-_29W^PXRP2{OJ x%7GOOǚWLӐLAUT<k֔?5ʅ~fi	f!{r#8-(ҨQ.ۊ8ԨÙ:y6+V~ƊlSRbP\\\\@ ,ʷfz~Sc5̙3gO2\'N.]%F`UG*e=_zRSձoͺ\0TSYLIIMF\\=ܵݹ%Yie r\Z(\nYU?v[i8=VC-*sI*))!)9w&Hsӓ_*xOS\'9vYsԾF.t6=Νe:=P%E5SZ5\0Lڤ&UhN^a!NiӠwr~LF*סP(8q2?yWr7Ϲp\rGOJ`|z/ux	ɚÿ\"~mCa{p#`yRdUL2ISP2	2__J:͂\0 ~Ν;OvrNLbmR7pd!]:@ff&,`ƴ)v\'\'7tl2#ҋ^:fAbb57v|S\'Mn:CNL,7f4M(**\r,~\Zh͚:vtOK-ؗG~lY=/iРoE\r ̘6YV͚lAXD\"GQ#M,(	\Z2N!X\'>?|=ӻ;Cua|FP\"\'Ok\05\\ʄISإ;/iZQsgt\n	#goN%赯H|܂fRP &fςtGn|P3ۧ?XȽLSǎ:mNLBRҏӳGYpAs!$~~hEgGBRcv~!zn߹eee{n߹9L<|iJBTF^ՇI)DChrtk3$3/j7j7n322?UTmϏ7oUA6bQ}5:c4wǌfpa͚SUFRU<bb~y.&/Z=+cErrs4F\rU\0/ԯ_O㧧g[aj/[0Y(\n=\\vi3f[4d*\";-ǔd<!u?ݝfYܞ̛3u\0?ujZj1uJ$o}69\0lcw1sTM\Z7֌W^CTҽ[βڴRɍ74c	JƮ@K]IC/΢S`v.{C`od.0-=3,s:G^^qF{qEQ	T	%-Nތozdp;-\ZkgO`ZPS\'O2xǺ!JJ\\\'+?4oiO`ZPF\nBOCJubrWDNddsd.\nr8)>\Z%\Z22j\"sF̓b7J\nx}li9{*RIVnnj<Y*)TWXRURi:8|ƒ=XI+]$#WAf^1ҳ&7wWŶ+(;1j+}q,R.i)&_$r.SlÂ<F\Z<[6L`6o#	ln3\reه8zh?Ggէie	TcL[\"DWSTNf/&#{9Ei%*ŶYTս\'^^^L6ӤAM5g6K}B.ݙ7?S\"i\\.\\>23ӟ.WE7GȒ((K	//Vr~XQD1/Jjj*׮ի&WXΞ;&OOåT*Yv=AM\rQbC>777JвN>>وgn\ZzpY(Kfu|۾#	a+thiNIǏtrku+f;=Y&Ɉ0K<\'˖PV-79a?l#	޹\Z6f_\\ͭLW?@xѾ<w(0O}Jo_cD\\tzIǏ>_it[s7I5%j֬~+ܪסՋsJ1GӞC𬎢/JVTi͗wBp.:ߴtT/~N!|jk{)^\Z\ZB|:DqUz<ח9Q3%rU[JKK7xyulݲS\'3gfΙg:1>r\nsOmP^Ppz5\'y\n䍸Ѓ̎i3l:.-\';\';W3K\rYP?pWǰ5=~$JJ@R8q2	??_3dZm\"Kd.2֭k׮SR1~Mo\\j56J9IRRo?CB n^$yR!kUz5tϐkmHKO_g/˽L}/F/7o!rG\Z2:-y/-ũ(>7;͵4WWW\\x!\rYU{d!];|f>Pۇ\\]E续3zI%E&M.Zr	[EE\nɼcCT*֩c֧rj\\Zao6R+y[oo?̟Gƍ[Qsfq`>z/m0v=1x}+\ZN{%]qڂƮ@cW !l/cWP90vUHu4t^9fژkJ@b#7tu鶬lGXAE7zw\'ƮԘ>u2{\\f9{g:g\Zړ\'\'\'iSXb}((aV.EYPSV|ye暮]j5	[d];w[sxAI69=1=%,d={ws, [l҉y7VI`Ol3Oϛñăɑ:ˍ\0.3DU{/.Vˋe.XA͢:All6Gy-5.J-..#}ƫ\ZK,PC#~nL4]θ	<LhgZ|&.^dlwF$ gٱG>C٘l\noL%6/(kRp*NnX؃XK,PC/9Q?˗0kGׇ`-&Z={#/?RIƐl<:=ۑn!b,Ŕ\\{\Z֕O[K,PC~~\\|E˗ޱGV2NYngQa!laB71f7q&%6N]P4vҨQC7PmjZ\ZMtIƤ?hkmo./\'?bޮ͛uڤܵx<siԨ!?^Jhژ;5ؕ\\hDi*/S&MdWrK,PC1;bY5&\06!j, R)1j|s(j-AX7ǫ_,LةC<4#!KijW\0[EP+}7i/]Aeᔇ|~gJ(*/I \\חЩ8:w	WH\'.8!_6?.QRR6^z=D7߽d\n\Z\0GHYjy\r\Z5d~(\\|׮5#]AenHH8Gf& .=KHH8]*hz0vPxPl&jM|՚3S8v`3k֭Ʈa8J:p\Z\\8s4lݜbr\ncWPHj~|]%Ź|]-Qx7~&>$SP`VZ%F\ZųKorgf0v:no	)(a\n셹9 ;%lc&~/\0|%}DV)l\ZAq͆}Q\0ޒ^P0vgch٥!Z420n_7 9\"cW&1zp^zq\0իU,^JKV}bwǱrՃ17o3tL@@mef\'+\nj+/JbKI8hQ{Spdcɢ%8zG@7f4M(**\rxzx0cBÁ	Ɵ0n,MΩ,XhZP2v3­z\'9G=%ų:̾(m޾s\r\Zp?;(5cC0q4.^D``ߟJb@i튕b*JJJ9D17j=K৙3=M9,\\UעP(55wQ9y*	g3.qvv6n_Ԍmfc1m2f2~) ]=Xkׂy7u\\1d1d-uulhVC>kk][omo9Xhml\rN]P4vk-`IcCln	4vk-`IcCC@P8a-\"cW 5DƮ@8mA]qJcDƮ@8Fd\n/]AUBP\"cWPUpJ2vF.ñă\0תdjcnJi|JjU+j]TI8ʦm>MZ>eҏ&Y2cMHϿ\\`ч&;ơh	C	c0uaT*fV|ۅ^f&}ʢa@{(a\Z̶tAuo	FJ`w\0>=T3v՗8~$!FR6{ӳeׂZck*mMC?Ѣ/]68ݖcW֚ gH#YbwR.M;V:5c&|3g50IO1e{&η~ݻ0m$^|Κ5ݰT܍zdtMGu/̿R,6vGcya@?Ǝx?j3OOh[@9KV[\ns}b5\rV\\U2\'u\Zw!] snWԪUmZ3~>\\AP}|eο*#98Ymk\nLX}*ab豚t2x+Ġ!CÒLcGƮ%lEhgۚ1ɷ!/WWn6ƌeҺ,4v,sqFcKe3o+ʩuy4iu5g&%Ǝ@a\n*-(a\n0vRD\rƮ@`C~\\$Ρ+*8|FjƮ3ڢw$8k/ˍݫi)&_f;Ƭak˲q~ϪOӰA8~$mm&<-A2%5cmѪ)%pPӦD͙͒eбKw͏fHZ4onKlc?s+i|~9[Q(uF[`kߪ,p)(JV]OP@}^{atl98jbΝ={wh>Y`?0n\Z[^!r8~غtn]i#CY8\Zo\rm{|p	8zh?>\\3fE6rY,1۷oG:J<m2>Sqx$-]YVUؽŔ?ѴP<<(ƪSۢt2\';cw#<wwwM޽\"`?5h̘6ws͛^͝!]5w~<RGb>B~/ѧ@5>D鏢X;GjWd#eټ:en3k33׷̘n;8ܾsGsx%g8Pa\\dPh}xx<զ5\0=C~[Y5ưT%J:J\"77-\',yv\'t#^k)Q?vSYHPbOcWC]A8~Zc+2iU*$[gϝ\'<;ǎZ5wCs*4aaݙ=}ST|}3l322m#8-=.({\ZEwaԈiԨ!=uLC\Z{ػ ܼyX2v৳,^OF\rMsۆ\r\ZpWkLSldK\'Y3t韌T~Q\ZijcMIɤ̟7k׮ϘAkasJ9}\0ǟCqו㌭G&s-O)&j\nV-KoUSD+Xb\0gP!q\'[17vӿ1a\nzƮ+,+\"N[PHa\n6D\rqesa\n8Ʈ=\ZZ6WW`G۾Cy3vfʖՕdr~<\\}57e>>>9u#cAbIJ],\rj1vMA9KnYSUPTT)Esxxx0qL:f-VPU&N]GP@nܸI_(z*G֒(([JO^f eڹnnnOg#Ѧ1\Z`<Gw\rDN[pHwn\'<;F́sc0n,۾̱ăFNjk\Z3er--ݲK39VZD͙~_+ѹjƮ)9͂XsV\\EII	}z?G(F-s}i4sfG¡DMjZ\n=:yFH6U+ʭ[ޜYcu--]mׯGpY#\'l!+]=03Di9iwIJ%*R@Rqd~~w+r͋߷:&ɐ>D/^	rsJeߊYm`vпg~:\"$,B2tujތ&3f\r\\\\\\KR읱kIncAˍ\Z`\rer55cWL&YxѶڨT*Oޛ=]1ߛN]P4vѵc!P&1+_s2vXQ/0j#ry~Q\ZiZk/Y2YÎ\n,ߟQ#& 6Pjϙ+]@;2̏?Pf\0\0IDAT0vUB\'}sTNyWw/I@TʹBbQ]N}	s0za~8z*SmN=\\%%%hS5GAt݋K֯@x$O4{)8!nG[РQC]HWq:q[cMI>TNi솄saoNJmҡݳӵFgcW~eufrL᫨-mWQ=3c6f\Za\n\n/ë	?g!ͅ3?~Kf~)&-GA0v$\n\n+nQR܂\Z7x7j\\CHP\Z;o5a_c`4<t|1qxnf*jkƍIܾ}U\Z4m\ZB2HU1vmJ-ͽ}o\\Ξ;O-Yd!n\n85$k)6Fl+ג[G[p#UcX>Sۺ55f:kkI\\C8\\0jƮXx`|v3]m N<K^SHYG(\\J2\'}DNд7w>\n؅]8qYoP\"\'Ok&+j,>]N!am\"V\rߝom퇊#{{g\Zˁ545fVT-^s\\Kqk\\؅90f\Z2zͻiZX:5STeeBXCKrufyVr\r`]ks`Œ\\])Yj̱rͽuk7\rk%2vRiJd\nS\Z 2v)]5\"cW 5~\\d\n8PjDƮ)+$SP`yմ|Pj2vr,PF\r-̾ˋ]1ی?v5S|(LAYc, ~!\Zc7ergصOOO2m}OCFIٔ\n(d:TV]ϕW\\DO5egm+eSV*8jzzx0wLO¾8>\\\\nE6>\\ıăػEu3eڒDNxsLlJÇE_!33vO%{76e3z$xEEkKxh\Zɻ5kKޟ;odrX6ȯu^P֠6vS]r7rӍ6ֽ|2Jѓ7\ZNFF@\nU啂=xx\'tӋot+V}:m~pA8~~G^1O)ߴyE0,y,Şn͚(]++WB2vHh#L>Ө(5SV*8uAMȠ~zzr}de\' 6))w+\\nk:v^GL.XR?Vi\'r8|||1bw1}$.5XjIRA,1vz%H\rQP\r%5v5?|vUI	dB~^g,ơ{(kZY\'l͚?n湉?*RPRq=ޛ>J޽Yߏ{Sӗ\'tj>?r&ܪr\n/*Ԥ}VWyE|qߏ(UJڢ5?N((E	sd27HQSԬY\'Y&b%|NܸϚq/fK	M5qMV]\rC{(5\ZիU\'0)4ǹ5\rn]\Zd/ӡ@\0n}s˿R꼪\Z)(sTW;~K+~طQ[q>· 4Yjr3vZ͹?Ξ۶r!^EFG|v225t_r<7~$//<uz׮p;۾TVΫD2T(U%ן?nfsҟ||(o⯿rȴ=ClU>]L\\\\n1W69=1=%uЛcǿ;\"/I{W+4pͦHz#R$w\'~GsT...<fX̺u榱UǍUC>CGx{,u0O{Ǐ$0aTN	͙Iʝ>Z0tq6\Zih+z\"涢*J7i;eY@\'c֘jC]SL`5*U@VZQP6@2%M.M.s\Zʘ5d\Z5ߘѫ%&T|},+)201kV5\rnԨE<(!Ue̚cT*֩2Rל~2-h&O4]q{C`a\nzpBiҨvW]ZI<8mA֝W^yEgYzz:yyyܻw4iB:HplN[P\0yyy<ԯ_7oj2++OOO\'iݒ.]Mj\'%ŢkЬY3\"##帻STTDaa!yyyq}oߎnE%/ln4	& ˑd2r9r\nQ(<c5\rHʚ\\T**jժOvv6R4OPj,S)J߿OAAEEESPP@NNyyyDAZʎ@2g*--\\4{([pݝ|||0n,b9~$aF=!7pH۾۬Ue>\"{83v\n\rwwwrrr4_AMq&_|Bˢa4%jlޛ=ӪeK-Yȭw59f}\r\0I,M2Tu\n\n\nx\"W\\ĐݻwQ((JCto|T*1;biҸ>\ns u_|W_ia?e]n1nnnoԬYMr-?#999(Jd={ws, [l҉y7VI`Ol__άF6j\"j,4|GH<|TCyS6#wpКXP4c7  \0oooh׮t\\Nff{Ç>tܡaJsrC0q4.^D``ߟJb굚1*ʙ5kxz~]qx{yiU?_rZFZZΝÞ=oիtڕ@jԨA\rh׮N:s7n\ZP~!z]{\rM1sN&+̚>cӋ,Eb*:uY	OYB\")!CQ\'6͘jvٛwh~z:+zM(a	w壏?N@mRb@7Ϗ˗<w||kJ?viq|5hg:uApp EjwmRlSTM\Z7&-|۲2cWQTdpItBrO6Þ؍S5M\Z7ذ1;bY5&\06!j,q-5r5m2g{LHԴ)-e؛CyMk4w[o۴6{0v=cWTN[PH-(Ʈ@zcW !l/cWP90vUHs!aHsaF\Z<Ȣ)(k]J}wvqZb\n<*sPѺl~yzzea$Ρle䐝ݻyGiҤ	^^^Bu.l~zz\\,=T]S,Թg2~\'˖g;pq~}H\'֐j\"66)9e׭/Kx̙9Cg;_GbuqYe%0v3335nQTV]S[t2\';cw#<Te0\0{E=f~U&cvч>Q+xgH6jspN)*Faݘ8i\Ztqxkllmkh]Όi\rTiܱP(ݵ?xkcn^з.\0wwy}UFhޚ(T{{\ZPϞ;OJ]\"zl2Gh6sOLBRio{Y^jElhlc6uWOgϑNP\0WNDpvfLYJR\'+s9Ɛ#v\"z3v7{E;NsP?S\\(\'h;K,c[[;wѧs쎋\'G8En66l9=]mY0j4jԐ\Z2Ԥ~ҰAa`E\\vl[\00r[ҧsepOad.\re%_{\ZPSRr24~ڵ&3D-ү:%]qFj\ZR*}g~:˛CߠE8wSSy.fۙ.m)0v=cWTN[PH-(Ʈ@zcW !l/cWP90vUcj󰼞)(Ʈ^#C>^Ʈ3\Z\"Hb%Ō]g4vEqxA=Ʈ!T:oÇ5db\Z\"@<b\\OTͽ,g2Wd$;/(kpfcאI*rx7W2%,]C&u^5d^ũ?\Z5d^Ea\n*-(a\ncW =+a\n6ͅ+JHJPjf{	ذ!mLA]gZV)u&2`o//vl3:)(e:ڰL)f^F\\^E7ҧ]:vμLI+l?}d&2:(()\Z΄6:Sի&\\DO5egL`!\Z1ÃmmfA\0l޸	aI`턇vgԈ9w7b;Ӑj,W;_3emm&r»̜eQL`R4v7m_]bC)#z:6oYP\'NA)$׬#zAW\\s}>S\"\'-,Vcٸ)k3MhSs	{\Z?XH\'Z(z> Zg\'Q*T*vƖ&ۏJ$|+\ZVmkb523emm>d0\\`KPbOc^f&&3?zYYYۗNYl[s,ֲٸ)kK3x葸+G:}&	eOcF\Z9YFFbgg[;ecΗLY50;v)=?`;5؝1m2?|cs-%hgØjj=2eڷ2-6R0+cשP%I_XWLӰIAYcު{Ԇb\ZS3goVO 6)(kۋ\'SRRrϭY3!E_sҒU.䲅VQ	RP|}RZT11xz4\'#3KŷRWd|sn2^IKMFLM֜ܜ22_=Rvr\\V_sR.ԴdwcuκH,r5&Mxhǎѹ-șm^P(w&ݜd<<sߣ:=6NءCf}/\\.m3z;=)2rÀW}TtonC>k&s(df&WXȥS\'u~\ZCn~>Y6uBI5|2_{V%fn=OsӓlN^Q?6簁=:pI|T0n,MΩ,XXwpyC.sd?XX7uݥ3dffh2M⡧3M!,;99(]֎/=r8/8ժsmD/Ͽ/.I[iD/\'4ƍM``r7|\n_ckGl\'gP(tnkt*߯Qmef\'+\nj+/JbKI8Xn`=-ŅoA.؂]ؗG~lY=/im=Ʋm7\n`B\"SH(+Vbw>zPvÇ>tBB<+W֯ev{9tZsܱhnkdkZ5=֜r?ZPAL3rfb,B	,ҏJ*jC%ܾs(=TH4,s1eLKmkSZf\0\0\0\0IENDB`','PNG\r\n\Z\n\0\0\0\rIHDR\0\0\0\0\0p\0\0\0)\\\0\0\0sBIT|d\0\0\0tEXtSoftware\0gnome-screenshot>\0\0 \0IDATxy\\y̺-^W4L0ʥ{܃PJR%4D)Vb{5K[iEhEIkwmq	A׋Ϝ;yΜ9Gi59.}_~	B!rW	!+̋|zB!t@!JX!(&R	7vaBMZB!D1JX!(&\rmM\06UZlPtz}g)N)n\rf:uTxcG,gpT3	mg%c\0\Zh7+ٓcݩX1_vLq[Y2GSEBb\"+\rZ4omy!(ٮv:a6Ŷ{5kky̪0vmQ|J1fʁp\"\rD_Uc0U\rLΜ#ʖM\\χNAF:ď5(}#4^$QkF/`Q8ᯛEsAڷ[1gI&5LΟ[%ܲ޹Yeo6O6)0PӼQ!BQ;`bfAdk｣I\\$v\nb2E!ʁkA0{u\"E(\r+@)[ajUB!+yyI +MJS1t(q)Sz$O+65Lftr_=K$\ZL$(t%<2`nȤ]|E{(j+|h핇|?Ji>Uc~:1t/G|/+-\\yc fcL%BQR;&[)7T4Tȶ5t~ӢZ쩖mM&u.͊&+VwMS\'\n-ZɪBQR	yi=}D{5MB5Ov}&fpIE\\4&J<wTzi>)ʘ9luju(Stb.)\r5#5BLB*h\Z=da&JNSVk?dnQ\'ҬN\'ߣoOk~;#fMV^S ]5cRSX0}aOjގ3-L6XINFO6i\Z&zP(Zhn?xmS\'buWEs}$Ycu5^b3puRIS >=8\nEk͂9e&R.J弦,zs0\rIYB!?2u:elyB\\;j/WʔY!|u-B\"Twzc?\"B!ĕ(ԘTB!ĕ+T%|׭N$B|jbƹW-+UY+]tGLy͎{>X<[[A)_81k+K̎Ͱ	\\C*MT<_\\ʗ(N2&,Tek>[>05s_	Q|zLuD4w+mwTxcqτ8U,Wlgrd>-\"|:9ؼpn^g:{>$KΚsٮ!WD#,sg:e		K`֮Z[֭oYl፽[i$qU[IFD4Nؼ\'qլy/Nϟ晐 >r[}0Vthq+8y]3O;:a23n8xfM8ŧ}sYf\r{ۿN		bܠH?].VBe/|nL+QԬy1b{b2T\'`ڸ̘hx{1&.ٸFub4\'\\P\ZZ{2p\":\'#\ZۺٵE*Ř)N*ZL6O6)0PӼQ}ke;m	DQ\rK:97oǼKcłi\0޾5>qUeS.Kt;Vۏ7D\'<\\-~t>=3Lnc\0jވȠWߢnf9u#zR|\0\r=V^-WBQ8b_a؄ـUΙ:Q#6ϝe7	mLVg	{3ggXl6uS~e\'ZR/_B3-Ɋq\"&qY&Ot\nܚeWLV^X\rzɻ0>P/Э5Q4l\\TjrYL{kwjVٵie2{i>Xl !`}C԰XG>w{6YOt~(িL~c\0X,WbZ=ȖOadJ;=d:+O[\ZR#6gNޤk6h@@z~-}\ry{{eӵޒ/ɀ1өT2esx[s2(5mӠIc.JI.V˗LKxdA0`Cc539j}h8;iyZzGN\0	l\"q$]NNO%VDQy5l}k,4grGzϕp:]u|%ޚHsx\'͋gז\\;\0j6>:\rǓxEFR&ԮאJU S9:`V\ZOʎ+ǂ|_pgfG>d:Ŵ@0fa\nS]\'[(/~hΰvlR:hEMQFF<xjZ2/wԨ(혹\'t1s7H]oZ>,Gޕ-Kj	Ѽ4>ݢؾQnAн&w߫9rP~ŧ;55Vs=˿_\'N]>U{Wh}<%PܬHMQoiibƬR%Z=G~ikmJ*Of7V끿Rn|)ۻsr0y/5x*Vr`?=5̪=);Ph)_/!1L4\rӌl0IPVy歉ǭ3`/5	FVO?&+ۤie%񿿃wB+t+v]$ꤙ=E\'籶mP4	,Lr2zIӰܓFZGJVsTfMIH/[~<fQyorB+YdǬ#iU<Ecč8ٿg;y]g8Ѧ7?%a0[3?`FpO\0ۯlX\Zw+|_pgZZ%psoLIc2ywm5b2~\nMI˶{ɬ=fĚ5Ͻe?]Lb88{ڊsf9o\0>7\\6z_Ӌ&c\\jԲ%ʏ?SF˶z_a9u~}./3yΞ ;h\\?3󓳂؛??Gg\\>D=9$ƏS=h6}eyz~sh\n*A^ӵ֮ZHB+\\wʔ-CM[1*n~1,;,Kջҽ(cߋ|x\'NV#,pǯKL`Хzq)_BObքaG*i] N3h-ju/Ѧ/^`hZ>]Z㦛UR̎Tؓο3h=giWaOvfQr<ڦ#{*RW):qH;B!ĕB!O7&,BB!O\'\\RxroO1,&vk-<$r-oibǼ=e$?tܭT(VVl#|ݟnvtQ*3;`Ӷ4PP̙\'͎Ͱ	smT+rhwa1ky4W\"ek>[{:ֵ\"eG:n	|oPl۠bbVn>&7bmxc`v+Lڴn]{ޝi.=LBhy{W~6UZlP_vhiJsk_U?z*MܙSTH6Ϟvaҗk{ߟg{B/d䮈WoBj\"#5(GpoϚɴr_y?h\\_UKfr4%?R4\rkK>#۲ݹv-OCr9,KN]s>Dx{S<Evy씌#|ύ	;{bz=5<*P[+^諩lt»	VwVN3&\Z<^3pɥKbh$M^y݊9S\rFN2dr\\d.$EUkU1STvmP	idb\r5[j\Z^sjwcQƛܮ\r=coǼKcłi[-\0;vHq&XM71}*z-6hƙS\'8\'eРIc޺~/Ez8NM#!M\rX뜩c9i5jsYV.zV	{ϫ%\Z?mcٹ*EZRvJNgZ_lRTiyiItCc\\?1ox\rx_[♤RP/QcR#ȊLY9ĺzM@q`5\Zyk65mkΜ.<,Ǔ3hj]XqF\r&J;=d}#\0িL~c;:YgnxɬV.zQ#۠\0=5΍U\Zv~A>#=YϽd&LFPm\0ʔ-Oρmyxɴ<Դ%~,\rO&ax=-se3-Q*1&5sEx3صEeoش|\"ε}DT~Z?\nEEE4MI*5T-}P:|ۼ\Z6mU9V͑o$:~k˵oA.^eٵe-w/a.\'N|$vQԡ	5R;~Tnٓr+V+WeGi	>d:Ŵ@0fa\n4S\ZQ.pRT-ocڔҝΰ~ؤ8uRQMV8W4]45Ck^qS\Z5`}*wǓx:L9vNgٷ{-zEZRv\\qQLK8UPtbFŻAjZ~O1ndo:*xsP`v|C65=)\r5#5B\\Zm3S%SzЕXH)U+}2nRs9[Au97[JXʁճ|?h0\\@3씬#|ϭpX3 GO6YIfz~W-ͪ\n	W$L*|*_	)U3= 5ŊX0Ҙd풓ǜk?ֶ\r&INFO6i\Z~bIB+O #;fMIȨBv%:v@ܨޜH;\ny{ݿSZ<24f$L\ZfKѵcX]fxϨl/oʆ5Kqwp+P}RvJVgZZ?uxN_}SIMfL48wz}&gWaom$lvQrnn}$qf=5\rup$T5=^yKy3?-v_~~$Əj}/*!1~BAk=էI.+̓{k7GS(W!N/:}FvBb_SlyjڊQq1g`);%QK☰\\%&E0C9閰`KKsc_CBbWh!B\\9i	!DvQB!Bb\"Kx^K+km,9iǸ]<5*k+qblko%\n!J6Y;Z\\9w.?x|ҏ2cOCz9%#z2Y&VA+;	!DƄKbK|Bë%s\"օ\\]ኹW\'+;$%\n!J Tگ+<oA֯v^lxcqτ8UV`fA\";x&Aɟ\\yd˚办|zE8X<w~Ǌ4\rnBٞ+ȺߡA0*z\"`^|8\\Zp|_|,Իs*(Y|nL+QԬmm\rp\'\rvl	^1^5)8 lyh$wlDk1t	V,0\0ͫ\r\Zh)V/S+R^k[)NsX\rNq7|$*z\r2,J0g0uk4M374oi4IZ9/׎@t`Upxj9\n!Ji	LV̌3lwu42yuakٹt#EQ&uXUރ5ksr\n}BSFp_[?y2MPSߺ݄WD\rVVC4yyU^iM{M,+WOREdk	sMI˨\\PcKڴޯ2L{֓]^crN=?BgZ#UcLj~̰r |AkOܦȷxEf&kW\Z6uv&/upPR~:\'+j	9fJ~ۯ\0]4]4P$N3ؔr_Y>!5SJMeLJ\\XʔXSϩѯ4ٺN1mA*,̤YB=]0Ώޝi\rC=Sy%tiɱÊ.ž݊Oi/kNg-NZݶ-Z?(_\n5jUTƿm|gD9-\n!J&i	Ѽ4ܾQnAн&Sh6ߺpMmxz@oR3/Cv{EwjRYLCj]dV(vnV(7Դ4\n1ݎd&=*j=wg=m? 뱧˓rN>BgƄ394L3z$\'MB5[׻*_iV.RTձ&n4	({Qk}\"~\rk5B:\\\'8̚lx<mB\\dda\'|SJP{{y7v\'y/8rK_26J[`9S!D3-awn-Ovt25}TEB\rR*ບ/xwGv\"!P,<T3*u̜g?kV/&;P	Dl]<=.]>o*٫sZ=2ҿjwJlr/os*j+Ò8&,|]zfq!\',BB!vBQL%,Bi	!DZB!D1-摹G^}\\(F\\BY;Z\\?VJ*aOVBMZ^ެ%WO>7(mP795b`8v]Mxgm۔}NŊcB@\0\0 IDAT&m5Oevr	ohΝsٷ[xdnm\r\rZ4o5|M?clyBhgr<s?GVMD7v-Q(_A/|w\0=q)*Vsr+{J*}x$N3A}M󞓻V/7%ϭtmm(j<uzuAS^M3e*BobTLjYEqb:iN46..WD[i2!~A]\0ګx#`Ы&u9G-omF&łj4\n/ԿoLITβrћqwٺ=N[B`9visCҶJct1gt-L\'\\!dG~&\Z<&⽒z-6hƙS\'8\'eРI-m~=ZBl>vd&E*faf-5+th:m4^qzy,7\Zm[95Y1u\no n+ͼIfֱyL4(Uno939<fm8o]zv܊a-/5y$S#檶3-bcY0W>ʤ5=wQ}#xtn</<;E7xW}!(|%<2ʠ\\E0f/>\"M^v=M*rUt\"NӜ8eOTKs\"\\u9\":ޞO`M׹+@xMxg;6%)Vrr~4\Z{̩ժ#:H;\0Ng|у#~Itbs5Y=9d1gl]6ޠRhf,̾l;8Rۭh{k-1ԳΩjZ6-,֚5Myϔߌhn!ϴXo/\rO(oThtIkʁP90<h{뙠`dowjR)[wb!E`5kܥZxR~_I+;7+RSjGj\ZqLޛowwCd[7ru]>UyW끿Rn3ݓѾBl>bM4\',Lr$Tu7*.^lXqU3= 5z`cjI58f=N?&+XVv4iFq:aEtm&9=٤iX7]1=f\0)f9Wӏ2kHZG\nSx_1kHEFy@dSd7wVNeFtNwޡ}!(T	>XJgP,<Tӹi]G*@s>BB%6.P1Y:im()_+U|m]؃j\"jib,)@m(i\\VҩPvDt#Kl1ctn<gOgpnQoFtIX)GGq*n?Y67>k8CDty>X<[[yw+wCQr&\'\'4۹$\Z;\\R{>3&,D^r#%ύ	y73SHxWBƄBPdN:/ByȆB!D1JX!(&׼>|@1[uzY!DpA+	!״d^!ϢHgG|ow{Z*V-+R9ۭX<Kq2MqmL7ӶoxcG,gpT~)@O0dIakz\r4}ۗ/,=9ޝi.=kX/}ܦ(bYq\rnТy+m[!DJ+QԬmm(S^][Rr H)W{ozդn3`AW~.WD;	f-?֠8D{ϒDEA\ZA&\\E	3nyknŜ#\'29V.2lp˶޷sz\0!m4lR,aPyKMY_!S&+fDv;:UNbg<!w%W+x2E!\0 j=EQ&uXWރ5kStQ4լTC4.W^H\ZAV70ٿǕ(c.X/QJS,hou7oI\\s>b۴2}4,UDvkp0BkЕ(}\nb\"vݧo,#Zs>>Qyv5u2y.4S%&@~ۯW\'悎u\'?~ce坚6+o~wL]`2`#N5!(~}ui\r*Ufa&4roF5t~ӢZ쩖mM&u.>ΰwlR:iPhJ35U!\n]	Ѽ4ܾQnAн&\';Z@A3WzHQ38ۤCZxR.]=ͧ EsA5TeYҟnQeBs\"5EQ}Q)cBQဦaѓM&9iٺU!t_S4(2آ68$M7D{b\rҏ[gìɊv|\nR1$fzAj^\0f#Iq5^iu0&MdRB\"E2dG[\07\\6P1gz㍬1ບ/}IgOC-J\'\'yOA2<`Ǐ\Zv(5޲fK1!ne8vA,]Ϋ~g;pEI!S-~VBg/Wʔ减B\\/jw~<\\CB?JX!(TBQLVKC\0\0\0\0IENDB`','PNG\r\n\Z\n\0\0\0\rIHDR\0\0\0\0\0\0n\0\0\0\0\0\0sBIT|d\0\0\0tEXtSoftware\0gnome-screenshot>\0\0IDATxwtTeLzo!R(s]ȂkߵPT @P		N3?1a230is9wors>\rIUr\n6;vlbX[K%4ĭfloXޫd\\ıۏdBw\\)lRgBHPPH+^6}r뮟ADDdTGreRcrÇ\';K)ٿ?ʤF1@T*u+Vh+\Z\\BcYYqQ`d28v(j#c}\"F.7dd\':.ظ88\0vCGt\\<[f$Ir.&ٹHt81r!/?HD}tKL$>ǝۅIWWy\Zi;.ݻ\'R]Y_~sB\'~\nwOD]|_lk|+3ad:~ڻ={سV=jOv^-:?x\\vpl62NgP<m2LJ╗^Wן$%fkxB$WcOz5\0rk+/{K>9vpR`ي\'j+i@ny22.K;Bc0z+\Z58]rN\\%>\"K|\Z˖>+U#	݈K;DDPYQFeY	FΫcB[O7F#4qAcuh4\ZyH^f5\'NfKӼf5;qǨu} 7]_t=\0`v*26n2wצ]LHX8c9XbD{-{.O,84!C!a0Yذiu+]b@_=o6[Dr	W4{˖>^r%AX6\',,>°$V#?ygͤm=z\'|`3}z|{f[i-2Lz]=;et6pۭ0|,\0rQ3{O?7덷[kWRö-[qDFǰm۶m-f^`\Z\0\'\\MxD5fߛ.y\ZNOKeX(\'x|ZIberCF!pLN6)/БC͡i<\"_(<M,\0.!<=}[sC*OfJ-ד#;;h?$-G\'>̹m۷ yPR+=-Jl\\.G-ye=7.y! 0(0tUXʡ0g,\ZW\\<#ճXJ%y;Mo`[3a8M_tBͪ^%?H\\\\,WxW t,n&\0+˩(+Aq9MY8BRj4			qƟK,b]**w=T}oe<:qYR<{uuSKxgc.۰\n\0z΃/bUQ\rFBuouCܸO2m,Nm\"|@ʨq\rIhW:gXʨ @I\rDP I:qL.$1nǱ6\\V~@Rѫg	홨Di?ED@mM!aTPh\ZCYɏiBiJw~~\r}\";ªۉv}&ϓK!50[I9J3k$q+ТN.woԀBA\\Ur&M\Z#OLъjE3OppB=s;<)3iЀ\\NIfv\'|Ys撓31ѝ0,2cb{||Ah<:-&V+NqAuF-gldQףcB[?;?ܮDVPXT*5*?V޽$翓Ổ6ëK[-&scxpJtekZ&f<SK\n>Bw+/ٓ[fMm2\0tn5ȖaCH;WM]VHT0D\rϯ7XSȂpDfr#z岋.z̙=DD|U]2W2\"ejU*sfzZ*Æݷٷg\'Cv$,W\"vEH\ZvL4~j簽U\"7T6b`mfvC=ryX\0JegG\\LKQ*;u+%IjT|oT:uo:UϽ@Uu5$[krȹQn\\s}~k\"ڸ+^Lܳ!K;v+/V8\\6Ex/+Z~*\n3gLg훫}\\\'Z\rFw+/>zG?Wsqڏ|q\'U\"7I\ZRA0Z0JA9`m :ksVRHd,a-Ah1MN~tek@ec`H9og$+_x,\Z5tF2Qw?s/ZH10&y븙|Ah1n\'ٮ	e%XNVN׸x<U;ָ\\0.Z-TMW6.	=Hߕ<nG\ZNI0W!j\n1\ZѨ3>xоy3di)r?g\Z\"k?g\Zͣ3EXzJVB9D	B\rO\rݻ82g=XKY43?^*h͈b\"2<@ěmyu~޸{\"\\\n+xR6\"r˪*\"t䖛k(0`Z0h{nYqkOﭶ/3^%noK`Nka%%eTWRST>\'܈N_EQ	YOLh *[\02CGDv=Fy3(~	whxX\0vE\056aG\ZLX%vn_#^	Wb㇏¸od:E5n#v3%+m_g<J.o\0RCeHՀ=3 ݂C Y\r~#l޸^l)\0䃅ݐ-:)UbWG:GRZmuIͨPrpyh3#\'GwjdmBΞq]*5FNo\\HuúUX+J	-՟..lLOUHoTA5Uz29AyI2}tNhs5\'f8cW~OƟ5}7?Nd؝QܖYX͂׶kzݼg板K/9sǜ8oaٛ_2*ņ0fo#5<{f$;[!eɇ$/>~UͶ!>iPOMprK*8s9YdBΟTlA=Fo\Zp Iv2rʝ\nuӬmϐQ]\ZՓeEe	IGpzƅ\rw.d;sÁheƽLInc	E-&IuSI\Z(FrU_4`IB&w{^9X1\'sXQJ\r\0Ig-CIF@!?|I\\Ǆp`BŹRRe ,PUвZ%@/rLj5ן)~ȵȔjWuots@zvq\rގB!綱ٴb2׭w?J7c Jy*^g0걏={q\0bC(2x\'V}8LF:,MDW4]Q Sj\'Pdm%-HҪ_xB\n$2|>w,\nIs!jN I&\re$N/\\7WC@\0TJ9F4s{\'=\nPs9lBs\"ڜȒJ:+r]PYL]Iŧ[KsMV\"sG.JÀACee<h2,uUhL0x*2,:lf	B[תs\"?N~hΙ,Ӏk5EڲV >&\nu=$k?UDѧ/V݁d\"\'Rt&cǎ!0i9\n\r{wMtNEwfЄzԖ %_-dV\09=q\nLcĩ̟31ֻ@WWɓ\'ڭ\0ZGڪ9\"i\'`ʝ\0еd6+QjIv\"$@G\"s\"K699`X$ښjlvsNbCvNͽYN%D|ɫ&\rpv;N\'!c,S|w_?7%~Ԝb.˛[ME8Bϛf\ZInTWUo`\Z-\0EtQpݻ~T]@_7DN~;\r9_j9-5eH SgZ-A(JJ%U%wFPpAv~D: Yfsy<uI㷧9W=>{_|+pׯGdyV&\\~Mԭ\n}i6_LO\'4<h*JQ*TMhx$7/n09J~7c&0)O?ܖsG[Fʨq7Y~W	ju}O?<2a)_pw$$09-yyXb8~u}QkԌ39/W{jfcW*Sd1Bj9>ƿ7ћ-).,@oy?7>?P9\rډ/d\0L?~ƭvv`_0|Ŋ%r9v	}C?7l\0\Zk]rJG\09v;۶c8|(\'Ѩ8~0a8gn	q{7ZY.#WUџܦPR]9kgz{xnly/pyN.	y\'kJd$pcZ}?OnnTF6\'Gp,}t	۶Su<b۲գvrIotLRJdAV} td\"GDr	%>\"K|D$ H.A\\#\"GDr	%>\"K|D$ H.A\\#\"GDr	%>\"K|D$ H.A\\#\"GDr	?}%?0Ӄ\0\0\0\0IENDB`','\0JFIF\0\0H\0H\0\0\0C\0\n\n\n		\n\Z%\Z# , #&\')*)-0-(0%()(\0C\n\n\n\n(\Z\Z((((((((((((((((((((((((((((((((((((((((((((((((((\0XR\"\0\0\0\0\0\0\0\0\0\0\0\0\0\0\0\0\Z\0\0\0\0\0\0\0\0\0\0\0\0\0\0\0\0f	DY]Z65xyF]A΢R*JJƏ>m<9;E vjS\n!P6]C@(2vNE2J2ۙ	<:Fwc\\yɧݬ=KfћR\n\\:r\ZkLUN\Zm5i=j̜\'YyrԖxY\rOcIPD5h$ӦTmyɝpIzz4B\'6RuPih\r8e%S^e)y>yK3<U\'^\ZG2M1u׳&\nU\"Ě:g mONM0]6j\\!\'ZC:qiUq\n_YW\"hialLYyJ:gцN+qWJͧ\Z9XAA\'sq	ġW=yCJ_F[8٬PMud13X5#Br:42[$mW;V*+W8ŲU\"ƀ\0d\0׳YPS{]%y}D\\ۃ<a^@0,jqu̷48f[X\ZUdbrW$)f+h6oMyWbzVVNWgT*sܗ]덴z3ǩj #meb:N!PkYrO^TH:)VvsV	EZ};vxRUq@m*kokFוMiG덯.VW9MuJ\r@Ҽ^R6QբkVig Pf3i8+4\0܈gQϫV-=newمγU\nM)cBavCC+\\f.ټ$VJΙP!tux1njW61|}ԣ!Jdz2Xc6)SL$!Z:Ef渍B.P\\a#\nVmUIXjRlV+150NU5QA:Z8C\r=LΑʦ͜^gbF9HSu^bM!5`7hk).k\ns\nlä\'K@˭f\nY:ٝ/y^z..M>kg3E+Um0E\r6]\nYc+XO*<wE\ZpSxL쑄T)U4nQy~OYѻhKyVڗ{y`PԍƎ;46z8\Z9	V3\Zpj	[ExTSu55LZOX65k:#wt4zY7nKk4vYiOdl`]4\0kw\ZZ[by@rV[ )!t<^bZ>^se٢J`c=Ur9泞bkA]\\gW>~Uke;cIMM x衛J5sf\\Wpuwد׏F*]\0d!MFuePP5yw8R\ZfR<H)2qwqtދd|.jXA[K+cˏc+X^ɸwZ;9AD(mˤeW\0nk-MqW%I&i5f]9si@@}=ah\0S]%|ml͎.y\'\'gB&hQS*ÔqQP-g2]V3A\\쎦ۆPyoş{9СDz,TqyQ=foJCib\\BLm^f~P\nM:HEϷI$<HOOy@4kqu0tUktgQght6`uG,=mN9雙m<%.J\rCn\\MDIdh2Ij@SXB?o}Kq{ګiܯ:<[>ʺcn,skV.Fd\Zfp#&ɕA{9Ũ<CC8\nQ$nS<kZo<SJ\ZGp:Eƻp|U\nN0ޑn4ݫl984)dfbO,PAzI<c*<޽\Z4z4GZTX \\W͔il)r!ӞVab|fnL \Z0LwS2Hx4TYgӤwW󎇓z7rV4ʤ6ǝS\\\Z4c͎4t^\"L\'ʌgHI&LI;1:@8;;\noS.c9B+GH)Ey*Ǽտ*9^dqEXB=LR*_<-\"d1@d!6nr/݅|LF:pJ^d6ɻp-\0z0$E\'EM ()\'fi`@V1HCڮc]QJ9\Z5nxqIPA44(ZsS(d	;0L3(͎D^T\'F\rYw/^1bcb3 Ӌ$$i萛\'pI(́;fD(OjoV^޳Z־Mz(<d-&ݐR;SԈ;#\'pe#\0s\\v$Jp XƳyԹԕ[5JEEv   \Z	1$nLHQrNXkj:hVѿi58qhs=>OE21Mɘ)IIk<&bI!jSkw9cNukG!me&;LP4}~SY\rַً k{,b=t&@iȲz/#R6)Z\"~g[J$4Hj}\rVj\'G-s0wȭ\rZ\\՞QvksAO~se܄tH3=>աtu_C#e]8a2A>Uv:\\:i$CTɒ,M@Za(陃 ;Q&vBIe_tx-dtdET=Mv7!sߗۺ{^awĊbPjSqɩ<S$)BBL%a2W$	1IB7|9-dzgc^ǗcC\\PGJ\ZJdRgi&BI$D6 i%N$tEKK8LNNi&mTʮd4RbIM<RA$IB$c$\0.\0\0\0\0! 1\"02#A3@4B$%\0\0{q1,:K\'=%0};1?ch>{^*sɚk#w->o\0XEv{\0}K\ZQL5BQ\0t?R\0{{U\n=yR;1cȧͽǴOðxI {jC[h=͟ىIBo\'홴rm@+=h\0lD=W}ޥ6=\nSve8,Q5-gSҮ6׻\rƮqG<W:+Mv,쟩:V3]}5|sCŁضլs{+3\\&%8{nJox6qi3fr3jf:pS]\ZUkIIb{ſPaJ]̹1zZeZ#˩Y+X>ɹLR+jnndʟE~;{ݺZfmE9l3DkB4N\">ۏ-:DŭD\Z»@Ad?r1kԩn\rwg}N\0`ZYЂzI*skDWa4޻`5	+~k٣M1t*ǈko\\5iWP7iEa~^DM0\rd-71ƌjOѻtu|CJXt@Rٖ*ęBSX49y0	Uw\ZԴy\'톻#_csa7SmgӲZ%@\ZhlIeCYdkAHXH2k8a\n3ɊP4}FXVmWVj\n)R3\Z\Zu6ɮC?ڣOmSLS$>]|K]l]MvL(<f,K@[.Mŧb7\0?cvu-ŕ<)ص|F|J\\y/(j1?VUH*\nɚc>HkĿ/2F3Re\rfx+q^g\\R=G\"vz%yXt4dRʶ܍8[V1Eum\r2do5.~M޿-DS}^@\rC࿕lkYZkS]g`qbyoUg;r)+a[F>\"~*>YAR	j-\\3J*k@߸osBS}Ʈ\055-v@}s!~Vnlen{jUه,pu,MvtV\"3OtTcf_ˤ?#Ϳ}$v\\C7:\0/uW+=XmHM\r8-(o\Zd1r4yiTj,2ݾOՎ])w(nv7[;7g{YTozS+),snAygEHʇ\0RfB)px^\0N{hfqOa3ZXY>GWc7!XvgE\rU@Ê}Ϗ\\:zPr=6]ρt)3k?]L^blIU>>7\\;QSeNbzr\"bcK:^A =~OW۩\niZ1Q\0p=N[Fr?C UiHck>E\0U/ͩj^>\0dɕAV\"moR+Q]r/iRۨ\'t-Xϕ{hv㾧(nt7GJ1_=YWE\0zXuz=?=.ڂP366@҃-0L\'50iGYLVR2*},_-Ėi)`zqgfƲױYަ5Fe!am}1Z٘uNF)ȴQNVKd1;qT(owKx^IVuhꂴv	R^)Kj~ߎPYUA=[USJ֮2*kZ8O)NYa}Ji\ruݶ(ʴV{3BZVRfSREƼcĀ	ME\\ف׻\nЙF06-ڞ؈]JXX/*ý\nhz\"DFI1l[myB5+mw4R1(?D).3=/TΚq22ZimD喆9M\0Xa=/EOVn2VAk\'xMK1fF$ṇ^emq5q&^Y$}ь>O`u,\r56u=(=@*iqSt+a}JT	1mŷ$i\0]γbB׷zC㹌>0gfF]\rMޝ+4\n6ZoZмC?wJ{9£|9XE 7nZN=ѣdhcx8!=[-Lw׎CWKN5݊^ԟö?=\'s>{z4v/\"gGo?c52pET\'PQe&5̬nIR_isj@S>\"Ԧ]C+	VS5^azbccIvr\\x\nX\Z]x_;\0o`Ews	߰OS1DF>H<q1OTˉۻ\nVQF=7ҬJ!*Kzks+[XqZnehznTraLwXG:WK*oSPmͺȾbP(\Zk)J%_o\04A>7 CgTu2ќ,{	퓏qrq/vzC]Y(ɚ6\'!GXdUiFeRjeJmbZg]lnSzOԱ=Oo3g{jss}[.I\Zxl=;7\0K]7lEfq=OM=>f8$\\WXH~`\0OS4gH#_7Yg3v,OY\\>;nnYXˇq㗍0]ɀlR~evs3c܁mQXYرv9D&:#\'џ|3@ W+vCC^qPv~RjTH5lەXN\n}6\'6yUW)[Et<55+_;?6`L̻!\'Ԩ^V8rǢ\rwvWbȮɩe*cGWg)pc>xʳF۰20k&Y{>\"3,[|Aq͉1(SR^@k5I\0\\wKH\0$vԱbAf.\Z\0W̼u,de]uh!X~>W-5f*fIS\rMW\Z2=Yeċd5Szno8$[k5Y-};kBP75	\0;5>J)N/vŮޫCszQe:MdQ\nLfJ<lso:rM&W32mǩ,hȲ/{22q+g>OcW;:&ro!=rqh³{DGYq60x_!\"Oݨ\0aZ&=}I>7-^!Gݨ\0{m@ Ir&NNZ:}7t0bT75b\rwbx*ܧkdێr)[\nN0a^4DìYs-qrی~SծO9ctڨ|Rs)ȯtr.6b}kFNtYC#2#}~r(_,^<ksZj0\r1&nkM7*涞ZJ){\"\"ΝOn^OxW(`+55\nJ6_x\0T0.z[π`f[|,:FWz6ͩ,s:{,&a\\Bp4Ṗ\r7\\l>_,mo;>nDʛԳ &>̭.k~)ZΊw7}t &p9Wnnn+E}{ݑec9vEJxW83+ї=6zU޽=_ѱq0Ig.E9v)-8=G?k_p!ˣ9=mG0WR\07}3{hwLFԵ>՝&\0Fγ_:ޯ5p:J66\r\"K\ne7>ƨ׌/Lk87OoK[+SIOZ2o~k͡ȍNvSy`)볷VѽJdG\Z?\0\'\0\0\0\0\0\0\0!1 A0Q\"@aBq\0?Ζti5HsXecOBSF\n\n1st4\"nLw7F$1>IK^c\'H1h8fW7e_l[xएBH\"oqz\'.beǎOOj%\"ħ/S]-l$,rHjV?T%\"ͬ>E\"HE#SdqEVlc,lCGE87P\Z.F*$0ՓCw6.\n?x(^r>ʡ<t\"|ē\"cs#+#L{7\0\Zcƚ6]!pQ,(b\"5DG!Ap<(ȑ\"=b}GHM(ٰXeF^F ]\r7^|,6q*cFNjkA)O{^ZVȪ&\\tͿdN1tF~8Z~ZY%#s}*&r97}n	h//\Z=9|S;TA5\"2Ql\ncilv[q}I!E}&c4fJWGIoV|U-n/ጶ&Fyԇ7pQEFӄpʯ:FzvIp?Z?R>U-6Ze|1DuXwTՕEХZc9G/ɟ~JbGDQ+n5&vpYӏ_ƾ*E𯆄\0G+B,<XB΅~>6|+r?=?^\0+\0\0\0\0\0\0\0!1 \"0AQ2@Ba#qb\0?.X⍲ye[zHoD^3<.\'7rD~8f\\,1V-=CX#D:굔U>gW0J%i&,Gun,9nx҅Q~VznL4Cᮄ֕h/?].V>xJ$+e6\Z8DS_1,b,rl\"NmrlTZ(Fщ萼ˁEX(Bt&.5)vȭJ17Xr좸DEX:H]h==(6FGȥieiZj4\\i[1\"}#Ѿ+I	jC5)fɮJ1~U+b$B\\yhƉbbb\\)&%kSG5EF&MCf֗+pI9rG\'-SbyկS)=Q{D15~kEBEz򘤢ܑd_<hY\rnH}OȆX!+_XǓ\0d#\Z$Er!Bc֫KʑQGӾƝf)\\>* _G{G얟sF	d3O3F;m:F%\0/-)\0Up^\rdjKlakF)1a.ŉGC!;ϏdLŚ٘\0-MݛYEm63dӇ\\m([&b^/KfUkOd<E&m71O9_b֬g3쟧:R(mCzl{VϋI(F]xHx71vˢ\0eZ[~E-/1-Ym+r7b^^7ܥ|&+^bOF&Y~ddڇ\0)BM䧤|ѱнρ(\\rbF-MҊIUGQdrp\\\"W-D(\'}=݊6	c\0=\0\0\0\0\0! \"102AQaq#@BR3br$PSCc\0\0?\rNoTqMx$r\nTl%[DHhVj)7k}v5N=\n=b5KOJ\'c詈_*O\ZTl~*詏28q(5HhUv5O\rn]mM0KθE{cU\"u\\NPIjTbvط\\&z\nnSU_cy3ZR~{`4\\Y,ҥcy\rLqD1ʸ8E6PeK[ -ZF̀\n\'-ؠ9hURxekm$z*kp];8%\\J.MOw7as嗝\\J[($0M:`sy&q.? \rrjeEP\\Tb٩TCdC[\\%p3p1phZuW7%]\nrA*c\\\Z-U00&8F@jo%ǩTTSvUズ%\"TR*㵷n#Tlj\\dKfUta`mꪳ{idơO\0!Lau0K/ZΚMpUVlz&rBz+t]SaXV)3(\n*j(.EԡaXS{J;<m{q+U{5l+eh[ftj.6\rtQY,p\n9ǎ\'OЮ++BUBw!8GTSUf5@-\"\0<4+ԇ;	oܤ7ErD{e{\"{HSgĤ`qn5ʜgIhR4WT1A=\"uByeި3`mEyѿI=zɝou51L\'86*V1&u;6,ԭ}Ӈ5z-y.BYp\0h]?{ftWވD@3{[Eɣ0gl⡱\'Vߩ ;)hno7\nu;}/`	`rZF,_w>!@Z!Rp(OTXE6nW\\xnR\nCR@):F&;m(vqګ\ZG|7DԎW[,C/Y_ʙP\nMӐ!\ng,1EuqdqK;\'wM0uSl;~!*1z\"0\0v^i6$g.ELiqPctP\r0WЏ8&ŇXnBuR#|6q؍r]8S_	gz^*J`6\r\"~ls<5UYA7GuUc}(/A~	^g7~[{,uq1e#M.rT7xCP\Z7wm\ncSO/$Bjm	(w!:$8i*n0iMŬc?b/ԈަCcPfNH\rM1*CrQ7,oZtK W9Zlz)TX<j*,c\"N+Um1N|=\\uHSpU0⸭J]w^\\\"	>E:!P~Љ)5v4yXftGIW,5܍~T۪\'%q-$\\K`o\0v?(0pS%2eJ5{NJCpdi+hUxM$]=Ngl͗dU$T$mWpoTOLMU-akfcU淎lTNS+gxNὤ}.N=K(m/r1O\0e3^,f+m5u\rDpNˇV~֘n}VZ\rOpЕ\rTIpsNY!U7/=ge⼿&jGf\0j!ݗ,ɤ\ZfyjV[^nEտOMJowZg\rUBmbօ3317Uj˨UJYzkǪ\Z>xRmm\ZFNj\"Xg3ULidԧ5伨N̆3q+.G.¦4O^D+̆5[W\re\0+[Uc0z{037 ,czɹtRa>Ҥ\0tT.4S\0\'@emȂ?^:ʊ~KCbQ\ZO.*qRr-5W#fψWVEW,Rj6\n9\r5#a5<|?W89R*g[\ZVZCuW$W\0ޜTk]yaR\n+МZU<}dlhW#d\n;	~\0PN%WU>7m^GN\n^%O6Bpx邫[hiݫFOZTeOѠr+sfAY4ڲ=nU\rB$ԛezNnW5J*Uٯ0 WMftV\n$\0ynM_\r͜I\0!O\rPE@\'C|B{nT~mrCsly&DR	qB2ܜ7K,xU80&\Z\roR늟	|)CAo]dh>O\rEycCw22S~)_D:4yp[o]xxPX)Mēt=)?5R@#nOtccGdF女,5\'ꔑ K6s o_%_\0.E0-^晅4IZ\"\rd677W;E*,\0^zՙ~/q\0Ģ9\Z@\'P|=IVGeNo\nktGBWh<JPp[ptˈ]Qe~G$|u;0^\Z)ľG6kcE(ZO ꫯkF ϟgR\nqD\0*Qf|/Lwa4܂-r8s3<O:`TLPb9;H ƍZU7,ßv*M=[9\rqa9cA):(͋$qV<_0:hb,V\"-\0]sHw%xo%c:3b/!Viv̈́9sOL2{e$	=3Krl`qW\0\rSso4o0\nT.镪N,\rdHm4q\Z*yaw1S8;yJTƺ)Rѣ^LA\"FO\\\n׸5ډ_SUNZ9$t\"e3j<p\n}S6\ZB#,Jbe\'{ÑoV.p#33	WZޥdap%u ꩫa&?50&C!|#ڲe8|GNfQNm\0Q;\0(\0\0\0\0\0\0\0!1AQaq 0\0\0?!cL=0D76[P}/ևKLkO\0>mޅ\0%[ZV7#im1%|%fbK{ie.}K+k18Y\ZBFsi;	ZE1}+cBB>	\"No_rD_Po5KƽJ+Dks#K܀jL#Z	=NGǡ\'J!A\"׬90$/\\	LI-!hǝk1X0>Xyv$К,dYz\ZjB2	k	CDl5b{F,Dr,itQxW,EH,y64](\Z\Z\Z>\Z7ӍH9,D6`kp$ٷg/6밈%b%D!k445_Δ$H,ZVʇ\"瘏R01+6}#-v*Q\raY*ٟWcz-q7sەLqd7/BI;ۉFMQD{($֤N֣F#mt$!e{e1zH_qJ3Z_c9I, j &BZ \Zm\'_Bee.O0ix52Kti$2(\0uqoO\"Qy{2 hzLOȑhO3\0&;\"ñ;őC(f-n \"HXcaKm>Ag+T+,ca$]:\0BXN\Z=HAhٸ/.MD$CM\r=ɉ\"Q\\\'E%~4d@ DN444EОoȊ=tܪOpmټ\'l/͊6<	)1.V=kK(2/@2\nieӗ0\0x%zdv\\Bk[,^&XV5H$%ʈ̑vɼ\r$3X\Z\n;4򉋡v&fЂ<OF\Zbd	j4:̥.\\RddEhpQJ&vMCv1Hޮ*ɐDɫwl7[\Zg\"yu	Rx F<lZ@ܟ\0FtBRo{teU$;\0iV[hv#&K-U=Bn	`[34n\'䂆\ZyClI@y\\jFxBKD-	҉C1R̓	@l0HTH6D9(֛)В	3HAF)X\ri\rtfvg`inK$1BToF\'\'QXl%1;1dC;QaDFD@\rAtbٚ^j+(#l.\nzDŁDΆ	G\"VL\"*eYr!0	#[4NC@n	]J+$\rCƲ!^	aNؚ/\"\Zѩa(Z&o(a<cfL\'용Z\Z5XyaB\Z^LR9NZ<[9IhĲd4EFYh7X,d`0PfUQbز\r{F &>!chWMH2Ot3M)\\DT&(\Z ǂ7\"ym$ucV\r7Ibq)Y`J)Xغ9A3\rD|e&6gɆ\"	$R4tXK=2&j:eCB&UІ9_+/b,rPpfw\'K<O$a_zLd=77HŏA!!@qŸ\\	#E<\nC[+SCx\'Xg\\3P[#;`E0oؚQp7T<q-I@17e\'N?i2s<EKm$.QX\Z Nߣʝcdc`_g,l5q!WؐC\r&3|H\rI\r\0B]\\ry(,.MZbJeeZehc<&?՜JbNl%uqJgP}RtEB|`{Lyƈ)[{DLaK6-	ۑ-弳Ynluc&\rajˡ8*M\\.9>y}}o10i_շO9RQЊ-%5ZX@- ^DT=X?bg&+Mn#(y&!ƙITQv{	Wcyx$.%cȱ_ԛ2%m&E)Dnf͖_sAȆxEτ+|f?yrIm-e,d9Y|$z\"F\'QC\\K\Z\'g[C-d)E,ct71[_!*GYY!]`VQip=țHF@Ʉ*{aeJ1А!I贒K6ecTBkR(Rn0);#ȬpƐ\"Lc[%3@C5X>tOl#K^)ת\\y|U`Ʉ;yrڔDp-3ɄthŎߡp;{c^]9E\'-*X2@ OwMT)N\05 KO9iBl!vt%@$l ½E\ZiNO+\0aYFFx\')u]y;]^F\r	b\04\\ֱ6 7㳑=yd1Md3Knw\nZ!0\'$a\Zk:ykO`\'~˔%MB2D|QF(pLo&nD:D	\\H$]/=ܝW+j\"]4Cw !vJ.J\\LPN42ICP 4y$Bt<0`5ۣX⒗;̇n <b67좍ވRc\Zn$;rQ$Kh\'<\nH*bZ.ZKz1]Β\nzj9]Oa\"!p\',C%ǜ۽5+D%8\rcB vO8}-؜ 9!!M,Chn|=\nenPt=ixq-3R4FQ~K&;.r\'QlR#zl %6$XVPٟa\rH8\"4j\'DH\"]ƄlExcht$.+$5,\\ʙ8}0\'#8%d4DlC~F/4<y0w}\Zd.}q\r6r4:jܕpO7s.bNVǡj_#YZ*FM!HE!tŅy84!7p\rig(b>җN*Ďz<M,y9LO,B>(E°dC=ǰ{\n\"2_pE<ޣfMgJ%!)t	2L8cRbT~`l=/\rjh[Q>qU	(۱/$\Z4>MNkjĊi6HCdr)|\\AdCqD	_&A\\na\'$](oh)J\ZkR;\npL!V5L񾭉ҷΖn`EE2!*OcӈkWb&$OlDD6Ԏ,GLw|	ycWK|lRؐZfGE-}؉&^vAFc$z\\Un/),9D9Kb|a;Q[.0*G=(v	<$RǦdK$肼ҍCc`PSSe)Ip-DJl2y\\D%w9 ͽWHZ\rH݉+J1)\Ztѵ)7\ZT$YKAJ+q\nԎњ\'*es\0b6&afpkba	C6\"okRi\Z7l;ai⽌I2a5vdḔH%d\r0<k\"H2	Db-bmFZ/\0?Y|і	{({ԿG8DӇ\"[Ȅ#a7Ԟ8B\r{ϣԄYؚ1\rr-;$lOm[%;&zГyRG>q!4]4M;8I#\"dĎyv\"vaM0WJHAn\\pIxuO5s?:ݙ\"L!_\0[\0S9LcC0· ~W$[ 1eG	fbcye,ȎztiXbjoB\"WdP$I%_Gʇիꉗ,_L{\nPK)\Z\Z0%H1N/H7\'q$	IDA,yYp		?C	[z(jw:RM}YWK}8@Y|!r%R,u,CrRH:z҆Oc*f7??9a\0(v!eM%VL?R#N\rе\Zc(->\\YIdgD6ff0~P%(Kޡ)D@I	!z-\\oZ\'II#)#\'Zk\rrj8]M\'Ȭ1-%Q8`;|\0-Q^!(>?1A<:6]fæt#S2ޠ2#[/JzR+cMj_=y1Qeو;K\0vojFbVB&c8,E[=XQ2O)ds*]Y -(*#Њ̾NY3^#8B\0W,!4V1EH[ʏ#F[#MU\nػ\"4d\rje/bg|\r#z\nCbZ!	CVI#Ih(a;DOg(ހH	f0z6H\nE3#y8;HkKvއ<hlD/CmBD%%̒R=3BǸA}c$ TlI#_:*K7Z죋8N.O}6E;4/,%\ZthBm4EP!\\HUёسih$eFX=rU{a?^#)2Z\Z<$бk0HDsCсZ5BBDa$c`Kj:HSVKlК~0s~bMC,726M+G!萅LK~Iׁ֑pYMwQMH\'E[֨.;$@_zA^`؄\Zv/5ȌRLI~\\k*M˰$$@8di1K2,>f<;A.PjI\0\Z\r8i\"z\rj:ӭM5UR7w}z8|Rs*\r5֢Ck\ZU?F8oė*vH1[u\Z81H6=D%6e22&颧;T~; X_d$$61MOwjhbY1\06i4(YPS$DnyjNF~IRk}=e[\r\"\rz_Sƭh-HI2N#W.60tcevJ,\'D)eНF`+)j&cgċ-c\ZE3.J,+zMȞ#&*J\".4o%r2}ɓ4Ӎ1Fz=W a>Za{?xǤz{ofkLK\'*CSH9RK4B\\Zi,{Ri\"LfĥLCCbAE\0\"2-)`jT23_B8SYc\'ִhBDm?\0\0\0\0\0\0,9&\06vC?+}َ`B<{=κ}j!\0)~/clKjvxC:;l\0kلkܪvՆNsCm|_;;^]rr.Y?o28;sUvg/O~|2?6s/++jwg#~l0{\0$yp_F5\00n`ј,|Oc\'o>!˒ĭ?I4qW\0etkm%o\'G4t1^A̽a#Z~a.cH;Ht}޼@syۤZڊ;F&;o}ܳ)f\06y\0<π\'?]~y\"]\0qq/{\0\0}6ߏT@wʂk?\0}T7.ŞtU[k\0%\0Nmv=x֎ \0¢[q?~5Ѝumj{Cs\rV(޹C_5~)K\'_/|\0a/>\0\'\0\0\0\0\0\0!1AQ a0q\0?|\0|}	?^ۗtɭ3˓l1oKfzedeGDBgמ%t9`>.Zpz[\\[o{i*}K9c,{jTD3~\'̤,ܳ{z+9\"/^9v~x&rA-rRZ60忘.\r^X[D{aRϠ?eifY#w9rg2|7zvHz;/`G`C\0N|, c9M,e{lS`.6,N>mlN0+L[c$Xo{<afC,N}B8:~?s;o\n͝2jRm+;-?EXlL\"m S574ˏي؟z&08Hج-Ze#ӓ>. F[~{\0,--st%?~kmvw[zv,H6썄/`/p_\n{;tޣ9<\n$$dseU[!ێ>6\rN-\"=(z䦖Ű6Ztòc/3z18nxS~%R_97kݝ,p/\0b>-d[?G:̵Not5]cr}^Z/7I\'_/q?eKQ\0M1 bYn#xG&_YX[	zIbf_ax-W|#F偯KOcy\rX~˗\rl{͟~.@;s^3/D{_ci{`{`Edy-$O~Y\'\\Cls[X3-O&~.iF%-<g?3P{F1NH&<e;,bF#sQ|\0DA獥3Osdoa2o,dKUze\0~eIX996I|, {>;^?}\0(\0\0\0\0\0\0\0!1AQ aq0\0?9k<IJ\Znv^#3z4\0ɕirmH(T%,0&\\#z	hhl̫\\T	BuL,AEJoe\\>K(b*BFV*$N5+Sn?\\%kQ]˷\n$}I8w&W.vB!r#XD˘\0ܧpx\'D^bpDpL!S1Z j$GQP*->s+@FۀTΧUx4X*P(GMEi,J75ppGq\rګR\' [SAew9!&f[FTRwJoْ;.*\rfHc1%S+0\rjİEEե\Z5	qBQ3x]@=cHC?8\\yES\ZCK΄lVblbVe	p0vjb\rb\"K`%;`߻ʧ#k[	u*06V(gfe\0;0tй	H\0p@@!\03==,]*TAlb>AZ)yGf3VN\"4Tnӿ_h7	5\rzeT|RA\0ib\0h˱HǇ2K9MfT1wd\0DH0LqQϨq(0g0b,*`vR츭X4<A%3^䥃%RP/>w8fE	(rHfH,|o~sL8?2qB./DaԳ=~YTV<nZ_5O3߈\"uL%P7pL/$ZT|(,Ӹ`2LMʓw),s^ϞC׃,-Cwq`Lggl!4}fPG3KX_&5Kn\\\n\"kHeS)+\0;\"[3H{˗yyrDga{r~(8c!5uŃtJ;Lx&f0h3sT|4p.\\5pHZY\r0 GT511^6VWVтaqO	ܯ!0eVw(1N+ÎC	r.$EB\0E+qzBr1Ô\\zS\0\'\0\0\0\0\0!1AQaq \0\0?sgJ\Zsaz\\GifhUQ֏E *\0ee\\b\0\Z\0Ѱ}\0UfV+USEbY\r\"ŕs*\n!w*8{Im*՟g:g`\"2\rV:.U2-9F~x<u`JPHtc}DNy..I2&\"JɻvDi$\0\0ߌ}0qo.ůL=@mwOE/̖>.5#U\r*k/v\nf_)\0}Qu-WP\nU2X	41̾D}El%Mdl)`\"hb$qpr˹zAsp}7PlV]\'Onűk7/#[l_1HZTGknG_ab?l,afѕ	W*@_=ǴlW\Z(yo0%\\.e`8۹Hb`ĵ\r;ǄV}a]<jGW\0\0\0V=J2>Pw*$Er\0.A(_\0~_@J-PXˠ(=صur3=2@Vp{+M\0f\r++S	\ZQM}@8?2蹴or\nx3bk_ L@^\\DA[*\"^Uh+\0(q|y+2F\nS&Ϩ	N\0ZK\r8Fcv_@SŊ%Rm:-ED@e\\Â%QGw[amv{?Q*aM>7_X%ܴh2|G#Vt@V}:UW`Wsk_pp2b+bĻ\"`Y0)I;\rP#p`l}8߉Gd-ߗ@`̭@&B!6|Sd+/PKY\0#cS\r^(\\\n[Ya/i\0^O8\n@\05n\r/\nIc*n68Xfk+ >NU\na	.(()}\'6_ET#1AoWU{\nlʅK吏c](EA.)a\n10Τ0aћUx#}\\M~eJ=GN\0sPB]fUD\nqe=6\0T0dh#\\e8Jo\0\n7z%:nqn=Lpj04ߜ^AgP1*]L  ̠*4ў^ UʚIRWi#\0LĬn6\nX<\'%GW:VrXJ~l4K]rOQhr++ja`K(+Ϲ$s{؀;YH8;;A[IzEC,hbZ=cj\04ȎJp$GoodZK#\n;2~b#K!ME=D\0zQ,0\0R胄ԣ\0eAڌUa},l#XZ\' w	]M~<DK\na\rGW22]]*]EƐ&ApE&Hhn,CV&dpмс,t_6Y_0[h]o$(0˩K*o`p\nM0Նitۂl%#w_hW`RdRv8xjR i5KKӿ$3Albeۨ-;,;=D}22q3%K|r3+Ա4M]BA%uv\0HC\0JC+ H?>\0ؠU!dJq<\\@b%r/P@=ę?PY*̧>_r\\xJa\ZLT+q RHR	\"ejAOB¦vb{-Dḱ_>&-/ڼʍrZw@-}CmDY` R9~wP)a)4V`*g#=(RPJn%A\0t۸X-\'QM\'2-GLdop&G=xNKqeN^c\n 	=D%Kbǲ+U*B6DD{XDy\rz`\Z\rA=K<	7.ﶈra(=f\rW\0s)neK)\0z\rB:ؿh\0b\0\0Dj<jm5bFoi$eR04%OQcܸ!MRP.z{vA`;Yv\'CѴ/\n>e\Z`bQ#xPXwWv<\0C]~b;&Nçyo\0}}?w9Kׂ.M`￴q̵Jgܳ^SEV +lz֎[$X?n-\ZO#X\0S\Z	tq~S8Lp/_B#\"5P)+N\\t\0(Wq\"[\nR>Pk2UICT-+9DSbdNǘP䊢VS\"*|tcAGWj\0.+q4xCB` ;e);}@nF	k\0}=AJЫIB=_\'S>zaeI8\0\0b\\ry\"v&XE楲ѐ<L\n~ac3I9B@ℸdjhb`\"ۧ^!W2\0)j7!z(\'(6;@9{ahpw(P(\n\"5O\0N>\'!x^\ZPJ@szM0)@R4VuN\\dRtMN\"u\n\'O$|Dh}4	ǞI\0߿~A@Q{?#k~4Ai@V6cW^;[f9̲R\0P[	+˄5Pw6֏;U3@OQ;5`Bk$1^Z\0(u%vL\ȑTj\0/|e+|A`&Np!ؽgl㰍B;a&␿ikm^A9q\",?LEXr-Q@QJ<ǘ((8#iw(D{q*ildr}#_BeK|B\r̮TG\0qTkde2%(}w	-@*<31@1}!@hġ#yLh\'ݏyreG;+&6Z@-!p.̩\0y\r	Cȭz%.e&8=ċrQpArH(_oǇ\re,X[G>F]ckOW@\0}J	rev33n&pQP֖0N\0/*z \"pEUV^[ơV*+\\Ҁ凥J?a@|[@d\"0RG~RZ?fs`/v7,8|1E\0\"WB\\$Hj(/qE))Q #{,Yr\rW0ufq;F\"]JEʧWv}<r`TBUAK\0R[~Ek\'\0բ\0%?1\'`Y^opÙ=,+ev\\c?o+#2! Ԫ<\ZM	eC[W\0ZDC&ˏ)^\Z܇\'TZ<L@\0&Z-DunZi\0|g\0)TXXbfTb0-bX\nDabd1o醛p*<v+2zvE]A}n\05z9xFnիvѷ=ʟ`X-P|_ɯcUQ\'nn=&\0^]OUZz%5+RXkNR_L5\\IKUc,K6W%he\\X\n\0zpyCAPP+J\n\0ABe޾O+B^Tr#[zB9a?G 1z̴*qh9:1Vlfm>0b?RޅXJ\"\08Ck~)-N>Dr*<+~cE#*D=	콬РfvpBQG5u\rP#Zt8Tf352W\"nko8kQӚ0n\nCmS\nz?I@%·X\0E RRG<i@RzWlWݿp01WTU#;gT~\nA>?Ir\0ܽw~@hSq@QYcn/ڔ\0\n >\0TG$?2?\\EGk~\"iA~Ab`B9`P&~ࢍr:ga_w~bQ`zbP\n[uwQ\nq!OFy}@M\0b\07b|w\ZFrP:Qb901Ո}xC$y#T:./be?TfD6f\0\0uu\r>1dv]vx\";\0\0?pⴳ`,3I\0,#@8P|D1EV\nE<lg)Z1 l\ZR#V)Q]AlA\0&<sLhE\ZF}J8M}IC-i_QdU۷KaPDlOp)RGKFZ_!H kܷ;Oby.qihs0]V`\0Ĳ WV)H[\\-f=#ķGDuϿ1i44nE@UqYGsGQY*6g-\'+h!B\"4$\0-ׂg1k@r׎2j6G1U\"(<\\2/*ϗe\r;c%Wp5UO^;\"WHt5$JK\Zjv𽻯%\ZTJzb@	0^MqvFc&9{En߻\'T*A_BZ\\@_@\r\rDaZAB.kza6g5[GDNDuV_g8\nbf}fjPEQ0mr?Xz/>yWCǏCs@;Հ?La]vSch? _Km=e869G㥸nw\r߸_/^))\ry!c\"2Mϼ6|Ht=(FʍZII&@j)|òRbJPEEJ헖~JF|@Uaů|\0uMdg-\Z4JSgp+xȤvkJ+0ξ_huWBBSm\ZTk1C6\0/\n4\03/i>b\0u xLLa!L#v >|CK(	J/}v\0V[d-@xd]OD8T41`eT.8PDMk)/a9h߼63J,#܂ը\"F\0c\0fP8>ԯ(AdR̽+NGd&Z$S4.\01Is--%R\r[2w\rel!d?a#AwfaP6tR5UମEW~1AvcLPm8CNO5	u̺<5auy^0D\rKJL1ʦ\Zĵ t#\r\r\"+k5qvya?ToH]n0U-*)-ޑ9Vխ[\Z!6Z2$x !4Q֪-[RQ ҵ;M>`,5Ui\Z`6\\KpiV\n\r\0**;/dUX\0@<#-ۀQG\nĮQpȆeD{v:V?˱W=\0\r:M<]%ѵdi2\"Dz\nz>WߺBίurtnTseJSTK#Eݦ\Zv\'wFR]T5}&+&i_=kd(khа%=vE62٩Dh|ܸ/~8˶S|,0A\ZiA%MĶǸry;Ci$ho6B:]xtyL:x:~ǵ*കE7@Izz)z\0#)=,zZKM\\\\&HPPX5kw\ZZ06jWG/k\'j[Xs~<p\"h<#*qr97U%cQ\rhN}IOY\'}\rѱ|3{&+v\0\Zw2Ct -e\0\"#\ZtԱiCێPR2/4)K͠|ٽѧ_zWERh~_65rhx]v(VDX^1ly (]Q\\Wrz\r+0oLJɤx\0,K)[vxU6;8z2{Ir2\\bRF=~riOul QA>N|BpY;XNWsR+}`,%Szb4/!\0\'c%\0e:#B_J+:\0IP=ލ/Q3.VهiteڇGmke&?l\n$RyOEN[WQ^Q.;HN6qCu|)\rw\0=&\0\0Zk.E@F.UK`iћ`	]:_:.GAFYejV:ASd4=~\'Ph\0	Rj7N\0\0\nH%/gPR#TWr*OċMgP|.㋩]\ZK_Nz#1J,	P=Jk#{\"&$`I2ǸLzO~lo gA;.ʥa4X]vۘCG(vӲ4tPA]1Bz>_n/ٷ[ۘG\ZN~\0c@ZWO^) A[X(,YruĶڎӾcRU3\ZG-)n&!}XN\Zp	 Pw\rDش72V0_岃E⪻]_-3pL%	ŗt܊_Q)vEmy=8a81Jسq\"D\\gM>⨥]WD+>&Eg_R{t}xDmlyPh\\OAzNGYÏlAYbݕYaD83|qPLw-I>o\r˄v\0L\0`iy\0fh$TT+z[Aˣ-Q>ze(_`{-^\Z!D!jǝ^K\09Q=\0C#2ڽD,\0bWf50\0j.*s\ZdTLl\nߞ1Nܲn*M\'5b}~R݃KKĊWI\0s\0ndaFf2ryrQtrтQ-1zlJP.ؓZ_j%p`5ix؈\05`(K  te[.Z@{B@YKD^C̲\"wN+w~g9G1[vr@~חmjU_MFA,T/6ߧg\n#`GP\\mP|=]`JfϴA*7&JAj<VR=܁ѕMT&;nR?$`gVrKz;uqL@^.i)Յ<tXmїheܼ\0-WR\"\0!y|hFb8\nSY:4wC7Rͥ۔q%\0^`ΡmPĩˌ@T\nN	B4vH[cfjEӃi0DDM-Άh@2GQI{ $r:\"Se\0\\l!\rb\'xѶ>N5uލ@ܣ#UjlRpy]Z6W[\r5~RG\rq\05#>YlXյX2BGPЋC.`,Kc\\ePc+k1\\@Z^y().`.~S1+~|_:>>o+y^Li><BR?15\001v%-e\Z8T@̙Mj$	U\Z̥ܥu6\ZiMi_GKm\0R!/@}\r5e9 pzO\0P,\0\\X90D1(t\0uX\\,G\'\ru*Kڠ\n/~c.zMz瘴\'`\Z`DspF7epcnb6Wy>D]픀ZBtz%\r#V҅MT6Z6\ng~#X\'\Z\Za/,b(-4˚Y`hϙzlDX]|s~k\n\"a<& a;˰r%Ξ+`7O+D=5i@{B.L]3-wPvih7\0,Qm2\nVwh8rОaڧ\rmWV)ybu4h|g%}cDYp8`\rU⠠@١휸]dzn桷EE\"v&FAtQ\"X\n-\\/%Տ	t/f7uc㨴::-U*GFl\06:*o)ĴQ蹗4B:>XM_~|<Թ㳭~V\"tDzk3^l()ז6y6\nw6gUD:	e\00/Sj|ZZ>Դ.^?kyy_zJ\0j˳O#g)\nBƵ=EM?y`0Ĭ|F	\0FNoR -)e\\5O6Zm^^_B%[VtO\r\"gaD!\"9%Q#T{#ȹ,<,s~\"WCEoD5&02=zt\'pps6>bOc*W/\ZnI\0= [O,f^r.\r&m_Q.ţ @95{OԺjZi{|@,B-\'}A;j-,\0WpݾnB7M8Վ8wZe	D/?\'\n&ڠ(:;x̬FvnF>!}TǤxI+W۵lCVp;`*8Im\rZtcKXN$K{lvW>d_1Lxu)ix9۫zj,ŮAuPP^1?J4-`=\ZF9m:DqK<5\0װmK@#cyCZ6?0.>?JJu)P&/lR\"j.!ZOx}hIg.hɰΉI7KU\'R{8{GJt$E78YY{ea/t 6Zz/:6*F7 tO.f><`ܜ-jw/YxEaOyJG.S;\nsqVUʼrV1J0)^0Q1FUdGXcLx%cUH2)$i2Gܦ@DNȠ\Z쨥k+cQQU^1·|ǝ{e^u׃ӫB>$@C+Zm=+DR\\u\0:d˗)i2T79&p+\0>RUUpqҴ)ksWkLXr}=\'fz~Tø\0\\ԯ\r7*\0E/$a\02kJ\Zؽ_,.Ѣ\0JTXQNpn7Q*FE1KV}2Z(ODc\n[9W\Z${\rwO]c`5GM\"Vix\0\rhHw_.tV %V0-Z;bduVD=\0B0-W\'cfPǩT p`%ˊo%J080io[,P&]d{,\0-/:\\3*cfS}G\Z)uT]mw\0Zd\n#n[`s/\0Ng%.Zy}\ZqPXDF\\lJ \nx`Y\rngtcHal\ZhS\\2,o<lb)O ^P-dA:P=µ\0^N\"lj\\s%TOWSrj\\fŗuQc~c.o.ᙄE\Zx\"	\'V^zZvː0<j\nq=EwVf6\Z|p{\'u*B~} /UOrK? DVaI_QJ}8:t=G\Zŧo;sY\nK3;:F9 1FNKۮ9Vb2lN\0\\ĩu%AW1Q3*EWXz**@,Dge!fTe5Z&x\Z6TXAJ)HJ^4-oʬ@6:GY|V\ZDC#JhuY[a,K`5t\0/rڵ-/1Wl[ -}E	AkVR-z[J*+ziE(QP6\ZX`!\010\Zw1-?q|aa\rE`k]:`Gz~b	b+h&\\jƩ^:p\\<P/ǓdU\n&en+e^C3TGj2sXwMr[UbXq.mr9,\n	]L}TUcDWkj<eKS[Rh\0U \\\0./ĶOη(j/Q+w41` `~5nbL	H\0(b(*.O}L2X\"pPAKj%\'.A~PXtAAINيdsSK|m/Kec&P7YD\"3ShFM\0රq.RBP0ڋO\0q+-	EG[Uu@PDe\Z\0]SȗM^{&a>:wZTDSQ+h*~%ЦB6f8.+\'bP\"AE$K(b9x#\"\0D%i,`eRк&\0(|cO:ыU[U?Y+PeWܡYE? Z\0t`*@eG[CAjqq4/2=~MǮÚt_+8hG*]U֭	g\r\\cjԪʭsĲ1(6@1NT/<kt5VBv-gp+	Fp|JMW`SaKi63ew nH5ioAÒƞ <	 Z,*<K-n^	[P\rǔ@*+g\\)0=0(bE;#MqeFj-tPy.sf1DA9~J0ƺHmFODmevPyK}GŢUb/fl!ȷTqUp/lq/uR⌛w	PڤJFdR#ځUp`zlMV+1l`_E3 1ZܕRa8[>vW2<侜XDRi4KSۢEEĥܰE[#c%Iή%EG8ekLVVues-{9`TKr\nݔtSbSapܼekpǚsrf5Kԧ߁BnI-W8kH<GھJW*ܱaz LJc~PpjhZv#Bǘ \0*\rP[\rv[^(3R\nK(+S8;4]\rގ2&3V(F5(Qu@I%+0iTJ D5񹾥`f2C&\\O\\y\"]Fx\0esb,r4\0 JaEXsQGs =;y!9!Xx`\nڨW.e6wq i[b>|6{,`5Zh+Z^Wr77!W2(ؓɤ\0Q;\nV7y.)~Q*%YY-OoU<c5\\ķ1iɶs/pRWhHK\Z\"5r:`?e1cB%DIk^2򉘊6%f\n`g^?g	IN3J9PxRW-`g?pۭQoL\r%12㸺<ˊpZu1Q}x*EU_kjh, N\"es_B$pͰnPeU+\n^DfUJ*A\r`=\n%8Qw\r;S)W\ZI*Nt%/hK1^ep˩qeQz.>*kh|=]å^e<^efW#lӻ*&x|gk>\nZ^.VmjrX\"i+at˴4`^hŌKpPKYrcOҌ/V>bc+Y(K[2Ŭ	ܼm̪QPDFO$y@Xe)8ATyb,+*(Ne 3Wh?Bo5\n!:tj5B@)H?δ>> ,{Ej93zQR0T]M(H$Hfhx\Z(|=DXpD?','PNG\r\n\Z\n\0\0\0\rIHDR\0\0\0\0\0\0\0O#\0\0\0sBIT|d\0\0\0tEXtSoftware\0gnome-screenshot>\0\0 \0IDATxy|wI&3	EA6QkZj=i{>w8s^9}ߧ=uV\"* MBBd>GȐe@ {]i>\\1o<6@DDDDDDDD\\0SMDDDDDDDDd)&\"\"\"\"\"\"\"\"2̔tfJ3%DDDDDDDDDn\"\"\"\"\"\"\"\"\"LI7a0SMDDDDDDDDd)&\"\"\"\"\"\"\"\"2̔tfJ3%DDDDDDDDDn\"\"\"\"\"\"\"\"\"LI7a0SMDDDDDDDDd)&\"\"\"\"\"\"\"\"2l#p2MsC10\0%DDDDDD,iul3n\"\"\"\"\"\"rlsy̿Lۛ1Q\\Is\'t\"\"IR9+R:#HjJo4M.E#\"n\"\"\"\"\"\"rV%\n\"r6PMDDDDDDDDd)&\"\"\"\"\"\"\"\"2̔tBI7aѴMDFJ3%DDDDDDDDDn\"\"\"\"\"\"\"\"\"LI7a0t\0\"g*χtt(\"P(Dkk+~C9M$	χ&FG:S4^{D\"\\.>#\"\"\"\"\"r&PM$	fӂP|0x0#%\"\"\"\"\"r.SM$	Ӊ0DNSlvk˶w{c+kx_o{?uM)J١偯}a۩_>Gd\0VuC9JDDD7ws`g/ck.ƛwbG|DCQF|eá0ouλNwBNg{rQMDDDDDD,g&?$-Gf]lg\rKNޯ^8Kr}߼|IcN:ieXOFS|>)&\"\"\"\"\"\"rkihL7wobوEc4Vf\0	GTlM`5c%ߑ=@gk\'PP2`gwCds͗S:Wنu\0kk,~1V^̯S(w>r;\\?\\ěxCxY̹zA1tx79uKY|2rF+\04%iǟ8~ff?X|M赍46aX3_}GI7l^9LsUF?`\0ˁ/GΘ|NǤqes.\0 m%ڬ+Jyqh~.\'PW.v^ڶo\'p-$F2]DaNO<\n\'N?=utbkR>ë9m?Ŏ/y/󮽄}vX00h<ROvAdH\ZGx7Lh:v?	@p LܩWr\nMitC[GŦ];uRWY˞\r;XkyyӸE=&ON󯻔_xΦW?«2},,VG8m?o7|wr.棍!bO-X2쥭2cR_YKg5X,nfy㑗|Cyoo0BAmCJƟ?%w,`s]+:htpYM,m0sܮVxG9{(&\"\"\"\"\"\"p(̆e[\rlH<gTlE8ak/hb1^z__bnn/Q6K|X@ڔID[!%NeɌ>P\0@_{}U\'R>o\Zv0wބ!Ŗ81\\Zjx貱\\|Ɣ\0o>~CkC\0Dsn\"\"\"\"\"\"\")ZxPURģq>~swor·dR&L/rgUT9R^`b<F!0ͮB#͚\"}˛cz}T<$ugk[:trr?~monawg7y1Ko]ۛk080dgg9Ue̜9+rnf.]zۙ0aNy;\"\"\"\"\"粣xt	\ZR_}e->K$J\'8PG	]g5TOsM\0cS+Zupv\0(I[]\n\"^ێ??GIi+1Vr\0v(ӵtƒL^pyamT9L|rGS>`Og#Ny+/O\ZK<\Zza\Za&%Z6\'c~-n.r%,a\n\n\ntt=[<;v,\0Xp8L}}=\"ptr&|,_Rn7ݻիWthL>fjG:9K;K.g}px%999s=Y?4E(\"\"\"rjZxOl{ݝ|_=oMU\rq\n	C[pÔg?PX2Z8L&gt^6\nƍpBujxG[\\@cU=o_Ɣy+3:[ڶ&pQ4a4GVSP\\Hվ/)yc=ptزr);[#%MAuZ;y冀\0\\z\0{-&(Kz@\Z]뷳(*+Es]WB.ofCeoe:rNmذZY^^N,% ӣcXpL<rv=ҡ讻%GnnHϙfrx<`;ᖝ͊+ؾ};h4iYE8fu	_e_N^<3\n1idjTPUfҜ,~ok^7\rrda2|Y>7.Nkuo?:Gzo%yc=[q0@KfQG;\\ˤٓXraj?+_XO8_y㑗	oEkX`{tV\\n.O!`ܴ	LQ\n@	T>ĻOa=+7y\ZG_Q}[vc`k/eq\0L_2=},q	>rס@Ƽy){qS9t\03gΤQFiձo߾ġV2\n2ݟ0&MĨQ0Z[[a֭2u-liib_ˁIÜOκuҮsp8ٳ&ϟρhhhH=z4gΜÇˣ>S\n\n\n8q\"4ر4<vL4	\'À6Chh\rS,T&kvSYYIMMM\"\"JJJشiS~\rԏ3f}%\0??ߟa\\q̙308p\0/2mmm@Ҧ&֮]Vy%K0o<<mmm<s߿p8k8ＮڱcWN$Gn6oԩS:u*X{/&(X1{ln&Io|k_#;;`0#<BUUՠ&HB_swNi>&9+q#eszoߖ=gz~y,CLȍD:\r#C\"S~ɓٽ{7;vt2}tJKKpp8ذa\0ӦMtUsdggeBL6/Ǐ\'##?h4ʤI>}:[lIKGhRYRRBQQ~)\\Y)++?x<dʔ)|Gtvvbx<d:vH#G)S0a{I;Tcr9fqq1nFJN_	D<\nܹsy뭷/ |r/CPE1k,׿R__Onn.)?kŊddd\0r-\\y啼񫷯Z}YVZEFF_xOorv&zM71qD^\\|>_	7mo}t.mg#i2Ը~Ws)8\\__Occ#i`@*\"G$!PQQAqqqLӤ1MF{f9vX***D\"|heI&1UǏ6bCZսJ0\'X,dT4\Z ԄiI}}=YYYC)Xs:&kv;\0vlW~TTTprG.Xxq.^~%:;;YǓ/T/^ի9zhbL`zr:̞=W_}N:;;y饗?~blkݻ㴷2nܸ>cVZiěPMDDDi[k!F*~5|<\Zgs.&.ς[~8@`dC9!y(A#we\r2>\rXv$8+:;;{nkkft:l2I@ i\\~2\\.l6[ml+˺vΝ۫L8n\'MF@W224ٳgGMN4.JWJnP3{l~?UUU466bF@FFƍK$VkʿDƔj,9f0|=J~~>~?0~dpS^^Μ9sXt):|ٸ\\.oz+		,FqIgN566&kll$lo;t:ӊoc&7|3\'N%n?0s󖈈HvRiאYZ?ڭش%-Kzn\rUrl-͋D[2T>GɊEih_\n31\0G6Ӥ0\0L$Af,ޯ,ϓSth;a\'|CgظqV9r\n/L$ө;!1V%;ZF\ZɓdC;ٳ9x {麢8҉>7p@1@m0j(=Jaa!Cש\nJJJz],mpgdFvV@5ܤUm|	ir-$V?y%DDD䜲!r.x[r3O{\'+35^]\\4cdĬtZoSpk̫spĭ{w%\0z$=V_%Y\'^{^bX233nH\"-\nx<^](>߉]ܽm	-D\"#h_£&\ZRUU4 ;;{cz1MD233;b>2vzXկUYYI0L$ai=|[[`!}WEobҒJM=[n駟4MV9joee-9IXlCȞC~Lu}kKf󵝰{)Pn$pﳙ&(68jtZ-ZNlҵ<uH}&8+\nihh	IYYYb+\\4\ZI&kWݲ2=:ʤj&MΝ;	B0j(e*++)//\'ֆn=t00uT>#N08reeeܹEEE466ͥpȷ=\\.,@`cdffAvv6cƌs0P)\Z̔)ShjjJ}2*++#JJJł-֭cʕ<=zMIIIp=*~zVXO>E}}٘IKKˠOʫx晧l޼yHֆ79lݺG&&\"\"\"ri8Rvŷ/$l񇗒~6~o=Mib-v+XnDz)Fp1d\"Q:V\Z]h_44cj[	-ipbX56$8\r 7s,abK@:62bQ즉\'\Z-*XHBJ؊0W<N~9+&]k\ZvlXvXm9ldEcFN\Z.g<h bXhpƐzzj;UQw4FV43G1N5wIv,38VOjf=eg}Fqq1ӦM&>.Z}i2/\0r6?|HƆn̟?1cP]]>̙3avڕ8,X\0Bcc#{s2nӧc;0޽{+ن2v<x3gaZر)S$-?\"U\'37L>?~edd$ݚa̛7+Wt:`<Édڵ]g9~deeؽ{T~mV+_]x<Z[[yghii^xVX=\0>S^}!}sSE&\"\"\"\"碶a\Z!1!?3Һ\r+Q hXq12b6`/_4Fn+289Ѯ-ud+b\nS	}-=]3O-]bQr\"Q:lWweEck{;ی\nǨs8ZpL,~]Zշ\0!i7b/HߜfG(NO0VL7MH#\0L5w`T8H1	Ҧa<k/c޼y43gRWWX#r(++Di㊈H_=S/0cm[xX}[oRo陑66n4mD$lXx^afJE\rqąXp8^BV#0%3j3JtiRc3MFKt_~г\\zHfo26\06;Mvk0*%VdGbD#ĎSdɬ8(߷l=ZijөgSKA͂4)>6wV}h1ᮋ>:]Di>~|>O<|۲gC[KD{RӾ\"AFj!bt8Kt{6`z-;8f| Ą@cgzYuYn1/$ljM?vLG=nu:vĊ3Z1܅{$!SpӰTDDDDDDlbw	B#	lII[KYf4okfGltyӶIjP\nc?v^Wk+;\ZOlUM#skftb[S\'hvcgeGbΎϞ_[7z5diuz9G-xcڝFKwjIV,\'ʸS&ݶnz*vYy^\ZԏH۾<߈{o-Hf,<	NXMb_5W\'VS&rQjD[dN߫҉!qn#7{x&KLC1X-ݱNUOҶO;wA#.\'89>ѮgE\n\"\"\"\"\"\"\"g#t?\"히[Kk^\nݱ8ar+r`{&!蕤~e8*5i$C-qBitbHWJVkbvbX1b/$8V.?Z\0\0 \0IDATh=dD#qAܱ8ku`cdc6?k1\rN@klL%DDDDDDDz3=vHcvODszH~m|iO&d]fD\rr9	[,ʨpaaS&Lf2>}iTbH	ouhp)qbt%iZ u.ٸ@0hRL\'6\ro4/\'akzc\0a\'fbar84W1] \"\"\"\"\"\"äXNI3\'vOTҠwfW\"$lte]2SlAhY;݌3qi\'lX00qlV]I&68&m67a(ڭBFSҵ2аK+5=.xMv{%6m0[6փ3t?.j1[}fɱWDOv^t@,j=As%\"\"\"g7yس1j7CaY19~ex(;}մSU>o\Z,	<X?LvaoXU=n\nƍJZfuᝇ\rZ,T%h5h&p,um143vف=Z6-6+$du٬Yk5uUsuz=z8ũHPH$/Nsin@\0e\'\"\"\"2TݰMx\r9~6t+q;ƛ|yz,ݰ78@Lq&8z˾ͻtNu\"FI7$Z[[qݴrrby\0S|koo4MZ[[OY\"\"\"\"ŗ77ZΚvt\\p|iǗ?1|wau5m>:w]}BeMd\'{)*{*9eIIzpsZfimmM|\\ʝhnLkCoL.:D;44rwoM$<^cJeŔ͝x/V=vK҆feѬ7aC9>\0&.;p&ʃnj&Wgt6w_	3J{}/٧80Lr.}yZD{M*6ƌ=y,&:<YZvm3n2fr	}y9u>G]ʘ%\\[S3=y1geDs-<$HZ=6Y\\LT˕\"+ˎu[YxaF?k\Z?`[DrG W>LL|h5\\LoEۦ?`\\}\r)_׌\'ۯ򻯡it3R/]xs}ھ7~	E\'ߣ;~x/^˿~[~ck(]]?۱RՓ\ro\'3=]cyPMDDDDDDd\0lMU&Nfo>myyy^ocϞb%әqɬ^rss\\^^M9V|^ǞɃ1xA*rNnQ׳7~K,.dCr㷾Ȅ\0]<G{M#|㧕P8C7&s:qo?71w+﹉_}L+9VXޔx/z]C	`k,&JbLY	WYj:y-\'u[cc#x4&-\\9uoG^d}|\0\ZꩭS{<Q[[K]]=5I(_|>Kf3af\0khlh lD?k@CC{?M~(I|ugs;G>;֤m}W^fJjK}N}3UGŷO9HQ<zƟ_ګTxt3Ypr:гk,&Jϯc[t .E7,>-xX8`r&*zO%~(&_1\rEmcvvۏN\\[才_*=\'eaV[*s׏L;6uzڛ~Y.ܼυ!r,@DDDDDDlt9Y|2|,X,LYp>w},mI\'\r)Ri\'rh{.KKMU3:4i|sM#f<NV/e\\/5)`tSdx94Ue]y[nҋ}\0I5F\':Nf^=3n\"\"\"\"\"\"\"C{垟|ﺊ)On\'Ղap;[➟|+t56	ioje3kq|o\0h[rim&\Zp;)7\\K#@#{OԋpbiSkhÌim_<!-Q3O2L0x&~ֆXcJ+.dݓk_E<\Z[3|v;yl_s,T^*\"\"\"\"\"\"r/EF:8;mck#2݌\\%쎮UuoX?_~ q⌝2ŷ-cۓ\\+y@[\'hlc_~Utd߾,_{	X~N2\\~\n|ξr9/3i}횴%<G0&%\\z9g.n@wp1~z)NI3\ru>̼zv$Ld̛7o\"\"\"\"\"\"\"#6ʞ_swF\"3F$:yl\"2TDDDDDDDDd)&\"\"\"\"\"\"\"\"2̔tfJ3%DDDDDDDDDn\"\"\"\"\"\"\"\"\"LI7aDC4T&^l[eg^{y6<n:|.N#8Rv>:~?@CT>D´NW8\r%wٶv~)ticb\0DDDDDDDݴ\0bdP\\>%_l\0>܍ Qm63fƕ455\rNwSg}wFhP82־e=XVZ[[{7undxz}PY\'k6q{»I6M2n\'<KI7sܫ/.#G`_\nһJ-(, S_[GuU56\r-ug=J\rTb32B\nrN^Ǒr\ns{%uެt>Y]t9X6r8o6.k>0KnN[kY<S]QblT߾AvNcƐ]C^^-ͼgޛ\0CW6F)TĒ;tl`ckhmô6?i1mLeܶu[W;UWI<\Z`|U\\>ykyqd+1Mͫgdx3Xp$\\N>> 7q~r|>y>J,j0x4nPG\ŕ`sYnf*dy?u\"˿NKs3xZyٷq7^zZZ0{yK2475Y\ZmE<Ž{m@,\nlm Pgo`-f)g¾-{_NԱhOѲW]r筸[O).ǵ߹h4?:zXA~I{[XlrJc8m~v~}ǉFx23,ڵʹxxojR[SC dՊ/;_]>&\0__ 	\'o}\'0g-@0?yә~?ͼjLo]i`,w%a^bpE7,ƛȶCߠ#Ghp\\\0_=wp}7;6m3\\/Y^/o5|v+}5{-y^殤a0D 76q{VR{~Zü/`$Ĝ+s%Z<3|egԄf#7/=;{n2t͍WbXڨ>J \ZdV,G_f_ǯj\n}7~:ѧd^*\\{)SN\'\Z)*-f>sy̹b>c;>GϾ˲{V7)UΝ?/1W?:J\'`R$t9b+?O?-Y^4iنn.]q3_`ǺmݮZXf<]ɆcB {6`ї@FV&Y߾]opQUYECufO&cXwD4%+7_FF	\'73&a۰ج͛Jcu<MDQI3@3\0ǯmdmUZ d6;>޺wVxs-{7$܌Ǔ\'3\'f\0JgOt,6+L[tGT\'bb2|9>(3ʺĸY{X,u^0+M	Dc1:L4M8lv	޼_aٓ8<<x2f&!^#%fuKUCb܌sԧ/o\\knS\'b)hL$~l`MDDDDDD}@kCzxKʆa7?ѱG\"H480)KSbяj!ÛOR:g2x`fXN/:<*{wjbX\"=bF\"t6QX:gVV\n\nqq3}3vhjlJl!߫.A3xxmo}%UGC؜ĸl6B0--L1ﻅ<CnI>3f2v;Y^/.!\'7?PEO{s۠aow!3Õt^K`\ZԱ\r4H1SzԚ?:1t9yYe\rI\ZuCr:U4\nsKmĢa\\}\r<\'񽐍a1(:W-R}Xgk-Kx9M~Mu0W!A,\Z#Gz}D0JYm6Lc1c\\rRzUGشW-̥sGl[wih`<DKsy<ģSqH:/Wh(گ󮿔+&1G}lwNr1S\'UQ頤ȹ*r,9atc[6xzLx\r$9cI㉗Iz5D#Q209u/,%7/M<gZݞW{\Zei\0LnX4q8W٭vr8\\P2}bh4JAQvW\"3\'$+CmM-\n	tv2=[x6\rNKMSqX<Nk[V\\̸٥r\\Dn\'p1S\ZkmN|3:/1Ly	ޚt>ϼ|jR`MٟTuGt96o?_aN6Ll6Vpx|Y^Zjyטh&@_v6ՂjM[[{d|4{r-NBm{-^4P$Lvn6yE|ڇ?)y{F8N,0hkn\rapdgTl܅ՏlXEFF0wZCcef,NKmuMa/ϿG=H3gEq]B(\'77w1ۛ#P5mkٱn+V51n$IF͆aW]4rL_<OEkCf,ؿiwyvv˙4vo^6_|?w9o>Rb^F/f{vGcߺ|W`&n?:Nt9Glye\0W1K[7ۆgQ\nYdfz]:(YDvNF]C<w^;D#Q\nJX|2Z[+j?Ov\r\r\r46os6J]gi٬VƖi2eV1V+\'濻~\\~B0E0L-Ƕο(/)dz3Yx6=8ccƊegDikoL2=Iǻ⿳~h)o?__5n|ZjyF[`q(2x\Z\ZaKx7xG`MK~ҙY|q߲o_~6x;/Yv/O<H8cgmm2ożEP̕^^;KSpq3S==g$9cDzlW<Sx8f.o>ްd\"|Ӽ^*\"\"\"\"\"\"\"Dvq}zH`>ˁ{)9y#|ӼZ&\"\"\"\"\"\"g4tKlXFY[ھ&XrG3g^y9=t3nɝ\rI73m/fJ3%DDDDDDDDDn\"\"\"\"\"\"\"\"\"LI79)lnO|C4T֞N}XGٶvːIe*gH \"\"\"\"\"\"\"g/}3[lNF\'g}oA6%R=-:\0F/Y,~ۇ~DU,ƼyDDDDDDDFiID8gH4:!4yW(./i\\vD#Q\Z6__WÕ]?lt[Gr4οl-g\'t9cVN2,UQJ8Ρm\0(5%w\\\0F/O*l+%M`Wp\'_ff->#\'//\'3\'TΣopr	n_΄e\nsŬT8Dl}k3g)cNaVv,a	<\\Z}H5=-Bܩ,}V{W3~(V\\́{BcezƪzXv\n<ޤ-f)¾-{_N{ڮNI70XسqWwc6\'%>&\0_ o~5=K*Gd]W잕ۂ_Hߣ;~t/^˿~[pg{çlx]ݶM/hb1fgw2v^+҉y8FZ}H5|FZV~fmmݶlg}MJgss|La,g	RjJ)⦉fKqc\'###ǐ\"o.J|>|>ػa\'h͆f|4.8˅ YK/p}6X-v	_j|>.r9\rut4aٸٷy6b.u珵b`YӉ9ՂjnZotwqrTgչh \0	6Dq\\w6~k{\\5``	X0A$@$If~D8\0\0 \0IDAT\'tΡ1tkz{G\Z!	=ϧ?:y)syWdv9T\Zr9F&>`ufT5:/>߃d42~$6+)M%Pn}\r6CW>dB!Bqbdi\Zmiy`h0Lݨ#z1YͤE;#d%-v+HO\ZW\r^%\Zg/6z#X~\r8U`2*i%_wz<]Q~Ok&w`7yA\02F8*lW+)	!B!8M\0g/<lkG_Ro\0hmC1f,R<H%ˡs1R\Z\\Tbb1C̽1Tʎ7_1W^*B!BjN3m{Zj,t+j0:Q}iy[mS~3^|Ζ*#Y5,쥼:B-U0ИVy{6Ts/\"nhT\\T\nC9&l*Srk~&B!BEa٬*5Bm]CXl&>5_ ՝$՝dqT,ʫb0lk]1vl.x?y\r|VW~<ܱ-iZU13c1~$SM,ƴ=v{F#̚31/8k]$cI[u[KaLֽC;I>gް>_10^*B!B|̹|rZ	oOE7_ꇞo߃Yp}7jV+/{W&Xu8&̚kqq\0ps{lz-/:_[3{?c>Ac1\ryc_{1_go2}sǴͫ¤s0c]ss\'^N>alKp/>lk]{Ayh~f	[^|\\SfϞ=c!B!:߷\'\"F6+SqB!B!B3)	!B!B1̤&B!B!0B!B!LnB!B!B3)	!B!B1̤&B!B!03\0B!Bqڿe/\Zu\Z^[w^ހ%9F[m/sݷ>[sb8Q6\'qÉE݄B!B.[<ͭbW66|[f/?|9C8\n!6&|dM&B!Bt]g4NYr|-|<ԎWR{;nF5r1z6áq30\"@&CN&B!B|<8sxUUi>sn@:c]\01n\\j^&ݑ5g0jXf_u{w^lYd,cɭ߭(:\\ǖuH=tcG6.A9Q,r>>}ߨ\r?\n\0L5+_+l1Zƞ3i[w&̚\\<m{p_~QA6c#+6F`H\ZƎ(<rkkSw\ZU\Z>hDk{E.4nXFYi9IM!B!X,2~\n2)Gy\\x7/Of\\7rݿ߿#8yX,t]/ipݼf-ecxW.6	@c3cFN(<S,^~d4/7YuWn<R^EQ<T{5l5vf-Ktuuo9\Z/c\0X˴:ħ}.w}OR7r;hg,MG֓N<ІSZtur~+ӿ}O}fEtDeR!B!#bIL5ш[i@*b[XpN5\Z^k7cVMDD\"$xPWQm|,0[57`s\0:s8&#Qe¹S:^յ\rK:j<lv;T{5jNƞ3b~Ť:_k/[C513&9]sicԙcz46|nXd4rhsHG9J7!B!#-nI\'S\0D(:x\Z} %\r\0x`D\0χN<#L8&p$	ϋb`;=;	ɤ3M&V+FMg¹(fPtWgls1[-X3ͣG1y$S`XH~Fd7x=+F\r@24SN-hhl[-9p80zhrSO<NÄ\r⨩qc4\Z>f׫upl&K@q<^fOg=FؾqkyL<g\nFU%5zW}S<dđZ<gaۈtqܬ?LYVr,\r\rt#WhBWWh7#7ϥx%X,%(y$b{VǍt}QM;\'݄B!B?|ߒ$\r\0vt\r\0׾Rzsqݵ%㍭l|\r\Z\ZhBGGmA4\Zi9B&*B}}=\n\nt;h8\\.h$ix<n<@geJ˲lkOd<ɳ}󯽘nh$7%9]NZn8]Nٌ}p`4\Zi4f	EBRi~,6k>d6h D?w2UvUٷq7z).,D#RX6\Zh;fΕsտ^G2dkm\rRX+ c2QUxjx,N0,]bvN$^*B!B|?]GގjD!j$I\Zhk\Z5^\'f]RUUTU%Hp`^z	sOāXn7tT>ξ{hdeht%̑IIitH$R,iZqe>\'`	ROL6-~w{ܴ=H(\"NttNyiǺvN	uuLl(\nլұ?AumAZ&tGW\'Vp8B8\"Ld,\\tRn/mذ\rNw]zy,_H6a1|ٜR.E:&ňF\"%1i:::HRR~E5HRtB!B!NI`Hu\'Iu\'Y|%g7L{d6rjEQx6kmd3Y9ISi?l*Kp+^]B<wmwD$N=\\6s?,k3}k7V?@6Fp{s\ZزRI<u;k]1:@^ؿe/ｴ_?&x<QrLrg/GWEci;8LSt.κc!w]׉bڬ=D&]`00c{):1oC,Y\"KYR.|>Sx0\ZKWh*R/XVҁ9NhB!Bq,RV?<|ΘȂho|o2w|>kmΕrNpWesK?HGGu\\kع]4Mw-\Z\Z;Kg-摕=(\n}|g_~.lC}-߳[.Sey߹yK.sP+.>L\"q-oPC1\n]=q?4y7y{~+B-<}$c	\Zn\'7v8o*\0_WWӿyv`qXಅsz3y\ZWޱlpr9x$IB]!l+7Nhٳg.B!B$z߷\'\"F6+nc<\n*<?\"<d\"Y|x@f3ZTUC1	n^\ZUZ~NA.^WmF\"\n4T2Uq<yT3XyU=//p8gVmec4P,}1X;\'l/B!B!D?j|.oh\ZC3郷z&I/pp8W#Nm]ˮ6L&n+9[.HbY{jl,^mrHjSSOtB!B!Pͼt4\rpkiLF:?P,V|>/dXR\\.\'k\ZfZ-fI&VU:tz\ZF.7Q%yV[6vc24\rшfQNh1csnRlf(\n5\Z@AQUXeyMv(t]/\Zh<r]&vatlp`ZIe۷l&~Ʋ1pմs\"3݄B!BX^ˣ5<CO%\n>R,I&Ba\Z<w\0/[4|.-4mmŭL֖V>oqb:baT*E[k:p**N\nD=oج2d\"AGG\'E.#`5[`U{].p8~d)U6ˣzvN$yB!B<ӭL7!ıg	!B!B1̤&B!B!0B!B!LnB!B!8&!6ְŷx\'\r{\'?~Wp<dW&B!B!0B!B!D IE-,B!B|hc<$ӨȒ.s=[@ϺvaPU&̜b2yٸKӤfHҼsݸ3&rэ0[S+~QTgMfK1UŗXJv\r=4#c_<XnƤ/-ڻNӤf.a5^gU7\\߰}AUUâ/b\0:\\ǖuH=tcWQ.m~x%$p7T\Z3O㼫.yꭚ6u>7!B!b̼t4\rpd,f]2rh~ϜW6ufλBrgMa73u|o\\%Ish2Twy=g/WޥuaƝ3uۙE,eL{&Wo 㪊տġ_?kbZx//pjjr.ckOp;W|{[y4Ea[۱:l4O]6/2,e5o\Z~HqxU|J.n1\ZoTQ.Gӗf-qβٴ>iwa栯jl<?T!B!:s8&#Qe¹S:^r΄?cFo-4xd5qxj,)-tPaKٺv3TxY;}Հ^6(>]_{1zQeIQZt&ǾʹI_i\\t2N&^@D:]׏1	&c2\Zqxk`:m{Zz|f	qM-f9lU]<$0gMd42ꬱtjNj砠6u>l/B!B!>:y< `4JqjK׏m$\04J\0vC+j\0`Q\r\0x\Z|%mG֗=P|P7L\\n7p(/ǌ\0-[l\ZUZ\0pxܞsN\'RU{LʉvFȤ3<J{j{~רևj%¨\ZyzrG\0ح#1<u#bI\'S\0C124cec=v^:l䜾yZV.;}	3\'i\Zwi⨲By-p݌=s<mp9hhlV\\\0X\nw<7)	!B!Xw~s~ը㍭bmyV^LB^nuy7^k.d&-nfͣD;{L\nb`j<Rt6UU1sUwLҵ\\oW+EaD2|>f3 `TUC-XrG{i;v\rٸ{伾y*e_3W¨)cyɜ=LUUYmAmڄ{|RtB!B!Nq-*[<åş݇Qj\0xkѕj~\0B-:<nVluafGю(ٲEQC4TJ VF8*־ͱ EGG\'i-[1gVUnqyP*cg9].reltuHX6W6\ZL۞|rcj骪7`ڢYUבSzVǅ9h&YMW\nǉ tB!B!NqZXVt]g҆~ٰv5B..ifb0T.XV&>5_ ՝$՝dqT,VKٶ#aHZ7X;J6?`;p88{>HG-w|cгf*f,Ú/ph<-KV>_Q|JEa٬*E=TfKoUծg//#\":\'8@98sXm~TppnB!B!)W\\w/\'06%_|伙5y\'0)B\055hnnidpX0Zt~y=Ff^4>l6be`˶]\\Ϝ+/`ɥ%麎̻f!z~kauiz1g/}{t2Y6O}})l[<vFt:e$|Ϙi<TUyT3FbD݄xUH8b5<	<cD2a$F6$;Zvt[]ʮx,yW^W}}a2q5\Z榑\Z̈tvtNdl؀ba׮g#oWc8X|>kl1e֙\\ūYqϣh\Z<Y2o-Om\\.GPe&ξxfI~j=ͣQkvV]י:/+ײxSՊ|~$Pڱ,n1[^\\<+/{W&9aS\ZVٳ\\B!BDɳz}Ͽ~\"9ids9L<4k\ng_<o6zn8U`4\Ztvl,g,pMӰ;\\NZHReqA<6GM\r.֖Vٞm}_P[[A6%\ni\Z6E0N2({=/jx,N,rbi9B&ah;hmi-<^/6UUS)<L@X,N>lP[룣x,J`D.R$`Xh4L&c2bs꫶N>\'EU\0\0 \0IDAT\nx<1}3m&?$G#Ya5=y$dnUUh$Rv6IV	!B!	n7tPב|e3F6xu`[Myp:l6zhmi#Kg2[%lcJ\n9{4GJyE N4],ĺxXb\rl6E?M+yqB&feq>\'+}hol6[bd2Y{59c0h9R?pر[m14xM	`ZHӴn?ȁ{Y+\nx\"QaU{ǐ\"E7!B!4g6	%r\\f%Ond\n׃(eaVچi(AUq4\Zh()&D\"*?EQX,tu\'Jb7r(?Xq5\\.Ac-poCɩ|/ˡWϺx{ai?kf>O2O$%\rXTcDB!Bq\Z7n({P41UUq\\~>lI,HPPǡ*^W)6EQ0eΛhkm+uyx\n\'I\ZR$|݁V^֛K***(J^mNfXk)Kwۋ[=7dPWjjcDB!Bq\Z4«4M#Vlk6mITUy	C}QUocs:;:ihl`^9X)Frtuvf4A0bjNGhs)\0bfj446p~[ws=^Q!B!)LVrLUU}^ԐL$٬g\rR,Tb4\Z\\vېL&q8ot8%/0~ZT|AD_ká0^\0`6t:]6js:\ZÑK&UU1Lϩ;/RtB!B!NsHՊb(wP8FUU\Z\Z;s]n7.{~L&f::VkhFCc6łj互CaL&~Պjc6	z2xBᱦٌj/PL}C=6\rՊl6)q4J}C=v8M*;/T!B!8%	:::xܸ.rpʑr-[x<|L&C4]446.bA@\ZvFrCzNZM^zg%YkKk[IQc|ŝ|>O{{^@Mx]\"췚\ZT6<^Oq[g6%ʮjs:\ZGis⽡i\ZtֶEj̞=zʜB!BKDsrl]WWu,o	UXUvU1|^;HϦb[ۋ/ؿe/\Zu\ZRJdB!Bn7K(\\U{mT\nUjכ[qyuf.;lmB!Bv8eeYv6ۑ4FN\'TCˆ=]ٽqGkbh&B!B|hc<$ӨȒ.sO܏cƝl}]&5s?Xl}]tMiR3ݰ\ZvuOc˺M$Bqn1g#J҃ϱw.\0ΘE7.l1ƾxWQ*\rc\\Od4Oa[8mUe\\kPUt2?>Ŷ#\Z|~u9aۃ49E7_fzyd%;؆L\ZI%c߭Se\0k~{}n;d9e+<M!B!IMV^gBtlgQ(<A1=d49Y-&,6e[Yr0,苴§u3n_?\n^yڦ:\"5>6d4Β??/0ƣ+C߻k&#Iu\'	hcԙc}u=u9y?x;Y|e>g<ͣ4Mhϫؿu5|nn=Iݘ3jfcJ֮^GZ!B!BTjNƜ=ɈjTp9B\Z,6i\\t2N&^@D:UϮggׄbF*b[XpN5\Z^k7NyiA6v]sBi+\n&̜0x,n)ވiU;~$&̚haizě_k/[C513&Vjd~]1|d{B!Bq0țϼF \0tTrN%ߣ2x$[UPL2M@ߢa<1o\r/4>y11q$d9KVt%֏m$%HUO&t2>f4._O,]6jd~]1|&B!Bb1C̽1Tʎ7%癬2]Yv돾Rlhn}u\\rv6hcd6g?G+Sƞ*Z吪h\\Z)nVKnk~]1|d{B!BqnhTbAsuTm\Z\\v/GWJt\ZPc/,L_2:9åd[wF58}asU:Kck0@3]Q=)	!B!8gd,Ip+^{iàf,Ú/ph<p]om?vEa٬*5Bm]CXl&>5_ ՝$՝dqT,֡\Z,\"twxlφް\'`k31(`k]E#ػ}vm]}hy\rMӪjw՟gQl/B!B!Nqu\r̽{9L.Uೃ^{ޕ̽+HFXk:kfM>v\\y>9-vŷ\\ˢ/eCAa쌉,~IU9666R[[Kg瑕gj{\'Ki85,a)@-|^/5y\'0)boky?&duW%vfjNb\\67?gI,+;s0\nC̞=[4!B!(>߷\'\"F6d<}FȤ3%Eci܏\\g_<s;EaD2oa2	?YTM\n!B!ⴤXtrtw(4jN[OI\\!B!#(\ZD=\"qL&B!BEpQUhPW\r\0 i0p6F#	bTU\">B\"gǍh$GJW@m]{MCłbyB.t:\rjqOӄC\0\0$I^&\\.G4Mw4:`&	׃jEQ,Pd2	l1HWWXww:˅plߏjTikmv\0=f4p6\'CnB!B!ibrjk}U1d2\nr-jk}dYؑs&\Z\rbq(|\0͆_K4M\"ǠxF#LvHg[}Y,\Z$I;@1r98@<\')T:]N\Zn!۲;XB0Z>fH&e7\Z4\Zftwi\ZvzZHRd2B|^ҩlɄ롫+D6n4A4<7@Ӵ!$&B!B;hwhqcZ\\t4aLZR2tvvp{ܤ*l&CȦ!3mzf%+\n+\n=T*E`D\0K[k[`pK`Nq8X֊E7ǃۂŢX:lY\n̥n_秵:dq=UB$E\nB!B!i`0۾reZfxД3meXeSүox<QZŔ0*ڬb LaXJh@UUF4`0175\'!+݄B!B^2!HpZq@TUvcYQUP죷|>_9m+$\rp՗((o%XSȻpNqE^rVоitwx=[X5$&B!B:;:ihl`^6Y_}~(Frtuvf4(lm,z}~\n/wǎշX,^e7L.$d\"QܖkxQ#KB!BӜlFUU8}i9B**9\'c41M%EB;PT*U\\e6%`JZwg[}VI2,a7G#HbY-?PW_G*\"$JTW(G݄B!BӜb)y~9dgŔǃlfSPWP쩩l6cZ`DZx^,6g8+\nc6ofaZq\\bS8d2ZXV~?fp(\\xT?FUU\Z\Z;\\n7.x-y[gG\'z+\ZnɄd\ZRNn\06l\':!B!bf^:DpBiZfѶvq{x<<N` \n\\6YbGB]2`kjαl$I&xV\rDw4s,\\yenH$AZ?V8s9ҩ46\r˅ƁѨL$y$vۍƁktwn\ZUbݥ/p8\0*i\Zxٌraw1$),6\r_iۇ}>2\\/y\\Nn7WVdfܻӁ2{lyB!BVW_?4&?Z+\Z&ӫpb2wPBT&/RB!B!Nc.L&C4)9Jp]_ ݄B!BX&mwaي[F#N@*<\nqjB!Bq\Z+pPUEQ)ZeOpB&B!B梑HBc3<9B!B!BIM!B!Ba&E7!B!B!݄B!BE){<Jȑ!D&B!tݽ\':!HmjjB!B!FUo{cau1[\'0C4TévcIR\0zuǆt]lv;MM#52QQRn,UU_秶M.f՘wl\ni<!B!G#ݝ@utt3<=Fٲe_ٱcǰߎww/ˌ7!]W\rUU/v()7wqMx/F#---|\nN,RtB!BqR]׋[8v\\Eh4`0l/yl۶mX*}CO!h4SO|P(/~(0tM%ˍ}Ǯ]<xSe>&B!һAQa`0`4\Zٽ{7._f\rwW_}uJAUUp\\NlܹsnXp\\zNB!B^B[泥-0J^l={Xr<}YfaXصk?6m*iwvmq>OSv7M~?oVE5.]ʍ7Hcc#<\\fn6jkko_Szj~c۹8ill$\Zr*r*wK}ܹ_W\0|k_`0[o~#G_WVXQhbm\Z|뭷rg\0eoO}S&^xa\0?W~_\'?I*Fw4g}_W|6:Ա;ޤ&B!0XM=EQ0o;v7o.~{a?$d~;Xx<y2oxL\"`ʔ)=+TU-*gq555%pB+^7~xnVZ_WBP#G?Ç3m4>3<Sv,ze.bԩ?;`0ȫzL1Tg/~KV||;(W\\~+կsN~a7x#7p\0t_NVg?5of%}slnyG5u^7)	!B!8e.n\\W^Zhl6P\\qxmF>;$L}v&LEկ/|o}xo]\\ro.\0v*ӦM㮻\'(+H}Ϟ=\\ves9^FciGWR,ر2gΜbqhb/}KرGk7n~;/o+Dl6h$\Z말S(\"`4\ZD\"s[MC?u(ca8u-,B!3s\n.`0|r^}UV^1b_ٳgO/JJ߰asNq˪U\nJL2e2O>dUyx<ԷmVrc\r3g_wK/Ĝ9KS@UU3<cGV	!B!8\nEQTU[Vqu=2{)9nU/N>nWc0^\r팽b1v;x<^gΜ9p80LKe(id27;0\Z`ml6,K0VN<%cYhW\n4\\MJˇAnB!B!NY} (\nvb\0?=^zi6h4ʳ>?\\D\"@>vzϟ(8~y^4xuXV~>O~G4\Z宻x͑6jkk񣍡F}>_^/\\8=w,+t:=V`msVjR\\5(B!B|>c͛_wމ/̞=.`OMXt=z4uuu%.o>ǍG {w!`08quuu1bDXSS@C믿ŋ_d	6l(NX,Uo3Vz2|\n&B!B~?{o~,YԩS7o7|3=*k\n-*fV!>ZLL\Z\r؁r}1\0C%44ytRL!FK25P |kxuy]u{Z7b[b:wEi5vXuܹd\r8P]vճ>(!!ڳT^^B:tP^4|Y랷o>uI&MRN4p@-XGoU\rS.]z^z)&UuUqqqF5nXaaaj߾ڵkwS^:fg>]O^}\0\0 \0IDAT	\0\0\0\0\Z]tItR1B[nUNNBBB4ydEGGW6MGՆ\rs)Sh҉\'R|7nPnnf̘\0effW^Qrrӵ?^/N#)??_7o֞={4pZ۵k.]1c(44TZjzcǎiҤIԒ%KC)<<\\69rDo\Z\Z+66^:fg>]O_~<\0\0\0\0m&77W]Zx)\0\0\0\0\0\0`2B7\0\0\0\0\0\0dn\0\0\0\0\0\0\0\0\0\0\0\0\0\0\0\0\0\0\0&#t\0\0\0\0\0\0LF\0\0\0\0\0\0\r\0\0\0\0\0\00\0\0\0\0\0\0`2B7\0\0\0\0\0pXjfϞ]e̞=[Vs4F\0\0\0\0\0\0\r\0\0\0\0\0\00\0\0\0\0\0@WUUU%w\0\0\0\0\0*\"\"B=zN>Zp\\\\\\5{,sVZG_$y{{k\Z<xڶmBmٲEqqqF3{l(99Yj߾rrrqFv9Raaa\nPffTVVV={*<<\\=z$<xPJOOu۷WTTz%OOOeggkz7>wq\"##կpѣG}Yݧ˗/+==؃,YF|13<#~{̙O۷мy97eee\Z5jBCCV^NՑV}stO]f\0\0\0\0uM+WTrrbbbt%uMNSYYm*66VYYY/ԩS?a2dsiРA5k233_H^{Mڲe|||\08qGז-[-ŢѣGkʕ\nSFFF[:p EѪPcoժVN\Z>|-[(:ӈ#ԳgO-YiĈQAAc瞻O?Tszo^yzzj*((У>\Zs9R׭.8n\0\0\0\0\04p:~f̘a߿qJJJK/?#GgϞvAJ-\Z\Z3gH5x`BCC~-Y8ol7ԩS_ݝEEEil޼Zjm۶ÒT-4iJKm6ml6$С\"\"\"ԚOM6UppΞ=+I:t.مn?6mTiҤfΜ|Iґ#GtHݎ^웣{̺k;3N7\0\0\0\0\0\Z>}h۶mdl5oܮ̙3FvUVV]vݻ={VO6~WRRRywء}ťzqyܹS\Z\Z-[V3p@%%%UPϞ=kzkjtծ]ԥK6ͦ͛7۵97N2VFu;r&7g]ޙ;\0\0\0\0\0h<<<^\rVƍx@-[\Z5j>̮ߵtEŨSVc|5jHM4ŋ;w\'|Rڵk.]j<R뫠 ո:Saaas\n\n.///c]٪ԴGEEEvsݨnG3{pIUUSiB\0\0\0\0@VZZ\nڧJ..j?<C			믿\'OH,qll5ԬY3%%%*++v9*++emٲE;w?+V跿l6Ο?[*11KJJZUΜӴi\ZeBٽ\\u˾]Ȟ8[V/\0\0\0\0RZZ\rVk<nڮ-  V֭?*,,bQNTѣG5`\06???ص۷O>hTB͛7O-[T۶m%I{&o߾SNNNUUUuZ3yk2d9r5I͝w)j2rnG8\'fM;\0\0\0\0\0hVX8-ZH}l6:uꤴ4eddh߾}z\'5i$ڵK-[ԩSuyc,ǟЅqjYz%Ν;ռysM2cqqqZzbb^զMI~ڵLRVUs͛uikاt9c˗kڵ￯l5mT;vbѺufg)))ŋ|rhԨQӧM:7EEZd┟aÆi\\uG.\0\0\0\0\0\r\\ZZ4e-\\PUUU:qRRR$x٘1c\Z\ZLZJ{68^z%M:U#GS~~6oެ={hN״g7o&N`effV``ݻ;I&)22RK,:pˤ׺pΞ=hYVRYY$)\'\'G!!!<y+ͦGjÆ\ru^3:tH۷o׌3L+JNNvhٛ7(77ֹۑv3+I]&nK~~{\0\0\0\0\0irssٳgK.<yr}q	t\0\0\0\0\0\0LF\0\0\0\0\0\0\r\0\0\0\0\0\00t\0\0\0\06;݀6t\0\0\0\0\0\0LF\0\0\0\0\0\0\r\0\0\0\0\0\00\0\0\0\0\0\0`2B7\0\0\0\0\0\0dn\0\0\0\0\0!e˖wUViٷ\rҗ_~1cƘ:nCD\0\0\0\0\0\0g֭[w9=B7\0\0\0\0\0\0hܸq:{?w)?n]\0\0\0\0\0\0\0ߺunݺ.g\r\0\0\0\0\0;Pdd{@:zuǙ={\\\\\\po^999ڸq}=zEOuay{{k\Z<xڶmBmٲEqqq$=3Z[WiΜ9}͛<<<4e\r6L[b$UVVӲeCF0(33S			*++?={Txxz!I:xbcc~}ut\\ǛGGut/.\0\0\0\0\0hZjzŹpႆe˖)**J3d*>>^ΝӠA4k,eff/$uM+WTrrbbbt%uMcm۶Ullt}^ЩSØ{Vll>S%&&*//OzH3fPffF\Z9shĉ:rs_e(22R:qQG=-[*::ZEGʕ+\Zzovy~.\0\0\0\0\0h&MRM&&I:|:t蠈EDD>N-\Z\Z3gH5x`uq͘18oKJJK/?#GgϞv!N``ϟM6;tP{:~$?Ԅ	#sjZdol7ԩS_wIRJJӧ׸_x輎s\0\0\0\0\0h$#0ٳ\\\\̙3FvUVV}ѶmۜZKvv7onfٴyj}TQQaVQQ˗/;5G׮]{n>gϞӧ...Tm;vo߾#K]Gɹ}yk;\0\0\0\0\0h|}}\Z7iD/^4ujǫyxxx&VUƍ<-[K\Z5g}f/;;[ߵkFСCophyzz=<<Vc|5jԨ}vt|fy\r\0\0\0\0ںuk<^RRb87zq~ii***[q%$$(++KN<\"-XZZhz-}*++ӱc4}t:u9l6l6[wk5kneee5G5Kuf#:3\0\0\0\0ݛ}*//O9999eIƑ<iii\Z6lXnnZqqqBY,u9:u$ժ_WzG4yd\r8:ѣG5`\06???ص۷O>h:Zf#1;\0\0\0\0\0h/ڵk_jڴ:v(Ţu\\b\niѢE裏dԩS\')++Kz\'ty{{kܸqZ~ZݻwW~~~w]W_Dڹs7o)ST{3..NWVL̫ڴ#Io~3Z]vՔ)Sjf#1\r\0\0\0\0.\'\'G!!!<y+ͦGjÆ\r?8W)**JSLUUU\'N(%%EϟK/Sju͛g\r8Сwڥɓ\'TnnhŊϱg7o&N`effV``G;I&)22RK,:p>|:.o>:2n,sN\0\0\0\0\0𓐛kO8SN_{O˗ըQ#uQ=^|\Z4\n8;\0\0\0\0\0@3vX>۵j	jݺu=UB7\0\0\0\0\0|w\n	|PX,jݺ~\'?Km\r\0\0\0\0\048ׯզM)77W))Wtʪqn\0\0\0\0\0܆xr.\0\0\0\0\0\0\0A\0\0\0\0\0\0\r\0\0\0\0\0\00\0\0\0\0\0\0`2B7\0\0\0\0\0\0dn\0\0\0\0\0\0U4{lO?ScE1w\0\0\0\0\0\0\rjU6mH\0\0\0\0\0\0~K.{xx?ԨQn<p\0\0\0\0\00@]?\0\0\0\0\0C...:}ϟÇKzpCtA*==gRoJs}ݧwh޼׮{LEFF_ᮣG*>>^0o߾ԫW/yzz*;;[w֛o)I={._t)  @YYYZf>:ٳgE\nW핓7߷oȑƜJHHPYY]W^Q˖V7Y#uDFF*88Xnnn/%I6lŋ\"t\0\0\0\0֭V\\dҥK֭233%I=zP||l٪hY,=Z+WTXX222nO?UbbnxUVJHX;_.hZl*Iz뭷t@UQQ:n-#FPϞ=d_T\\\\#F(&&Fڳg2dsiРA5k233_H^{Mڲe|||\08q}wtݎԱvZ]pA\'Nѣ%IN\0\0\0\01cѶ~SN_mܕ&I)))JHHPTTOnjڴiSyj;6i$4m4l6IÇաCEDD(\"\"B͛7WVm6cW5mT:{$СC뮻fnάE\n\r\rՙ3g$I\Z<xonڿ,Yb?yÝXu\\xun\0\0\0\0\04p}Ѷmj<_IIIՎرC}/l6m޼Ʊj;6p@%%%UPϞ=kΝӟPlٲ9Μ9cnWڵK]tzΜ9c]WeeeݵkW޽ۮٳgu\Zktfa<0w\0\0\0\0Ѐyxx1kڱ|5jHM4ŋ%I٪qڎ*((HAAA5wusjz\']viҥcTXXXKUUUN\'??Z*Y,IWӳ񊋋k\\vy\0\0\0\0\0hJKKUQQ!__\Z>>>*//WIIVUUU\\;nݪZkJmٲE[lQΝkŊokմi\ZlFdz+wl65o޼ڱf͚]\\GHfp \0\0\0\0\0\rXUU4lذZ۷O>hC*55!Iڻ7Y}U^^rrri͛7O-[T۶m;S~~~v}#Gܲ=zTkS@@uϫ˺fq~stF\ZcǎN͉\0\0\0\0XB;w֢E4`\0\Z;v:w,IS.]z^z)&UuUqqq7=ZհaԽ{w\r0@ǏWHH$jjzGԡCuMaat9wh\Z8p^͜9S}QBB^F=\"##յkW_.㥎jܸԾ}{kΩy´~j\"K\0\0\0\0h)Sh҉\'\"I:v&MH-YD:tÍ/ތhɊl6=\r6H.\\g*::ZVUEEE:x𠢢TVVfu!m߾]3fP@@233+(99czBĉL\nG\nY397|SAAA\n\r\r<ٺxbs,{@\0\0\0\0.77ס/W6$gV.]4y.R\0\0\0\0\0\0ln\0\0\0\0\0\0\0\0\0\0\0\0\0N7\0\0\0\0\0nC\riN7\0\0\0\0\0\0dn\0\0\0\0\0\0\0\0\0\0\0\0\0\0\0\0\0\0\0&#t\0\0\0\0\0\0LF\0\0\0\0\0\0\r\0\0\0\0\0\00\0\0\0\0\0\0`2B7\0\0\0\0\0\0dn\0\0\0\0\0\0\0\0\0\0\0\0\0w\0\0\0\0\0nrss\0 t\0\0\0\06_%\0\0\0\0\0\0\0&#t\0\0\0\0\0\0LF\0\0\0\0\0\0\r\0\0\0\0\0\00\0\0\0\0\0\0`2B7\0\0\0\0\0\0dn\0\0\0\0\0\0\0\0\0\0\0\0\0\0\0\0\0\0\0&#t\0\0\0\0\0\0LF\0\0\0\0\0\0\r\0\0\0\0\0H}Qs{j׮-˟~Ir\0\0\0\0\0@*77WO\Z<<<4a=ݻwwUEE$iر\Z3f9P[?nh߾}Z~$\Zf t\0\0\0\0\0?իWw	\Z?~|||4sL**Y=Sz$I͚5ӻﾫ۷\Z5jGyD~7eddI&zh3F6ltkx盅\r\0\0\0\0Mz衇ꪯZǎs@ڵkUZZ*I%%%iȐ!j׮\n~z5mTO<6m-_\\yyyHegg?$PRR޽{JKKիu%IRv4~x5o\\VU^^^URR>C7֠A4k,J֮]mܸQV~~l6i{ꪱcGb7|k\Z5\\F7G޽{kȐ!믵dV\\/6~jǎz$\Zf\r\0\0\0\0wt颹s*<<\\IIIo~c\'$$DM6s={N-Zo+W*,,L۷o{=\0ˊPIIƎ{Z=jݺ]-3fPRR^xEDD(--M}>#뼪m۶*//WnnvIM6MbS׿4k,EFF*//Oӧ?W똎Ѿ92FHH.]3f(>>hst?oղeK#u\Z}~]\0\0\0\0\01BΞ=\n}WڷoqI&\Z<x}]X֭Ӱaa۱c;UTThΝruu\nUZZ]v鮻n-_~RRRTQQBm۶M:u$yzzM6JIIt1ϴ4cyjj֬$]Zf)??:屢~_iڵ*..VEE>{oWY-h훣c;wN[Dcl\0\0yIDATty]t뿖[\Zot\r<x\0\0\0\0GM4ɓ\'ڿ{Jrg$eggǳUYY-[\ZB1_}wl6yzz^k?p&K.@ݻwWjj\\\\\\ԭ[7;UUUUUkX,?s)((Hg֜9s^SϷSTT-ܹv޾9:7|cwƍ+:zo߮#G7f3\0\0\0\0\0h`v?|cAyyykǭWUUUizСC]KyUQQQwC]pAwIR^^V^(^^\\3}tkh훣c\\6gVF\Z)::ZO|`;r\r8fx)\0\0\0\0\0\rLAAJKKG4Μ9SUVrqqٳߙt+W?5g͝;WFlrss־}{ոqcIRIIIcsTZZ.]8^g9y+/]3f(33Sk֬;5@\0\0\0\0@SUUO?T󓫫wﮁ\Z}.]ݻwkܸq򒗗W=͒1chÆ\rڰaVX)S:{.,,L-ZBB&h׮]*++S&M#Gה)Sw\Zrd/+++yfM8Q;v7o>}Ը^g9y+߸qc͜9Sasqq5\0\0\0\0\04@_5~x-ZHE|֬Y~zj?^K.bѾ}uGCѴiӔ\'Ţ-Z(::Z\rRRRu&&&*$$DoFի|%\'\'kӦM^^=@/\\Trc8f{իzꥑ#G{Wuȑ^Û=,~Us\0\0\0\0\0I͵{<jo}vp;wN~a=U\\\0\0\0\0^w<<<޽{ꫯ2\r\0\0\0\0PCMAAA۷\\\\\\TYYӧO?VFFF}Ԋ\r\0\0\0\0PC	݀\0\0\0\0\0\0&#t\0\0\0\0\0\0LF\0\0\0\0\0\0\r\0\0\0\0\0\00\0\0\0\0\0\0`2.\0\0\0\0\0\0<<<4a=ݻwwUEE$OǏW``._$Uee\rݻyo5pC65?|3g_~u1:u$),,LÇҥKwj?z駟*!!F[\0\0\0\0\0?^>>>9s\\]]z){rqqѬYW_)..N\nرcaÆ`\Zm%k~VUӱc~֭[ѯk͝;W=l6$ԩ\Z6\ZCa3:<^\n\0\0\0\0@Ӹqc\r\Z4H			*,,T^^֮]CM_WH˗/c=&7+̜9Sƞ8qmۦK.m/_f7l0}x-z\n\n\nvZ5iDwy~~uAmڴߦMkwn86p\0\0\0\0\0\rL۶mU^^nwɓ\'6mCeee2KH)\'\'njm-[\\M6m~X׿6ǻWWWY,m6M{СC:T}\\\\Q8Z\0\0\0\0\0h`퇊լY3}X,/IW&MCf\Zm۶8Yf\nV\\\\]XW{LiiivUVU:s挾{bю;QFF\Z֎;n86Cn\0\0\0\0\04@5YEҕ;W#FЊ+`<yRvyФIW[Z/~O>OBBB;W_-Zd|8oV&\'N8?ć\0\0\0\0\0h`ԬYj޺p$رcz嗍cVkK\r駟p~X]uC\n7cv\r:T{|Ç;tp-B7\0\0\0\0\0\ZL߸}3gxjxPݻVG}WZp+vWҺu[9~i\r0@ZҁL\r\0\0\0\0\0\rLEEvܩ0U!!k.*--z!9R1Ƅ	[jҥƣW-\\PVRFFֿUVV*%%ZMfw3.^dM:U׿=\n8\r\0\0\0\0(11Q!!!z7dXo>_z\'TVV#Gh޼yvhӦJUUUO<O>ə=ڱc\r\Z;w>6\ZK~\0\0\0\0\0Tnn\0\0\0\0\0\0\0\0\0\0\0\0\0\0\0\0\0\0\0\0&#t\0\0\0\0\0\0LF\0\0\0\0\0\0\r\0\0\0\0\0\00\0\0\0\0\0\0`2B7\0\0\0\0\0\0dn\0\0\0\0\0\0\0\0\0\0\0\0\0\0\0\0\0\0\0&s\0\0\0\0\0@w	\0jA\0\0\0\0m߿K\0p<^\n\0\0\0\0\0\0\r\0\0\0\0\0\00\0\0\0\0\0\0`2B7\0\0\0\0\0\0dn\0\0\0\0\0\0\0\0\0\0\0\0\0\0\0\0\0\0\0&#t\0\0\0\0\0\0LF\0\0\0\0\0\0\r\0\0\0\0\0\00\0\0\0\0\0\0`2B7\0\0\0\0\0\0dn\0\0\0\0\0\0\0\0\0\0\0\0\0\0\0\0\0\0\0&#t\0\0\0\0\0\0LF\0\0\0\0\0\0\r\0\0\0\0\0\00\0\0\0\0\0\0`2.\0\0\0\0\0\0ŋu%UVVw)\0A\0\0\0\0mŋxb}<^\n\0\0\0\0mҥK] t\0\0\0\06#O\0\0\0\0\0\0`2B7\0\0\0\0\0\0dn\0\0\0\0\0\0\0\0\0\0\0\0\0\0\0\0\0\0\0&#t\0\0\0\0\0\0LF\0\0\0\0\0\0̭\0\0\0\0\0\0\0~jԴiSl6:}>\0\0\0\0\0\0p#GjJk֬QiiSx)\0\0\0\0\0p/~ݣGu]L_g\Z5J,%c_G]:ƍK,ܜo;\0\0\0\0\0hVջwoyyy)//O_~|:#(++K}}͛kӦMuș\0\0\0\0\0\rЂtA=3*--U۶mզM:lٲ:X,\Z4h<X4mX{{{pQSB7\0\0\0\0\0\Z///s=3gΝ;\'I***RzzѧI&ҠA$Iְ^{Oҕ⩧O<!___7Pjj]iӦT޽5vX}Z|VZ~[{55j9sHL:UCRRRPh\Z0`~_*55U\\]]\Z\Z#Gb(--Mo%I۷WDD:w,WWW7P^^\rjVuzu:Ս7N5=z*mܸW t\0\0\0\0x񢲲4rH;5ygԼys?^ҕiʔ)z뭷wFW^yEOVVj.]*???:xiHHwﮩS*//O}K/o=ڽ{BBBTVV&I\n\n\nRv\Z\ZM4I/%I;򢣣5qD7ܹs\Z7nO믿vhlGy3kY,yxxܰR\0\0\0\0\0СCf\Z=S5yzzUTT\"w(l~Z˖-ӱcTZZSNŋa̘1SNN***o>}7</\'\'G\nURR\"魷RQQ***vZK|Bu=u֊ϟd\ZۑuU_CvIｨHƱbܹs*..x\0\0\0\0@tqO>\Z5j&L+VhӦMjժiTeeZn}ÏYfȸeSǏkdZ{njjo*///-_ܮP՝wީzJ:ut%\Z9Us羨D}Fvtf_=n85kLi&C]1H\0\0\0\0IENDB`','Captura de pantalla de 2020-01-14 15-13-49.png¿¿image/png','Captura de pantalla de 2020-01-16 10-38-59.png¿¿image/png','Captura de pantalla de 2020-01-30 21-01-19.png¿¿image/png','Captura de pantalla de 2020-01-05 21-47-52.png¿¿image/png','Zenitsu Kimetsu no Yaiba Breath of Thunder 4K HD….jpeg¿¿image/jpeg',NULL),(16020,'PNG\r\n\Z\n\0\0\0\rIHDR\0\0\nV\0\0\0\0\0\0a\0\0\0sBIT|d\0\0\0tEXtSoftware\0gnome-screenshot>\0\0 \0IDATxw|TULʤ\'H$N JhTuYV]Yum]uEEDqW`齆Q%)$#{sϽS2s1\0DDDDDDDDDDic\'Nn&Hqo\\j[	\"\"\"\"\"\"\"\"\"B\0+EDDDDDDDDDDDDDDDDDDD*)RDDDDDDDDDDDDDDDDDDD{k7@\\`0W ^`PVGYIeX,nH\r3g;ã͛ǂZe\"\"\"\"\"\"\"\"\"Kf\0,iO[:Hnn?䒟qc9\"ʊZ\"\"\"\"\"\"\"\";vXfX2dHcTTT$͛ѣG728~dk7ADDDDDDDDDZH1b,[qBCCӧe>>>,\\z)[վxQms\'\']F>@<`͖5x\ZKG5%n\r !!D\Z\rK.eծߑt)G\0OOOywdbƌ̟?׳zjq7d\"11{Z8yH8z&,,au]ǂؼy3}vMsê={6u~znnnL:E\Zxd21}tϟϺuXr%/QQQN`0p뭷`VZŋ/HDDEDDD.h,Ybw]zz:qͪ`0Ȏ;bgJ\ZX9yd\0ڵkn}k[EDD:ujpƔe\rP9h1H\rF7;5\nr:w`򅴾Gq}HNN&22Yfa0Z5+\"r{\rfلa65j>,,X+V҂/fop۠ -Z?Oddd~~~̝;ɓ\'syΟ?UW]믿[nnnDFF?_믿{뮻xG			ӌ?z ֋^uBBBl˪ N^x\0nvZ\"\"\"\"\"\"\"\"\"\"-U_\'L&Ǝ߿?\'On㙙L:B92y3a&1WT\00\Zug0YHN!7`q7eD~HX8\"??~?4`G!::{9sfL&\r-/+\"Ғ{-,,$!!瓚0Fll,\0*7nlG^^^&CNN˖-üK5_~DDDGkaXy9r$6l 00ǏS^^/̸qڵ+III\rחgr-}}ǕW^ɗ_~p~؜iPDDoX,:~cҤI,^Yu7yAX9rH|}}Yp!F/_|2[OOON&NHeɒ%уx\0|M\06mO<5kHHH`޼yr뭷rao6koСO>$5kF^\'55E`X\Z1j(IHHW^!336u-BTT;vz̦v]~1&0s:`K{\raiwj|9f[fd:mX8<{gvĮݟϟg|8nα+())я۷oW_Sǎy\'ׯlٲ!Cl2|MbĉuÃ>ѣ	ѣڵOOOl9slܸg}Fw}0uTRSS]P4iٓ?UVSO9<3o<zINNK.eܹvG		aҤI$%%H())a֭5GDD/b믿fΜ9xxxԻղeo߾Gѽ{waͼYy޶m[/_ΦMxx5k\r˦Mlu8\Z[k,eȑ\\vev{̞=^ٳ\\}.ש)X,u]f#wm۶/^<	ضm-h42uT9zhF9	pӳF1coO?{ｗ	&p+EDD$&&]n0HHHga6oKÛX)\"\"\"\"\"\"\"\"\"rjTSLM6f\Zl⫼w};tRlz.䥗^bѢEuXr%`cbbؽ{75ʺ1gF={oi۶m2xbɬY=zS^{5Nʒ%KXj\'N &&gy???}],999Mzyxܑm\r&=W&7^ouc耶_]{Ʃ:̙CAA?)-/HVV=GfʕF	<v5qL8?\0o2bvͲe8p um8.]q|馛8t|	̝;޽{͜9ݻ˫k֬%oTajY5k4xT	?rnǨK.\0l޼٩ Y|9f62}v&MDQQ˗/\',,{֭[Gjj*\'O+l}8\rqw{mVEDZBs^}b3ܹs[=???Y~=֭7ߤo߾No轰ꆙÇc0\0fp9vGԶe]ƓO>ɼyxnp}xUm	oprU8dȐ\Z_n9@/HJHs4iJ___FɎ;c͚5<CL<\r6\0УGƏϮ]\\4hCaݺu$$$\0֑[j=#F`2777VZUMC!\"\"5kO\0(?S;w.6}ll,,\\_Ν;3bmIn+Wwޱ;mxzb0cچ79c`s9(L`==^NՑ;?̴iOꔩݟo,Xv{\ZǮv?\Z:ud>}96mnj^Gq֭5c޽g֭<X,;w.wumdDf͚`Knڵ<#\Z4!CPPP;Caʕ\Z426oSTTσ>+X`SN?ӆdSgGD\0HIIyl_߿6mkXX<?~aÆoHlu1VСCy7vϝ;y5\"\"-9\rԾcÆ\rv?\r\Z4aPPPѣG!..sr-Ȟis=z뭌\Z5sѷo_F#ff̘Qg8Mf{<vX>3[rPPPP#~~~>:ujpHkԩ}YgA}#FHkrwwgIOMe{up_ͫ1͍nNjZ\ZVԽF*\"?n,EEE|W-zJվgt\n7c0ؽw|_cݯ777>ܹ;g\0X:͞}k4~17.=rs83glk\Z\'ٰisΝח\0Jb]Nol<kRbرc1Loߞ^x2.2)**Gu>g-33;w2x`ۈfk)`wL\r7@=   \'OԿ}v\n۸)))q~d0\Z0[`\0/?_|+0%UZ\0łRӇNu?O?n`ƌXQѱ;v,P-cQaOscn\0ظqퟲ]vQ\\\\l[?ogΜ!))c4\Zc֭DȠAضm\r?ǎSѣG)++#,,>}\Z<y[l_ՎO6m8~8N߹^g>bUG}Ut1ED.}kQ[=̞iӦtW9s8Ǟ~~aN@@\0+V\'==^y=õ^waiU1}}}k,#++\"\"\"b0ؼysEGbhNj3vǱX,:Y=www|((-ݫ\'}zb굜=w[wq\\ys7!;wuL169s3gAPPzǛu65-F??_\"αټuݲ>d21u$^mh}sˋS+\'O@׮]ڵmGfŊGE+WdȐ!6xCzzz/_9߿W^yqSc^ƺ\'ORPPә1cǏ`ԩ~d%Tat³E\\e&!f ,\0u %ZdPTt=eeekk<C5O___{1k]+W$..αkrXLEEEYf\r3gdyf[{6oh)//;5x7\ZucU69ꨯV]hiQ_LgE]LKIc_8\rSfir=iii<3;v믷I8-//̙3\\{uFo}xU7Ctޝևp׋/baĈG1oLucǎ>ߜ?v/f^=b>Ku+q͍ȎHKO}vt+Kpw\'nP,7Y\n\nYњDi4\Zt`0\\&(FkΜ>s\'N[>%%%dfe3v̨Fol<q-nF+9L&ƎEhhq6:2((aÆe۔\0,[)Sb\n\08q\"~iD~~~[f\rO=z+|vU]eѢEv6z۷>99N{sNeΝ;_	&0p@mf|S哗qN\0{1B2,d\Z)6|ǃ97mtM6m6*mSTϞ={nڵ<u]C8pcxQ\0ϰX,:g]3gڦܲem3f`6ٰaSmo.]}֟Ʒ~UW]œO>/lKJqww޽QT+>yyyu_/?{UU<<<t1ED~֜8My\'88,,I&>W6Wn%55=_~\'-h42uT۷/[n}nի`}\r\n\nrvS\\\\5\\LAAӦMh4r׋_n:Zfll,h8{v} \"\"\"ѽ[Wꉿ?eeed~fJJJ|IAa!n\\	%\"<p֮Po\0OC#gϝc]t2i!_QXXH@?]}\0}Aqq1mp)8y7;U/\'N 8\r%%8{wu\" )HH}V5ewґ#܆Rd~MɎ͍~})*\n??km1h߮=`dvcPXXHjj\Z=w#,hIbwάYN@iix8m0<ۛ6sQUW}ω4	L8Νk$V6wWbX\ri֓CHH{&N`1ѦMrrF\'V?777(|U233ٽ{7#F   ÇwqW0o<֯_,X6u>H1̟?N}l߾4\0g߾}L22RRR2eJ2\0ՋQF5jGaƍ?OGPP<S=ѣG}h3OS`&Nʄ;t	1``R\" ?\'QuY,^}U>:e\'X]BBBcW_??~\nSNFXrAmѣ_Jrr2ӦMl6=INNĉۗ~2339}4}%!!6UCO}OsyZ\0>zӯ_?:ƎˡC{sW:=kmqAz͋/#FpIlG.98}.  ڵ+!!!9se˖a4\Z3gfx?<Q۶m3<_ٷo۷s,^Çc4\Z9v/ OάYHKKرck׎nݺa6ok///l6{1sL>3Ξ=KLLNbɒ%8\\/\"\"\"է޲eݩkO)\Z#\"\"x뭷\0~b`00{l***y駱X,lٲ)WGKN^iߞaC),,d߁qws]v`X())ҽ[$77I`4	%rrs/p#iƍvm9x(	ztMr2!BㄅօpIB+N^u///rrrI:|ȎKQaIG4;EGc1[8u>>>@Dx8*gyҽkWΟO%Q\"ߏB=G\':*Դ4ã9^&&\'NI~}9sSSt\0GN7KٝmQΙ*>>5OO˖PlgNQQOuΝӟ3gb4}N4GjZ\ZX^%HDU]CIMG\\.MP\'\\h&?9ɓ\'c6mSVzj̸qꫯxINN+`ƌFYl&>>o{+g޽-cXxGy\'3f7m+pBwرcbÆ\r5nh{g}3g2fNJJ\nGh4C\\\\SN`0pY\ZkyD^GPOӱgbo>Kغ&}LNN>㦛n-ݟ7n{?b9G#<O>ѣϷ%SګbO1c0j(x\'8rQYf\rwu7o߲eӦMh^;2ydΞ=˓O>iCtnv\r),,d۶m͚f}UObȑ駟r$/]C﹮Sadu/w!33vӊ7m۶;	j7EEEO?+}G~gܹu4XhPQQ]xHHH 77zF<S\\\\ԩSf͚5_Mztf̘Q#_\0^$\0\0 \0IDATHHFFF<DDDD~\08~m6mj;??IҾNbeʩӄɔS=wePavkkOL&^^&ztV}p2qb	\r&VRVVh$,4ԚXl38:SzF+׬\\utd7200nJJKcΞ?Oii)\'RR;Ν$Vfffpd\nSLKN9z~,(($:*󩩬XuR777\0223Yr5\0yyGvd?@ܠXzC57Ι~e{l620\Zo׮v7teb3qq1qbi߮|9Tb<=<\'{\"\"\"RXXUklɕ\0X&5\0n?\'6֣rn_NUT&M;x[9\"\"\"\n~Nu]רPKI+F\\SorשsٲemۖW^y?uT6;[p!rUSpw\'//p\0tMhӦ\r;FvtT\0qbӻ+W$W_̌,\rۮ%-qck,_pSppo09w<շK~\rfzvny:ii,[\n\0ȭ7MϿv\"m[m]tfdpsȬStfS^^n:==W\0f4rM),*dї_ۏiΎĝL:\\n{qØx8|&#3_z39|RF#\\9oo/[b2nnn|=#3sz&OO޵+ݻueϾ4s:|ѣ>\'UF#<lnò\r	\ra҄<Ď\ZEDDux{y1a8[benn+V1=b\\\\K\nXz]6N\'(Mdrǃ$n>d*ۗɭi\r>>>\\{<3JiAgϞTYm۶ܹO?%u:\"\"\"\"v	cb$v@]:wbw\r	e#q\'ܨ\"\"Q5㡤ÜLI]n^]N0p@aL&N>S;r\'\'N8U=fr*kLm4B8~*f+ʩ0;GzfNڐDMf3vs1Xc]scWSAvvݻu%C?xal+!\"@zFFc/Ǐ\'(0\08rVZMQQq*g ?6䋗k= Lr2X.7JKKINNk׮\\y$%%e˖nb|Ad!\"\"\"?{>UakX,FDDD笠[-aF\':*	`Ͼ={6m1W~icG1rrr\0\rΧ6\'RN1p@bpY<ܭbp꩚.@L&OծL&a>skۖ{yy1)6AAxxxpyh3*CI9Ǡʩӧ9s]tLH-s:s>۷nc67nm=\'oАs֨dp8Ż\\ƏkK\\j5\0&\'0 	eMʟ	[.Fyy9Æ\rcʔ)_2{lP%\"\"e6T)\"\"\"cǎm̥x_DDD~9:v@ǎN۶m(..1i&\"ƪ&v@mzBG19u4Q;f4ixL~fu䐛KmȤ\"ϧ]`Ξ;gKsvm2|\n\n֭+\0?:t_hdʩ\Zˋ9Fp<==mLa!ҽ\rh6~&t܉Ǔr4t5Tc.\nFcb;gcF__\08|h{V9m}dW&.[]Zz:%Չ;jD<F//kdx{{af7ouW_	X嗔W4ODDD.mڐŪlSX	Ҧ7TJ蔗?!\"\"\"\"\"\"\"\"\"\"\"\"`ҥSg4\"\'76m؁\0N>Cpzc%xА\"ѽ߸a\r; ;N^~YYG^<r}p۲3gҳGwN訞*\'SRst4߸s7Kkb!Vb%\'	\r!*2\0:waǆMOM%=#a?nٶtrI؜cP%\'\'GճGb;gxxx):\n\\ʡGlS;tH=\'URJJJ9r\"5-޲nbettnՒW	oܼ0;ODDD.qeEEM8Dp!i6777ny:,]#\"\"\"\"Ɔ2(RDDDDDDDDDDDDDDDDDDD+EDDDDDDDDDDDDDDDDDDD*\0;cƌaذaDDD`2na6l@^^YYY\"bG6mgر\Z5#\"\"\"\"\"\"\"RRR3gؾ};6l#[e\"\"\"\"\"\"\"\"\"R%((YfѱcG_~e9raZ&\"ֳgO~߷v3DDDDDDDD~RRR={6J3;Tc)R\"c=Y䡇ݽ\"\"\"\"\"\"\"\"\"\"-}̘1\r&Uk^&Hs~%񒏟$1ΥGN $^^&B30/a!.ODDDDDDDbѣ-.mHq6l۶m9\"\n?59=Xy-t\0N<MB3j8mr\"\"\"\"\"\"\"\"aÆrnVXq\"\"lٲ&%V=ʗ.%N:+\'\'o`]khEDDDDDDD.\r}*\"\"\"\"\"\"\"\"\"6drX ??5ED\\)//$?>Iե3wlrWk7ADDDDDDDDDZ\"b*|$|f]R\\-Rr\\r\ZLKSi	gϥp7.oߐ\"\"\"\"\"\"\"\"\"\"\"\"\"\"\"\"\"\"-?;6oo/Ed=<L&,XWPPPH~~>M|rTY[Iq)|53kiMii!.O;mH\'+,\'a\'Pa2qn~T퍧29\"Ҁ{bSSٽ\0X\"\"\"\"\"\"\"\"Z!i!.\n4O2`\':q`?		N!ׄ[i\'Oz\"Ϝ&3/۩:ـ(\0GeK\0^;\\}?k(Ԟկz[svU~9jsʿoUG\'AR  NeV=Z(oݦm*?7nTYy{ʋXyi9}4֣؟yd<3ϥq>+}:vnw9d`&=\\fkl1\0n\n\\m}V#bǚ|Ys)6Ιzۜ	xX\rTMpɛS͕=֤\'MX2S*L>ڏ?~@}Oרmot=99=JxFr]14n &So\nٹgn+dfvDg\"0-`2\ny|E9Կ7z9	y}e1Ӂ;-_el_ \Zxx\07@p1s\0/\03+bj56\0,|<8^=ǹT\0+iL]\\ߡc.X{Wb\\P@VV6\'0b}\0kR-	s`A\r-\nt\"塀33[I.\nCx8^ՇQٛG#?^\"̶Mt<EVv6q#2`#\"\Z_5m8u4C+W-ҀG?Z<6>`_BoDB|V&I-bD*U.[hw9pK.A񦠰ȚHYXLaA-χv3EDDDDDDDD\"+#;G>mhƗ83#cI[vcQ1=#\"\r\'$Ĺ:ZdwE r7L`֑.뛺Y:W{l:bKxa\Zjs*kbW>X;VX%[:^\r5+,\\j99KJ/X]\"\"\"\"\"\"\"\"\0&Q#i\nټuf||?\"\"\"\"\"\"\"a/O,ťQRq剕\":УO/$aÓb%e|r30{RZGHGv$cSu	:ES\'?F}:cS87?k-:⢳&ܭ:UFl[3m<Z1x&_+Ul6l8_WkR/,G-~O|\r59k7+55\ri&Ĩ!J\0?_F)RDDDDDDgˋN=	C@us?yO[(\"3O\Z\ZFӏ̬LeL\n/_,^&2)(.;\'v]ҭK\'\Z6`80>j믫}H;+Ojƾ95Iu?ݛЮX\r:dS4=-~wg̬j6Ze&vUK/fC}gȅN]?S0kXfM)S?vDg剕nnn֝.C-$T7O#\"z}9Vf$][\"b@~X,O![L*(քō7c\\suּ!\"}C^NT2)r`*ք**wU;MwUKg4wh9ܢ]?^\\Jslt	Bڷs^DDDDDDD%Fۋ6mAIIm5WNrWڪ_]-BӚ~	s?l(./KNidK}]L4C7bW쇈\\,,Dta԰AL\ZM\'>L\Zͨaå3Uz&mʕSpqkjjj۪ʩ5\"sylf^q۴]![>^p6\'$3=n{PQQz*\0T+,\r%bR2G%]Ǟ\0܉u4Tnֺ@p-?M_s)OIUWM>tyAR#ˋQCش%B6m!.^B<{%K]V:322ھzч/κf ::ǞzY+|3g9NrWLfؐ@6Ǝ7e=狿dӖݼf<()-e9dff9g}0wXq3nfrU\r))ظy}Ayyi+Tߗ\n~<~ON>ϵE\"WLȣm_|bmKO?&gy7M[＇trCl޺hPW4EEY)=cӻC0\Zzw&)f0;nͮۛѣ;TTTήݻ9v,/#yРXzE f3i۷G\\zA3\r\0RNbDp-/<.OX,xyy1t oXGӄ=_r˨X 7y/k{c=Ǎl6;5p(/\0,su\rkXSg7FcbSw\\~U_::+Ԙu:eB`xUXWO\0{*Gr\\*nfR%^Չ!!Lq͗@%\"\"\"\"\"\"\"r!}B|}1|>^\0\Z1Ԗ\\{6ȥ֗<0㡇]Z3u:v\Z\0zz?U#a`00fHvi\r><_mǖHDyߓɽ\"--wwwb̥}?9cn&\0JKK՞H&rE\r=:lB=cO=صϵzn\ZIBۥ-۶ͭ@2Æ!###Fmˇ\rm	֫l{MqQ	&J1JG**-DqQ	>;ngW鰮)\'_P~L^~>nnnDDD4kDvoj,0`Ŋc4\ZرfO	ՓcI,[r`!ݚCϙ˧7\ZTTTгWo:GFS7nݯv*6\'lV2osӟv!X,+-XOS߄uÜZ\0Ӕލј:dPgceĻS׾|9֤X2k{(b=fU?sY\n\n\rݑXT3Z Υ\"IU~UzQ%\"\"\"\"\"\"\"3A\Z9ԖT	ŨCi&1/X{Μ9{jk=2f\Zcǚ]R+|e-6Ű+m5]{ZeWXX72Fmg4IijRyy9;wG`4/X,|)zpY!mڲ\r!Y#4$#GQ~Alݞ`Kq2&p\"\Z?\'Iڛ@iy̮͛Սu7T	СCV^K^~>\0p̅UwGj$ww7[f\'S8uУGwʙf=J.qX	?%WƏIEE9^nF?x=1yן1ЧOqssnhT~qPfuݪ=2W2fsՎ[_=`M~9U%>PӐ+Z:ץSFOxFۛQ#.h{>~u˯,7\\1y\"ڳW5,Ŭgr٨aS85h\0^OS^q\rNkXX~#ƍeն.[lXVGc[޵zݹ //۲77z[9>q1۟lA<xɫyv#0?_͝wЩS4>B}Gf1d JJJصg/bWseמ={}g>rrWLHp`rrYj\r}z{U_rW<̟[ݳO>\'ۏ`_5W^dT^l`<k\\lsc1[xL?WAC7]>?o̱T̛_9>p352___w&buCs)ܪM89s~yч[=z{yk^FJvͷ`/\0\0 \0IDATshJ*f5M6m6C}l*C7wATde|g|Q^^6|6$wqdXp<yGCÆ|mHc>|Ϡp`ݼl\"\"\"\r1ٺ[샇Go:xZujr9Ս|\"Ս:}Ω?{wG>p3xx#uIn(P\\w;p{)Ji&gMI+/;ߙ3;;<tFEk(\nF$-5I%=\0̥dƌ>PJKK3wjÆ!..2PaÆҧw/f3%̞3,MGcQ^^μyٳwo˦#nKكEk)oiZq޽Ŗ\'đZ%\'W5\ZjA3`֝*)I)rDR4IB7v0~>ޚI}!B!BUT&Tϰx2,K2\'popp֛S4g_xsel\\z58ۇs:߶2kqʙ6iYsr+/FEaI#yO}<\"fGn]Z1%0HKIPP K-oT\0~%={t1Ac|q235b8|3gOҫ30~QxWt:+q=ۧZUk?4XyW5g.@F\n*W]~)\'C>}HINEu>ӆmd`@<cnB+/\'GwnnsrHHQhu;Rtt_3f{lLL).)u6tִZbԧc^^/ƌ֛nhvb%h\\z5/]kon/e6^(\n]|;v|M!5\rQ_?gyyuS\'?Ͽ^ɀ[<!ۺisϽ2+WAUU:ux.Yµ\'2sܺFgt؁ja}ֹγG~Ic0~1\'yνwƵW_ɫSlpLB!d\'Kߡ\'nBkѫW/ʼzd伋.\"=gΚÄsٲu[l=jxCGb;_\n@~~?4¢\":w1\'\'%O?i橡CϿ0.Yxo3ft\'0kjEGG5kΫ{֡kddd2~]U=|N?Lz[E?Ӱ\ZBELtT-?&:n!B!Bc3ϭW_S\'/JQQېgeR%*G`׮kze=۟ΘxXruZ+Vh;-\'bگ3(((>\05Yu.\'\Zge]tqq\0lشC7wAn@(Rcٸ1\'P^D4eKs\"~IG1<S<ȿ9si<ٻo\0s/0	\r?ZRS&⫯-.)iu_ROۯBNNozSk?յ>ii5D}۠!6owq}0tV]aڛo7*1`CTn?}ǘF+մZ5T%^-O}Y+VF4W/7aj\ZEFx\r֍rBCC0MرsWYdtHIl6ӿoX零t)ÇhחYya}ֹγG~k+B4d\"4<ѫOqۅc±|SlݰfΜIH74&?IU836={`9:/C\n+[޽4Kv%\'dyT|),*tݻ~۶턄׹fjjirj\'vjv:Xf\'D]Zbe%k\\Z;4>k\\.w.7 ʥ;E)B!BqRkծLyHҖNn^^k_qcs?~Zg0}\"N\Z9\r63aX}HV]Q#y/49x9^yY.:\\zN;p+\rZw3g=0~fguu&GmZXٷ?ww?}wÏ?	@vnjАfۮ]$YkJ%֭2gܘ{̘5ŻQ~k}jӚMR2R{ #ܼ<BCC\Zܾ`C4z/4}94=Qh!ۺGɓ,^ϾrXf\rC\"}[mxrV8?T颾sqWyu>4x.(,fP!lN`p0ZM&	۱|-lٲh/Yȑ#px~\0\\ݵՎÇljPBcPPEE\r)I\"66=oCm&3~\\[47SԙXyc8pzpgo[IW\n!B!BL\Z/++k\'_Zjfk\']EBB<G<Pk??/($A,Zӏ?ʬ9j7llV[mw?#*=CGgzՆ75w	3o9\\H:šC5_Wic0>3ryy$\'UKIJL$ X׫PDFFԘԒ6oÃǭwO|mJu֧6\rپ-m}\\&k\']ż5v$OLVߺ\Zl-Mmuhh?Myjm\r֍22S`28si\'M\r/p&2,[y-[3j$׫gݘsq}8֤9sBB|	B!DmL&\\P8L&o1E+]kexun7|1nw:L,Y/E4ƺHii|Vz5,uv̏?Mk>ZdmŅ֭k!aΆ\r\ZܶSdB_&9 U_H|\\L%B!Bgx|	}\'1Rf3;ul_m7F,-gu]\'6&Ue<:xmwڶu^a#ap1B7xii7]w>Qbɲ<}՞	\"@1jsu<p=lݶ5.{qMnCsEQnͿ̔$,23g!%9{b6yy<n?6(YrmIRb]Zu7Q\\Sk?յ>P>lm)5mRs`ZUo(J\0֛n\'|5d]{\rQ~{j\r\riSu{NKd2i\ZYYG\rYKӣ{wFƲ?VVpn:ot۪;7dyHgU@j\0Ds72sVK!_l]tI;SXvm(\n#G\'..?223NȞ{n)N&$Wd2nPPXtܩA}oٲ/)fؾ}֭[YgALL4૦D	vaҠ4M#00qVJLlONNTX{c45ܩC2?9M7&:KvTB!B!8BjT~%}.y%y#\n^BCq88m:vi𲏬ϥW_}m7n}rW|:Jִ3(++>={pϝѧSVxg?pW^v	/7bX<Ly?f?_P\"/ƣ_~uxruն{UQ~hαbQT﹋8TU!#3WU~АPq/ڼ)}m]`ђedd֜`ZSk\'{oa`t>t*99-:Ok|Jnޤ>OuԼ}[JM۠1y<Og|OժԷ?W]~)}FU~mS?}Rk4u9!맾Аmݐ6UyGZ_jTL7K#.^nW5_c*Vw^o1xγUwU\0g~*=0cjB!DK0L!ɈEQ8eBQ\"v-^øm\\.֭௰>k=lfk׮mPe`L*,3,]%%%MZCoP-!য়ѿ?Np2Nvv.aF&O\nͷ}Onn핦Xk&_̙ٱsgiIHqqjp{!\ZKy&8z!ˏuLBbyW4}2v\r\r\raa׫I	!B!BHࣶAf#yn[!_8qU!Dcٮ)o>Jllgq: yL*fΜլjBT\nZ7ސJ!Np{ｍ^׋9YNeLt6ؘMaB!BwdȪZ+1>[pKCbZZV\\Uk\'~:޴k{<Ҙzh~mxnnuiB!_Avvn]UIxӹs\'t]JѪjXh\">㶈G\n&Mȑ#:!B!B?\rX)5g^v<m	\Z&+B4VQ~CO!DcZ_gݺu< !D裏X~=7|s[\"B!B!_wZ*_;Ħ[x:,!25(ĉuB!N0bp!_c[la޽lݺ¶IJٳ\')))?B!B!8a;mB!B!(QC!B!B!#:!B!B!D+Q:\0!B!B!B!B!B$V\n!B!B!B!B!BTJ!B!B!B!B!B\nX)B!B!B!B!BQA+B!B!B!B!B!*:\03vXN94\ZH\\\\<11uXB!B!D:J9YZ`mB!B!B!Zm8f4<\0mB!BѪxgzm\r>CB\'&U{1|\')`Y^Rz(Ae6\0\n1,Q*\\5tPTgyCT!X)EUUο|_tڥ;\rPG!B!ĉ\r+ܾ\'|A.~#mOQyB,;5&Kq:pPǡ}^w[*OHQ\0ŗ1Mc\ZI**c\'g⟧5?~+xi:[#>E,?+]Q!A+E\\pᅼ>MVKP[!B!\'XVZ_~6!ڄ$Vv1IܳƤIUI24Q粖gi\',OZ`4o)iR-$ъ?v]١\\Jyq\"gBJwIb`fgn\"#Nhh6\rpp()Ohg]4YٺiqqN\n&$$m6,V+2uNi|y[ ZoLMɐgxIKt9Ul&l: ̽\ZM>S+*`leՄJ{ӽa`68\Z`l`Tٿ˼ovSW!hi@=<}T\\J!B!iA|2u*]{\r}m\"q菋Aϭ\0kK\\mq_Rk%J}][7z`ByU;tΛ%44zżd:ѶrνBb:ָ=~)Ԥ86x.e%\\tz3}.n~6ML;$nylwcCI,N߶\ZG؀R\0yd8cGiccJ\'.&0\0J`~@L|{Cמݱ֒ѪNJJzڏ8TQc0lf$Ti&\0\"\0@tԠHyj/hv*/<4vS &&>Hѝ.;@FArrٷ?{o3;*ϩ7&S:Mb8C^|=O&]|Voٹ0p:KٳskZ\0k\0ݧ?DF\Z͛闚JqI1r:k>>&$ĵudfM\r+aƐS4\"͔9t̠Q\0tX!:A6.ә-T-*U\'{qFL{e\rfEQ0R0(-6H`{`|߿W)))7!hyXgtDtxfuѫW/|cT)B!BTU)okN֭[&bc*N:Ր89$KOcc9cqL[\0?%K.Ti\Zk֭MR<~>Y-\\ydF/cِfg\n\r}D\\X8T\\~T\'+4Gq!:uVڅ&2XMc͔pQh1Z+Att0g/aR҂2~@b]r\Z!Qdto\"{J.Y&Ga[\\R\n]{o>ۭX.S<:(wnzvlYO3|(6R@QZ5tRTXlfkQDr:INЈ9jN(++ /p\\iz:JpNbRuMER\rt|njcӰy8.m1Xi^àSnf2dOtTx\Za>!	݋_~E^~ޟ\"2tXu]6ߍ%р5\\	`:|\0Vo	?`@.6Ng	]s1|imXBܽ\']ATD!A䖔2bH\nKJ+* ?vn5+)q}5J\rÐ\rI40۝L]*%fTg18_Zx\\)LtHp\Z^\"Ɍa:\' MS(-VQM&\\Bvm<\nCO5)˜Ll\\RiR!_@\'V&SWAnio-b\0mPpJGGKt	v\n}QS[5[`1{x&w?-B!BKey^Mfnp҈hmTs1La&H\'	(@T@C&2YY^BebLV^ܜS[MVr4wyrWb`:j6E3EQu_iŧ~ʏ?شG\Z(	X\0\\4p;tӉp=uIh^ϧ~HVV!]D7h%;Lɀ_(\\_\0<xsj4ӌJ]Q椴0X4רSϥ=X]󈏋lw%50;u?hߩ;zY.3ov\0-AwH^I껍Kehahs/\0\0 \0IDATjVzg)iH=\0nR  ;aÆ֋27\0+N\r[NYĴbfQUZZZzJDHXa8Fpn/&U(Udtt@uߟ{c0;=P[4O#,4VKF:d\06s6e奔7YKID8p;5+:d9Yz\'D2wަ:%RM;?膁QQ/f߿Wm36mKn[7)	a?ilڶiHum۶3h(BB#X,cq\\Q8j<>g/C.Ѱ(+dūpusz&%J*2M)-\nj3qtk7,,mvre^F^j@UtʝI|g\Z)VH*!\\vG)k;rh\\)ElbeeReL8lt?6ɕ!!ew6\0LnpIg) #j7~nѮ&M=z6jgz:;ǓGҢ1\n!B!M1Úʤ{XL111}6D\0ҥK>}:999- ɤB3n2Q	QV	\n\n^^>	#qU-|VGsŪl[UM4	قk&U*yI`ٙ4iR+Tx;ֶpD\'s2wc憿͹u/nMw3헟4+:?iϭ.K1:}Pb82\Z;V3O/샮vպxn\Ze.7eN\'n0bBmi־D26^m%z: ߏY%*r|:oZ([~rDRmBlx&Kn\0-S6^G*Uɴđ:q5CF|8;vcƄ)PUuaO@?Is\Zfz/>\0\nr(P@NyNv#HՇKv1}>YM17Z-Rp̊2f{\r([$W*\n\\=!jn\'}Ag_37O]0*LU*OW;0mB~6IZCjןWW\\#7kee^nj*UUq?^j3!%8K7eԎg	)QI:80@UBٴ$ﺘ|\nY᯹4ѷ%@l9Um	zcZ\r))dn¤d\'q1;aT܌)BK<2OZlэrvl+{}v	\n2*.h9CNK\\#WYC|;RHHFͳ~F~e݋QF\0p0+sdr.\"Sϒ<p0_~:uq3ϱW?tMdU!B!Z̝pF]t⛯13ﾛ;wLΝ9x?~:^t\n\"2,D<o{-(v(*`cn7m;{).VCb+*Y\\;N>	EbTTg|{Xph~rl0TtoD^Pl6aP\\\\l4\Z*k܇o`,/mT$j!|Ԋ4悕xk6\09ܠgTWVy=b^~VaO5xVk.bfj+7Ģk^\\.a0oWwŸ\\,n/qXi8:x6.<Fqa:xPWKLaĭ+hZǈW70)J<U.K!X-t477m̥ex5/;kA&L0顠̃c*\n&TLn~Y=.^|y\0rq =];w`\0,+sfNgæ:سwQQq-qDQcõcfi:@2\".>\'<)&͗䴯x+nϠ)$PHo.E%!^NKhdѠGP*̍mzE_1Y<zԴS^|F75\0k\0-=0-(F@7i_69\n\rS4!!:7n9*8PmZBt8e};Į8J{z܆=?-VgkWή6A}W׮}T_G[S-jG__ojZ^MkZGC(=Q\'fнn v>Ģެ3!8W\0R\ZW3:fٌ/މtB	\r	Gx׊Ȉ_JV^v~ͪ]Ah]ISsB!jʤXxImX-!ɕ1pYd6$F-w%\0FAF/`oڿ>GU̴N<snp+V駟өcG.\\M?~o+6+?3gy9s~_騨tډqcNB5eٴy+ѭkF*-2K_PgNl:ΆMٽ;րcXhB!Bu}^K_]@sO?mV<cƌMPP͟%%\0|+1sg\'gI4Űa#\'/01Nós\0Coa`3U)Lf:iiit\nŋnk?kFR%\0E|ZDWZ|?cqXQW}NsjUA5ՓW/nBreCc\nl2:lU5ǣu4blܶqg~mQV#̵P6u/^{E!QhOɀo^}eNڇ ;nCAr|;8]n<b`^1ԲIU)iZicD&u\ZlcJ[l:ɃS*+׃@tH CRṰa5M\n&W;>t,3RGǾiF	-f`e͛ϐ!É&6;)..駞551@_!S*@IQk{u3؛Yjyh%ܼHm\\yJ⊤J8w̫%1K^_B3YꚆ{)w{w|3`b3[l0@5͇ǼbfKTgӖͤď:QkxQBKco6mL״ٱ?(w63t3)G$gsGzԲ\r֍POstO]o={ĺUsjoE:++Se}eܕk^u{d#oz}4] 0wa;/Jq݅f0LhQ}TEUrC1]k\Zn!ƔSEigp[H.iOlqnߑuCC5;:_D(>4L*znB!\ZIz|$UV:ɕ6TY3[/2\\\0zgxzV.<	<z9\"՟at\ZbԨ?H֦/Dޝw+<Obo/_|Mn]	\rmr|\'_x-RkprťOvؾsw2י,Y#Gm+عC NeWGt@.l61b&-xԜ#B!h[l\"~3hf%Vp=6=֭[nrǋ8Xzu\n{\n<_\">Q\ZW\Z\"\\OxI&zcTx3x`W<b\nnb5]4/)))t\r\0Wpo5%a@g\Z>\\.q	*~YX9}Ek,Y.{.\0ک(x\Z\Z/Ӈ,\rFXE5۫-ȊRahy- ~k*d	bϷ[cHS\ZM30֪a_˞P]SJǍ;9X!tϓЮ3cwa6\\QM%SWR0Ro@v~\ns}£bMH[jo|A\\sܺ.=Rx\rɧaMllߢD$tb(\n:&c^.&2W~[X*rJYKF*}	%:k\0vgU5 \0k@<fPf2zqݘL&<nL]lJCRtK$(q8vVn)uS-qBf{ZnK1֫_Q`K]Im+#<gNyb\"$DU7Wi¢DXf&*aӬ`\nM/:p:a\\_Yu4{,&b%>naۧ\ZMZNGQ\nP4/ނ,\Z>1?0a>놵AbFgj}SLoٶi	`=mzey1fQZя-qT,i#;*W]^HP;;PZV>T]x/W+|JGo\Zrf}ZRsdg=92)n\r\Z`.2b%E\Z6+\ZJP-X`e[$(#[]UQ}M8t]E\"EMA![1-膁Ŭps`9^#-\ntۋK 4L7&5/xBmxMɕC}?b3}e~Zdk	.A]aATȭa|xt*<|)\rf3=6-2)%m[nLꊣV\ng<s-jRl\'G	:d0h@?|wwBnrC7Xfg~?1uܘQ|4\rlj\0yyyӱCJ30(vi-0qG!Bql:AAB\n\n\n`mvRTC \" 4\"iА]+ߚ3 (wOtzj+n0\0Ɯ9s\n\n䬳kVǃvnlBd>>K>|u9t1\rk.\0܄ӎxl|\\&*&+\'1֭[(h24FI/<Y@`,Z\r{`W w#0:iʏg\0%m̬gY%in274\"Pu\Ze4ae\'wtij1|&-SofTz5Au\'yXYgcSw*1\ZVm7b\rG^lrbeC/FJff:ؠ}(v8ctr(mi::u%zm$:.v6ѴʸdVeǨdlXMr\'߹p&NhN5Ƽ>߰X#\0*V}u;ͷ_QTâ<rV+iX\Ztc=:fǫnhZc)pxxb!:::<=[ZETDeNv&	ME`ɳR8[ϿRssIgT_ö։M[;}xK|߹A/$E\'WvN:kWzFcO1#ydIy5IKaxdi2eZӪkkpr*\0/`UR0)ʮ_J_Km3LLB2\0K7l31^L^\r]ͬ.oߑ<d\rxmDuU]eCG\Z&ǳ}6^Uq?_پMe9=F~,<2k|}5[SRaO		4ן}RN\naT{#aDWksdU+ٯ-Ksx9r\rTi7EG\r0w	9nJ6lmfrfqE>ųs؟MOfT@1y1M$PVVFa!LV\'69e,[\\ώc$lAvy׳Df͝KAA$W\n!hVST	aߩK(૬xխah[}jIlpy{Z]c\\IC|#z~}!9	c6mcb+6:&Rشis+rsy/z.́q?%@C<Z\0;{,]IBbäwy\r6G~}y?\ZVgnǟW_RT\\BT({|5EQu\\uU\\~|2KFA]\0萜;ҹ&1 E\\Sb08tqq͞`]tHIjZ֮@IpP0Ǝ\"%9Yg></aazXb*_µ`ٷؼugȠup8=wY	2l zԺg27G\"bcc\037TԻ+VCJ2ƏZ%!#B!8>so(Ϊ}epM\Z]s\Z>|x6}f/o߾GU6l؟\"hP\") .3>C!B::=1b!f$Pե$/ Ȇ\r^w׾!ϼ^n۟XQPP@QQ!6\rɄp~	vwk.m@1FW(}*v\'\\	IC1QUc֧_V^=rVOPM&>iɣ1ECM{Ӛy1}<׬T䡚-XlXlcqq{=kU=c*#bU0[W{tunFoOo[\\~g81*jӇnѪ?yN2\0]ڣ7#%,oE\Z\Zbee<sBBL]cRR2,k9f{0\ZOy-VWTS@n&5.S8~\0EP\\ƫNu+qJ؃Bjoǆw8_nln><jɛ[-ҢK9,=8ˣ2v]N\ZK^~.AdO#1my79`clg#E;\\Y\\ZJhE5_en3p\\\n\"cF,Į\0Rе=IQLB>R*Kp)닚6k_U}FEba@l&XuKFo`BjKl3\0դ٤੥2ZyЋ2h:tV\\7xbׄEuF5lk*\njdbVǇhtEUURUeݫ-ZmyG^7\r/xƟ`X/apOn!8(W5QU+ʟWco),ʆDАm];.v*y𰸪E\'߳kZ_Ϯծzet9ܿ6_oSt]l6Kii0wK84͋[r=ՅpZ./`E<+dfe5+1t@d\nپ+=(C<Fā&<ٔ9(.\0\0 \0IDAT`g̽p5y/0o|IBlKt=L\'.\r*ջ`@ͷf7$]-bc\ZCyt^UYTː0t	I	|7ƿy o&apҵsg{L&̬W.B}<3;׳{v,\'__~͵vŔ)ֻoFNNV^{\'{\0+W^t:w@du#~>#\"\"vN@(.hVTQqT|jz@_<.YƥGll,_ٲOTƌbf`1js`֜M*by6D>4nGLL4_fUJ׮ٰa?r=XvKllnk^&NP*scU1430bN9e\\G!BqGnxm9{6OLz6/29CPP{ ((SzURR\'܀c=^<(ڳ	$r>E/e}GQlMT+vivz\n콷ӳ+gS<\"\"\"Ez\'}f~fMO6!xy>ydg;3ߝlvgwB7:1VCL/P)dX&[/\\rml3benuՊ(ҫW/V+eee\\.T}Ճ	x$ý -޹y\0eCp8HM	Ha:$ :\nKW4mMF۬$\'%\Z~k6!*~CC8\nG1C\rCOæu+Blkw9[t{]P\Z.0tסpWӼ/:y2NtE§5yWɯ-+e\"V1\0EQ(݆%D*XtE\r9-q{	蛅n[ްShbpSz8	8:(\0Sc[o4WvTo*|>Fz0Qi:&IU1[|תթl\0M+*do_Ktb:U%9X,_52\"\'}aҸzJlYkK$V͆_DEɞ\\=$=\rcYOFl5Ih5mmk-#FF+E%eUv.%emרtQo($if0%F0v>NɯU׳_=lLiαw_`^MEbC7;z\\<ȩȮ{rx40:b:G^.*uȰF;CݹXn_]sGJV^Q/frn[^a}oR7s\r)Bw\'9?M^c5UUV*Wg09㤻m;A_TUeeU*L9m궭_u)$οvڛ\0ˈMm\Z8MixM뗢*/~=I(trR/\nw#c+!)¦K8YwڔÎi1=	08G]夁}Cll\"ihAFj<Qg?z^qt<cBY\\uk U+{Rw|NO\"ă[Wm\rݰVW-3(|m)[j1sL1nB!D];&!?xukm?_-2#St[~q[of3FNhal-y牎_y0	QQUa_閕\\~?8no1G8\Z9{Ŋa0dzhrIe.j;(֭@vN.t޺u._ZRJii}hàn@Lluיշ/mѪm4laQ%%L9,TJJr2ݻ{O6.d\nY}pTUV{6lc\'??]镖k}fێ3sB!][&lhm`r\rv7o&!!D^o;.=\0ixPj\0ոЁԃ&*q@ix/MQRCFF௩	{3Oa/(\ncƌ	9ֻwoz,d~V\nCx[M+(`t_Ə>}~	Vw,7sƤQ\\+MpLokׇoT4s畿5&\";}aJ)߷}1tNN! cHT{Ɓ/]$!9*40t<qRp8\\.\'8i{ZrÊElw$Eū!jUy{\rZ?/PQQr$2&k#CNefqхSr[iW]UFFFCrکPYYYVUU?,~^=OQlm6vￏrgev+P6v#7g{bTUUnF.rv;99s?{p޹琚BiY%ӟ\\de0ni=zPRRz/nn3opk \\+vhR5<jt@Ӎk-\"4;lߋӥa6C}^A(,&_/n(4*GdUUb1S^{Dd*C^i8|\Ze^WQ5*>dF0y٤cgoynzEbGIt4mtZas}hi3mS+*&!.vkE墠1yYe/fٸl#c\Zɽp<[\0[IT6X8B`Ww \r͇+;b=zF݃FzwE,hu\0[ʖu[\02cFBtdߛ{SL*UZ	VŎE`(tfT?`0d7Zm6PڈV30ɫt-~St6Xǂ:wl]ź108{غ*\0jBTdPa`ё7q݉J/>D\'`s?Cw\')!d]jp=z}Z !;\nFp{qq݃Љ_Z)&\Z;xcӏ=|\"a``5׿koCrJoͶ<OU5J]G\r\\a>C\'%.(0\r?ǰO 8KobŜ<kZ߇}תLXXADsWd}X#lq9_dY~徻/ׅB{wxxlNP- brf[m\Z.YR1._ߠjFSif\\zrHLlxjؗGBrr0 ˧`.C7W_{n>/V|W#*:0Cx\'xט9c&SL)%ǏK3HINYf}5W^q)Q1Q8N:p8\n{y-۶ӻw8&?忬bK9tpF?Ěٰq3%%hԲx^^y͐=陞ƭ75IϞl۱lV2ew*ͮ1qx^.76B!BVkƌM\\xi4qIamϞ=:JEvvvWnn.			!r\rxC7E};lx1Ð/W_zN>_6eXV+fǃvt:;\'8т߀JWg{al{\r^*0ʫ]wpMpxO9N~N~b巫:k\"[>M7qPZX먻p_XMQTF;_?~m2(Wu?CZD%vGQU&xTPϓN:?CBB>(dΩ^	v{x|ԝl#>XbRg	LzmreU]]N;rJrjw܆a\'a֫O}с`ٸz_\'OM7눈c#ƌj)7\\w-}NzkonLOKcW{N9$xim7t>IgENn.32(\0㔓Ob]͖[ǳ3f:<O\0\Z03fPJ7fʫ-nsptL&Z7(sCtY6*iVʤ1iT!dMq8=7]LUU\";q]t214R\"(+F\'w6Ce)6/J\"FCZw0X7l_>tR86wt}ssjI65v_O//c\"|FߎtPVSG^z\n+e蚎#æ~9<s[ί1lW({pm\Z<ҟ6zߗ@g\\.鞚CmEh#/0N_eH?9|WA)lhG)}x?gu}ջdT똷N{\rGvW0؛\0Xun O1	>N@uDr^`pnWzB0tCs7.}\\{<TRain\\:\'\')\'E%mPT7¢݁7VV/-%`gpOo[u֏ܼ-sO0Pn`EL[[Nb堁ـL>/P^RiISQAI![<k79mχ$\rȤ깷Xp99픓;.2\0R*5s\r1y#\'Z^/I_zOee3i,&NχB?\ZLQ:/T	05y9_61pppy:Ya~냕Ca(*($95ٶEܵcmX95ztGu5 `qQ1=픕xX-!X{mf|}n:FӜ\00ql޲G~nr|DED2h ?,^$)1ʾ}0\n\nQd.gX˃Cq/~E8Nzedկ<4端Cnʮ={\\6:*\nƵW^lɀLlہ$__33zcnŸnq(/вmM!B!āl$MT]II6//X|J*bŊ&TD\Z0PFd\n6o\'3jֿ0GEb:^7\"-^ o܊Almҥx<Huٰa6]{Jqg˅00OkEw|,X;vV\'s5\rSX]/k:jia++ؓO\ZeUdL89ȨhQKr7>5!BC7@1[эڡN;zOp\\d6c1[P+^2\r6C7*|Pg /I^^JXkAVʎrĘ}<txQ&ϙOYe<39s)))3XfS8`<ϙʹ߹g]={.8\\.b*۶۶mo罷\n+VQ7xNs}}+և.LUQ0+*h;\'Ť0W,MntjJ:x5j=;67NDŎnxj*Қ,s{1[:4S!>&\nK\nHf70b#\'¶+ߔCގ\rV|p^0hgL=T#P*Rjߏ.$R&jYus]QL8ΰZ}|ƐO㫹Ѽ,l݃%uéa\r47_|<zx.o]觇`lgtuȶ(}	/mHJN=\r%>Yqc.\0&xGY#8og?\0_˅g>g?w>5l۔JiV]27^A-y+.)x;	i\'}O0xx?l<p}YgZ>+wմ@Lmj^>=ߓg%a	D+\Z(H:!bzuGxzK\"8{RL[cǶ9Xi\0\"6_.d$*hNT|Z70Gp-[KӰߟ+pOD鮷r!#$X)\",s~++΄i@b,\rr\n )z/]F5Rc=~\\[d\rz}TEnu_l;w_,@̾Lz:wyOq#ֽ;)_%7mİadУG7t]0&m9-i&BtҺQV^\n@tt7mpi\ZQgDrrѤx2N<8|>/+$b2E?-cSQUEr̦/++~Wiҭ[7bctQY^jR0rZjZ(((bF˦$\'ҟѣ0L76&++E?-IOV&Vr+P[,/uHOtl*B!BuI;7-W\nkܹs9̳d#gn_6EJwezQ|]D]VF3&~v8qSA))	\\Ugƿ@+*;74Xfc¤(J5\'9â)jlZ-W=83p{.;ႏ?-]|ۗVC뺎0m\\>:f-̾TU	/\nzXX׆+XbfĨ1h7>ï|daGF!>6[#mЈ$8Af<=h1V1jW{$#;C޳<4͠rUpBlU2Lr&Ms/IJJ\"\nRSY6mwAq-7sl6L\rէw&Մ*kl۶+uv;qTbuG頀Ť\n벫r}hAAJ/n}\rGUe,n]EÂ8F[ճkm=w\ZɃOUh+vNYfTIFeq!&\rW%%\Z)[ײǙt}ߞ|`ֲvVIrsש(B0\r9[xr\0(*?P@C(\n\\BBw=--4XYI2kpiR)O8\r0,N?fۛT>F>6Uy%7ǌav^,V+?q ʞ`]u}=&r[pzO52.WfM5_xbn2wkilqc59\\i90&lؼ[I2rUQ1):IWQ蚂\ZgoD~0gN$w2iS_D1fS}T3ĉ\r0T\"Q}\nQV%\0\0 \0IDAT	t\r5Ixv>w#m7={չB!uQ{pCտZd?B5~^f<}*-,^p_7_WLmU8ο\\#{%9zsޛ%{s)_k\\~T#TUVqYg0s3<t&Oleù\00M̘9zO=DV,}YN0+V0yd8SNSTl\nLfx2d0?P?yL038WNcHFr	㒟y\ri=8:ߟ\r\Zk\ng-[ѫgPU,^3eehF8#`lfQQ\Zؿ}6lܴ7~aC2zԡM.TΘx:Zo@lt4\'x<+FFFֽUII}ٷwo6$TUe,Y3n?+B!B58\\P\n=z\nEm\"m[g\'~3s3<j?s3͆7J7P<[|<28/+X+n	{Vb=uvìwaꥵ8jF5>\n,\'p`d?@o]C\'ywC0n06g\'qg*/=?;nJM\nVjaVt1\nܬ\Z=n.QMyi7:nJtrݠBs0xkR1E(J:tמDްk(PDٹm3YG`sرTAÉ,i!;u]p8[\\pysםzM|5CEEzj2XU]ͱNap)\"ӟɵ7܈eۦ\ry4Ԕ\n\n+(( +_H_ffmsvu c\0\n&YZʋx}\Zfp@B\n<>\rfPY]HpI=\ZwbO7p99>$=?}/wU{n(-\'fYYNEo៬.TUK;-}`6ޝkB\0pr_*2j1@U{UjeQqݏ\\MJ;^$q!un^o/pGkX1an({0~gEt9f0Xy:{Uj{[j\n\Z:?	\\-&``a`5/cn+\n({<vk_v׉EpA=E_$6wDbN^8ǜ	8:|cu &:EfLb| &:9؟>ؘ=no˯4/\Zlם\\ 5/	=x+A7薚IbB\Zzyp}	G, ))x0䔌^xz2)IOSO\'%;#5z\r	臘[Ez*3rLb\rקy$^2	?HM`<uV*XF\rƳh\rR\")&X;^\\Qwp\ZT\r41]<H>dv;JljPtMCm4Պ3̋B=rjxW!wvƒu)N	Yi\'Ć=z*ZHh:Tֵ\rXf\rÇoUQja2t`zpܗu뉈䊩2|XۆQ:u*Sֆ<SucƳ3l߳W/^xF=9=JiuNΪV*!gO~F\r2ywBcbbp)._kt^8˧u\'oh58.8F3Ы<oo^6.>ɓNo14sB6oAX\Z!B!_]b褥O0R/Tl-{Fh}PhݺuZ2(­Fddr9Nyf?c;PήDDʈ6T\rEUUlpSa=;^٧98PpՊpq>ϴ˰Y\0ǎ9h}2[8U*ӕ+.//</$ZX)؁f\\\n:^R3:c0VtVWs|xè6i6vvNn!U=n.\'^\r,WKwOFf&Fe6ޢMxjRPrd̶Fx<޶}Xf Eh&MAC2\Z1i]~9`7sPRRa쯾\'\'$\'7BVV?6n .6;wi\ZtRȼ&MWsbp!=IIF޾}M~ŗ<C}/3ENn.|f>4y\'۶m\'+O=8~69Oit{tEᬫhm?ɤ`6W@&0b\'Ҫo]5ti|+8Z%][62a}*eʋ_2Ї>LלRV,n)HwaTPTVx[ŅeXL*;N=n}`;率蓝B\089?Jmi+\"Co-Ʀri8L.b1ş9)ߤa26Հ3\ZB_}}AGGnd2|,%?l8	KM1p&\\tRfbN{ܚ40W\r9B]`O`pQ`e:bP(\r\'*Eŀ\"=@{+o|31(W[(-ϫ3PR:\\G14v\Z(.ƨ	\ZPT`>~ŀ]5((:ۃ`߾muF}QRyk99C_NU{`wzàֹ-D:ݶK+\'ĠbpVs,;>r|7,6#*u`<UD瞈b1nP~\0rr||=:J;r#V}]sH`imE*/$k%D=q!Β2Jտ?B!D]7.m~,,/gWoMWl6La0\'yZn0|023سw/K- =-qg	vD陞]8B!⯫\\+u\Z\Zzz0=ྫ4W/kC-^\r60qD8z%\'\'+V7PPPa;V4	*_{-Q;A\ZKbt+ZF5[5u*=߃5h.pc*|>/f]PՖO*PU>y.b]msO`_+]r!u3X^pH\r0YZGGQUQz4L\\ԱZآڀ4\ZNr:tru[#WыuTnW,+fo_ݬYc%26t+,&+	Ianyfկ}5`J3Ƀ?:s}?5nFS(>l6Xy\"2\"7~¢ڊAa?vص{wp/Or۝w1y|\'0U\\tel0/qh<v;۶oϿ@Nn.Ͻ\"\0	񔔔}Wi\ZKxԶ!k:&	MQUU\rdt@4WڭXzDu;Qp&_߿`J~,X_：&c&`6pn+ΪJ)*ɧRodV5pu5w77[u׆*UD0mN0U!BғAr&;<k\r0ڡ6^w(p+Ϛp\"`\r&Kg(\n3r}j6[ع}+V:UcmVPFm矧D8_!\rcJ͖ȊHX62\\[i쳵RDcWhݚ5(\rjQnA㯙y|t86F!}\n7/\n&WYQŴdFbp\Z\Zn%=,,vq\ZA_$}sX	<}o,d߶/\0:DNw\'TŮǢ\\<o{^)Ae3g^(4u?z*F|Ŋ6G!kE|woonSJ&O߉B!B!WV.V٫P̚5Yv\n]QƄxRbt$B8aaPa$ ¤Pd8(#qz<ht\Z{׀oxw⋱Zm\n+.G[}WxpaR_9K;J8ٻGAx^|/n_23:D\'u1x$=W_IckGt?>UJ7RR*\"YǏ3{B5s?|>70`裈#\"*B{\n]%&&Rf53\Zvy<TӅ*7>Nׄ~ZgzQzfGGh^CK_J-MG[OMy=TWVҭ{X}yl\"&Bl>uL]HlfJǧ8</_F*\"t+\"H>D\'\'p|UF&ORZXTK*K\0(((K`Z9n-ݗVA8W`hɢYЫ@3t=kMu܅^z-Ȅ+oYOUUbUT|Ϲ;j6jfٚ->\0chn|Uo$r?*[T?HF+5W7XnRQP惑_Ԇ!:m|&_gNί^AN{_`zJz[rVuT\'УBu\rŬɼ*q+p,;oeԣ7gJ֜wgG~~gժ>سج1#ejU$3E⃾DFXR8{^oϹ^ngT.¤f7;o~!uŁ0n\Z_HDC	!B!k\'ߕ]ݍ\nҲN	Xs:0T	0{lfϞݡleZn|-݉NT\rlamk_.*+1tMױ*(ecJt{opϐ֧?QQTI\'V\':cx9$$$᳏2(tLupTzM-sk!sVWOKiKl~nlZ}25[D$6{$fCeyimlv;q		TVq[^@rnQ#rV;)=zv|\'>&2`DL>0&U!=NAfx)ܗ%ao^t?p;D#{Un\'^R{\r#	/7>	Ig_Y9%S:%s_Co_~Hͫid]l]׹omh\0x<.6YAdT4x!:2ξ>j]Of3#رc+?/!ca#֝br\nK+,Bfxi,Ҷd>B_vԻt\0W-s[r*j!;\0B\rT]R\n#8]^	**\'XW\"``pU\nJB0魀8Km[Ĉ:x	X{GBO1:J	1O!YL#C	N?*d[q!=ROԐ=\'L=\\5@WU>)g+9fS͡o>){?MkMq^g,÷NѦ~jkl{RYD\ntCayp4ɚ1X8㟼Ï=-sB!Ӷ3w%B!Bu/ٳ.<\rX\00jW9숱\rۗ}mZv/;*!;׵g%}e>pнGOsTW!A)? N}~5&z/)F!6݃[RDRA4ffFό$&@DT4NG5{vnc5]\'DG$>nv#g\nQ*(þپ$iݞxLI\r׊mmЇ^|>/>XXxS)*%z2~8uԭ6_.TٙjKk(JDd$\0837>:^ǍX4\0Ɩa=.\nU6K{_5ȣZnT(%o˱8۹[8t\0yEXb!JvNON_VDUU0۪u2c]vNYkX	>]jr7qI!^_knz:C#+EXƏ$2*ӷ`7B!BR]pr.廹sB.ёʶ\rN`#_W{k\Z^Mʤ(fWlpFб@׋E\rTUL-bZ͘L	o\rۃ\0%JqRLfՌYUAyvxn|)fV[涵χiu*X,,V~jPUӴṡ膎XvU-]VRD[\r405pС=Hi\Zla8\\\r1(`\n1aS<U=yaȠ}QŢi\Z6nfEn	U\n!a>|8|[n.\03hB!BӅmuu]`B!B!⿃a[f\rcFo$//s7&J!B!ugż<nfƌ%J!B!B!⿌TcSNQ#޽)DEGuuB!Bv\\VXy߳lҮIJ!B!B!{IR!B!B!HB!B!BB!B!B!B!B!$X)B!B!B!B!B J!B!B!B!B!B\0	V\n!B!B!B!B!BHR!B!B!B!B!\"@B!B!B!B!B!B!B!B!B!B!`B!B!B!B!B!D; B!B!!ٌ颢qv|>_WwG!B!&J!B!B!8\0.K0YDDZ;/NtK 1B!B!8IR!B!B!@e,VTDT\nRp\\TUUjj!&:]B!Bq\0`B5jW\\q<}`Ν,ZYfoumBo{]_0\0EE*:		\0y\n-lAd\0}E\ZDP䲅lf0ckvTCDdTGwIS*nEeY)uu^ʲROfoZ!B!0B!:_bb\"O=ӦMkݫʽKii~B؎=\0\0 \0IDAT~s౮o:5Gqx]&fe C\r%tO8nJUU!4q3ADhj:~wr=aGmUpyb`۱Xdyt;INN!B!D].*6-g6kP-fѝ֮}|5{/Ym砃jmaa!gy~U`ܸqmwJ_ZmJ8aP\\\\g}F~:d5\"\"\":}]s\'vvD>s߅)c:p8lx-p{HHHh6V+SNeܹ۷VZŃ>Httt\'=f8:z&}ݻ8#:d±:_]K?xN\'wK<\000-g{btf}9g]|skjtukC^S^/6m+lS/;mJ8j^O;^(N&*{+JR3,˴,M3ʉ{ƍ\"\\]H9s|}i!˲1cưcUryiAZӘFe@aiL]ZӐr6;-[0~x77ёm6<xȩS5k^^^6-R߿Ϝ9s,~&\ne;	_SR$R҆OMIj!B!Y{\'g/a\\INJʵ#-Nyoo\"E5\'̬\Z\nek_`dk\n.oӧ9|~WlyYo6}tMBÃc??$44Ӎ9f͚Ѽysikyy>OXNM4f͚[-׆E@X}`o4oޜoC+-v|77$WNpp0Yϕt|Hنc}חnݺomuϫ,\'.ȮM򪝺uƺu{yϫt<iym5kTC{ǋRVJ*{Nѩ	s.)H!\';򏎎iӦ\0899ѴiSfΜŋٹs59d~q*ÇoYRԦ.AJ)JL2I$ pZpF@\"٘uٙy\Z\ZʸqO([,tܙcǎKsRJ*̞=h|zR-krw\rOj4(J\Z\rvn\"&j/~o}hpFAThؽm7]Ú	!B! >.scI\\\nF[Wq+VB\'=RIňq䝙U%J뾔N/?Xݽ{|CNeҾ}g^[\\\\/_ 221c>رcxyy@yy>OXNԭ[YOﾋvyŜа(`.XF֭7d~wMoDHH7o?qK,ɕzD6s&?/ׯ_gڴilݺ؜U^VsiF6L=1byzZ{%A_xyDu\'w\\ja5EUF}-\nժ6=\ZyCUT*5̙3у-Z(\\k͛G޽4h}NAVT	&\nI;rxa\\,eH&G<B`Nr.?zEӦM			\0;v[?0m4ZjEJ>R9ҥK̜9-ZK]Dzlŏ5\Z\r;0eII{=:7Ws\\1+}zShQ\"/_aАܼu+Wʲu.D[nNuy\Z=d,))Sgѡ91lbӫ\'K-7fMŘpws)SY<߳fBmBȍmB!Ba\\J#P;ؓXke@mpj\Z\nR6wfV\rn)~mՋ\'NDTT?n;Ǐűk.\Z5j~ѢE0a.\\lݺu>M6\0?Hz*u{.FɓǳuV8q\"<x_~ggg\0<<<={6111ܾ}9s˯x̙3[nʹiʳUm͖T\Z\ZΝa$&&RF\rv1fB;sVKZtZhV%ܚ5k7n͚5CrT9/xӇpٷoڒ6s[sʭz73^{XCx)jւ>uk޺feMf#Go4Ĝ0\'ǽ{8u1114i$rMycҒ?üyo߾7nܠpFŋ3w\\nݺ;w.7nxn൴bcc<y|ݿ?[]j*.\\7oʔ)lܘ땵d/}{֬Yh4\Z^~e<kԽlz]>c8@||<.]cǎgt^oH>x	Ν=;d&uP-Zg2rH:թS%Km۶l[ɓ\'9::ٳݸqW_}5gg@Vdj4iSڃ54x<\r4b2TZ5Ց:)	{jzjNT*Ҝ,Ϲ޽{;/+\ZLg,_sfNdRU*Rk:xP	]^(P8РF8Smo2t]2tZҾfѣ<y.2]JJ\n&M\"88X75Fs.\\٘3Fg_cC_rE7YJp?>%)Q\"I)>L}@zV0ߐw1ACx*Y{{{*V;&׻qJo:~ҵKgʷ^9Fk4mҘM\ZYy\0{Ciִ	OCpaBӭ{tWFy@ʕ1G~`v#<z\rzZ9~X7=ŋRE[S3\\sx>vmZۤ.ǀ4iԈ!IFge\'\'\'B!B_T*\rI-2&JBSiZ`d⻓6~Z_cSF;#+iӓŋ3|TB-ؼyn	ӧF\Zl߾۷SZ5]\'ҩS\'^uWƔ)SvZnJǎ)[,|	ӧO߬z{GHHKȑ#ܻwvѯ_?J۶m/˔)KFhРUTo?ҰaCzMǎ-mJ~[Smdo2e25kիz[Tvٙ*U0n8֭[ȜsØ.]:3n8v܉B 00Ǐgڐ1cP^=?ΦM(U1jj汙>잖˳(5_ʚ09C.]\ZOOO9bV}9FI3cjԨA8p .]lٲ5u[+IK7K.{qww׭߳g,YBѢEkӦM#44޽{ӻwoΞ=Kr,6sŹرc[.GaӦ͔.]\Z\n-e˖ѹsHYl`3ًrݻ랹϶ٱ3=ժUcm6\r>KФ$ \\\0r8RJbr!ΝcmbuX%\'\'s,Dnظq#w2;dv\Z:u[ڵ5kÃm۶zrl+\\h\'PJ~nEdOϷ<f:u9Iگ89-V:uiӦƭ}/OΟ?\r1u3\r]r}y<e@uP\n5#3k.ced}5@bŨV\Z{6N<i7\Zꊷ7ٓ~&&I/p+uIHHv1R\Z\Z\' 99{q܋KI\r5#>zΐTIh4\Zɉ!!:ͭWN\ZsfʜYy\0l)J!!pvr\"$J,[J`@Yhj\n)9Y;֩Cm׫e^LY6FC	%(.u\Z4$ln35>ƶgƴW.?!\r߸)ؤ.Ni~cVX_USNWh,/^B!Bۼ<=iݲ.lX&Gذv\r.δn/OϜWHMM\Z5dwNM\Z5Kon~5ذv)yg`P๩H\"(Jtc\0)SӡC}yҮ];\r\ZLٲeyi޼9\0YXX˗Q5j \"\"¬.Yݻwi:uYCŋ9w:uݻ矧/0h ʕ+ǫJ۶mٵk6n^lYbl\Zmt#F`ڬZ6c2vX E1j(s#\'r_\n|[d6mأG:u跅9%70huы孤,TkǸTTd%J\0ѣgc^~///:q4^^^у͛sA\0Ν;gphIs睹_~{6mڵkqww{tI߾};K.=|у]zK|5|*-[DÆ\rٸq#AAA/_7ZL\"ܷ\ry&O߄Xێf3kkײc\0.\\ȠA(]ts1_\Z\'lVXEx(QY=:gd躵gmH߾}qttG|mڴYfǙ3gh۶-.wԨQ\'NЮ];v[r=9B˽qs^}/o3ˏhbqo0u<IDVk^0/)SRR5k+W@nNHH`ذaڵsf;t|߿oV,icװJ֠;QmT:yQ_\r=(PMl5rqqmIJkrʡP(}ܸqCo(yCm۶0l0\r{}%WiV(\0/G/W>{qt6`lojMZ[v\n	>6TF띃Zv=[Z~J͛i@~uu1^9ƂRd$eʖԉR;:qdsZF?m&i@3yT+V-jv-SY7F᷹7P}mOϗToVEf1`+/_lr8vZWZǏS[w?B!By+特qêRSS9~(<=i0179tIIYKFCz%_6nt C[ʕ+X;w2m4%*VRСCy)))Qz\r4\'N0YVhh(+V ::xq!GqFqtt;m.RPT,[Lvvv?~ܬlYdlߚjt**ۼMobү_?j5\'N@dι9/6W||<\'NJ*y\'~0fj{=111h4\Z\Z5j/da뷱4>>>(JN>mV=crJz@&MxG1zYz*8v8UVͳ|5|*;wn:t@.]شi37o޴Eo϶5;遃^hHP,y떥mTvmʕ+n^TTuކ:vʕ+ٲe-[[zu7z_W(@Qp?~ջ0붐xuoӯgzuA1SV)@a[h3%J?$%%yz,XiӦjv-m\ZVI)Tڙ\"%}\'QqTDv/I9ڣmdl\\-i_Si\r}6\0肵K,i0Mٲev-ܸ7|7(\n\\\\\\fƌ\\R7<B:942mߙU=\n◿W3qbX\nmٜ-ӥc*Əm_8o3Qܳqw\'A}.DK{!?Gf/ժ?Kp1YAbgg=0%9qw[B)?;Gqhnʼ|\\8;{vwŋӥ=j^/^`\'ouUR/~a>΂ysu#X<ʖLٲ=r4j9Be([ӧqZX>=dQM^\n\nॠ\0DC]mۢŒx]#ez6~6YzOz7nw~r~avd|T*p\n̘#%+~H=cjh>\'n]:osLԶk!)chr~ִ[f{lڀ+Wp~6_Kh\0ްǌi?\Z]Ϙ3g,Mr8rd:Dr,MęfB!B^ijݴ+/Lrrܛ˗wFЪiڸŽWfTDj %%%TF\rNED77_/)999Kzs=׏W^y_?~\\+_/`31jQziL	m۶TTVF\Zޛ[RRk>Ƨzۚ}kL18._̊+رc&L-3ȉB[[`{_r<<P;/I7ud\\DZ)ÇDFFRn]ݼ(._˗Ö\\9kKAtRuNbѣ/&%%Ŭ9517?(mH녯k׮8;;?|)`3ًpΎ;\\p-53&e?F	5Ku6֭7[[vV^MNVZٳ7Ү];ʗ/Ozt=uEzSB4\\\"sOTLGǹ;\'\',]V3\\AMyi*JE|Ь}/WK*VȀܺ~ώ\'AvءWbS	J:JP|%$P?2`uɒv_ܻwH\Z4hr8spQ7;\\~iӦ~z:ud|_X[ApL\'<qokLV\".]aj.Dw\0WcDE2e)Q>*Vjy/wFV-)Vjќ~`n,}.~ǟ2uza9sǧ˗Mqvv;0Kp堷쌛hO?S|6j$(J,#G\r<?4+;кUKzV߾(^GGG\Z0b0er=:ӧ#(WO//<{stףGVaT+Kb/$^ZN`.SePrtp_ren˽_NL>#G\r\n{2ڴn{vH<|,eAo\rςz\nе!u}^zk؈CGOɨzj7sX8x(KR3$g\r_F9m7c\\S2zTڶ\\vmZSYv؁417nq,*V«|yߏWTX3g~B!Z*\0\0 \0IDAT~5uÇIJJқr*s>s=*~uju={ѢdR$&&ꦒJE<CzsE5III!%߷Z9TRRRذa:u7`	(Q+WjW\r6$\"\"aWnP>}:ܹs\'KmAIIIv.O߮5k˜z[#62Ŝ\rmncԨQtڕvunX\\9gr7~ѢE	\n\n2849r҇;^uKG0k]]q0Ǘ۷UƔ)S9rn-CisDFFRL^/so0TTڴiC/b\n2C˗-jW[vswwVZ{QAooٲEҧOV͛3ًth7qvvҾطͽV̌}/VL2LenFٓ+a6mJ׮]پ}g֭4i҄.]p[vzSmj(PűEXqa\rk:w	[?XC׹uSRs3^nDEE1n8kkn,ik/?xZtG=ױ/U;;N}ΙgÁ+k+K_KO&MbĈz裏8{,{v݌߼;Ps_4\r]`2xuPltFZ;aDRR\0άטpwwK`\r+ެU\0ܱ#\r\riCzWd\0|6jNNN9U=s3:kJQ\\lg\0(%odooOZTޯm̎Fa\'#h4̟;n]0kҹCnTW~\0tl`,[R@˫ϫhݪM䄯o%޿ǹg*_sg=|}+dV>j\n{)W2eJkz3M`ӌxؿEU8\'S\rRa}S`6St{ܝ?\rey\nC]ҥ~`?mZ&u܉}̓PL6]f~A|B^%bin-3;n17o߾3/O/\0;ƭ۷i߮-;Bd=F3ɉJ+r7gϜ7gϜn*UB!BgR~<yDoʩP#\0hIVs:ժU˻Z꜎8FKon5-٭cK*WWW틗ԨQy&seƌQx饗߀\r-ZO?%JysTBVb̘1xf4>>uRX1oƌ3		Xbӽ{w mX%K0e(^8;w6/S~۷S+ :y$SNͬs#66˗/ӿ|}}iժ닟_KAokS~vˋ\'Mk~^yתQx>__^B}sHQ(SYIϟoV-߿~Hpp0Çё4CzuʸDqqq,_ɓ\'sF. رuZD	z쩗-ym۶#))ueV_f\rp]֮]ĉٰa;k^+TPM2yd~{nv4uo-%^hR桿cm_D614_3.W^\0RB] y\0gϞ%**/Ӯ;w1cưjժ<Ky;k\'Sh<&NȰai=?{L2Ţ}g.V\r\n%|x7?W\Zb,$G]:8.^Z~gEjÜms֭[fknmc, ?\\!Dy%ѱlgl~M\n\'\n83S%kcѣڵ~@V7o7O?\'K/1n8:vMZΏ0i)$dSV\0kvsg6s\rb#槧QTFst̾tdjb*Az_͗۠!n-3Xl=s6fv=:ӓػw:mz4j\'N\rmiիQuR\'ٻ{7*PJU+T`<LHH=QT)IMIfxoO4\'k܏vTbݵ;;K4tiggRJyYy\nEћރKBշ_-(AuHgh{Ξ?yk%3Smem-]*U1Gm5t:f:]`Wq;,\n>>TGv˅B! q{pvq垽(m+{{r^8{#\0dܼ} <yB@`7ouv9+sڑU(\n&sXxqx\rùtݺuOWtC\Z5uֱl2Ο@֭iҤ\'Çs	6oիW<y2˗+gǎL4KrA-y뭷:u5M3vX֬Y_ELL/&野\0Æ\r#&&Ǐs9^~e]%SV~[SmdMml7C&Noփ9[oK/ĩS0aNҫƍsǏgٸY_\nz[:]\\\\سggϞRJiӆdLlpf͚E!;ǀ7hRri\r|IPd3{wQ(`ƌ=zԬ2޽;?#Ca׮?4k֜ݻ5×$9r$wf͜?)>bJ~,]///o]v#Go>nʹsر^/EyxxٳgR+>2+t˗/t,_ӝdaÈի,Zʕ+ӲeK.\\v4uo%^!|stٵIvuX*T|}6[nlݺ7o<HmnժU.]W7-[\r6Ya]6iG[_*jԪ֋f]X<&vyJܥdPq)sE귻MWlڃ9cr[6G\\\\Ç19u3\r38sp҂x;nx)幧I	}m|(B -\0$SxQNvg>gvXKHH_~\Z.ch4\ZBBB84`,x?p/ٸqC>^N!^ɹ	2۷h*pWҨMd\'OУ{7\0w\n<4G!{KU@kզ^ƖTר{NΨxb			*Yj2όVwpp0k晪k\0v܉OŊTS\"v2!j\n{;%)Iȍ$GԔ¯=_n8eqcLll,*ͫCݻf瑐Ohf)\'mφ\r2b[,eMltӧNf\r4iي!\r]TMvmYfY۩XA58sTT۷o<V!B!\n$vG@&M$99MR?kϞjf7:(V彽)Vx钓vJoV*H,>G^ӗ_ݢ_*g3g\"_J\"661ۜv;֖)V+Vy$iS}}솸kiwr|SüPخ۷ogϞFϞ7<z&M{</y<&K.ͭ[̙3GҲeKDn[ll,\rbʕ9Y+^pC2Ne}[jݻgtFVETr?\"KWʑI|H⃒<pH8N?ȝ>/*f\r!)@9JӒPDu)Ѩ4aöDy=B>bUso	nt\"+ݾ˳^4~{t4k5t܎{h@fiu9Kܐm\0BDZv!3.\r߂?瓒U_`pj,=x	c|C3osmPHt\'h4\Z^&\0ƍ\Zҫo?>CѣO_ېy?K!hk\r|<rYy^溞z:\ZEf͚6!0 K>h{yOe__N>ΰ]Oh(QR/&2ze\'t,_9x.E7x8Ngז	yz?%0/̯~fM\Z3zD^o|=Kv?7OG|B0GbnJuZ\Z[?sd^v̽9c:))6wΜ=uR8~4ےyޱCصnhh)3vd?h<\0x3K}a;xsл\\x͚29c:RSygNFD9KxyzWJ*q]{߻w\n\"B!B׭~>3RIP.e.Tgسo!\\WWWl)E?#>N|cmڤ	Yetta}6b(M0bYokgP%Ⱦ)i#mmУG&L3xw63/\nTP%@%\0tCܹ3G8۞v	9\n&i\Z=#P>[`ܹsǬyvZ\rݫNEv]))jtiG)_ʕ}a]PeB#lc5+LS*P<!e)ABg(v\rFQf\Zn+]Z24XT?u4\r|?_\Z8~Lԣ8z}ڶgΞ%\"ke}?Mj*xy{:sZҬif̜3|:f,kW?M[fȑL~5jCNGDj(rg.IHU*HIJYStݔE]Ό+_gY3)Z<%KuAqt^bE7Wml^>n?*V9q,ٶ\0,[WϛsEi)3vdߖן̟L?ZJ=_|Eegמ=Y8q!B!ycN\Z&E]~ֵNzv:׮_7u33,aafTޙYcB\'88Ҽys*U@dd$۷ogfhԨ7o&..qѢEիGBBB~Wﹰ{nVZŔ)SL\'6\"7{mBG@>uX&=\\\ZF/K^9DJJ\"}OHRK\0SOSW\\\0	׉W8WWD~Xڊߦ}{q\Z씸[#	߷5)\nC=VoڞFϧ@F[WOQy!=V\n!B!\nqvv2JMI%1	%KzJ~zus{{RVRPңM5wfdT!DNxxx~WjJ6mgQhQ>L߾}%)???\Z6lȀ*Ir	ߕ)Z2)spNwUyHVc|ӱka\\M/4j5?%B!B-7\"=|Kaʓx܋͵2*F[vsނMUj\n	St9ל3+B!B!BceͺM,]+넶8#٪Z?ahML<VZKzB!B$II<Ch={;{\\)䔫e8۷HIJ2;_GG\'J-M57J!B!B!(\0l:M\'ؽu81U5mM`9]!B!)d41W7ofX)B!B!I$AVvnhB!Bae~W@!B!B!B!B!y!B!B!B!B!B!OI`B!B!B!B!B!S\n@ߕB!B!B$A\\_>)B!B!sHzB!B!BB$̛sX\"<y2bgݿ_/m{Y>VB!B!xQ6?BB!B!\"ԯW/٨\\s̈́B!B!IB!B!Bjұ4CT5B!B!BdduB!B!D.oB4ku?x@իW\rmggFuB!B!V+B!B!\"3ƍz\Z\0qy&\'%8!*:\\ͽ(*B!B!w%B!B;J!9ߣH@ZP壇qpp.W}ި\ZRSR(RL+B!B!DY\\:e>E!B!B!A\0vvJxQ~WE!B!B@$R!B!B!͟ǡ=8g\0*1IFQ/dPe:;;;/JMI*\\ U&9򗴿>i!B<\n!B!5{lJ;ocvΟz9rY%z:^{m	h~zZ6j|6B!B!yI+B!BooJ;f\\Bre˲`KII)j$3\r[vz{.PekhOqM3&`E=ݰ@Kpom:\Z\\v6)#}a)/C!BJ!B!B\0?~Fc4=\r7]vyT3!݆\r8x m6k4\Z-.<ILsws#)))k%D\ZF߷h\\4{Zʵ7r29=\'5+Oj޾ IK7J7FflJō훭.C3uWq:b;lL\0L!B!V\n!B!Ǐ3frܗ/\\`!?k,۔S\ZОY3gQB-[dm&p~c:q!T*ΕʨkQرWwȔ/^LƍXh-4>5\Z\0&~3u7jBCp?>/ǎSǶ[L*mi:yATeeiyOz󎜽DF?$)E\n!1ٕg,v9ɿ~Z8z(+\\MTe|NMVzmMa+CqW(9Oi\Z֯O\\cpqvbVQrwkJٹ^{a\"I8fe4WR%NrF-B!ܶYnbvX)B!B@*,\0ISܹU\0@ղxb>,^ƍ/K-[ŋӲEl_4!B8x ˕wŋY`o.2))p54ZMV~:U˗})Ss\\a\\X~C~W#ߩU*\n?O|R-}wv~Z\Zs\\O)ʘ9.`ۆӵ]ojQl܏5XRu7qz{\02G\0\0 \0IDATmv^s!ūC!\'nDpbg*v9=YoIwP(t%W~mj>\Z)Rwв3JUAKzm-5%lj;ld\0Nϭx5\ZU\n\'dI>-۶Tڡjj5*[jLOOR\n[dmypT*i\\(QVm|#q1qQDg݇ Xdf9s	!B2M˸q|N+B!BfϙMTԳ/ǌN~U˦=z󉌌ǇZ͈#x+,[FC^PԬZ\nFC}te9j$zbŊhZzMziO<zCϹ}6V*Ujժyj]:l2^JiݻǤ\'qiWW͍OF|½{h٪%X{{{.\\C5sUTAVӻOoΙJ⻉q*W̧>L2T*zE.Y|92P-_\'OW_ۼ\r+ƲeHMM]vY^4۷}XpW^W*J\\\'׮_ûc~u&?zʾ\\i-AoӪe\\\\IMMvIŖiݱeV*U*\n.Sx=@W-<,\Z`2Zun<quB IKy<NuB.G&\"yMWīvJV.NqRPK+pǪ/t\\L/?c9,~KaWjUsWz^OFu2ݧF\"<Ai|*.)^Zjr\nUl:ؗۓʃ7)=<yhZ*\nb!z_MIIC̏Sq%EIoRzx2NmZ\rܼRS«bE\\nGg;cZ]Z֭[>M+B!Ƹq7nU6B!B!^ߚ\ZԘA]z5y>o.[Jy|?{|||Xf5\0vvv$&&_}MXt)111iM哔č|}nٰikzzzo&~FvYbyF\\r%4}+|rWμ?0\0lۺUrxGݝ@*UXb̙3իd\\\0Ix6{D#**/\r\0jي={j*6mޔ5{s5,XիW.׋e^swscܹ6qHРqsZȜU?[֯6R))\"m27|Kϒ}$({?.Jr*$E$9qxܺ~ޔ>?gA)Z-\ncuS<ʸ\'ըjT>x,EIW{RU<NJ=>l4mCZyN+pFgPjR{b̦|*Ǌ듓3)c+߯%!R_\"!z|w1Ų]<3#&]ݔ)j;^Ssn*)ZSeR\'EIخ0Ƕ,.Omˎ2lR^NU*D׭Kf4$ãp3B7\\.ͫR*du!BXi\rR!B!oqoe|}})^M.03!^\Z\Zܹs|5+hݪ5\'M-jigggj֬ɜshߡuz0|j5m۶v9vnnnԫW/׆Z6~2uTFeHG`\\\\\\ճ{YoѼ{N:;vΝ;sq^\nE\0;~ٿͦpt֝w?OVӭk7\n*wI._}K[UV\0,_ԚSe/\r6pABCCiۦmwxlI\"%	EJPB=(QJQ*yr6HD!CH23d&M6?׵ٙg$w\\	Tzr%wuOQaskۆW_9oXa_;^%p*ݳ[2#f w2\0?<Y?\r(r/plggIE?|\\Kd8#\0)ګE#~+Lzf\0;ƐCΑ;x9\\Px\nz͹Ù:hsy*L{ܳ~_!P.o~WNM#?SWa=~-EaFsnmc8&?ѹ]ش_KـݺaY	\ntܳi5m䩾_.g-	WF	Af\Z7m\nUd΢qӦ$Á2~;KUUҍ!J!Bʕwq7IR!B!Ŋe_ضm\0aaaWx|Q\\0c?6<&44cvP?s-^ČfK/-uT\0n>srss?{l69+d\'l߿ɓ&3l6֯_ϰ]KfffDEyvM:m*w}w\\cIE}[a=aÆJVVWv9cFƛo/_:{11ddd~\\Xh_ԭ9[czÇqYD6n#3~qq=\"oي`GӯLf6\'Sӧ/[Ucn}\0WoǈK\\8;~%vmxaڳHy@ӛh22Yls?=clތ&ӻWOt+r׮M?p?CwSUHr˷/3v<;xS\'ɵ5/pr+\0@iǇ+)C-[[DI~RwB5B`TC\0q-y[9>u^g凞8U\\R+*=55sHH̗oerwlQ;?*r@~^\'Nk|6ꌴr+E3X|)8;v(,mHRTWyurs?yɫ=q#ow=v]׾=}\\\'^:Շn.elP}cŚ_se%ۿy|Mj},~e_p:u~Ev{2k .ٙ>\rnUUq8J2UB!W,J	V\n!B!X	&vVV۶mtE,p&OLpppː;t:Ya=>O\\uEc۷ctt4}KLaaaa4JhW_}E֭X,$%%_(;LIff&QQQdff1N0+ܹsUb\nҢ-_W_}7u}+-SN[R;ZVr8s˂WR3|g~i1)=;vW_ՃGisLBuޚn红Cztv(9n.kȝw\rĉ4hP,q\rbQQ?5BJtw@GW_ϳ!ƍ\0شozЏ?~Gy?d խ+<ǡd\ZԸGt>>]$vUUѝN?;gZ\\suO~^^h|oɓ;f{\0Cym`ߏSgw\0􊃷S9}HHpV+]ׄ}A=B#}-M\r8GllmJ\nV~WsyDv\']\n2I޳Ć{lG-l\nVNmlp7GsKsG\0?\'t97IJs͹-U;?N#e\rpsYe~_KS3Ox|E9ѽ=sUDIX<_Կx)tqצ,לش1;pܮMTuK(-@G|`2K(-	)c.j\"v]]s2`dZ,<w2+:t}g5JoB)-	V\n!B]KAMB!W&i]\Z7j\\de]M}o%&&l2}-\'7q,DDD/rWӶm[bbbK/p3L/4p+Wdˀ+Pyiٳ\':}\0n]믹ڵmǂop/i׶z\Z6hȃ<c?3^V˺*K믯v;:t(,xe+\Z{?~\'NEhDQΆ:wBL?s?In:صkӞ302G9xvI1is~c_ʂ.;z,\'N=G[_]q1k۬ZsY/T\n ̳D4_7\\ׇ\'\n&f<;XlٺӧOsUlJ٣;wU˫Pb2KGw=S\'e+Sc`uA1+`Ng>ŎNFTD8g2}Oᒦ	uG8r8\\8ϹKKu>_ۛe+WpTmF1(Z!Ґ 2:ʪc6̡wYxa\nyݻIF?Y9^yh\'Lo}嚽(;׬ęW5?H9ur%{guB*WK(I6a\nS_*F?~cPs?NTU(?y4I{96\\+J˔exfqp0\'iy\"wq&OP\'.-;d{>ÁV:K:V!BT`?/-B!.c2N\\߂I5!dETT.PE.ޖ|G?h3SI:gf3|>bc,]f3z+~Y7b^z%nVj׮{X.~]өS\'\0]vu?|pM7|C-xb%eI^vmmQ5>S:U(9sл*tfkto_ݧ£<tYf[p}x$\0bcݡʂGD{Z=v}kbq):HV?\n|}j3k(#ﾋ\'(qhw2_raJ~<,[A^=Yb%W;9yT.4Ml:r4MAtv	?И=o69VkѴ\reU`ϕxn	;\'p:>rnRpI8xyK\\uWn8!ǯNᖡiܲ5A!v{ 1%7pwH/	8XKg\"hy#(G+Jhl+iZ9T8Vח߱U)H9;n?¨f=\nVGB,\'LG=LgҼ5΅m\'<8:XpNT\'3\0W8^}\'xؼj3/b8Ed2q2oJ#`kc`c45luz@٩PұR!XYVB!ɂxY\n!De,x_[SU,cPFseQvmVXla%\nƘ1cJ5ӱcGʉ<svĪ|\"5kƒ###6m{E^Ypp0[bxlkěµѣ=z(j[o-\\~\'֭_G׮]sm\ngϞ\0\Z8ȣ+ePPCh?,onҸ1qFuߙ˲L\Z%$x+\'-㼲HK;MlLXrrr7` 999~Ys#G1\Zp]^G&>GaN)h<(Փ%^^7\nF=LzpGx환tvg2bM\0th\0Kx$9垳V>(v|eC+韼wScMd6ő{xiܽ86N\'A8Ol2zlb	{G_-n1-O̯ߩ3q<ހK^^s]Ksw\\	2T]w<*V%9I0eb[Lڦ;4/m[[99b0n8N|xU(}\'+1_iwh|\03Zq{jA;4\\UUPqI\n!BӷOo~\\IR!B\\0\n%}\nKqa)1EUlӦ\r&OrNN\n%4J`]Xr+cʆ\r*%X_l7ʠ\nTYPBKчt{e0}HVv:3^~]3S&2噩<tF		L,8V>uf񒥘fڶi]\Z~\\\'=^z<!>Ɖ\'Y&Oxoĉf\Z%ĳg>cV뗷JdǮhǉ_uԮͩTw],a˯r<;y[nJf2~JTό\',4]:c:S` ]_C؜urD,s(:qǫCd}4D6hAxTlgDFG\rE481M8qDpp0GΝ;*.\\yb>CΫ];U;-Y?W-Og-4G^?*,b	ŠM呝]ΐe	VV«/TYEA6p)M޼`+#@B,I#t0[zOEO4kW9b	p(F6[sL;vVY0**US1MhkdX8(ԝ33΋e4aʄ\\ڬ)l;$m*aRUR+B!*Gy.+B!`Ruem8ׁGV\n!R.M<vU+oܨG\"&N(BGX~Ӫ(`)~z9²+yޙ>\0ߘIDD8gW玙<5~S&=EJaV^GJ>`Q|gq!}\'N2kیg{]\"##˯ʎ}o7ӟB@@\0G兗=b>zo<<}\nӟ#<,G>RͿtJA/YV]׹y\Z18\r]yhSǗf6sLՄhb2w^dLC9YrGҚd6c]h䭷Õ,9s\n\r9zڱkp̏p˶	9ԴҭEat@,]\nyn_XB#\'B!>)6V!IFn!Pv{ǼܷJ?Gul0u\rE1t}<$zPfڗ̊ĭHjJLD4f͚U!c	!BEIMM !BPe~2uVvIfff5W+EӼysʂ\0\0 \0IDATpɑ#Ghڤie]fs!p5nܘÆ]wѢyBuvUJu_W{t,]iDD\0pQB*3Ev͡n]F0\Z,^\r=w쬐1v;f?p攮^a	Sune\" ~:/UUI&⪫`eܜlv^@{o67\0^Ra.-r1Wkyjz.\0[W뼢lo	[-/c\nԋ.})e<h4Mh4:PxSGQd*NSU4MCU(躕sYg!BQO:V\n!BBPi@ilٲ;vHlllu*Ehu$FӮhDup{ﭒy.ְUIΪdt.Fa2]~yD8QaJLaz4Kr[㓟V]C\0&ur,K(-6*?Oe?mK*y\\+*ܜr]oy_IEUm\rWρ}ſI?zhD4)K֪^&F\n	J\n!B\\$X)B!kUTi\Zp8صk5h$00ݻwӲeKf5+ceRU$B>u]s=?,<t~t\rNDTTuRinח%VTw5`BYL\n\rTTUmҨZs.B!HR!B-t8dggSV.S!|2Lp[nQQMuB!Y$AADDEyZU?LF3QQUw)\"6&Tw)B!B!\0	V\n!B^~JoJ^	!\nnV/.J!8T쟴4n.C!B!B\"J!Bq_<ceev~Bp/i\Zx~\\o%4avB!B!B+B!y`2પp8l]Bf;Tt]/sݻ*\\qQIjB!B!B+B!y-?`Tce~2c,+8_8F#&	Ʉʲ,ޢy(U\\d_D%B!B!\"	V\n!BB~H4t]GUUTUnWwiBݎdBUUwX<?`i4\Z<!RwTb%B!B!B`B!8^t*;WtB?\n\"sB!j]׹箒Õ|XPO>+OI[kٻkgν{3gNkضm]vYǩ(RoRoRoRBQχ\n!L\Z$4\"2*گs+dn	V\n!B[|p8ʂkҭR!j6M8u&ǽU9NҩlްS\'Vajz|z|z|zB!BTCu B!Dyޖѭ`ʚ2H7:!.nJo)Ajř3+V>!^隆oYS=2j\ZmԪSK?l۶K &&&!B!.B!Qeru]\0Ryyyf+fۋ9٤1Uut8 -\r#Gѣp(841]wUw	yLU\rM4TMvlRp}e uUw畚1NMMMNy-x[UkߚNϞiYB!Y\n\\!B\\P\n\ni\Z\'N ))x(2Oq\'\'1l>́￩[,+E`0[ʂtę\rVο&Π@BNDEUYmBQip}]pqUfwzSMbtA߼o{C/^B^z.{h,999L:<+q<Xn?\0uy䉔rUmVcM DMM989KU+K㯉\nm+LB!UIB!W0ts%DQ\\rssHq8vN]Cus꺆;qk>vw4WmfMҡC.2.\\Hhh(F=wM7zhǯ:fȾZnuVʂTOL迭y(\0JM7X(*,\\y!X\"77BBB;u&>>B.`ͯkHNNFUUj׮M+:ҡCYb:wl\'==5?<]d\"**V9Uu`6{V\Z999:OOe;T,g22xY7A\\&N|\ZokVX9ʤPNmw!JojZIMMMO`p]wҥK{_.p!yg0!!-B!BT	V\n!BFq?~t8v0h(8bgttWmɓ\'			/O>A\ZD,~!ȿ$9QFkx71T]ʽ{PNyg]8r%f(&\\u]g}FLl-[ԩ7p𲆗-\ZU9]+-\"88ƍDrJ2-ݻw3x*<<9fΜɸq5zov˄<MVd7ӦN{~^276)Ƕ0tԩ}999X,˶h}y۶/رcҬY3n6K]SE*tW_zjf1UUd:y0hPRs*\\\nVWJ{¾KȈ2\r\0طwA<c`uz|z|z|z9u<\"-\\y2$?jMd0ѽnwKzk_>xalH@!ۛΌ3\nr=Os4(	a	O\ZR~\rO.bcnG=NI[r[ʿ&*\\	,zP\\rTju؎gcK.L19؎.o*7nt<@&C3lXGR!BQ~B!\"Ѻuk.2AX339yݡAA1\Z1\ZPPp4UEUUt8@`X(d9֭[iӦ\r&88®,pj_ITUl6t:ٴiSj|SZ;ʂNWQ $bc<uPeϞ=ڥ+!!!dggi&V\\u\0MeJs+^eЮJ:ֹr%e+99En\'44p[,Y_װrJuM	#_˖-ٲeW\\q{ߖ-[hѲ@*/tiiit	Medd0az-QX?`ȝChժeGANNW,畗_)Á@0tc@hD$P.|mW^qWq2\rYYYҵkg|`:ʫ&@)^ϗdtO4\roʮ3|PÔ->h1Yf`Y|x1/G=bTSe↉\\=z{̭3Yt\"ZD`O/L)ۛ^Zrd	CW\r哫?ג-Kn7Z\n_3x$Kx|?	~fgK}]YP	aM~&܂9-<UsA޺U>]7/ss;7VL!Ԫua)M!Bx}kе7KR!BR&>!pPf3¶yb\n`)8spƀ@&#(\nt8pX6j\rnab	kؐtΜ9Cƍٹsg+XlWJs9:U`n/S0SQJ3\'gN6w}*9SR.D2rsQtOTm6:w@hh(ݻw\'>!uѺuk,_+V9Xih}n^yC{%}~lgX\Z4p;T	`0ӧU=+ke6m=֯sgv}IHH`ԽPUg}_xHJJ\nӟSO>E\\\\ēO0i$ƍWaAͲt,Uʸj쒩*/2OfoߞwS?ڴi@DDn_4ƍGYlޘEzz:|4lؐﺛhmMxᇸk]dѣFS~}umڴy#<<#F\Z\ZIy	f1DDD\00uT\0}Qf9Hݻv/`^4@󹯝\0UUQUБ\n&S\0&SǾRn֗`\0v\0yt<OOHZ$\'0s=QFrt]gU\Z=iSOV_EvI=I=I=Uu=/oyWΦixS\0ZD`ο~.#`!|_\\\0%gA1s574h+go4ft\r >4f3kY:\0ԿR{b4AXSuDӰl/\\$XYZ޺U*!>1>G3yLK4B!S-wd@B!P%it6X`d;c=tKjZm=Ԃө;q*݁#7jE44U%	|Owę3ghРl.(e˩SAAArlg,?c\nfs/.KQ	vvXmk-ik1vZOsuûꪫؾ};}o.#pҥk֬aݺu5&X,v5o@4zADF0ǔƑ#Ghذ!aaE0(\n:tSNq%ظ8N:EvN6PrrrHMMAE/hؠ!s/?-~naÆ޽Dvډba箝űgׯOxxxv*nY_j>KHH1;$::={8cG;h4wvN, !!ѣFd|Gh4p88|0ӧMg,X)L:+V2f\ZƱk.سwqqqP%gx;=߿\ZUA@`ɀp\n+[o\"9y\"0es+<d,x{!-4͚]ʄOxpa0|=B{o}sk$RoRo{=WԺc_4&7%=hޘ+^It}L5)/I]ߛnճVYwj_䱯SN=֯q*Cd˛|nΑu4y]I)u׭\0\0X\\gB!$X)B!D)f\"\"\"\\FғS;q\nSLt,/9m;\'o$NmtMC躎=!͚ҸV~ptiipPVJ]ZQ,&Mл-?r:\\3f~nB@Q5رҟw\\õ,:@ҹsߛ5\\:5kָ	 6_{-`\Zt;xv*v9Fߡx	i>_&}uls#=z`ӦMnqv♧!((f3\0l{3޽ݻ{n\\ۇ6- YY+Yz5;wf\0у]}/]PVVŽ=j(E]׹Umv̈́&=vw,W$88=zr޽6m۰uVر}ڵ9WầLxMl:>p˲W&M\Z[hԁgL`` OOS&{V\Z4ZqProқ]IߤߤߪR1?4ԍ:SO^*\0UT+6D}˹\r%-]S1,^;u~un\0V|Y˖4hČaRa5!Bq1`B!(ӡ(8Njũ;edEAղFꦿ	3\0X5%Ǖ#\"pM{lQ3#?WfƏ?f͚lUVl6f3/;v[ns=\0tԉz[݊5f`tsnn.FF5\\a1\'\'s4J?{оmר*7LK#˯ʵ8@ݺuIIIn{\rۿHڵ5Oi%Ibуuq[gZyۦO۶miO.3rH<=m<>TղZ,~g\0\Z5jĠA\Z\'\"\"bccsaʂKpb!;;Yμ4oۦ->sN@{Ϟ=|<ē^4cg@K~ju,LϹ>޿w~\Z6,{ԤH=%z|z|빢lH@ڝ6n(XMÛHi;XJް㜵\'vZVOۘE3COXt\"SI`, _qjv㹟<uELyn\'p8 0PC`u7\n!Bq1/B!Bl@Ru\'5UE=qԚ,#\"H\Zrщ->r͊f%	°gec){@ϳpj:E`4a8,XO<ٽ{770rI:,3tj(f3NL&w-+r%di2ѹ4M#++PFAZlNxtūn}->/C׮zC73%Yt#999|E^۷oM6>W&Ɓ8s			^g3yyys֛S^}-[ƥ^Jpp0͚5cԯWϗ	\'xܼvZ#\"\"{ldرji5jԈogossrr<W,2N~377 rv_cll,;vDtttW-nkm躳[)/ɠۇb*P`2|\0ԩϳt\nƎ\rcAMbьtkh۶m<H=I=I=]<|Ìu{2\0#}#W{}fu\\mլǴ՞7?NVzkH=u4~qmcپϼ3dn]z+θbzk+-sDC2..џA~o==\'s[݁Kw1|uh̜9>]wߍPB!@:V\n!BQJNIvlq\ZG~ؖ-	֜I\Z>6bڷ!a(!rr0bK=[[2Tll6{+hdhтl6c\nЭځ:+!(% t?,F\Ze/wW\\AQFe2+d<㭷v7v:\\쌃塚9.ræM8vR	\0\0 \0IDATp!vv7&:M0\Zѧ4E!))o6Im=.11e˗qmk?Ya=?0\0:t?c@WŤI|٧m]~x^z<꫌;#y>̜9.2rsshc-Zb\nsK-E\"\"\"زe-Z.5kpW/ФIbXf\rzbڵ4nؽm|2-_n]ԩS!\"4M=WY<X̙С#4&q-xuu8HLL4u,]QQQ\0} /\n6[_#<M}oqw+[UӿQYܸFd >,?W}L%nw}qonGb	C~,nozØc ݩӥN.W.cǓ}IJqxc&DFf7|Wg֞tuW1Ĳ>T%+|3G1\0Nͬ\rlmiЉKzOgc\Z`cNq]WhsURJub\ZS!B?	V\n!B+\ncK;_nͣ1D6la\'$2ÆGfNNb`I~\\T5EQ0Uҝl6ӦMK*lsδiS|wş1cU`@XᦛWySx}XBQBBʼ,xNٲe+V >!xh255N:\ZuG%.[ҟzcլXp}Oر#\r\Z4o!%%WI]ve&ln棏>bqDGGsGiRR}]&=?쐔tҨѣS״*dU۷MҠAO^},q\r\Z0l0[vm#E;WׯVQF5.}2tK.a	ZBo}E4\0իS\"22{F㾿]v|+]B8ނܩ#;u,3$y}[mVVRoRoRoRm6͆zrǥY2K.t1-o/8~/`߭n7߸q*Jdb\"@4]B;>>ϱw]ɾU\n!B!+B!EםNtMCw((Q?.$\'#^(MU	}bw8P\"BB1:vsokh\0*::F#EA)psD/۶ml63w\\Mi3EطoO&22RV\nQ!\'\ZiDԩS\rW*&L@qQiԩ֭ߧK.$N\",,iԮ]ܹ;xY\r+ХK:wLzz:ltr!6mħ~Z%͛{\r=Ƙ1cWg=U^Y2×-oyڽ\r6}.h4A-]TVhժUDFFҹ]:~tvѮ]b2\Z\0m>ƍILLNm\'ZxBP&@)#.FKFWw	B!B\\]q\rpMϗ`B!(TDtikIpM	0G\0J	5p\rV+9v-oK\0C\':V2Mbb\"7xb.i_Icw߹.T\Z&IBTPT.miL]\0\r0JWhr[7z\rXnk֬a͚5Eܹ37-E[; ϊaJGQKL&ׯg޼y<s9?+oXYHlic0\rB<q\rԭR,777ǷVB!BuzeΗ`B!~8qA:qru8*ϣYjN.I`HG7Hݴ(g81+h0`!6m\n3<3g?С:;T[n]v^.BT%,\'L(AA(C`?L&\nD:UFEy:M}ou֬[CbQFtԩJ:U}{[`hUZ(&TUeӦM\\k{_[5UԒv\nDTjz|z|z|zB!BT	V\n!BӉ먚t4y6ĉz)&F	]ZUEEEB+ի̤YfFoμy\n\n\"22XRSSٻwoiq:}BB0\nrrpm(i2X,`ew1LO !>B<no2ܝ+k֢cǎ]BQ:I=I=մzɪ.BQS4f5BR`B!~t\'k\Z\ZÈH8E|]5`Exݺt}q1G˲\0\\**Tlplڴ	N@@@jի7o8NÉo%99<BBBxغu+B*`6CLJTݎz2\0.Y-(t1BTBz|z|i!B!EB!P<\Z:;uT)\"܌#kۑcGC^V:	!\'#кui{H<.P\n%3b@q:(l9(X,.RwHEQ0L8NZl>d2:_yƔpU` YzX!(5ß[MG!B!.O	!B!<tZ\'D8B+	Ś)(cYMz?iYתE1Rӕh\'P<<ƫwfɾ!DlE{T)KQU־־ZRJ][[-E;M	%b$H\"d#Hd2IDݟՙgs94H9\0%Ʌʗ\ZB@Vcccc\n)j\ZZ/nT*cjZ<u>B!mEh8c\\n#^\'i4\nŽvvvmEuc4v>rp\"Ų;Pt\rܼs1w^_ޮ\\y3H.cLlx꼙]kLLSMZ\ZxAwٲ~ESݜy|ܼS_Wj)ߟB\"+V\n!Ba\"QߕmpA#bNBl,..D߽ǩ95h\0<nDGFb??zwC}XJR(B!Bܹd);v$66Ѫ׷0yT֭@llŊhӦG̚5[~ɓ\'x{gh<=z0x``Y}$qǸܖ\\)ŀ:]NbYFbdGoBaGNPvu\0<xb*W34Xbο3g\0}H>C9uVcoZ:ѰIڃ~Z͠Chg1EbiY)n~Nq3gO峏>m/}<!eJ!B!L+V&iС\Zp)S\Z{>	:9ƅ	ݷ\"huZvl%6:CǏq)R*w(RRTYirBB!kgtԁS&\'O={.`Ō3D9{>BC0	(:DFFҨm!{@MfϞJ0`2Lcr[1Nd$:Zձ3˗q3ɓD*\'G\0;t!l(\"ӢJK-	UT?㓖_ja)3?+\\EyrKpuur*tT$2qNB:}m+תmV\n!Ba$tV&k/=k a-]I](\n1Z\08,}\nR6Vj%m.xs_B!^~[湫Ǎ\0o$elll\09b0iа>#GQs|U`ܶ1Nر/eժXuX[\'q_\\)թDZex<1w3n5|U4WjUТ-f9˖%yS]0IzX	ٸ10-jwޱa`Su])s`gDGHJJ&u//+FtK{\n/>;Cw2hvlY֚>׷\Ziq2$j}?fjٸlƨzD^4ez_/O}[[	JiE@\0TBC<0zb3 6܈Zfr-Yf1=cPyŎYIy/^zӫS퓋,_,JJJʰ+	\Z**\\~a\\<ww>w*y5OF}./0\n*@ַ-Q>Jsl}L0qctgO3aDvlkkk}9;91~g鎿Zefcʽ0Rnl~rR43|LvCģTV*תNݩ[@6]3Q[iѦ9#\'兢Zsޫ-q8Aw8\\pILݧu]SS9u6cs`B!Dn\'B!BHT$%Bp |^D\\b.HRB,ZP1\"^jWԬ<!V\"CTPP;BXoNGBEFFԩShkUD˶V&y<<\\bE,K<~[Mvic</ Ԗ˖xy=dh}aml7ѢE$Z-Z\n\rqtC>ݝ3b:)yOԭF93F_Xiuݸdʔh<ݻ۳`;}>Ϟ訤Ml͕!*cB	TPvi\n+_]ө:\Z1\'`7ֽ;鴿YE#F܊E˝-)PŚx[csQ+$hq{3VP>oپh&¿rh\\K8{;`oe/L]iH+N6-⏭)<w0kʷ:~S*\rH)P2UI3Dʖ/CLL_XJϩ1Tլ[χu\0vvR_NW= {bsx\'w־ݦ;Htщ9f,NcrfS\'3gO9mL)הZFIˎ|ܩښĄDOwZf=\'b4IL\r\r\'pښ^5Ēk/<zM>`_prvWi\n+3.S)SgJet?!\",,LtB!%NF!))	FCBBqqq<{\"((Efk\'O\'Kē\'(bc9:f2OB-Р\01\0(PCo/\Zہ\n7`R|S ֮.U*\"\"\"Xj..oJ*NNN888`oo-j\Z+++T*VVV(\"44T\n+%xqϙ5}\Z,ᯠXz%=:rGKID8G4{Brl+\Z<xƏ{>n\n)޾g.]S	-[6g옑U.jkĵ2ѣG7]jm?c1.P*XǶooG\"\"L)@4eJP66\n\nfاO_[7Ç*T{.Ν\0XY#)	]cEdv])߼bM=gի\ZJF\rk[g@5ucǶ?y\\iuZrg\04M1ԗzk]crk**k	H|\'L3oШ\0f~=o22n*?Yo߼i>\Z[}xz%&$R[\\{4S|f2jhf܋.2jFɫ~-?0MgLVoZ.߁L)ʬ׽r#Ώkh~LcXy,~j,T{՜ej/k&_)4yvЦ5^-~xr}-){?Bf*[α3{\'ɛ1(B!		\r\rՕĸ8yxQ\nT<A%\Z$B\nMV<\ZPVA$}h0CRքW,B!,Fj\\\\0j06nL^0vxp?C8zd?g䭼|=w|Ӡ1=өsWZR_j絬\\N\"#3bD#Wv\"4c1.@;;ppP`kkz2R`||rQލIj}={^wd\"\0NNQ(R%y@oӪUJ=z<>ZEכ*$\0gk>4cǅH_\n(z\ZBE*m|\'~s.=`ŵ{yU^A\Z/#Ab\"kAר^z6EѧK_RX͸֐kAרPBc*U 4Ǌ8s1ܼyZZn朊U9yqȬ/J6qMK܋2SXBnN\0ڷF\r>a~qtdD$cO%RĹ\\h}ve߯$M.S95KGNARBSd+p!BF0ue8;;sM*W=Ϣ[&!}t\Z*%JRR@\n*J|>عIDN~,$$\'\'lBCs:\0DGEgH\Z.M6Jgg\'͂s)_\n\'|\rǍa煒/\\\0{fϞ\07(˷~,Hܶ1N\0ܻWebY=/Ұ\rlGf\\mFrt\"н{J\nE)\n8ٍ~ƍqlǁ	YjJx^ͬJ=v{Q֭,gZC<VZ%FPe:r:47nl{̪~uGS(Y_Ɯ3gǖ6]w30.<[7 yM61{ڜ,e*Nï`)S\Z[P]LWؕmtA|خ^voޝs{2~t_)?FW3ΨX/7܋$̔2ZjSΙ>ogҢu\'BJRX)B!	x\"K\\r\\xhlp.U+\nJJ*U*T*JJJDL%JfJ\\x1ۗ!B%\"2ʔTUW]c}^35i@@@t\'$$lYۊ$qǸܖ]ɐ!#	,YˊxuV6\0.$ճ=\0W}Xњ\'rEC2TBώ^7f}uTlѣ	\\JbEke}wNq4kc5ڗ/ξaqa[],]ak\0\0 \0IDATJax5OS-NLɰr}^\\dJdfn?ŉ\']W.\\җ3׬U3\Zqd?Ο9f+gcV?UjTaeX:bX[gJVnYf6,7?)T콟cMi*FMbB\"yZ텗ypj/3<U8cL.SifU\\BVͲ5BSrG5B!%RV`۶m\\rrQdI\\]\\ZDTbPR(P(ZZ\n_JJBҥKر4c!BߘX0w[GQ0}ܑ$\\~^ѱc{\07\0g)ڵ~z7[B\0{Đ#ialgK.t4$qǸܖEkG?.H`KtX-᭷ܶ-FEk3zt<%,, ?i*Rw#8ڡB^+?Μ1ij+34Z\rZ}w`4m%wojq{\r6зW@\\RZH<W,Xwd9s=v>ϕ+:܋{fόy\Za[RIB|B*>~#gׂ1jh:|~>{h4߽v>̗llZkwf111hZV/zҷ(Qg\\svSڼ{iFM$&&{WfXiڴ~-Ȉqi\re*mV?1oh4\ZZ-Gcm,OFc\nS˔{j<xgH^P 7 *B#+V\n!B7BvN9\nWWW֭[Gٲe)^8VNJKyC\")ܿn߾ͥKrXB!j\\rH}YjVVVQLYuN<E\ry]v_|яtԕ$|Ӳe\r\Z\0@йsWyдiv܊[ux!??ɑbԨafim?c1.Ɉ>\\1\"jo\rbVW?Oh<{{;ۧkӼ-71mZ4P*Ԭi6\':2o3:w~Lt{{NujeҥLBqooKЪU SV|pûs?9iY&Qgs}VsG$fY`]T\Zo3T]GHHJ]Zx`sƜYc&&_Kv/ݝgg=nFݤcQՏge\n:y$?H^ءuy*̶6\']˧>vH(ҳtioV?jbf1UתF-̛3\'һs_~?J`9ԫTG[9gXj~Rz,CfƜ<Ʈݔ6~5s#?\0Tdĸa|ؤ	#X\ZaHh~#Y,Zc)Y4:J*1m4Z5Ь̦-1Ɣ2垚2)^Y!x)d	!BZth4\Zh4$$$ǳgψ!**(XZNB ))Ot:)IIIQ(Ͽ\0RIbb\"8;;JҏT*R7͛7)UNNN899=jPTXYY!44_43h-īm9.^@TRD\\v\rVKrUIKhxFm2{TfE~Rsrr\\90+M>GV~\"\rMsID8GrvF\\+v=z^,\ZhVK.b4c1.M\Zb9^n܌!Mky}6S\"UW<fckgg8O\"qɓ71YR!B[r~Jc<ypqq!11$Z-ZF/t̔JKRT*\'_|(J}?))_B2?>cǏ7~K.&Szu`H-2^n)({/FY\Z<bz:w79fmmͪKh(R%{av!M\'ymy+QCS~!c*B!ī$B!BVJkkHܹ3zZ/6\\oѢEyw		?0kE*4v<\"\"gϞiXzƐۡj6ov|=;.]TL;\'\Z̹|Ïܹ{߫+*WdqGPIK~a6?1\\h۪9?dRpJ>zGe-M쌭m\r^n[O\'ymy9aC%,ît!ȕ|KѓFt!\"ˤR!B7HJ^frkAɓ\'Z*6669x:up.\\+XY?C_7WLl2?~<{Ύ7rm<<<h׮$%%1cT±c3fL\\OIJJBј~XzujҦU3~YpnJxgҘ,y-b`[!c΂S*W`̚K۩xv`;Kfڍ-gRYs`ڤ)CG~͛i,*c9q`6{xձ^kM\'ymyka3},c!D&B!7ZB!B:udtMZ?jX`` \'O4<Yp!ֹP43			taPfs[^=N8իqqqhѢTJ+,SNi\n.׮]Ki׮`Ϟ=T*Q(><gCzMZҕ \r荃=͛6f٪_>{ގZaf,;w0m<}T)sP(§c\r4\\77W9\rа~@\'a8|0V|m?c1N\'yT4#Ш xCW!V\n!B7VPiZʗ/J\n\"WXiccCj\0	ӧ\\kB5!v?~\n.ZU)3ܐ7nЯ_?j5jbѢE״Z-ժU3Z-DNJY2-ccpw{og4={K:g7X2BnafShJU؞ϕ9#u2~4+YGȗ7{~NrxF0Wd,5I$q8#B!\"HaB!o B\rF۩T*z-ppp\0ɓ\'_\\v-\n,Y777Z-QQQ_Ɔ>۷osNz4h\0VXANɅ*.4)W޼yiѢ@?~ڵkDfeMO?Ocj׮Mjܹs#GGGG*VHB%>>{qiP*ާlmmX\"ݻw9}4111gۧOdtnE`N!>}x98Ӽʲ`o>&NI]*\nת>Lm//!C*?v\r\n,h-11hOבp:]0yl֮Xo\n(<<ρDܶb1N\'y<B!B!ryB!5ߛeɓ\'9r$_~%>nݺ)RDUٲe]6wa̘1>k׮QvmRsM<==			A_Ã˗/s1}\'Ni2w\\yڵcȐ!Qti;ZMŊٳg\'Nx{{SBbbb\">\nl2ȬYpvvYf@*~\'[[[><<<8p =y5?sηg:e޿N9r~{cǦyu6Zb%+x,-wyZ~qqqc7G|ivExR\Z\rnɑ;wHxDdRޥ#3n堿1{?5֩Y_7l&..Τ9HpAj&5}\Z...iҷwJzmEM8c1N)f\n4_/cf{Yd1\nS۵mРW*T;85sޱjkmvE鿼v̛ErcJfCSZcbb2n*J;/\r˖[,?\'ȑ0MV1+\"+ZzxySѧh;S\n!R!B7l؀<y<<<\r\rEPhQYt)IIIxyyq\0ʕ+۷h4iV(\\v\rRI%CB`߾}iVLHH@eΝ;ϳߟҥKɚ-[lٳrM\0|||HLL\\r믿r9\n*GƆ%JSf\\r888f\ZN<IQtis~Nέx\r$X{Q9s˖-tՕ`mquu=>{ѧ=FF@vlDwN=R2{|\0Ƨe.F\r银L6Zw`ꌹjޔ2z׈Ӯ:YI4_):w%+V3u<el\\]]xIcO>)3LwyH	xZ:L6CFv]A~E\r~.lvҥ1N\'y<\"#:ȾGNPvu\0<xbnFx\ZC܌>[~zY4M6ʬfNɚ9Z:¾S{J{Hvge2rΏx^,GQBB!o˗gڢEP(\n>}+~!hZϟ_3Z͛7_3ʖ-?www<x@\"Eҍu]bbbQW+++/γg8w3%Wj\nZZf˖-YʚMbpsso@dd$:py\n.L|yf6:</p=scee/bg9=ѴiSΝȑ#iР6moŅ> ~%	;\'O\Z\\QRBRر1x{bU{wEՅ)Gg:>Ju\nmaL۽ZT\\1<栔/#3&u++qppɅIfԩSLO0{\\z3f<	=r\0w|a(P ?uxp?$]cƎh9+\'y<I$߫,\"̌8zpqd]ģ*Wd/K\\	K*=*U`OeGc>\r1%svg叫(_rD*#ET$2qNB\nHaB!ovhp{ޔj5{nݺ4lpܹ=Jkkk\n[}a&$\Z,~Q*\\~ˣjIJJٙ\n~J%nnn35!j:KYS{...T4sht888\0c|||BPO<1yTGGG\0ϟoy\Z]ҜsznE?~I~\\\\9ʕ+$ooXBdeJ1ZT*M~G_4*\ng\'\'5#}4]]\\?nE|\0X~#.ccc͙P\']we8lgK.&c1N\'yL-dN\"qym2XzA<%[om%,.+Ra\r=X`Kz<wbHt)Ŭ\06qvXeb~RoQ֐L;7a\'Q+|1SM&	1e)p3&<>KyL\"#\")ޫSozuJ~ܵ}rQzeCCTEv/L4.N\0N%oɨE%<|FBҳ3v3z%JGiݹi|5<n֟w0li&Ȏ`mmͰ/ҹ{\'3g6?42f6K<1^rM_76?Y_Ye{j=|Čf{\"ERQVuzNu9f0oYԓ{ӶC[k׶]|;uAȗ?CFJ׏);0?sm3r\\,5e_Wʼ	\r	`50KyL+5K|8N!D\'B!BRoNzj)+DGGzjt:~~~S|yʕ+ݻwQ(T\\er\r,Y½{~\0@,˗Ν;T}ȗ/>K|z< [YSRPsSn	+Ve6NX):uJ7N#111͖/2[!L*BΘɠغq=űi̜=cEFFԩc|<7һwr_rn+j<I$q\'s;Cwi\'VF};[Rء0͋5t-ՕVI&fPۋ߲r-\'Wi=֎ncXBH?65ބ^>૳_х)_rWN499nufQfc/϶K igvS26odÏq-_پy|ˮc?al׍)c[GO4ILl2)0E\rckOYf+[Wӿ\0lХz|{=19@;tkߍ\nnwӝ?P:ĜEyo>[fM̜=ur匶1u~2\\SjOVWVXZbOZvND$&$~[Po?|r|||ZoX{wc/)[>siBnSއ׬gQTO&链aX1eg,_/o/^Of1Kޯ*gW!Ey!B!BWbB\\r|r\nUV޽{hZv}ߧXbԪe)>}Ç^:=ˋRːd}1CFRvuuMsƊ +Wjժ鿪WN:uZjF期V!/\\\Z6Z\0\Z6xQeE)P(JW?qq/۴ARӭ[!:ظt}\\~ӽgf).]iH$q8ɓ~jSib̽4W&q-@L7Zyh#M_u)Z\n\0??=.2ki秱r&X\0.Kk_Y&JRjSv{[2fƅ|_{|M[ʵuӵ,)X~~҅TTsVm߼^EE3NeOcL5~ɫrլI^:s.HNBﾙ	#x\'\0\0\"L9\Z㣎v÷WwrdWm	I45ĽH-ʪWyOM+j0: ZmͻMeiJ=?޾|5k-2k.`o4_|L>ImTV)y\Z5#\'`}Y˘լIxy{s6;)X~kF\0\0 \0IDAT.֍gB&dJ!BFUS(K@@\0dӦMX[[/_>}Q#oߦ`FEEQ|y(]I)\nU\n o޼_XPP^=r\Z?;YM۷oSlYz-bccCP3]p[[[	\r\rՕjժq]lllP(͛zq-2|S˜[!Bd݃!@rqq6}&\'|ɔ\'2e7Ӡ1`l۶#]3fΦ_W7\rrۊq8c1NdχiU_#0}W)X_g_j漪U=?qެ=8F݂u}]q;=7I6\0\naYqYnnSSn\r\0]ҵ)\\kkki^NZmMys-\Z*UHsB\n_X*y*\n/bЖ{_?{,+/KsN*<~ญ?H?/JV5Z\\iX^^=5e{QB\05TWQ֬UJsr/:sjUd׳}<ye:cV\\p൛ǔ~,yR0^ЫSoVuBzJ!B!D(VeʔQ\\CBѠxEё\n跣6͛T^6mڠj9p\0?YL>>>:g7).\\[fÆ\r\0˗bbbغu+ytyzzkג;kSN?Pxqsf}neDGEt!xcZ\\N\0>كAÆ[to,K\nU8Klll?nǍѷ9\"iλz\Z\'Oy-ǒ.]$q8cɜVa6L_GNF\r¶mt/ݝY5g=ܱ,ݞvu+˙VgpxgUf[`gRMcJ?_lزqknƅp$oi&fO{͛dwnYNï`)3g8/SJxb 7ϫ5x >l׊g/rff}|ҹ=_Nkѱ,Ocm,>#\neMcJ?/~͙>ogҢuLBJ!B!@˗$ŋQ\\t0z->S\nܹ_~R8z(*Tm۶h4\ZnݺźuI&L4WJ|Fח3gEɒ%3?Nʕ;v,\\#G嬦HLLd,Y6mHll,7n`͚5g5\Z\r7nۛƍFRRg͚58q__˜s\n!\raӖt+vh(U*U|ic<m?^i}4\r+~9V$y<I$Ojc5WE5@X\\VKSXy2$WOkƪ:^zY}w]i`[kuƪ^൛ǔ~,uېOoq	>kוK!8~85ë5kՌAd{*YƏgS??s^Ԩ˰]+t[[g~n=6[-f\'EvW*4\'k7ͫߢ\Z Q85JSgh~J,aXU9q5<w1VoZXF+~rPk77)X~r\nZ53ڟBןV\n!B7q%9vX[[g8/666TT	Zݻw9u>$11B5E+++ٵk7n ::\ZZ666L2۷ocgg+j:x\nCpBɗ/_V(\nLuN:͛7h4888P|,g}1Gx\\Tj9q6l **$T*μ[899eX`?˗/sN<yf[[[J,/x4$%\n!o\nle_&$$`kk>HPVVV;vl߿>>ބ`Bv˞}p,[8y^ܶb1N\'y<җ՚5fPʵ\Zwvo\0mGiلyKc_\'mqVϔq+\'Wu#G5H|SֽU	gʹ)̨1ì^)0P\n%>VW5kcH1@sJfvS?^\"cS;VmJ%		`u`X,X6_?]ctY|1|\0=:dWcApxa~[ּ+[,m2\n^qk~3zwΎ5~a􅕖=\n~nv7\'k7˸)+#)c~-ti\rǍxV2oNװ~#<J*\Z8>5V}@W@JdjY[οf~O=P*?\'c1֔eL>]=h,|7ׂ1ҏ%W\\a4!!B!BAj55kt;B:H.,Z(J%**M!ʕӷIyOOO\'(]4ZRfK)MͥP((TC+Y\rR\'\'\'㧌e7(Q3A9\n!oVbcǜv_|яtԕ$|Ӳe\r\Z\0@йsWyдiv܊f_*3I\'y<I/\\RM}8 yź2զ2<FBR\n«lN\nCy܎7#GƻYc5-ڔ|OC=~WfN<e%\rnϑ>8Vf,\nXDuhOӇc*ފ(>7ޠS1Wϧ>շ5%)X~Y\'iA\'ϋ~ٖK{bccէ	ó0]zv.V@M֌<F^Z?Ey3yDzwK{]T̞:z#}3gl}KO_eHa<`̘صUSS\Z9aK2pɗ?oĒ_~LW=Ժ3wܣWQ-7kw\ZgɌ0.QP\ZfSއV2zXJ*NRJL;V>L7)c׼	tn!7C(Qܦ1K/!oEXXX׊B!\"t:4\Z\rIIIh4\ZٳgETTAAAt\\!իW)UNNN899=jPTXYYohh(>7Ba71qGQ!G{Ԯ߀93fHgJID8GT\\]ׂҹ=z 000rۊq8c1N:\nl/-^Q!f/!o\",^|lc6yxFxpcNEs(Byz-Yٙ=Γp\\MsLVB!B!\"\r\r;<}DMbOO<<<,PdǄ_^W\0U\nr[Q1N\'y<B.=\nqhaOrB)<F!B9C!+`|8!B!B!Kȟ\'g QHxx8/>E͝w\ZG:m.&MHK.t4$q8cyulT69AFN>Cq/QOPۨs:0{	Ĉqr:BW@VB!B!\">sxx8gΞz/m!^ܶb1N\'y<Nq9A}،f6Bg\\	!ěE\n+B!APt!BBCC_jQepBCC|cd_KҢu[ݿω3=ZWvҥ\\U$y<I$\rBBr:?ө++O!oJ!B!B!rPW:V:cyR4iI\'y<I!B!9EB!Ӿ}{tYn/K\"Eh߾=$&&X!9~4ik7dcN?{dpMJ\')eנּʦldlQPc (Sldo^f	MIҢ~s\'MI?\Z?cvdܽ G1K:Ѱy;~67rJo\ZqN\'?7-KŒ۹ˍ\rq]c?V9זDȶLbBVZM6jժ:CmҲCw8\rĩv+k{ԒIƺj55nLS!o={6C#1Nc8   _Db   ځHKKu$*Uĉ\'?~<.]BT8!+{潺{P1t`,]ŋ/HIMe2c9{z\\\"1aO9I[Oz|bi~[3~f}9NGZcj	7W7omY*$Sz}koq,!eܻmBXϞ=իƍŋԮ]\\cJ,7\0t\Zn\\r\r7nPd7q$$&z~_(W2<=;}cwU}Em8q\"D<ƉxlM]P!1uz7oj\0V|`UKVZ ,+R4ѾcN*DV\"=:=B<èU6ӿa1%fCǛ]_0z\"\"+F݊ağL9o۾xZUKV-gAA<X) UmƇ~HXXtؑ={,+	\n\n\"((<>L)%5i0v[n7Ç<x0޴m:t}RtiK.:u*S7nбcG	棏>֭[yZPpI$xϧG+b*Uv\"\r1VVjjjUVرc̝;wwwq/*Nҷg?\"~Զ,ZҕkٵvfՓ{ҺE.]*OTƆ͘;cu/_SZe@tc矘ܖbR(|вwi4;wiLV}럯oݡC|в[ƭ;?\n%<;c<yʐ/PI~6Ĥ1܎ǃhۑS<MnVtޗ#NV+~6/ࡦJnL֝tc8xh?~B͸vYqԫW:u\Z\Zʑ#GضmԪU͛Svmt\\\\\\hذ!71*QW5^|JrU\0]ITqX5>jO@&m\0ݟ{ЮK5jE^8y@NsbاCY:MZ\\jhݖFOn]sT_z\'OpP*To\'h;_ZmVUwG<x|x(ʣGsD<Ɖx\'y3=պ`ܡGT\"\0}į&1w\\n<)f-ɍg׸`Ϝ\0nr;&מ\\9?ۚ<21kc\ZJEpuse;{v>6,u\")}7u|\njo</+1aEA [cŴoLƶm8y$+VUV;vd9vX==:yV7ݬ0T)LGzkŔqS1fXp!׮]̙3,[Ǝkv5jD\\\\r\nK,ԯ_-[%$$дiSΝ;Ǯ]عs\'gΜiӦ$%%Y} X-UTJ*C>KX ۲e6lϏ05N;}<a3MCj^\"غc7NDUI,\\w%zVdh2$99?2_~j+R\06JBar[Eʊ/^ruV-gyܸ}5K2tP_.\\+?sBޭSuseRҰ2MJ/.]x镙6iRJЋa/K]*.ϕk׳l秙ۣ_GZ1e,ά_QDV/Lt4/^k4c8.ihVL\r2MD=!!!ܸqݹ%Kr9ӧҝbÆ\r̚5+G+kS\"+5c}UԨʥ++׮N+VZ5>jAzڕ*+X\ZNW#k\Z:wh͌ٿhI79Atҍg\0<cnkmZs3:kqn_e۶MЧ@\0FCBb\"E\\[g>\0t큻;Ǐ&U;7:wulVV\'1NcmK<r߫\rQrO?l2FT؝ĔH]eyt]lbJ̹%R;GGGR)u`ϓs\\ TL=0AAX) 5~QԩS			ٙ~1y7C/b޽o,jTvvvld-Iv|W>JE	3}~z*U=QQQO(JDpOpp0!!!ۗ۷ohѢ<O\n*kkkڶmK-f͚lْ֭[S~}|||t?ZvvvTP&MЦM5k{h&h۶-~!4l֭ؐ[#uU-[$66\Z5j pwwN:lْ-ZPre%k׎.]Nv`̙4k\\+~????ׯO֭iٲ%իW[Е\r		~jՊ-[ҠABBBLڢ۔k۶mK۶mIMMښŋD.]t%24&W\'\'\'*WLfhӦ\r͛7r8::f;B\rqi۶n?=CM߄!jVZV=p$RT4|.k3\rezd=^asųgIr9Un-ΞFxx[w]>9ZY|<lݜ][%=JE-YPb9]+lR?.d6i4mV,Î?5+nӴkkk+Z5o̡uΞ@\Z`cmMf_~b25qŚwYb5ښMs\nm[d\ZC\\Dez\"ԩSTPgw.>>;;;k\n\r	ɹwreKs+.\n{z5Kޣ\'89HOYRݍԭY~ҴnNs^T,>>*9~j5k#\0n=;wf:|-ޚ{p\0~q\n-ӌ\ZN\08;;1|g9SVg+h+Ɖx\'1Nē/ko/ +\Zln;;mWn.]起RݞHfKxw1zz|)]V\\˃rZUlS[Ϟ>m/|IzwC\\4RLоC4ߒp[<y`=3}JT&3*%2gl+VڶUNX<oI?~[K`BbVoY̿4jHyvc\\ҧeON+,5y1\\\nx[>b}zmdvNbΪ%SK7ΫT&0_^  HA\Zj&uhu`{Nq\0\0 \0IDATIDDWǗ횪Yf\\9l0ټy3ˋO?ٶ+cƌɴ[z.h+ގrʀfKO\n*w666+W2vXƏBN:H$*j{rJ3pww~(JT*^ZMDD/^dڵ9rD^%ؽ{7|\rTX2eʰsNƍ޽{	\n\n\"\"\"D7mO?{ަMʙ3gtOjj*ԪUTʔ)S:t(k׮\\r$\"\"+ǨQ>|8.]bŊ*T(ӿ7vaccX,YR7V$HfѢE2SL\rP(Fѣ8;;SfMR)}Caݺu/_Lh>dLw8~ff8YBRbٕR?woH{|צ5ۓ-FsT*|mڈı#i\\a6[fזbH8Mv~eee7Iɺ^^9nϗKT8w\'\'Ö٠[}ē8&16}РY[5Y		8;ÉK?yqww///^w777u?J*%<4T\"ۋG[GOcs}ݸ$$&kgt=Q2z^>,/,RzϞ=c诩Vr{h>ؤI#&~;Y%zL0M<_D<Ɖx\'^yNZ4;\'O}ѥEL8]_c\\e̩_ޑ.Ijw7tz|,?ilieWs38\r=ҋ6;n2wlCpKf666Y͔\'򃋜v?_\r\"zmt2,%pu~6ʥxΞ]{;.~:-X\r^iߡhۜs!nߌ39fS\';\'>;1Zn.LSzYON+\',9i߬#Q<kOpY:ȬfiYٸnf/bq;c^S~4dGA%+A6)aÆ|駬[.D$?NLL111?~lל_횣UV۷;w6}||0`_~	2LxsfAmd/_F@\\ H?ػw/nnnrq$	<yZMTT,_G3ޞp?ٙ\'Nb\nΞ={}ٱqFN8{OYz5ǎSw<44+W u{.([,^$<J$/_εk(Z(zh,X\0JEhh\\dIn޼]oz^k(0qX?~wwwcyD&j*N<I@@\0>|LFHHF5**J77o$44;;;Ξ=۴4o&XօKWK$(ێiلBYrԴLǥR)vFTt]\\.GT+fU8;`LvmY*LL._<\n&7V\ZĚ6P4HpgǦպ{pu眜IJĐ>-\'~OMذz1_X\\y\0\\3t2M$00/\'%%V&tttŋz9NvА \0Bر{DE蕳=}9;oO\rKiת&eb\ZV-[&Q͍UK|j_ :xys5	(-d<z}->:/5۷R;?pSXlRV\'1Nc\'{/ФhdRdR6f[ʭʾJȤ2&VۛnϜzJ\"\rJ\\\\m>3\"MG[3`IK]gOCtR\0<vVUwFgL\"T	@ޘsǟfձhb&8b\0)cY`Yל9yޝб~n:ÿ\ZF:5\0(\\$qߏchݱ5i>o4+nKP*HnXb.j|r2_9&ʥ+462}]3o(scʬf͔i)1e.WPHQ6{s;	 `\"RAxkL:2es.\\HϞ=)Q_um<\\.lٲ-[\\ΡC<Fs6k111zepgj?z#E]vi4P=z4\0͛7׭j{=GGG>>C]bV|>n_~h9sFZurr\"99$;޹sRIB\08~8[M)(([nJ$<!!!ڻ|2>>>xxxp;::SD\nDfD\"N:syu}4_Kqss}zۛV\rf/\\d\\1ŋipLr;\0:uンnubŊgt^}||\'\'Lv0Ϭo߯7:}?DZծ-փظe;}ztATҽs{l9B*Xꯦ3x\"5-[S**Rwn朅x9	$&&1{bK0;tZԴ4㟳lկmY*cӖ$%\'z\\U\\@r1U,_V<um\'^P<[K6nz[ǢE(P/Xt%.ܹ{?W1Wli/SX7ʕ)mu.FBcooOdd$>uyEBCC\"<<K.]~EÆYonLT9z`\0BC9t%J+g{}b96v9vjV`w=7s٬^+k/Ⱦ=]Uk2k/6уxpN	ۋ:uS( NӲE3ݿ?c\Z\'O[<q___|5bYJA[1Nc8q\"}9+BywӻۋŗsA2ORo?|\"+C2[+ҔY`4\rʼ=;Gyz{BsSnIHLy(/\\bՊq)J.|j+$,D﹍̆seD.͕KWir4kՔCΟMZ6ֻ&\\i`?|Ϭ8󂕵U;_:>\ZS㱄79}Zt\r5iϰYW9nv=ƜNcp3e.1\\mq/ g}AA(-֭[9}4wf8piӦ\'|+g@D؞={W^hNO$ES3&66˗3hР\\ej<&99/^pyJ^zq5)1c,~7U Tϟ?xX[[#&͍Djn`VXbd2/^ꊕUڄryWӮΕW\'mll%((WWW%	Y	kjLSAW6\"\"\"SY={ft^ӏ16UN7r>ߎ;VZ%~6]:dqU4s}{v\0[A}{2n̝}TT4nԀ~ðO|]3Yr-aaϒfҦHļSχ3Ra!E7z?ϞϤ?@e:mY*#FĊ5׫eؘҥJDL		tdiڶ>|6މQc~d(J3lֿWW~>G>kk+qڑ1LY.(aMQlZk~ZiV(ܺu)S;o>bcciҤ	qqqlٲE;vеkWlmmYdIV %5 MaAXi{}b96vuҞgw?gvNsj9̜=\'כ*443Q*_5\n[[[ƌ#teN>Cj=sLﲿ?LLr;&5ٳgTr8q\"D<Wt,֑cq-\Znn`ɔS\0h\rQQo~\0?Od\n;;#.=>jeD21\0l߲>􍓸{[?|#\r7aެV0Z&V|DsLqAA79Cmsn޸Ŏ-;صm7;cԄ&cnYH-VsiL=MZ6H  \"#@AxH$fРA,XCl2ʽ{H?9::w</5WV?~<mާ9scdV?joE##Z̀ضmnnn,[wwwyWWW?~Lrr2[jy9I2\'V+q7E+-T*Wԩ6662ij^۳5x\\&|s6|znZkP111/^ׯ`޽KZZ^r_V.]ڤk9cϛ:Qՙ8cH?VrS7Z~FP%8dr9womvTJ^q\nV\"4ygCF|6جߨ,;DZoOO&OCJBTܫV)tnƺkRCcϓ>e۰af>{;;voU=)};.N|7^OZB@1h %qu:BJԨQ*T(C.\r~4e2psH$*`lԬ{ukB{޳gOVVVo3f 11.1j(J%Wcնe\ng\'Gڄ\\!GRS2*6eꇥQc966Y}m+͊ ѵޥ*G\0??ݷJ0aeVаA}\0C}x\"&q\"D<ƉxLF<貢wwz쿿`]6ҬV0*QRGm\r]ې	79r]tw>]qV5o\'?uUD1N?ELO?T*cڅؾ\\A~WoҐu+gJܰvZ4,7>Z19)ex	e2irݶ@:͉XߣDL޹3hԼQ PGbA!bccS=ܹs$\'\'營?<~8bɫv=zWʕ+-R_vÇޞ-[p\\石j*<==Yjopݱ8syY dzϵ[j\'$$iuL2TREV\ZuԡrzqC^^v5[O<xPWnR;6Y)<cBMO\Z;!M+5D$U(L	>*\nyZ.mb9*5rLcVQ)*J׎kRCc:J(w3t`ܵEjt6Ќv3&CVkOISPfzkצtҙRlYjժE2etAURFL+gl˘4\\Ujȓ{4sllwMK{KkïkLCxNiۑ]}?z\Z{cv\08Wƍ߿7\0͛5_ܽ{2hЧ4mZ\0|A8q\"D<٫&K,I\0R)>?h	ee2**wwcOxŰr̩\'>{z>ȏueL黥jpp!֨eYTߝ,C|.A|1K:t5ogAWǏu(\n\'m\Zx*ok~3xsN:~iM*t2}zqKV\0g57c}7L^̩vKZ6lźUy\0),%_\0{uꋯu[]<w㘍G|H]\\|e>?L)saJS*  z oI&e:@u־}Pԭ[WXn]j5˳ݜjݺ5ׯ#m}w\0ۗ]0q7zhϟOtt4۶m#&&&S;x \0n\']dd&QU҃/\0ׯ_%eh+T\0h(TTT)v6=,,L~~~jcOHH 44///݊1Zm҅.///3{e\ZSUEjjjOh;8}216o&vgu=~JP\"ҿRʶ6/\ZԟŋA`:wN2ux׭WΝS( Z#1)6V4i<E{H\r/ϤoY9UV\'1Nc\'{+LdYV9ք.N~o̯ᇇq<;Ü\Zs7tF=lImͩm3>ٓŻpKC$%4ҐvazeoSn)GJ\0{\Zukm6-sKjߥ;Qĥ(DئάzԨL!}1dd9:13>I_O6x^*dbY6!ay?AWR5rH>YӜxݔ2orN5]Bd%C\Z]y2|?{wS*4|9d$F㘍at3cBV]x`/2̅)A\'A\Z}/^dȐ!peog\0jxVٹs\'{iӦy_~S|CvǡCk׮pBvɑ#GtI4\Z?~<ׯÇrΝ;3o<MF͚OϘ1\"EЩS<O\n:ZMz8|0j\Z777J*Jb˖- J9<4mڔ5k֠VqwwbŊ888pa_NX[Trr2f	Hll,۷oG\"GXX*Jﺇ@ڵCRRNNNf▩Ͻ{puuXbrVe?)R-[￣Vdɒ$\'\'i&<==n_۳yf$	f\ZcSofm-~7IPDa.\\;qYl).,+SGw<uWXJqh,2fƌa,ٳ*Ic8q\"ULeF86Mvy\\ms5qs1szgySn).}jӊlg{턛^UstӍ}VF+c+椾%2?7󎎎|9Eer:>7l܀8eVv}7̛ӲPB0oy$u\Zsv}mגv-h\\yvsaJ˫UAA[/R [cÆ\r,\\mC숊bnZWn^/d&;jL[e<fۦk~888иqc/sO߮v>}舣#zg	[άN\nә>}z.\\֯_ȑ#]6ի3vXm-]Pp^9s&]v%=~9sGtt4(J6nH`` \rRɃX|9G!\"\"\"SD\"1899Mtt4#F˗Z*SOaJ.MǎQT<xf͚[ȑ#DEER۬[ ׯ_͜9s]V\0\0 \0IDATOS=v/^f͚d2<xqss`_+-SUP\Z\ZJfprr\"%%ׯl2̔OqFi߾X~=;wֻĉ&ߜMA*[,ǎ˳Jʖ)\'u[b\0oYRTV>Dv*hIM\"D<ƉxoBݽ굫w( {a G0AAA(`j5\nRB --^xArr2$&&r;|תU+\0>#bbbx1(JOTRHLL֭[<\\D\"!%%}PZ5Vҹ==Ν;\\v\rBQQQ>|X.Bݻw#%%+++\\]]ҥK(\nUL&#>>+WL&Ã\0>|ȍ7ppp\\rT*Iז-[4._LBB777|}}trU\"H\Zk||<n\"!!B5)RWWW۷onnn|7\0tԉubkkKbbb7~gggqppL5VVVrGX[]V܉#N	\\ecm3\n*@W$ʭOmyFNT/ѵzb֬Y\'1Nc8P%2\rk7<z.AT \rB˱_ШE#s\\ +WBJAmR8(7w7OwL$V\n  o-s+> 66$թSkkkT*\0R++L[Ujj$IjT@6+ǁL\n.T\riiiJsii˪T*\nnIk3֛4XXv^U*JRWm9ٵmh۷onݺNͅgϊJAH4+AMIb BvDb  &?+V [G|\"@bނK\" L*gmmikehP]Y%e<&J\rCv}6ZL-fŜʊ*Ju2ֶɎĤk˚2 6qttdRx<w[\'1Nc8P\'AAA\n*AS\ZkAMr\"R!\\z%CAurf͝˯@lf,;\Zsdo$1Nc8   _Db P`l	ռ~.2, AMk4+҉xbݛ۩ kAEwa@ub՜1os`kO[:b8q\"D<   B~ BKTRFz\Zu%j $W&PJ% HT\nV	|HI^kԨ E\nҼXAPTT*B&q\"D<ƉxrN2[gwN:?^^ƒމbƩ3}]i|E\"w{AA_O$V\n .RFR#WQ(U(Tj*MrJ-֬H&R*+kk+)6j	H5@Df;\nҼXASe[n\nyGGG7n\"k˗)-\ZȠm\'1Nc8ϿODʌImIʈIa  ¿HA\nRILSHUhiJ5r\nնbKpA(Pt[JJYIVRhVT\\AAO8oc*J5j媍1cѩS&N#ϟw eĈ1^a䨯Fjٞ/H\nZR8q\"D<VެPT,\\1]8С=]8AAA0HA\nW	*UjR*^Uqw,E~G(ܝ+;A~v{pjPhK-M_zAB\ZoW=wsue.\nrlmm(\\8~ RFl$m8q\"D<ƉxL3|&80Leүi({onQ#џR/[}tTF۰L0w[w]2$!9ϣ?[D7f8/i2#fד#$6zv-:$V2ûR,Wx<fnįH*_V<vLΡC0 ^/RAADb PQV5+VZ̍{<}OQ3y&&-VIy̚Ө)\\*J\rjfKA0毿f͚w(ox/ ={?LZ*Fٳ7WCAKj\'1Nc\'{f?3p3a.a\\@m2&SfvѝiU!HSV&X\"&UDE(\nFA==X\Z]g\"\"vځamM׶mtK,q3&Ͷ5c!\Zml/IM\nnxWGP(Ӓkxe7t\"R#-&ז6ƥ\re(V	+Wdɒ̝s_eM׮thAAH$V\n W+VWscmHE*oBARTϹrOA@?lUjTj5jf+pVD	\"##Y|92Yެx\'[!wͅKWt[5oCw#	f/(gq!oݹ9غ}o܉9TN:;[\n|2sƌ7obI|b\'1Nc8O&̌j3s	 -YgQi}%&E j~Ie4.XĨ*2&4I̬곈p\0k1fTJ7L0\n@Q̨:QŔ_ۚ{Kx\0l]h0k\rO9L/[Q42%Vj\0NNus[7nVre\n`Ȑ\rK -?G	  HA\n\Z*5rgI/sggg?aP)\nwG$!WP^O|w^U6RmMkpss;>e(_.3u,fǅYӃwYjĜCs*^{p\0W^c|;{j̈́Qn}<yJb|l޼ ҫWLf͚eV-Ic8q\"x|e|nϣ?\'tE(5kB5jQٷ̓\'>6V,r\0+{3fsa4ܢwOE?oV=y-iM;Lh\'~9H+*3$dy\'NQs  \"RAIjZ\\	O\"Eppp+V\n[@R͓+Q4iZ/UJ$\"y\0&c񸍍\r.\\{{{j5III\\|7oNzy97oF&aooOdd$~~~ّ9{,)))zsCTT(J=zɓ\'H$O*ҴiS?)_<j߿ϱcPT)QڒÇ9{,/^0zX[[+@3+Wpuvю9}DRw\'OAd2VX\r-Z\0$Ycaj͹_r3WBb\"2jriljф{\0}<=JEhیM[;y6le@h!+׬gԨZIߌzc6<aLc;1Мfuj$!̜9RQ2fƌ+s\n\0DiHA[1Nc8q\"I%yr_ѱXG=:Ƶklͷ63\'S*O6DGqq_ݖ9Rphs܌ZũYV	f/Ɏ(P5\':ӵbAA+X) Lہ_쌃vvvD9zh~!8;k{M}՟IZ20=^R%صktЁ\n*7oݺuM6FJU\0V̙3*T]RN֯_\rR777Vu=cTV!\"\".PjU֭KBBGGGGj׮\\.gɒ%\\p///zAݺuYv-Y&.-[6񰵵RX1J,ٳgIMM%66VݻwM^>SjU>}:7n &&cccݻQF{%{0/_Ц%*W 8(Un	߳䗟IJJ\07W>T*˗*IС[_&~%\ZO.Ӣe1!eK,5wbN~߹!)D,kv\"37x.,Il\n\Z6%5x\'1Nē9(}*}\\t[<JyDeEuf?JTFje,U쬲~/҉i~GXۢV!zzdʣzeiRܿǝj..VB.tlOժWAA5ܗ P y6ZT)oT<ײ&RdV槔s=5kprr\",,ӧO7nuҀL&bŊ.]%K+8rEÃCaooOHHϞ=CVD\"aŊ\\z09w}eÆ\rxyyC\0trbŊ!Xf\rǏH\"#d)T*)V}7\\/Zx\\v\rH_B0i\\vV\\ŋ			ATr\rݪ)))zgw3ۜ%s.wҁȈb۬oى\0<sgVR<APUXZfKŁ}{aYu\"`Ni߯Sc<ߍ\n͇}ymvd?u?/\\z޽ӱc;\0իc<y¸qؾ}6|ArA8q\"D<`˥\08=d^9;57d镥<Iy@2g+Sֻ,NN@RR}wzg.=D}RjHr1^1,`<ʌ\\$&*T\nJݍul\\pykw->w6*Mg^|j򖺄KJA\\~[ &ƆY\\yԗ9s\\ER   Id Hx554\0hѢ8;;cee6m\Zz	immmmuIǎ#((???IMMhѢܸqB\'\0ϟ\'88_o!o/燗2<~Z/\0\'N0Sxx87o2iєP*fݐ;v0rHRRR]b7qqq(JĜ>?ŅOi挅6~]+V[r\0+SK^G*stܐ!痙?0uZ܉9-8ujLak|͉yРAYx!\ns)Sqc\0P^:oj8h{R+)l\\ \"P,e)R7\n( Cd(S6--if4)i~>}\'\\ɝ[^NR&?Ё7n뺟\r\ru\'qcccOt\\5voZQ$(L_~lϬ&|Y89jjYYJS헳v3χ10l&vB=GM5yktժ\'>a#bxΠ-C\0F#oiT,Ǟ\nt}{NȽvʱwgW\rr	}k=@9j{o\\\0LWa*o/ǀ~v!B!B!+v7P(6DPҨQ#zP-!--dN<iJ*4&Yfٜlٲڵk)SZBJQff󤧧S~},)S)&[8yygV\ZAAA8k`L ,ZV(.}gkLB4!Wǩvz\\ܽRR/3ᤥ]ިH\Z\0ȱhYUз{N׸U{^-ϝ<sڧgwzQé?6kQ;c<;=ANO\'9pG%7I<I<I<I<ٛޑ-zչ\rgnQ-*pاU~U緧i~VZBq]	k\0j+2z}\n>ƿz+\"y\ZZB!IbBʗ/@JJJ)GR222ظq#-[xx>?g޼y\0ܹ>a~5k͚չsXx1;v 99___֭K=h\rM6d9@Zٳ)iiӦyή\n!>,_ԩCLLQQQs=\\rd޽{hPT6NGnn)ΜiLgB)\n4\ZULy6V,8^wEGGSNN:łpĢl[9i<#Й(y;{9wϪR\nt-k?f8d\Zss\'iz6_&Qt;۲Wp4)x%5I<I<I<I<BeJ;!B!xX)+K@۟NW^ȑ#L<&Mgz-;n71ȑ#,\\ׯ0|ׯ0Ǐ3`\0=z4ќ9s{!C0fxfՏK2czɔ)Sv\ZFbذatܘ3<C:u+ĝDY3&$RP999رzILL.F\Z6 00+i3]PMvv6XT?4V,^LL[^y{{XlymkgÕs5qM?#j5sʕsy-\\=眜|||Bw\rΞ+˭>B!DQi-(gdpU0Α8s\nG3;UxxxxB!BJ!()))w}Roƾ}xhٲ%\ZXwݻٰa1fZnm1Qe1>ׯ3|p4i19s9s3gҴiS^ywޡbŊl߾yoy\nWqg1nh\Z\ZjկiӦtєW^=S\\@@\0\'O4UЅLczrt҅&MRP(\\|rssM1?.ƘիGvv<﷨jXʹbl~:/_b?gcaڵ-UZ5Z8{ޮ\\/!EQ02O#5C)gj(*^niIMcccB!B\"B!nkׯUV!ЖsrY^yoܸPV\0?0/\"7hU\0+VϓO>iѷvO?\\III,ZΝ;SfMS{Qסqw\rP>hZ]U+Wh4ԬY4\Z\rw\0[l1%eff{q#GN.]FLƍf\0\0 \0IDATe=zVѣLO?4j\ZBAU:m睘HFFO=zBCC{B\nUe=\\9w[%,,rʙTbEw圏?ccXẌ́Eg!WvzqtB.]*vB!Q6Rm\"3+S̩\r~0}8pC 8&8i!B!@B3,Z˗si^J2eh޼9}1U7tekM61gmFVVaaa<䓼(>ҥKL2kF\\\\U?#[U+lɓٿ?\0\r\Z4`ذal߮ۢ9r0p\0>lD-ZD||_AT|gm\'&&ej۵k\0u-t\\[ΝKnn.}h/:83wLgҗAvh4裏\0G%))(yׯ端jժxyy{n9r$vZ*W?LHHW_}vիBի/DGGsϡt?3;w&  \0+KQW(t:V^M\Z5ҥpi.]J^^իWήNsmͳ{n\"##ygXjժѾ}{ƍE9W955uQ~}zANNϟoe:{\rΞ׋+oqFx[!	2BWSc|3qccB!B!$R!̼KXW_}yQ|y믿6mm1c*			dff2m4OΥK1c̛7rʱ}vN:EϞ=-+ɏJݱc<QQQ\0Ӈ~UVYUV\r\n\nh0mojdvʟ~˗s9hذ!H,(##;w2yd*UMΞ=ko{nrssbט<r[m:8;΢صkK.ի(JBBBr\n6%j\\_~ŋ@PV-jԨZ&99]vqQ	iӦjN8zԯ_*U`:uT*qAķ+6l؀vBJbXk׮jQӨQ#&o:\n¥s/(77͛7ȍ7h4-[___Mƿ/eʔpƭJڵk,[gϒFbŊ\0ʤ\\C+NgoI!xOhEVC_:?j{p{GX:pG%I<I<yZ<B!B!0J!0n:\0\Z7nLhh(^^^+W;ұc\"|r6VZe72##ôEutt~|GhZyjԨٳ\'3f`Ŏ*LR1m>w\\_.\\hwW0$dʬY`L8}gѠA5m}6lEbFF\0FW_ѣ3`7rɒ%hZ{[^gN\"+\rk`L*7_RR(WΐBחڵkSfM6JRiJ^S*Sret:JPGӡP(P*jFZjTR41&c˃>vZMٲe			AբM*aH㘅Ξ{A*2eЬY3MɁj@j֬BrΑEXX_*U\08y򤩚Rt\Zrv-\\=oggutٺu+Z*0[iu$,ѢMRbp%I<I<yZ<(+[RAP}?>Pb\\EnRڞ\n\Z(?\ZIƑw)ڬK!$&[q]\r6ϕKf$]6JKhnns,5)Q\\\Zט_?Gݯmqv\rӏho\\D/յ]!ngX)fbccٸq#zBRQfMygi߾t:.]ҥK9uꔩ ܬhKv,~]\r\Z5jdqmp#j-Zt,Z=zp:wڵVm> 1O>9sXٹs\'ڵ>^z1m4SJ\"??ݻe7W_?fVt:֬YChhKWqwBFjZZYQP8gb*8mJtsR*6ƻs\',,,SBdFt,_PS\"+אkyr8sNs&ޭU/#ٵQϹY^NKgX=}׬+/^LJrSU?3q={իC	^d[gvilO\'8&8igLLH$..t=K<N͢]\'Lhz\'4J8}oJ,5z\'=F=a^~LܞX)#L.]eZOF[$OL<j5{|Xli\";BB@oFd3g|	֭ȑ#?~Ǐ?ﻼرcOܹ3			jRx\0U<Bތz-iʕ+ٳgv\Ze˖5|1c<_8t>mۖ+ҳgOL%K\0(SIIIs=1V<r1GZZ\Z>WqBGϏΟ?Ϲshذ$r	!jӦ	ѻ`?&Vfm}.YHtt=8C0bb\Zz(It\ncc=7nY,2ٶ\\isGzE?;ψ__ނ\n6RcQҘm6k6oh)Fe sw;S^\r=B=H>:k{$U\n!]@B\0,!pȑlڴӧOb\nSYf+6gܗ_~		V\Z\nB-SfKpp0\0׮]3ʓOh7\\^=Sɓ\'9}4[iӦ/MOsN6F\0U>#nu\ra-j^E?0TUŕupe\\!w>///XjcƌaȐ!|GӸqc*TPhQ!BXju6甩		f}>a$:att=Fx>qOr㘧SжmNrťkW`|P\\dȐk$D\\\\::3c_{ͣs44jʏ?Z&.ZEdd\n\ZE\"#SX m\\/瞻J%1o^}\02h\\AAIu\\z$4Ĥm[NC\\/$^vjp~3\Z-o{-v\"{u~:mVgAGZNKs٫fY}|<.>wig]==ebϪݼ\Z㞑c.؞~\'i1>/+ϲ^=#ho$scX?B__޽C#;Z5g0i-t}gH\'wdh\rIhB+y\\ٳSkwC#2~si4NnZK[YH8L\ZĢG~7.5u$,79+G>9x\Z՗UG3WC/k2m41V^IM4\\G%U7ߏGW?os\\=-\\:};ڇMʞŦ>ׄkƿplNcX?N.6r®~\nkw\Z[pd_GEG-	\nmXRpp/`>{1!KJ!\nժUä\\b:f-[nݺԩS\"bŊ\\x$*W6l?XaL4^r9)\Z7n̯ʞ={xؽ{7\0M4cEmK:n:6ol`\0<裦;wØ\\i~|<xYfѬY3Sq+u\'Nm6ڷoσ>hj?~8\0aaa{\r6aZjej߳goשSqWqBQt:z=\n´C%B!p6_ǄsKl?Ųekm\'Əh!&LqOi$$<-g1~&j~\r={3}\\Vt2	SW۾=6mRPcG9?et1l|y6}\\e\0?></N߾(y-Y-\nvK|UNUFKw~zu˗fl|2\r\\Z+*\'NT\0`̜~̚̠A酮1o_BzZ2nhogΎO|N|ELٛ~yKնL|b굌9]έ,}p):piTBꝁ·7ߢּ\\\ntwW[⾲<uZ.63?ss~o25^L~\r6	d͢.AvJ\"^,s9#vǙx*?8ȧMo#*`Y6gsitj?>I=ʩoz#L}ϡԝ	\\{ŧ|)\'J/?53u|#m\"agPir\Z.mB`-st8k?_\nhQzAW\0Բnx,~`17n0nJ8Ǿ`k\n\"j\"=ڏu\rjo̊GVS6d`\Zߙ#Ũj&\Z\\].kήaʾ)<\\auTh\0gqbhK~eFq&c8\"=˖~Q5oup[MDPWR}9\n$m{g	39BJ!]O>ۼ;\Z5\n0l\rϛ=ٓ6mPbERRR9s&\0;w6{衇Xd	SLa$\'\'3~xy;t7|Ì3xٷo~iq*\0CgDDD\00qDj5J_ڶmKfohԨ|wk׎-Zi!CK/1qD{=j׮޽{>}:\Z47..]v1uTL8_|m۶Z{ｗ\'xcǎ1}tϙ3g\0T[סqB=IδM/M-0;s]<l\\Xb`ܯ<ov/!Q?OAZ]3x7w<#Am}!\0Ǟ*P]uMrY+j\r֞-om˗/?[EZZ\Ze˖d	\r\rʕ4{xT2㘧Pj2yyР&ң/Wx\rJ\'$dtiKÆ]#/&*\'5sܼMa1׫gLv*VqVn>9YRŋo&Pvl*ǎ\rDĔ\0z͝o2Z}s}l1\Z>̘d_qse3F3$S۷\'e}Gˢ<{BäfX-ϤfՙjeJʱ*}~.(n~x<doBjIg{}6KPÇUA팓L!,\ZS>.9ysNk>8_՛j 7E.)wH:OC,+Sq|GygWěS	I*)Gu;f6Q!x\"#zʾp	bJsO-Ɖ\nbVYo7%VN7/$]ѷ\"b|g^_Wyh(5tt>z^?;պ_X7j3|P*\nǪyx@	 ?GY*]cSOaVYD-Q!Qn3?Z[q/{3\'stt>&xIbзo_ʗ/N6m\0{?>:u2;v,K.eʔ)\\x j֬ĉݻߨQﾣA<N0JŲe˘7o\r\Z4 !!TE(%мysk>Cڶm}7|cQiNP(:u*gfɤRBzE~\nF\Z1|Ν\"44͛ӿVj[^=-Zܹs1bQn]>#Zli1IXx1˖-cʔ)ѰaCLbrCa\nq\'Q(*U!Bww=?p\0\Z5,qWY͞=yZ㘧5T&122\'OjتhmakX>;wZa}%\'d\nc\':\ZCf33P[YnZ1b\\L:Z$WΎAzvb+Ĳ-ye}ʚp\0.g_f|{[r~i;<E[lX&ou\\\n:S`af^&ih|K~v\Z|(\'.6۳.\n쮹P-W㱠m{vdd9NNjmдhwZWow0Daoj+lRu(q<mhSXy}mjUvQ++&\"([]t7Pqn;un6&U\Z)T\ZtyY.Q׏3\nǜ%yw3s.3uG!{HbѩS\'$J[4ibwls6+OF;88?~]vkΩ|||xW\\ueڴiNI\nxyyѷo_t۶m+OQqBqkp.PJP\njm`zs6r{{ſٵGM[شiǼg^R5\Z\Z˗MU)P2$PV(m\nccŋY(s3<\Zz|fNgc 7Q*gص+>f\0?JCEIWr&_#..s3K%$GD>5bte\rxݩZ]wSε(tzܕmdҘ̋{ny;S_wǧB=+MдDuHMɼˢJ-cFsU~h,ebzyaWNkGWS\0> /g8\Zd,\"{+e\'dU>`ZiNqxc3ו%y/.K>&w+IB!B!n\n-Iv̀3T)綰Jùsغu+#OCv	q6W+ZwO~ÖO9`UDINΘT	кuK?k:l©Ӓ$$<-СlݚY,^ڵ97+P&&jR*4FDXɸյʕ-Zxqc.;we3ƍ\\ys\rme\rܬ<骈5kbvFnm1*ux3%ZLۓg?-o_բmkc^J1z嚶,*Ԋ_O+&(q-uXP{5mb7dv:զd߉Xq[\"p\\W.JLkBws{<ݷrտT9w(~e#L[h3R88z9*\"\0\0 \0IDAT$LIlXui261n6Ӯ\"μPּjmJv\n՗U7%M:]S]W`ebzGvߜ%u8sτ¯cΕ*%yw!B!B!BR??&}ȁ8p &L&~`{v$$<-Z0o^0WVb`$S3`ƌ\0{ץ\'M\nʡCD\'?7Ms͹m8իs3b\"c\\c~Qc.5l\rۮNCʕ\0m?*Uۻ7H}JrT_eOjTnqqL;NNcÅ\rdI\r5_<x㼾un\0Vj4}ڔ<iYsv\rЭ-sj.m./,kG>կ5Ĝ|?Z[1LDӂ^8.5έDNQ\\q˩xL$mo8ԝ	wsd_:@NQήB7\\\Z\\qK~;t+)lϱH۷me\0tlRw&[A.LM9f8G1o4{SP!3ޛ5<f8oxޔ0w92C\Zj13vڱR.g\';?	4(>_%׎ʣp8.^hWpoq)Ǚ{&~V5mtýP!q\\χu.{3\'!}HJ!M(p.B(WB!!l=͊w:\0So}{o}FnVxW+QXU6\Z w\ZMbb\Z{c?%Ξ=GxxƏ#&S=UxxxS0`Y*HBy\0ƍbǎrsFRjDG{Yӵ0nuԪb`vu\\(*~\n~~\n+A6N\0hQgY9cE@=z2em-\n&..]P`\rNf7YJ>%F#hձ3h hQsΡV}?i	w=dVlVYoJblmW5yh\ZmdC60ҕ9I	΋p3zm6>Z>afqve<\'br	{3Z=sv \0T2sǑ]\\䦝DRJwϻ}.(DY\r84xӋ%\nmN^=&x]Mn/ns\rYerM;&\Z\\U:L\"e\'?\\	Ij\\rx<	8KZ3qi Sc<Ʃ맨Pуpzj=q쿼Ux8μ&5\'?Rѷ\"Oxt}3?\'}>63wpp3XI^?3kkͮ\\ϻN59y$3p}~j2\rl~/{3\'!}(RRRJBQ=ד-Zc:7RJh4͜\\rϴkL@o5^*T\n[KhZj撝Mff&\\~ׯHӦMP!JΝ;\"00@FZFRVN?wlٲ%TRp())[5ۯƖBc71ڑ7G10N?]k\nm8b#eX(V:p,ps.pJFxxxh{o!G(mTVLva:ħkۨ{nEH5ƄB\Z5		-c||]M)k&+Bx&(T(\"sB,^ӥ𺖊B!B[ɒqqq.\'QiIhccB! \'\\:u%)|EK!%L+Bx$$(TJINR\Z^\nEn	.BWR%zS)	*I<I<yZ<yK;;FVSǑkL!D+Bx\0SRRIhiT*K̥L^JJ0֋TBܮ%nwmgN[BR* 6.b/5|Jf>!D$411OY.Bx~٥5&n\"B!<Za`RF jy@HH++Nx\Z[^N\nhT״q;H2ODR(ǄۄBai$$$$$q9wLi m)yXCBb!B!<CҕJjo+qt	kvv#CB8)4:USZEJ*%*cS+%T*\nJBT*eF`)n[4ymVAȶBܱ<-iGqLqLqLqLB!B#B!<q+p%xՆjT\"*\"y::=z=/ĘPJKDRVVTT\Z>T*Jϯx&B7۔X	X%V\nq;x\"6mj$g3׫J	m8qݒOQb<\"#B!G+BxcJ\0%!@TӓSӃN/)Bx\"T(P\\V*PIjPUL>2Ti<ĹsJ!GܹsX\nVDK!w;OKڑxxxxx\\HPP|(:~qs;3RAVߛu67|oժ7KaI]ʩ6ko9֬gkp).TjtyA#lk}kFF0KԌɫo\rSs%̙swe}%wiT/O3vlɼ/Xۭb2k\"Lٞ=ܶmq\r:y&BQr$R!G2$Q)\r+%Vztz*HrD(/)ׯJaTiIA3& T*j5Hnn[Bwh4SLj5*fJIʕ+ӭ߲%$n8$\'1\\3\'~ٳ^\Zo=Ν0kƌy={Z<xZE41111nNP;h*4}_Ф0˹4n֨c\ZHf/M\Zdvc蠷\051Z0МNW<Cl{=,]_\ZZlőgΙswv}D)ח\'tl>V,y|a<Q*6J;ɞз[?\Z9&m<!p\'IBY%W\Z+AWG\0әS\",Ჸ҂J˘T兗j\"\'\'<Z-Z^N+ȄSJZm?y{{닯/{1&$&&oj;S+Ravl./?Ѹ)==S޽x1,]z8pهja4\0{yKq$\"x\n#8&8&8&=-͎?w*mCyf+W\nMtWsTYPF\rt\'zk31,bk^z\\1U%$\ZjY:Qua]궸mEӢ߇[H??tIbBeL2tYΟ?ύ7J3,!Z*L,ݭ6Ƥ%Je\\hjIRZFՒoJMm!om~o6}i4\ZJc?[9!ǝb3p`>ðao]z6}>ٟ}Y*1J*9&8&8&8&8J<?{\'3e\'\Z\"cRIz<qƱ~*Vd\\qp&,::f4m4>:3/Rտ*\rn&)l촑;G+u\0:0wꜝ\'9+Q?Zmm0>l5VY͈#HHYﲼ]y6xIx}p4J\r7}\Zٓv%jĘ~\r߿ÐdY0	^W󷫿\0h`[>9ޘs>üOs)9J+>UKmpqB˄[CկXZxkԛ[gϼp*[gg)UTzN5ugNR劼9MiU,ۚ|:3އKÓtfaH-,o|\'S?ܙsT\\Ff5*^_R2~*Yϕ+*b[\Zn@k]Y5ЩkGkaԩk\'֬Z0W]eZ]yW:C\\W/_HB$B!<CReRR\\zU\n\rzQT\0TVXS*t:S7cE8FC~~>IJ^J!D0&D\Z+\ZI>>>	{B.ލn|XJ綿X~}ձ-[dm?Ą	K*<$\"x\n#8&8&8v;/ b+Ģks$7D[Ĕ!9+{7+Immϖ	|q>(&,GV3)Í-6űrۙxY/FV3(5rYsv\rSM1%V:sέ,}p):piTBꝝ>/g1G?^2X̍=\\>L(gfOkD6/+0mt~ݶ^^^v4O&އw_]222D29KgVR,q	9~C^|__I[FǏ\\r7^g漏h`[Ν=OT\"ooޤO\\o>3̌LO阝]{c;\\8sNOQpsZ_V!a,MNTy_~;a|އ5mf/g&|/F\Z?zA/X\'ac.[sއx62SbyW8	7qK,s0{lUr_Œ%Y̝ܹԫo_?z|yyTQr)))c!o۶mdeej!n:<j5hs!msss!;;+\'\'Ǵ\rx~~SX)(\'T*>>>V_-ɹs̤e˖y]p*Uv̟ƏfZ[f6\"8b#e/_e\Z52lXR5\0PjM.^{\r\"8{X+UK<\01{;vV$$$$n%^G\02fnU;5G\n}la>mf[!Զvĳnct;BdpO.!x|p1<:/m[6F=_rfxo=]kv-48wq)f\'q)gO5L;68Q?voVD-S[^nuã9|qi>`0wejg??];1MCӏ==E给ڱ㧲lRXΏ]x|1#gs>\\sjKm4!#Ǐqo{rʂt:Tsa/N<ɸXy<$__a?f}w_Opa_jϑ߻9{za8Fyl>__d?Z 7s	!noa5jZƥ<O)k&+BnܸAhh(+W&00Z&j\\~/V,s+W4\"//\"RU\n!^e\\eJh4$K-6\\!#?p)cReijs5ғ@)\Zˌ5oO~KZN\Zy<\0T%oM6gAѴ|S囒x5Ѣ<@Ԑr{<o7x_զ]v\nEJEE>v~y\nlMjVy9;Q\Z]\\(E\0K<F\':X	|rKs\'5xivichШE[F\r8~E2JF<Y^z-t|{X\"4lο9#ץ*t:d.gυ9{l<PаIE[tFڕ4N?LkwS^1iݠ-[RF5hJZ5,Zuͻ>YمQ90|0{\"KNU^ʂ4\Z\Z\roS2!(1\"Qre󓊕Bt:OWby6JccV5Ut:VBQ\\$cF1%X\Z-IB!-6maӦ-Edhh(/_lٛOKK#$$D㔊OqLqLqLqxNzUMm}d,\"{+e\'dU>`Z몌:r<T~ޕ1ߒzͪ5~k\0oO%L(`zw+1\"U+\r%(uz\"+E9=\'A\"%7OX9DFETRnox{1+5TN:o6}z0jNWק$gVƫy?`&gOɧ,Zȑ70!l=_͗_fo9=4)}<B$V\n!m燏Oi\"pA`_ɘhT*d%$&ZmܼRB[j$*+V\ZB!luޭ[dݯy~]O˖UDOa$$$nx6\\`$ꇱbٜ٩+]Ethv\n|gNBOq\"\"L?dP}YuJGުR+~y|T~qet{^;͎?wз8K/c+uډꞺ۽b}Yۥq4oo=cV_E:[#{J<ݙ>%6hԀ=ﵨo>>\Zo\ryyu(i:u.F\ZԨU4ҔXkޕsO?Hv;r(áѩk\'b5WXʠ$[/ѧ/Z9l)E+B6jG|\ZO<VXKcryIJcJ@*μ⤱\n1x2\\0xJ!E??HzDGL0Evh.]+1111gi\\1NDP?eE1y~|;oL;)ͧXΚkx4hU	;šCog4ޭjaR֧,$NA}TQ<Li>(:-}띎];h!vۖhնݾJܜܒ\nͮ}{wXS;ad(ZpQ;Qm_B+uTuUqQpժuV[ZZwEk(T@vd			Hs]$<y}FH<QXe-4훷1}{F3q3ԧ	$	N?V`;*)~-Z{:zQx!rj|8888`ǖJS^upѻSޘ<ݐ6q\0\0 \0IDATN1xG:v*b~}_1Y}W?\'soO&PkӲMK^	\n8{fF4:g؏0c,޴\n6훷qDTl:C^`zn(,(ķwK69>ڶĕKWuV^:w	~[nIII>5Z%\0mk {\"JDJ\"\"\"\"d2T(E9R%UV*\nE\"KբJթ}Qa\r#HPX%9ڴiy 8dQ7mڔix֮񵶑0͒\0чytcݘGg_}{z,6;A*뻭G]mިtY?Bq-\Z0EAxȈeV}hR$yx$#/!/?J-C,F`\Z~4յ=cO]kwv%Sp^{5\0?b<U?eU}o`cGDxya0nșQ:tM0|ƌqX/\nXh%뉴ihܴVƮP1Q`)I)ZcL]nH<CAAaCoX̍B16I3Ъa\0@ۗ\"jxPec0#ry	2:/cp߷ΓC?\'ab$o:̍1_i(.*x;شkycOauZ*x?`\\rכ*9J@DdAjj*?A&\"\"wtk׆-{\'.ӧOO>EQbJſˎTJ\"\nE@ȕe)UVilaebb\"P(T<zu5w2!spvz^Qqʟŋ6~Am2;#O6:[eܽ/n^\Z\Z\ng#UэytcݘG7KCϞ\'GCƈϼW	iglݮrHR\"\0[ۂf͛i\'\Z^Shk5Ž;j˼k/>}2gN:+nn5zHKZj8b%$::\ZWFXX\r^zΝ;_HDTTGTpSVKDTG*~Qz*;JeE*2S4$K+aݘG7эytc\"zNk.=>|7Sǡux\"~O~Az\nb\Z_Az*<yu<u#G+\"\"27VsBj\nƍoQ\0\0V*ڵkqIl߾=z1c\n-TBYbJE%J\"Ze#k{h{Y&m#TP~Ds\ZO2<1ṇ<D}27\nSNEjj\Z6w\"\Z>jfLkݑ rdsǢ*ј |4&H:mŖe5x1oY,VscXt)BBBn:ԨQ۶mCPPݽ{\0(3!\"NR񵶩ˎRJ\"Je%U&TmCDDۓsG,hytcݘG7эyvcY>oA7;US,N\'+pyDGG^bdDDdj#Ksmi+,oTJTUOw~yXڈḥxרoD+蹰yfd2\Z5Jc՞:u\n/Ƶk\0\0[FTTmz㏘?>]GGGχF[mNXc,]_5JJJ0i$\0N<̙3χ7Hɧ+**-[o><x\0YYYY&^y=\Z]tQnX`?\\K>}:zTkH>m\\]H\'\"˥Z(,>EDT斻nUdiEq̣Qu$4w\0\"py\0@V:t(rrrp	8qbCK4爎_;wļyڤ\r**$ܸq#q9ݻ֭S[bڵkݻ7/_iӦ)ی3ӧOG.]o8~8e˖)%&&_~x\"݋K.#F@\\\\S!Z٩u>,ADDߓ\0PA;sbݘ+ 	Ac)))\05klrJH$̘1\r6DÆ\r\'+Vh?k,SL\09rysss	~~~j޷ouԪUQQQ\0I*>|\0о}{x뭷o>e/iii1cZl	OOO̘1O#\"\"\"\"\"\"zݻ_LFdݘ9S 	={xvoӥ<YO&UTSPT\\x\0жm[vکSղeK׵k\0$%UhݻwW{ޣG\0T*۱}v#==]ɓ\'ʯ;uǏcȑBFwy}Q\0]vU.kѢ\0ի\ZTq\np\"\"\"\"\"\"z֘{襤dҐP?c/\rcڴ)&\03g~&?~hР><\'F@(Ϗ8эy*̙p,a$K&\0:d3R|zER`PJDDDDDDQ%y\0\0:egg\0\\]]\0YYY\ZE\"kŴRbaԯ__sbÇc<z\0 ɔ֯_	&ॗ^L&Ý;wcĈQS-[vD&M\0\0Ue6ʕ5kǮEb]|\Zf+?bq4x.^8Ą~ܽwLU%aiEq̣<bcu3E8z=z߶YUL=ǣN!VrduEOCll;Q\"\"\"\"\"ꊅD\\С\0ڵk:۹\0\0brR*7e;\0\0,@!Ӝruu̙3qI<x\0?r5k֨mǏ#55Uk*pquAXXu_GTTgkӧaW\0CFZ\0\0X|	vWA\r<9sAApwOAhh6.]*Nh\'[$i3g4蚺Znx1aol{;\n[$8;\'c,J5їg˖|JgS~vkkoq?^(NNɘ<Yҥbffgk=DDDDDDdXXIDυѣG\0mۦnΝʯ۷o\0|r_\0x+	\0PPP}(F}tppP.SL]{{{`ڵ\0Gիp̙T|0g9oݍ+5֝:\'饶o^8{\\aj8<1~R,[?TcӦ<`hoJGGjcn7\\ZӜ2ŵ1jbc0~o`6Wlۖ5uٷ\0Gga@;IN+/\\X=	矫r|e.Ft@VVmjJQ6yC@@:RlYZ)Y.VsǏ1k,$\'\'#\'\'ׯɓƏ+++̟?񈏏amm	&T(Cv\0\0}$Sѷo_\0+ӧO+&UرcQ\\\\Ga\0@e(xzz\"\"\"Ɠ\'O\r|DDDDDDDdZke֍Lh&M\0!##Skňɓ+`i#2ṇW\n\"#Ű`Ѣ\Zx;VAA\"8;4\Z\0έ8\0AS劌tP(\0oW[u10P-ȑY<\0}<Y\rZT$/n\Zך5.B(fp2j[;vȏCd#K*\'\'D8v>|K8ˋ3U3`֬Yhժ6l؀\0)++صk,Ynݺ\0Zjݻw+ZK,i0k,L8|c,X\0VVVoqFn\ZݻZsbXt)F\Za5j]ݺucҥ6m\ZRRRΝ;cԩFȴ#vm|볲^jA*\"\0 44TcYLLQ}Xڈ̣觘bA>f1*\'?%Z*uȨ+HQ<y^߻W)SBɔQWH5j$II1nTG[[eJŕSxk\r_՝;8.FɴV~nhLNDDDDDDD\\0`\0@ѽ{wm+U(ٸqcٳUpqqU_6xrOOO,YC|#\"\"\"\"\"\"\"Ü<y\n\'O9Ԗ{֮pssCzzrJ@>薏=wDԴ)&il6qqqU<1~IIز%6!\"BÇ;w\n-VYN&.]*ƺu.	)q[^iH.m?P\r Q+LڎOAv`ǎ|[!JJfͬhQ\r|JrQp*p\"\"\"\"\"\"\"\"\"j.%C\0t	#|~EƎ	JS8эybGܼSja(-Ypv.ѐ*\r%$-<yS>2bƦMKvM>dXRXm\0\0nzySoa\0§aquKrvNY8~| ©SpMs?#\"\"\"\"\"7\"\"\"\"\"\"\"\"\"g\\xX0-Z\0X`1Â\0~\r0b0sF+..0ncΝmqj#&EYxThѹJ+r\0Ç;(s<X\"OTۘ1	\00as1xpF<p@c݄	h\nŚS8DGˏ˒%\ZmڶAL22<~:wX!,U=NNDDDDDDDDDkӦ5͛1HHHDzX03i\Z\00i\0pymb]RXڈ̣<HBBFrJCը!S2R \"QY	\0;w\"((=馷nX8^^)\nAdFի]!C2S+wrYwDEѢE*d_\n}G(d:1	%ز%[+ϑs܍.YV=Ӏ+4%8эyLOs`g\'9ZP2]U-[e˜R[jz[ChiW_)ͮؼ>!E(bb\\\\bDDDDDDD+ڰ8эyLȑ@DDDDDD\\;\0A\r<Տ\0vvs \"\"\"\"\"\"2+XIDDՂ\nBaa!6 <OAAmsG \"\"\"\"\"\"2;XIDDՂ7m(Ddl$&&Q̮Nm+8<YZ\"\"\"\"\"\"\"\"CpJ\"\"իLg\"\'\'q@NNNFz~ܷ{Q5Kqyt<DDDDDDDD`a%UG$;3!..΢G7K,\0\02Y3\'!\"\"\"\"\"\"zvq*p\"\"\"\"\"\"\"\"\"*1a;FgiEẓ婈3g $gJ׮|4iI++ba%Qn9b8Ο:8{I~Y[}և?āVr*\"O>-]	:vE\"77פL!..0n\"f\0,XPR8Q{JpTʈoEp,\r+@.ݴ>^ä	@ĸpeW\\ŬYs>v-\"՘5k\\\n\03sڳ\\>Ą8|g`	&f\n6\"fiyʓ#CllӴ?sGG[VJd)\0Jg;K-,iC^Q9bm\0DDDGBB\n\n\ndoozaÆBDDDD\\X\Z..9}QQS\0ӧOú#=j`פJ\"..΢G7KS֙3Eذ!۷磰PVa1\"6A\"Fru.BV[Adّ\ZU/N[_[cK!G0wq#lJ37lȃP4ڤJ1wnGj\"#ѽ{i᩾<K8{6ǋ1r>СҊ[XXIDDB||<<y=zq@r\nY\\IDDDD`꤉D?y]{\"fF癳8zƺSĂsՖ,Wff&]$)YZfiy\0yQ֭ش)ׯK\0\0=z0tF{}U Fxx6bcmYΣ( U|]Y`,L/ҥ:U\0FWΟ/EHkָ`l68{\'OB׮H,4$!Qvc۶|lؐ\rТ5>P#وXXIDDBBBv\nbs!\"ؠe˖?XXIDDDDϽ)9\0̬,b捐dݸB}#<<7Ec}ff&jժ\04i*/_777ddd]_uV-\n6\"fiy\0+@6XFp@zOmJU\na|\n+Me\\\0sN숩S#O\ZSXcG>\0X[\0#AζzCv&$@PAA\"$$`׮|M\"#ň+Z((($R)PPP`(DDDDDfPdfe\020 ߽aAvm]|IR\0޽ٳalʦ*44TcYLLQ}XZfiy\0T\0\08:\n`o/(*WQ{4U((vQ#YmyJԨ~ܑW_UcϞfcD1C߾v	)A7UUPz.LDDTmz{p%s JJ>(U_s\Z\0U~]Ba,TʂH$p\'OS=grnnnHOOWZ	Gtu\04iuD/\"Jm,mD\0@R\'lO+!ĉbmjFTe\"?TEkN7葇~+ѣؿ\0ĉ\"j<2U;o()5ƢE5iJ\"\"64Q5̧#o[e*eBUevܽM0C^^kBZzrY͚5UQ4JQT	\0]1|;\0Z-Hyt<\0!Ĕ)2OaӦ|lݚ_-Dp0SK2Z%\0ܼ)rǦM5?z9re۶687nHмllbyѤbIM?ܺ%O~\n1cD3F^xP!^=Xa\0\0 \0IDATL]Q\\	\"Ν?DDDDDDD ߄2d2>ࣚ>عg/v\r5k\0bر{Oo;<,-A\\u\0@\\u,Xa\0aG޽9ҳ+..0nΝmqj#&m(:Zett.R`Ŋ\\\0X3\0\0&*/>wgjm^hS䏎ϒ%\ZmH~ܪ[WqՕ+\ZڶAL22<~*JpJ\"\"6XEDDDDDDژXd2ݱN{qSoM֘7oC !!ycЦMk\0ĉـQ>BII	4nA`	X6\"fiy#	\"BH|FCG\Z5prJT\nDD8*\nMI1eyd:nX8^^)\nAdfի]!C2QRR /LL,-غ5_yLT}VYɑA$`\"Tc[炨\'1\ryΝs7@+ڰǈ.v=Ům<ֶtW:uXgQẓ1ԧNwJ\0X˖9lc:8^ompEqALrيﯿԘ<ߎ\rXIDDDDDDՙ-4FBbUOV<YZC9RȌXXIDDG$\"\"\"\"\"бK7e666&tLKyt<dg\'0w\"\"\"\"\"\"\"$,$\"j#VƸq_^ڌIV<YZS*(mDDDDDDDTIXXIDD+MǔrYYỶc\0\0PNj9zDUǪ,mDDDTmp*p1%\"\"z~	|V/Cj˻)UνוjSgbՒύz}ucs1住Ixo\n=Jƈñm\ZW`Jٺ^o?P2kb6_q.mUz>SRR\ZS,Hyt<DDDDDDDD`a%U]d2\n1m4\0@ݺu1e>|ϟX,ЫW/&$$~`mm-Z`Fff&\0`ɒ%J0aݻqqq())ŋ\08t_l8::e˖x뭷ܹࠖs8<PTTGGGԫWݻwZ[nĉx!rss^x;wF۶m@HDD,ɀaq;NЬY3sGK\nT$>JҺYbswGpuuwQϫ.ܿ]P\'9q7Fyƀip6\"fiy,@ du̜T$	7W{=qȌXXIDDGW4=T\n+++|ݻrYzz:~GBt\0իW\0P\\\\/\"--\rת2bʕHKKS.8}4<xZcO?G+quܸq.:v\0r\nnݪV+!qs\nKIHDD)))awc;5j#{<0>#tlxw&	M())!).A J*-==W!M6{Ϛ\Z5rw+T*šC JѴiSƸvd2D)EqᤨHO@~ l3[\\YQ-7\0nAp==@ʶ彧o\Z5g%	\r_Þ(?JKO7wg1n\\vOPb2SO*2ߒ9粐ׂXS\\ʶ1F?!pHr T/KةI%`ŢJz.軷T\'UB\\߿9cO,X7`+Eoޘj*:\\~M2~s\r!<:1\nnu}F_\"z\rXiz2AP,\\...غu+Μ9\08<u}qeQ/ƌL+WHբEX۷o#**\n͚5Caa!rssq1eQe`` o><x8w\0@\0.\\uXv-:(:88\0ӧ\08vHDDJhg_½hܰF6 ,}o\Z?e_`_\nyy{>oZ/cuxϫeܗ1bF7s\ZٹlǤqU˕칳x1\0s0s\"˥v>z(,_4FӴT~/?<y}{\0v}\0νV彧9j}Z[[#7?p`7S{]yS?w6ERB999WÝ}@ZZ\ZR*g,\\ѠA}L64\r~׶<&&ƨ-mDĉb$\'K*0e,ͭ\"ԗ-VR.Hq,\ZGN:Iq,DPFsGj*q,iLҾ_XZUvʳv.\'޻⃤$,]t1~V}hx/ޝxFmaa%U5ST{G2\0b/H0l0ԭ[J~M׮]={\0ׯW^>\nw}v7nT*D\"AFF\0O>\r222_,eddY5rP,Y\"H[bV)ӳ/[|.J1| 8Ds,{Ç(]l{Ul۰\"<\0a>\"yyyji=z[ь,{wkbHyb$$>Bmd:H$$\'iFʶӪtgKJuigEH\\7Ξ<W@m8T#1.甎uU̚5۷}\r?7\ZyMz_4),\0SK+c,-Oyrrd|lޜ3gMrw*-qHze=|&*i`\\?QeYxy!g[g\0@Q\nX3\'gV³4+ޝ\\ܐ6DD7!\"\"2<SU(..FII	lllˋ333kԨDD5knݺ(((T*EII	d2\0N)S`ԩeIIIʾ.ŋYf_EzzǏk.L2SLɓ\'?UF>Lweݚ#^\ZSop0Lc\\K(t7FzFF_ѣG|cG1QzgBF\r<q%4n@`Z{ZA{L$굿\0RVVVr\Zn4z9\\\\]|W5~~-\0\0~~-0}4jA$qqq掠yt<e9Sl 44. $ax1aolhKE[mʮS</^uyy}mْT&+g?1zR`x1Dd89%cdFT)ƍ+IprJF``&N(Rk/n*D~=y&o}av4;5F׏ VI\'@W6 $ZnG-~\rty\09O:WsE} $\Zo*.;p}i\\mэr)IA\\}Գn}Wf\"\\܊팫sEH>Rd?29#P\\}\0]2̶EfY1e14!\rc14|B9\0񭃸\ṟGb/Jzt#\\m})%IA[+mquwÓ3$n=r[T=TQ][6P]Ӽ\r?|Oz+7y3BEfg˭-hl7g6|n\rc\n^?FC\"i\Zbھ7y_5\Z3%l}P[b?><cT\"\"}8b%USB8me\0P\\\\*kkkGQձcG4nǏב\nTx#--\rz\0/8qξM:i3/j?[F G<Unn\n\")ZT;NcСCxzz!=7o@\r\0\0M\Z7\'׼Z;C޳Luxedf¹F\r<ArJ2ڶn̬,?Ϝŷѣ4֝:\'̟o^X`A$6\"fiy\0y֭ش)ׯg瀡C Fxx6bcmYVR4`,L/ҥ:U^9wn\r̟/EHkָ`l68{\'OB׮Hm\rc辛u|}A:<u\"A<}}}[s̺gt?\00L|K99=}}\0ۃ5Թ)nfİՋaN:NߚLx%괁(	?ш}\Z}7MlڅXd\\MF\n{_ă=Ah#{0qh8d+Jr|3:F^sڗbqXٻwP}MoP/XdR	6F{ȋv@\0:m IA@r6!PC2G14|sa<;\n\rَ\ZM(mp-}<>M(L#`eW&֝_C?[_B`eYIķ񩥨ѤQw}}׳e~WkC)S`\'+|]}^aס!gC7@:A\"`慙>}J/neG@d-MT/Vtu!fb~@iڮC\'\'m<mҦ{J\n!S	+eîfc\0\0\0?PqǨ6!G$\"jC*acDo{777岔_\"hdrw/b+&&[nU{|ʶO<A\Z50l0|Xr%|Sm/\\\\>qDl޼O]wDDd{m=lmKG_yX\"{ù{lt_n]|7LԔ/~JfHlqLnZhX>wƍp_hW~ϲ|DB°tl\n3\Z!ey\rEc}ff&jժ\04I>C2{%G7K\0^^)ZEjpX-pd#B\0}{.+\0O?-N,ϳaCQ!kRugGzÁ2USy>u\\}\0\r\Z`M52Kekш\Zn\0Xe\0ѦV\0VҢזbM5hTSNBd:VF8ԑg:6>Z{\\Zj!_sWu\"m\0pjuڠ(\r-/!WE:\\rr1\Zr<*ɘ214$yCcϗ!;kPc\0Aj;wx)w͊l &\\^\Z\0\\`e@4Uzl连M-C1]c*?{oА!ma}~wP :._>.>Xe\rVĭ0y~C9kŀy6+ּ]q\Z-CT6nGCh3ffc@6|@Ql*	I%F!\"҇#VQ+M+oԨ\r<x0JJJ/<U[Vct\r/Hcp_y~wHLLDvv6-ZEnΝ;8tHQyyyppphKDD8zr٘F!r\\8D2>aDN/[?2>bL_~p~WK1aL0m3K>K9h/\n\nѸQ}\0+\nW}J]iYS3eO:;;=3YaAvm]|I^oPe111ZZ\ZF@d,- \0\0GG]W1{4?̑Ŏ5jǌw+GgOBC1q١o_; 6{|{N/t.t`t?pAҢi5.ٹgXPz^i7w}iq!U\n$yH}62 5\'Z)&SîmCCАg5*ǰBsxMFwuBC<WM-ϮpcY85ؠj6U̦8\\ϦږUUndz?Uz\Zr6!ϧcso231[	ϗ;o1*xfyj2&0!NjۯUCeH٦OB8##~刧By@[&@X!m\rzgz印.o|||׷G믿c?~ǏWE>}K\0\0۶mwʶ~~~8<\0`ʕ\0\0wwwtNɋF/_(ѳB[AXߕ>ilU>о\r`g3LYf1mVVO=wnFiiS\"8P{}͵uU`=R\nR5\'Oɓ0{<垵#%!ܐbb+\"EYTfiy\0 )[cÆ<DD1q{apBKs@*8Νn#VG/EرõR<-L\nMoTetՖALZ:~0ؿcryyy1SWVcm55یDޣK(ʸ?B| ;eUz=W~UG>-Z˱|oWV}0סNOF{k\'nVXim?8i6[cf܃]e`WQmaa%UEvJ\'\'\'DFFb׮]HHHڵkzSN5L>?._L888iӦ8p PPP\0\0ԩqQ<|CzУGlYYY\0!C\n7JJJмys>HMMErr252Z#\"\"\"\"pSZ+K*n=omŏE]1|;\0^oI,Hyt<\0!Ĕ)2OaӦ|lݚ_-Dp0PTTZ,xʑ6XE QEmbܸ!A?ڱE27mj-	||JKP#1\"\0Cx_TyLFhSε;}m:xtY:b݅Fcp!ڨVeU\'_C]_]ɷs~pDmY2zwBNpjԽB۪2$T~&~Z{G[{敲-ZMՊi$\n]\0\0 \0IDAT~UvIU\\ϦږeGrTWOP1u1`ِ6\n~q1yS|N<_m-+/t]?\"l\nRGuXbLk3MmP mW\rٖ?Ggԛum|Ԡ3ķr!86bT\"\"}*gDDDUK&a7||Zk]QQj֬ӧcƍXjy$&&*ϗAd2 77Ē%KyfYDWhРƏUVaXnL___dff|_bݺuFaa!B!\"##b\nDEE=A]AùбK7tէҶE .:\0 .:,XJfe3w5̣)sg[l肬ڈqA۶GGB*V\0`1	\00aϝ+\Zm۷Á\ZdIF>}2(*Q>j1y֕uJԥ{[츳CO}!G(H%8p~l3$\0{{{jbRI{j,ne 4dߖ1	4o pw3GʉI%L\'г\'xO^!K/C2*OUW힟!mɤoM(x,B6Mnȼt\0TRp̆qCZr=j[/CsC	?JCCφQBHHeR{tL=<d2ϭ[?V&cjCN(\0P23ÊQ\'G:T-4d[UU?\'ɧ|j}🀔xN&b\"JC+̦q=Z~ݻ7ڶm|:T͛+ϙR) \'\'Ǡ>SRR{sC2U;%%-#th\0P\\\\#]ڴiy 8dQ7mڴbci# 2n<\"\0!!\"Ԗר!S2R \"QYPhJ/[&A`=w9JP(\r\"#5^킠l>\0yAdbb	l֭\Z\0}ի0ztrrd1ػ︦>ODEp+\'ZYZDVVluTYWݪuԽj*TH?xD	|?|^9\\|ˏsL1{&yV	h0\Zُ\n|u+oV9fEj]5dRFsYy:zbZi6]#%3ݎtpr܆sX/kw$\'Nx..珁\'j|b\\N8:?i]K7<=6u@Zcl*J7Xn}w#(\\Pa^	*t[5og9;ӽ>H#+\'8~ϻK->qɬ<y\\n!5!($>Xx¡g<qaٺظʵK+ti04wup_b9uX!=!;5KEaةax\'ٻ73P<Nx\n\ZoC1g1m1(Xl\\!G&Xb\rW^jO@;IYaz]yMùJō٥d[l[Bنa\'\"YXo徘^w8jO@7+7L/ݾh,*\"Ճc*?/LD/ax\nQ[\0LkԆ(?(N!DDDzѣQc=z7os&B+++73ҝ;wжm;CDDyGJoHn]TZKiCqe.8gYϴj{4lJ\'\0f8v j6UΝ:R֬e;o;}h!88XG8&݋};kEŭD]A$ERK\'1g>5};лS8~J%E6p\nR\Zcbjqb`]Neg$\"3VwwwL4	ǎChh(ahh{{{|Gh׮t\"\"\"\"\"~Y077ysq9]G:uŒ>>>\ZQoEz#LЇ]]0xW}DD1g>é>$\"wJ~?aiiR\nHNNFll,DDDDDD<ѿ{O,]BJ}y[%7gxuvcaobՆbfEA\Z:11g>é؀U\"J\"\"*1XX_DDDDDD%ʄ)Suӷ\"=oyJMuu*]\\K]  y:11g>é0uDDEDDTbp)p\"\"\"\"\"\"\"ҷGc\"\"\"\"\"\"\"J\"\"*18c%Q\r&}KV\\3A<oFo^ڳ^DDA*@*\0RirÍ[mDߊGc\"\"\"\"\"\"\"J\"\"*18c%QԨQC((ۿwcb<m(̅\'44(WS}?_/ɠS{γ]ԜB4+t\nP~Hͨ<G!+<P7~N\0DDDb͛7P(|W	{y&&&~j*Q[caS<$WA۔$=i_\\s{LMҤ_1?:\"x~y\\:BGۺúzb/|3\n3VQgϞ\ZFFFCD\"#..NNNBDDDDsuT*Łb՚8/^DӶ#::\ZOsGXX8\\\\*`Ҥҹ#\0ھr/mF=<x(ʯ*hӆMO0@}~+k?~`\\sFR*|NQ3\"\"+Dpuu\0#55UiH,8;;+?DD_.^(	RSSѸq\"NDD~h1/Z{?xK3g6Fbۙ~]uFBp-?;ã6\0,TGߊGcGŗhI[Ǟ{YT)5J\"\"*1\\]]YEDDDEϞ=ÀDݼys!|7\'*L\'/4Aýaei&bhؼV^h	m1bJak0y\0ԩj\Z^ͨ<G~pxuRmJ7\"̝W>W$y|\']Q!Чrm8ƶ\0f#j#Y3T)ST2GDǟODTjhkǧN*|zS/OEazQsJ\rw7`ε9xNN_$ǝҧꊥI\Z{ 1?<g{w{|A<?2!04c(pD\n+9~R=MCu/N1W7 ~#+\'?W1ڸxq{ą(HeeO܇b9*NűiH~~\0`Y*t[Cs{sug\'LϺ>V:\"8 E;-]a>!eH\rdʵS۷mB#y(;$W#ĞC1|]1cMF Srg`/j,1^b	݇~QJ\"\"\"\"\"\"Nlg\0}/<ʙ]I\Z-mXU̩бW\n+VǾ?_;,~6mۉ*k@C*YƘ0n,ʕ-aa78/EضmpΞ=ٳflk׶\rfϞFM$$$M6cF~zZɦMV<GӃ;})4Cx\'mߟ6:3C\")F	G2uCf%8TGh\\(#|%\0^}87[T4y\ZG`AVsn\'Oő/Pμt\0|+oQ٪2B^_o霅9L-8^lٓ=`x4*܌̴DD!}%?\'B^[aY^?í_ȪwQK]f1?s+L?sݵuMxW0Ԩ<Uv9u?\\w!7]piw/.T)Ӗ\0^NaZD<;<a|w~ԝˁx	\rH\n!52S[%,m3w*N\Z~RX*hʵ򍠐gix}uiYd$F\",Ώs#~}S^BX/-A`b_oCxG_,`ȱE%#6s~KϔCmU?w:\0FJJ\n\0ѣGx9_E%gYسE6NQ~>v%Dؽ__ڍЯw]Ǡb׍i~:vًmڢ{>wA֮6ֹޏ\0`	\0\0[[[z\0޽~}3^h0\r~Φmy10߼&xy\0\0L26nS\0Pݦ:V6_\"ɴhR2s*mrj]+AWIe\0\0T..]pfanùh\0b႕Vbyre7belUYy*bWo(|H00gEqrʵY.qA+uay>{|b6i4Wȳe%1(߭hluOud}$2XWJrIq:zIep4}\0g}u8wYuBA30+4-aZiqOUwj+4$RHdpj7ou&qZ8Yǥs(~.O^BX9Ϗqp/-:KgGlfm\\/ P[c}?w(okN>u2*\ZNe1vΚJu,[Ϟѡ兆\0x;7GL+x튍?<y/EԨ^fLJW={~\0CCCܽ\0GúUKP223ѽPlXP(;q/Y	R0sxTr㺁k|œaBD`E>^D^0zPW(\nvmZb\0@q>DEǹKzU+aڤpt(SYJEܽ\'^DDh~፺uvɒ/R)>m	6nX__?oVYKfca#yw!<=܎\rT5o!Z\ZWf`Ý}ty:\0@bkwI\'вlKYcsT&Mm.CӨL#<>(:HXF~	yFHzz.=b67Zʋ ;S~-ںp{q%XTl	Rn0wiRtĸtU%2S4#5k&ZNϠ<CeFr\"@lNdBH>.Yǥs(~.O^BX2D\\:KgGlfm\\/1QXXIDDDDDD{wVJWWWm[.^\Zg}*\\q9XV-\0Zzuj؉XtvlVubT>VCJ5c\n~ݶk6l1KٕEJz&\Z֯+W\nW^Gnv\\]`W3~Z _عe\r\'m*ۻ&Y^-=W.}b\0IIx	~۸\n._Ū5]`_Qza*m߃6bJD)toYߧOg1GQZ	dbic{vl\"\\PzU<G<_\nlkjp2wRnoiwͬ?+x]dB&Wa\\$4Y6ZDd˓B3}%5-uԔ{63Qc\0_Aګ9Ѓ(N^)ʯo\n&ej0zZDsN׸z6N1>>QXXIDDDDDDSW8̕68ulmhIK{ּ]2\'-0ga˂	s%:[	33S>~Ѧ\'Μ࿠3w:]DVѭ,ѥc{\0 65\nJي8;)v&~3ff3lܲDanfϦ?KWn`ݪ%073Cn1wle$**͚43`a53\\.T*Ebb\"ZP}GF<͵-\07o#GW9zM=sӽPsr}+ba#yרL#8e[ƽ;.G]F2.G]V.ŝ(1ڜx~G;Uv.\"lVԴҦUe\0\Zm.fp!	\r+\'mN;S\ZC\\j\0RTg3԰2YG{Lu/%e\0I.=m^wc #)\n(܇Ƥka\\:@!Ϻ\'̢5y\\b|K]f{|>;>?B1\"\"\'FDDDDDDD=z2뜯a\Z7CF|k7]vG}v]zNzyKhdtr <vE^*Vgۮl\0вy\\\nޤGophѼq\0I|uj$XUbB\",,\0=C\nOuV;k++[>2ǙzohؼG?vؾ#0w\0;\00`P;wr\0pj|7ڷȳi*888Fňy10)xbX0&5/b=xR.};6|bDS~BmÜks!π\\!ǉ\'u+W;^{\0\Z\n߳1I~-VĤ\0\0R3Sx\'KVy28vmll3uvBBǮ.6YGߺxvpi\0`U{<M!@øMEy+qiҏ=&\'fcDgc/o#lO1G[ږY/yF*/K}oJ7=^6tϺ2-W@!\0r$<<Sd@$01#9k@q8?b\nԗY?SD\"l/ZL_az&5.~㌕DDDDDDDSj2Sere0ih(\n9~?]]\0f^CмiCH A_۟>6ؼnr헽4\0XZZanf:ݱc~TrueY}vl\0K%\\\r?Az		׺Qq\"Wo\0\nXxV)ұ=<j=aa(_g\0_/ի\0\0ƍ\Z]:w,\\o310<X|%|F\r8;J\ZHHFC81*XTkxd8\0\0 \0IDAToEWO_\0gjn:7\n, Wġ	ִX1t<aapr)KsŊ[+uiip0u@׊]6˵L*èp.2k.OGOL;M٦kw$\'Nx..珁\'=\ZsOwCzs\0@4=ѹJō٥dzWl[Bҭ52ħYn	V\r\Z/°S<9r^wP?ل11]ZR7<	i!q\'x<^\\D]Z{Lkt[/1{an\ryz2lꀴǐT}c?nYWXn}w#(\\Pa^	*t[5ouVU?sx7`dOUs~;V	x# uC)qR]\ZKgGG >XCDDOU|sQ\nGժUվk.0@ؼy3z衶c&]вycܹ{8{~\0\03~\ZFzC}\0<Tm*!;_,])[}-^vЯww;qN?uSXjAO[؉Xj|3?m\0y튡wع\0Sg/Wgj***\nW[c:kGNغ}76mۡRr^_7kRۗƀzbÖkLM3\\{^\Z\Z\n+W(cF\'*L\'/<ϟ?ǯdPȁ=J.j@ԉki;=/{o=ob_Ɔչ{sh<FQkֲ)о>>>(t`*ba#yO@I.LDDﯠin@DDD̹+llKiĽu);m\\\ns{~mޘ`&|o`<^Ej[=&W_B{H{.a}2 07iD\0\Z7\0lH&222`bl.o9u> eL\\T)${sƈaSVvLb!g@!Cv]e,qs.a*UzaOH\0\0sgcCjL,V<G\'XIDDDDDDt*-43V/iX>c%\0? R2o6ca~2YgaADDk&/XIDD%.g4Ը\"\"\"\"\"\"\"z[D)fJ\"=6,\'MߊGc*H[\n]TIDDDJ\"\"\"\"\"\"#t#ؤQ*u{Rr\r(D%ͨ<G>OxDD%e]G \"\"bJ\"\"\"\"\"\"ԛ7orJDEE!##CmX[[坉H$9mV~εkY\r\raRP{ظ&FV<G\'V}zDYT٪}{oԬS011ub=l(\rSیz#y1~:\0}-VvP233?׮Æb%,,\0}+ba#yJIDT4O4گs:z(}	\0ϿѦQ[vlف:ꢢ[㕷r)Pw;|\rk4FE[7,o|UFzbJ\"&9wIII3c.\Zh7hӨ-: 59?DQ\ru*Ŏ-;ۉyQJ\"\"\"\"\"\"\"\"\"*r*j^}+\\+pU{?v8/^D{]88VPپ_hҴ%WB歱_*GEEcʔ^+EOoh:\n<sqF\0s+~ܙx3M7\rWqC?x\'1\"/,h#1 XXq?*a񅍞.dsb,Xcbu3cQIťsfff+bJB@655}xP\\;N%f{\r$ڢl˂iH755\\ȑ9H$YTsT{acpj|F?!~?*]vӧc떍pw[0*wGmƢ]ի9~ec,]]v.ҼҷGc7>c\0\\Ʃm*5+ؗߞ?GuWˆ\0vVTGL-c0rrۀaacc]>HUuuo$\ZCSq6K\"\"3V}\nJQB\\./U?)))HNNƵK,֪}{]7o 99i30-Zq_E^TpXXc/V^\0^SNªk\0\0?/[6Ɣ)P\0Z?Hͨ<G\'	 2%fhV(? <vyd	8aչ?<{l֛ۑnJRiT^2_C͕%Yl}\\Zڕk4\\r+z-333,|EtoUC5ㅘf\Z4nvԽ֬XV^/Us7JUPZCl^%/7l8TCMgwlU2kc)?/zw˵s?b)g[SUPںbO~y[`?Խ*EVy.C]ر_FcSPZCUFj@9qVں>{}(WqE2{~ʕtġTHxyEDDDJ\"\"\"\"\"\"PvPvVff&233EgddWq⾆%)$ߤ$$\'\'Ufkվ=]T$&&3ϻw}9,[Zyq4mÆMٛ.b۶j!Ϟ=vmۨlk׶\r.^\08z8WEfca#y4302\0CS<Nx\08~NF:,绝G`H ?ٯӰr$M/Qά|N(p\'VZ\"mx\Zu8%7!v,mdG(|T\'گmK\",	nk%W?A\0TU=e/\0QK5q!~\\EŵWXg?ꖀ޺am7݂1i&ٱOH\n\0>@2ߟ4w?N{{lm܆	ѧ;\\DؓpљŞ<>l#w-SNy^5D^ͳv:lڽ	cc	Kcb\0ת7a} X9]ǩy7_%&MXjg\n\0^9bZk4ibkѴiݣxq~DEEq/\"\"\"\"\"\"Txx8<<<Te]Ttdff\\R{7.ӆ\\qnݺ;;;8::j1U~]tQeN\'k.D@DDZ\nY~#koa?	67m.jϞη\\.GTŽSGD\0111gذ>uf-=XO\0\\#\0رd\0@\n>WƍkOsqX[[/`)066VӬe;#:WN>>>(о9Uca#$P]mwk\\<İÔ.D^}*.ZWUIf\r&\0\ZmeMQF6^^B㽍VK[цf/|2̙1/#^bI\\?y3rQ[@U[e7t,{wEӾYyʒAapA޼v|ǣK0\Z\0гC/_\rlw߫X4kۚ+K\0tY]6BUØ=?bcɣXy)k~)ou~\'ľ{:V%*8t\ny<b3kI.Z\Z~5&\0\Z㧍G/:*9[V}2}{*6mJ͛02jOm;\"\"\"=\\64Tq^6C{!\"\"\"\"\"\"+gdff&RRR\0\004&(YWEx%诸2vxn4{A1rtt;5J9gڔ+RP*a*_?VU\n.I.c;e8;;!**\Z3Զ%}+ba#y4ӭbbClkTESٖ\0dRR2RE}6~/v,mdGBnE\0{!Юc\\m[+7&rG)\Zq/jU#uk~mKzc}ͻT~S/vrf`h\0\\4	Şm\\:?bhi^ͣV-kX_47BРITtz\rjYOX,q㑞 lK{c4\nFjYL07rNXIDDT\"7&DDDDDDD3Vt,$\"?CCC#:::YUӧ鳘Y+mmm;yk\0.]sss\0}i,]\0һJ}Qy10ьTL|y_\nYLw~-Ø1\0p1L=7_m)[\0Yc3r:VݟP1cq]6n^O5ͫMXN_u͠x):@}E9/FUqA8{GY9Mڢq<9,Bמ]5+5USo)8v\r23j1w%5Ӹ?\"\"\"*~	\"lrHOOgQ%;\r\rL-%sʹxMqq#Gi&\0-<sퟖNoE_#y1v4slCP4oQU޾uHӏ<X<,	=/~5Ooً9d4S?[1w|-j5*K\'_zVҨc_alb툅bdd{w=*<\0:@{\'ۻjJ<B.]Syԝ*ժX*[E11h\\RP9BeAciz\\oF*週Ca`S4k&+P_DDD!\"\"\"\"\"\"\"*V9+322tH/edd@.C~K:^;wo\0oay\04?Fœ\'YQQ?a\nzBg*Gcy\'B^\0\028vmlQ?c?\ZQgG!4.\0p;6N{XbG[.-?m	\0p\"hg[T7iECDʥԱߡ\Zͤ3`<v_u̚q-c{ױ|\n$%%A.cmf8eml䱓W<B.MQ\\V.AQl~q/\0:;e5Vg^ľ\0I}m~CM\Z\ZgK#XR/`ߤXWfffg4SxkXDDDDDDDˀgXIDDeXiN}RGxyDXX8ʗwY?#k-#2%G={tԩu<7}Qy10юZC&aQ8y\0iuiOwHHO@Ý0!\\,]_OXbG[._\0./,P?>%5oH_``{\Z\'r2b\rQ?M[4Ӿ%Qӆ3aVGc1ޗJزw3-FhUvρKmu~M=GMDHyIcӦ8bzg/Pbv$:}QcM96b$th߱o_qf5[ݷQl\r(\nmXCv=>Vq.zDDD$ߒ.\\vITTTsk\"\"\"\"\"\"\"R+<<\0T)ˑ7o 225jȧ\"ϝ;w믐?R)R~S5!L-m`jncs\Zʐ7IHIGJkdf=kpܫ;uDǤ\rZý;W_#y1\ZS\rcA\ZSy+SUØ*ۜ-+(M!lDDD\\64TʸW1.e3V}r#5y\071Mj:DʮNN{ng%RoE_#y1T̉l-DD%P֩cmDD[&JSKTX=|۵$(\n,[?N2ٸ>*`?Q(RSX\\	}Qy10桒jɘ0j Ɪx2c#P޾4qQ嵼&XXIDDDDDDDDDR!L-mE`F</èl9̘2\n\0YEQQ/E>\nioR ,8ҷ/<J=:sκA`~ \"\"\"DDDDDDDRIDMcSx6omZٝHHYZý!56Vգ;N R^Uͨ<H9[Vu\"\"\"\"\"\"#u\0\"\"\"\"\"\"\"\"\"ת9du!!4[5=\"#S|eq\Z\Z:zoEq#y$ba%H\rP301	)x<\Z6JZz׃)W*VtHK`]GP<D] \"\"\"\"\"\"=J\"\"\"\"\"\"\"Ҋ#OGhԲz\':zjרo^Y[kޢ\ZKHHqSТmW7I\Z#\"\" 22.Bfvz]\0\0UoD\\	Fzz23嘷p\"## 8yɢo320ю0;9ƍC$d(ܙZ$PzM:[34釈 uJ%+0gTAoblXYZA=]+nOHLğBo\ru=>aظw1L+H7R`i]\ncrʴig`s+L\Z\0PJ\\r	5دjŋ|sDGG#2raΜKL4]:w\088VPۗ=8\ZWq#yHBQ\0h:re֭exB9s&)ʯDϗ\"43VQmڶ}A:ɌШA]w)ۼ;cdc0IhI\'xBSO:tǉ~Jz\rB֟{!\0c&\"::TIHHyEݙsi07Gp%펝8qet#qH7RSȌFb%Z\nw܁\'Bo@jj\ndx	RS~}U]vӧcM/{+0}?]\0x5F/#   WA[QcILT 00MD:-[730uZ\0ʖb2PUu<8+4)TMD#00ɊJ\"\"\"\"\"\"\"*Y*ۚ7m屇?B*pϝpU+ze֡MkOصwC%+1w8N\0^6\0pQTvsU\'1)	=z<\"\"_[݋(S4\0=G\0\0 \0IDATi΂1{T=eD\"҅\\~07ح\'Ԫ]{̙3@055ŵ7ʅ\Z#Fxl_z\r&O\0wZ\0\0wZ:uV^ϟc׮R.:\n<p!\rÆštHʕt&VV^#\Z.ChƌELL\"\\o=\n2XYE`׈\'<UqrČ	\ZX]car90fL<\"`aq5Λm>dke(<6ݐ27k<N^Y.	Na教h֛a]:6^~O7z3t;\rQQ6)9-Nl>;=;qrJ:||PT$~faa%Z8X\ZT1^bP033Ezanf:-kѼi#dF<~CpdTZ	иݛ4˲f]dHM}Rlɳgm?\r,$W4?7vڃ-~GWM;v\nl\"\Zq1/8~o(2SqEl۶?({gϞGmTk/-w%9ZɦM6 cEEɱxqݣдi֯OF&FX\Zю*m%x;vt@c(ALYU?x\rvEZZYlb-[R7ޝ_[7cرD+/_*.ZPT3pnO?YLf%b$`ׯTY>=s~Xr-҆!(&HM@l	7҆PCvV^]13\\vW1lzSi34,oCrK3+og.n=>*}ix=5F\Z*H%PykZ3McŋTJ\"\"\"\"\"\"\"*R6yUl,Jڊ?))m:DfmѶӗW)_bB\",~ngN]F0s<~jTff2\0WX[1ޤeSySS},^a3x^RD@$7Ȑ\\5ڏ?͂\\:uY;2Ғ``PL__?]ls;;;\0ر\0\0xγ\0<xNB*\n6 c99Eoah(ܹxNðafR-D9R)Э[ֿ<,И~k4`Vՙs7oQ2v5V̑b,Y\05ڵ\ZeMK*|T\\i\r)R4+04|{~45<lj	v\0\0S,kL/Ag\0T\0TW\"0$@c槁}+]\0вlKxyiS6ZSf0ҦKq8!28H*C.86\no૸YXH0lNӧe`x89E{\"\"\"\"\"*9y5գr{\r044UY-ضff.~HOϜΘoFgH g.o&333a$3ҸsKgDDDyrjp*aBCGc̹8g[I$HOe\r\Z{-tV-{_904@\"Q&Fw7֭o%KpR	ccewɵ-  ی#yi&&y?NJUQvÇ>8v\r1s	ɞiRu6Hf	$HI*TJcuq1Ш:E,ymnF*\Z7@YZWU^&!%mړPJhY%ܬܱ9*[UF&Œd2	dGDDDDDg$\"\"\"\"\"\"B׻m ==!pfC٦])>{Iظwښ6nv\"55{1\n_\ZհgA$\'`yfR]#==l%eR#HNNͿa=LBZx6B!={?L8+9L`h \"=\'0t@0	C\rpA(ғah Ar:},f\n\0\"&&FeXبn\Zz/Ci%UD0mA<{X!6V?x->{_MAjjzbϞT̟oKg+;+{ٯ?sS\'S2]\n.3qm>-+hW[0NFCj>{\'H|u<bc;/^8{\"\"\"\"\"*9XXIDDDDDDDV;M9q1g2|7|T팕|b%s\0Tr)_i/?3l`;}Ca,!CME$:u=>ݻ\0/\0qѣOpgL{v6zڊj7_/]طs?;;*@Dh:[GQ먫\" uQ몣CuVK7*u#EUȏHH$ yxJ=ZpشGxvKƼYӅ\"ral(\nPY06A,6YQ%\0<U*\0:u9~:vT.jJ̘>[mA<1̙f51fO`XXĔA1\"YՉTX8Coߖ49ah 2\"Rou}gϜ2Fu_h}8s^[\r7Ň)mS,\r^\\m9륳36\Z9spg?&~}[\n\"cǦ̙\\|.Dd\rf2YGDDDDDUKNt쉮=`J׵G{\r~}{*^{kk+|R\r랭חvM]]p!Z#w,\0wnݣ1o5o}?\Z373+ʣ]ܻvD_D\"adTr1Le\n1c-pskXl%vE;x6}Wq#y)o]ukffM-7\0ë)ƍ<wŘ;eƘ7$OҰgllpJVLJm[6y8r$*3lْJG^&bë/^*_g9s0:d4~ڴEbv\"\\V+Lh:|qprEDr.`B	*{p*:ŌXn̍e].Gz;FMӚ.FAhQE-[\ZG#A\"3_\"\"\"\"\"\"\"\"\ng/{JoLDDݽr|&|&bWKfɒe5kfԌ10)D??	\\U!W.ym)f7\\o>+t$FIU+vve]S:dt)caj\Zٳ0nDh\'̸in.˵Э͛ǣVԫgURoѾo7~~ؑ$ffe+[/6t\00lV[us6~M08DA\"F8_S?{]N{C\rx~ӭtq[VܥYnq#6F7_}Bƻ1_E*kʕZ󓰨&yR<{\0\0LT|!;;qqqh֬Y$\"?ٱ&hp!```\0H^Ѧc\n?5)1³KO<v\ZU}qy1~), Tq\"\"\"4CVu\n\"\"2q\0V5:ƴZ\Z5q)p\"\"\"\"\"\"\"\"\"\")uŒZQoEq#yuĥ^00/&&\"pId\"\"\"\"\"\"pJ\"\"\"\"\"\"\"\"\"\"zmی#yKv]UG \"\"\"\"\"\"z-^zU<G!\"*^>Do,w?cUu\"\"zq)p\"\"\"\"\"\"\"\"\"\"zm[\ZcaXXIDDDDDDDDDD𪎠y10}CDDDDDDDr,$\"\"\"\"\"\"\"\"\"׆<G!\"h7~_ԉ|\0{ju\0-B}%hT<v\nv@}ZhjXk6$M2^4oi皑W]hX_$Uܵ>^\rѲQ+u@&ϟBCsѵkb덅DDDDDDDDDDo/bܭl)m?r٩+b_||O]\Z4!>>Jfca#LhK$zEUxUu{?DAciū\0p%ŭX\n[n\n4|܈QN{iOQo/G*vT*(1D_0>3D]Ȩɹkz}<N¶[|\n;~:->J\"\"\"\"\"\"\"\"\"7H@L[X`6gяi=,X7o\0>kkk\\vϢ+]cƎSo310oyJ.CPP&<<ؚ<W/]Eמ]\0/s7/к]+tUh٦NjѪ~ؾ?m٩JI\\][wm0qz\0```Q>#et9m٦%RtF.44Rb6e\"3SqH\rz:XZYb_7mٟͭ9\0ͭ9Ν6\0n޼/\0իcΜqͦo310oy\rͅO*jՊ*]:aku36bS`e##;vd%bb%anSB*XRL{X/`nqln2O/\\6_ϼwocYX`ԨK+dK bb &ՏVXwb`ӭeMTq\Zm\01\\`2VlV,~=[ĐlwpoR;M2}q^G &dD|vR$W7O/n5vGrNrUyBrRbin\"`D8Z8!n$ƏS;SaAAAik0\Z6Ac&ĄDyfth恆5o.|6FBr!l\ZMvعuW0g*\Z6A37C̺XCl7Ү&&T)UVzOKR	q	i\rk:m`4·\\Ъ@̼whdM6O 5%U>z&hKl׮?5j7UQ\"\"z3{;Sx7y&E=Vi-q={l,Ig5kƭ;<cNriRes\0~Fe߅гGwm={tW\0\0Êe:\0 %5˗Tj6ca]7xt예m2a-[,`\0@&8umڊǽ{[K*d8x0cǦ`@X$]mA_Viiv3\Z2W:$lؐ}[))v:U5k2ʔL;8`[0rٶ498xPg.+ڕit>6)>x?NOc\0g1j\n>ٸ4\"pY?pw~Yc\njFH\'bW3iy~||=2e\"nTJbOLEt\'j\n20&bKS\n]y-TUT˥2[װFtl\Z :	vµk.l+Rͫ\\/^p3:b\'sKGл/{b]J|C~+Pv-sar?ᓇ=8|B3\'}Aýq߸eD?yqfMOinuo%FS{9U)U|OuF+B\\DTCDDc(~u_󾜋pMTϧRV{Um/CCC%=S7[%\0$%a{Q&:vL[<֮P\"\"zs9O1ٳgpww\0d2HR#//وCf=Π0uxo\n8xdvo\05`m֞=pVh;ְ1Xr	\n/wҧ\r)3EDU#\"\"9;v. ɋt>/|hgk||bb\"uۂЪ|G[zy\n\0k\0\00}gXk\0c=gD?}|`®)l۶5FFFm]zAe:Gآy10}\0b-ZcpSQ\r\ng3*,MǏkIu/D\\/`n.T\n\Z@ݺ_[>F?MģI#DFt,#((\0-1~j0&s^^>fE04󕯕&׹xEHKX6DA\"Wx7Vhn<\Z>>m/p/+\\i!t`N2jCܱ4bh+ͅՏVY]AeI2)̷+X.<{);˚ekc|;,_q1qXVGa8s-D_G\'[N8{=\r*桙Ӹ^}eJKnN?=;0ag\0|a衊v׮^ǚ`oU\nDtڴ߰3\nJ>vT{m03\ZoE]e$RM4U~^wZw3)9T\'8:ݻ\'aRsʢ6~)w-/Q7u\r1VMqRaY6XIDDDDDDD喝\Z5ajj\ns33C,qϑ֞=0]G£k_xW\0koolڎ]S9.!!͂g7ybV5\0x)C>9wĜ%]|^LY@\rkЦUR8r>ŐqR!\"`,뫼&LA?EQ¢ʢ-^:vvy*bc捫ŢK˝My10}@|vjMMUֆ3Y+t0ի1/6Vuf(WWyՠQQ:\0\nsx{\'cӦLeǵ\\v\0*QQN晙ErKÕc֦[It>֬h_#_;\Zu?\0\n@l FV~l%IN䋓a-bD0l_XD޽my\0=۫qp¤\'cB3ih!\0U\"EkѪp\r1g*>p\r_阖mv/zV9+!RϿGEQ%]M肾S1#d~w׮^׺d̟\0-BÚppUm_x6\\Kܗ4[eqbbJ\0PG^SF7!\"\"\"\"\"\"\";»];S:onCF\'}ѮM+;q\ZV}섑223 q,Eƍz\"lٱj\0\0 \0IDATa̩\06nE^h ܣ~?\0Xnڱg,*=#3.ݿk,Y9lk_,Cƍp2~Q1\'s.ܹXK텳VZ[[#115kdXYY\0vއ;`uuv6XJ;M#y[\0x;vda˖LLi&>\Z5-w_XeZܠXYw2qdNC8t(gb^2g.?LƵkyظ~~4EZMj\"@~L\nmrSebrk2\nGE`5Z$N\rCs}fŗMΫq5yh!ԱǰE\0g?7a]\Z|~\r߬3Uf>Iepsո?uVZ;*o@ΝAüq<y\'8Cbdk^R1ce߮`ect,[V]l޽Y8y2@&FX:ƍyL\"\"_,$\"\"\"\"\"\"r{O.hqZvmTk>=aՊR|8?LMLTuܻI56ǿ֝X0k:$\Z>6oߥ6%ӣƍ\Zbrz[Ԩag.z=iu<w.]Tѥ;u\'Na8=\0g\r.@v{Uӷ\"4<-\0`L3̜ism[vğWe.]ƺ-qj\"\"Ѭ\"#j.gg~XĉL(/8v,}$Сlѕ۷3M Sx2ÔC3f23-IQXi?2Y\0B,}13H\nyidyIӞꥫ7l<1ɸ@~aFr[^M[JKߺ~.M6pU266.q_}phaʣEA\024,^Մ6y]6M̓Uu:oXWNLHDs\\R%Y^?w\"ϻ_+mJ&&\"|cVgW \"\"UADDDDDDDo:>|KY֮W0g:BR\\FF&7={Cؗ2-3\nXYZՙ=s*ZI5}<\nKX[vBY)5~278F_X5\0bٲ\0`\0&Oϟ\0bc0mLXLV𪎠y10}S[Z\"%hRn]nT.̛g\04˧r%*m׬ɀT\n|M\0`j:G$>\\y!YE\rɬ	&Os+ܹ/4&c|>1)\0|i>EC߻+=狈\0Y-X]v\0.FAhQVhǢڦ5\\|i>2)Bo)m,]+˻]\0\0.ós\Z 7\'e丑|lEك;}FU?f}Q3ox)GVo7ovX1uz=222 J{L0CFWקP]:8sL6йkҦ\"%ֳ]\")}>ġ$fd`hT~rl@~~>R).Ŭ)=w5SPPP2f`h$[llɢJ\"\0XIDDDDDDD	Wg.ն+L.^ADꗑQ\Z\n3JfxVHL*NNn.L,/((P,׵Â30_&Oa>G~swo/\\_~GG,j	!V-_GZjaР3*NJfca#LD\"O??忇mhٳ_]Yct@c|JE07T\nLb(XKcLt$FTMfM]}㓊 0vl\"\ZK%kݮ1$\\e+gx{NFC>C\ZX+ڭ{fH#ZgԚks3PtVȃ=bI0nL\n[ltX>/!a^\01exYץ-ɭ>,`PO}<B~:v?}vT>K,ı1yTux\'Y-ꊄ4tnoQ)`̜9b_Ī[\Zm&m*=j͗3}ޮ\0h٦%f/zzY<?ϧB^njծ^Ķ[g@ti\nTVZa+sV5u})mJ\0r%\"\"&/DDDDDDD={ww?d2HR#//وCf-Otl}Dx\rV\0\0Ɓ][Pf\rMiP?_O[6Z{+zܗ+¦VM9N؉\0)E˷0lq~lݱ[BBc`GC/lں		IXxJߚ+~~ōC[Of~ۧAD:;`bhF6VԤD\\<{B(.= 2rg׫b4<-몼ˍI$Ԥ|1qrT!z8Y_Q\ZtFTCmitlIX\\CQz\"Liz 8\Z5q)p\"\"\"\"\"\"\"*g(=Brr\n~3&cq\00q,7:JuE?`׾_3ZnjxSx#8D,F~AJBcsgb_У߇x3+q¶E/hl#<¥_cެj[\ZcauR׾·\\D.Eŉ5XTIDD*8c%f$\"zjJ#G휱d6cauej\Z\0ζ$TL\"\'ceʣW!>>T@*7Û>ce#ưy_EAi:c%鯪H^10oy^W,obQ%O{XXMDDDDDDDDDDDDSjwؽm?<-QUrD)1\"\"2`a%[hG*3IߊИGӷ<DDDDDDD$gP+^+lë:<-ɱH._:\0GEeo310oyD/ Py-ԨS,QHKܘ/R}4{l&WͅbDwGJϕTrWin:UPsC:GskRCQ׹*1}y0FU~}\'\"zq)p\"\"\"\"\"\"\"\"\"\"(qߌ*|/bnHHH@lS#GW!:a֬=EKW_\"++NN0)2ĻL5UzU<G\'\0e?2mu?EB\'S|:(Ȥx݆``(FxX\rtUO&ţ}`}47%HӃUCyxq$^i^&\Z\n002Ujwc-JtE$RzgG\'_`оQba%	-󝏜\n? `\nLE_*ݼy,]?ͭ9⣑cQ-0\"ųgł/ֶ6:wTLT)DߊИGӷ<%IOaϞ,lߞZU4~8t(Pfib[>0Wa*pum\rγj\0jUJs-Q;Ԧ)|O~\'þ\n%7)*8]^f,,1a6c\0sM\0zk׬`};~U)^00oy\rͅO*jՊ*]jS`nSBfK`wfOVprqYpqX..ؾ=S^^Hb0|x\nԉD[35n\0{fM>EFJA|Tei`a\Zh#SA\"yfHrJZRkm\0_gsDp3Ҷk	Ҷߟ#^0j\n?d*i6ۃWwn5.{lؤ8J+jl%-Z|{`n.2/-?\nTύ\"b	n/B׷#bn.HC]UK>1_G;ͅbĜ^AXk[Iw4ͅbDsQ_WWI.NkwqXDP[%x7^>:uц(Hwoe^bجX|t#HI`}~N{ \"F\rZ><96@Eݎj*e1$$\'=U]I	\\8[C¾\Z$ةhSG9pkK{ 3ڔvUSvMeq_Rs^$R]4{K{&g1\"\"XH*cou.^ƞ=p1}.\\²+m٣;-[)suQm?<-\0Ksgmݻ\0wcj2R۬,L88bg޻r%^^	pv6իjre/z`6ƎM7`T\nss$Vh(eڨ_?KGq<h\r#9!Beyn33RRpH6> #Gѣ\0JgO\r,1iRjעq8I)-.-̷&mB箉A\raߣ}prýHx?aUUh_=e6|K_4Kǟǘ3cnt\'OP׬.;PrE-:\\2\rnkNZ3I|<=UϓC>0DAn:bB\0%\\ހFaRxXgW4>m!t_{?Ac304?>D>6qס?`j㊜x|`%~{M{XR[BXnFc+#00V	\0?B6!+Eڃc\Zԟuw>Scĩ076ǐ擱Ncuw~z\'\\\\GBb$f\n~\Z)^;bbՍ1>VWp/w=@\\i.E[\Z4~)\0 i(|; +QҖqr>C}`A}S&J~n@p`8[8#2%N>[J{gBKW3趒{M	E	=35yiʎ3VH>r*Jbb\"``ei?995k\0L\0\ZIIaB||\0ɓldeߒ6ca\0ci02aŊx6BBjGO?5\0{wVc͞<`VKqv6ͯckd(5m|kUkP񽓓XVmv<K£GUWO(ݛldS80|cQbۊu:wMm4Ws*E_=\0[ 6cEj,M|u+h=z\0̝s^F\'Ҕ &!0 2þ\nW}jƽM,^X\r`R\0`j\nǁ2&d|SMH*4tA:M}q` Lm\\\0&\\.}q^\0HR?6p	aA6	l:\0\"C1\0@d(k4\Z0W+yKlAl\008v\r,XA~R?Vi\"_[+SןEҶl]N 6_XcZei\0x~|6}5ZLݳ\0}ȯ}ڽ}h{li-W+Wz>[tg&4y&%9FDD3V&LA?jղԶ}m%XktIpqiysg!8?WUM#y[\0弫ULhjZrWa1da!bTTJu#\n\r/-޾6aaJc-ձ)`MTTfLɓ9̔kh23U0*\"6ͬN	\nʄ*fLJmйk&ָwkGhl(jT\0@bv\"^[~FrN2{PdXRev%\nҶbE%22xJS3\n!+_ctY/n̾Ҷu5&DFJGm(*=;V#xm5k~h3N0,/\0mmڪtKmہտ_jLyu^̢kVYh邆\rɮ-aU]ð5\0 4.=mREPivP&Jn$Pۦ(]=+	M	Ei̔j\"\"\rVΝs.`/ClSX[[#11Q1k% J>+	-E+ߺ}V\"Juy10}\0/^bǎ,lْ)S0mZ\Z}ÇWСj-R5鈁ƊqZ6n%-,NK-[223\0p}h?6T^|ةahn׽՟E-ZRfJUTq5LR52_(riptO%*j0;Ҁľ-2_XQRQuNŨ>\nϯ!7)\nGv?$+A9/MhZf1FµkzO\"i0aZso)&Z~9FD_J\"\"\"\"\"\"\"\"\"\\lpE\0ЩSG?q\nÇ})tXL7{C޽ty10}\06693g\\lۖ;39rs_@WW#Ϊ?v^\0P?s1ΜEXXڷ7Vukc\\j-շ/۷eM jIm9;U2k\"7\n23\0i8wZ9g\\\ZxIixҶ1g36(9	r(͸\0v054-]XE݂\"#\nr@vrBxlfmoڿ߰\nKV!n;aPQw>wQcRUIMgŒ\0*0.,>kWz̪V}pSOπ|V1ѥNg-:km|v<8)&5iϩq:{̡=R>Q	o\Z͔uhJڴUۦ(mBXV3\\>PBDDDDDDDDDDU.`/V\Zw\0wlJL\0|ɧx(\n\0KĉӘ2%2$<<#(aa#L)֭HIC`Jݚ5Jo\0\0^MW1㓂y!_TT|}Sm>L1j|T\0\0 \0IDAT&?0w2Sx\n3uF-_\ZKŶƍ兪Gd\0.,9OݺݼW6y	u$uՍPϼ̝i7#_L!=競Zbýju3\0O\nWV_`|i>EC߻4UxLAڽ`]X\ri^&\0 y6.}oHs噳c}X9s{v9d|@&˨<=gG&!\'|D4a22\rC̙/\"!,O~S!y\";.\0pѿvOV	~5;.ѿV	6tAL\0Hjv-ʔ4|,?p!\0giǄ{WH@\0LhъD̼<SM>_]v->;-jЪ눴\0\0u{Ba$^Qm[cKGEۊR&L{l[1$O?[\"#T9hcse>53^\r_~~X n;v<E5ko8qwX[[WqrU6ca$~~IW.yR`3̛gUZX(Z% ?_77c~MVX%Dh۶Y[xط\n>>?	cJJ?HyYvΝY*׭=WaĈjX2;vX?07aٸgDv	Ⳅ\n\\h0,_Be1$o7T&6wތNG:]N\rÈ#Tdf\r6 B\0jT|e햡Ί6]v@I&b|4/;/o5_\0bs4Oŝ!φۨMơD	efQ2<*s}tn-1dR9z͸Yj\riK<>r r]Exh!K	3baR﬐<>CԮ~MyuCu]\0fފŗ/R}VyxS&?تl:LA~u{@xz\\²\04yD̚gx{NFC>C\ZѪ~D?Ǩg^Sܦ[/6t\0xfXzR?|V[w/rra[Gj+6\'a_X=fY}9W4*	~y7˼xJSu\',jC^=[yί>g}<S~>+	M	DDW޼DDDDDDDT={www\0L&T*E~~>򐝝84kݒ`DDٱ&hp!```\0H6+ԤD\\<{B(.= Rkg``Vy10}ˣ)彉ꈂDȎoxQes\0V5:ƴv)\0QSig$\"\"\"\"\"\"\"\"\"\"RW,u:V<G!\"\"\"z]\\x#\'1LkuͪEDDD̠i*<<#(aa#LhDQ\rRTu7Fmh:-YTY1\"\"/ጕDDDDDDDDDDзGӷ<ζDDFOvUG71\"\"/aa%6y10<k|Z^K*CzUBp)p\"\"\"\"\"\"\"\"\"\"zm[ca#y1Qaa%6ë:<Gc\"\"\"\"\"SRaaaʠm۶U\0pqFFF+UVEt+--\rCZZ\Z\0M6qǏGϞ==mt={ܿ:uD\"QٳgڔmF4<Gc툂D:1_Ke*u\"^Ī/Wԕ*:W 9)Ԏh\'})̝>q1q(((ЪOG\'ƨWGO\';M2>E<׌|{:p	q	h\0>~$*&!e<Pe~MwA\Z\Z{77=_׷n\ZVx6>a4y\Zs_\"$gBDTy8c%DϞ=_^^^;w:ܹs;＃.]FϏeo>\'Խ.\0J!J쳤U+Ե{vҙxzxt/bܭl)m|*z鯲БG.pplN]qtKWmF4<Gc9QFo_x<\0.Wa-%Us#\'G0,:	Ӟ *!\r~֯PI_)k¬#J1{,,)<~c0cF/QF]5>TyOR)n܆9g?gllްR>\'GaXpN͟e˪O\"\"]aa%霱1ׯ/_*ڵk8y$ĉx\"éSpUdgg+L&ӧC<y|.̙3(WQ044ׯ:(?\0<!!!8sbbb4\Z;##.]BHHԞgI]<gΜAHH^xh.x9N<	PՒJRږZߛڵ\0sg}CX`N	)T:,rcn޼asxcEyN邾͈<Gcạ}Rn^=\0B_Fn^j%%$uV}gѲMKբU}=~ڲS\'D>oa\0\0|Fb\'QyUK9yևK#6K#9yVmZ\"9)EgBCs!!VlH@PP&23$U=V#**\nm^:v\n+++<x@/\"\"-ZﾋF\Z!22R;＃\Z5j/PPP\0\0֭\r\ZVC(WQ믿X(͜WR\"BӦM5EΝˏH$B~~>^|	///4kLi{;wFJJ\nRʬDUZj?##b#Xl(^_\0Bws^V0We߯E6qf̞ܚ\0ܚcYظIuڄ10<G6y~;xt),[?syrmxv b(k	-b4\0koU싳:6	$$x| Kd͊yﲇxm܃Wwn5.{lT*fAMzd8Z8	7DppBHv/Tf8tpk0\Z6Ac&ĄDyfth恆5חwƮF6ѦI;ܺ	q	3m~ڡUҮ&~??|0tˀv}4y/49mOYޯ{wZwUס*S5l\ZijE҇*>_	q	i\rk:m`4·\\PC6c~\0yñ\0Umڵ<FX\"44WgiDDDDDDDǏW|!\'\'obRR\Z4h\0CCC899)(Ȳprr!ի4Lz@ɰE\Z5Q֭;ϟ?畖).L\r\ZkVqSh씔8::}5qa\0\n *\"*qZ[jXq׭h](jqUZg[.iqԍ8kY2.	~x}K<ևϷv:Q~}HKK\'ZGPjU1jÆ?\0fffӭ3ص;YQQ_*3g\Z$!ZG4<Gy\rVtXx2	-1:;?}K)T!#St}?rnl7w~Gާy߰.b]u=FMۚuʡWТJ?4i#08R>J:#G0pr?&|pPu?rNG>B\'{?Z\0CbU0ڄz\ral&͛8EZW,ZE_N-\\w5\\1si\n_cǏ;p/.\r|SE[rwo_|y\"`΢Y;~<v\0CG5n?{Cp+8uά_»]BsRV)U\Z|MalZwnR/*0glI/A3ˁ_}7fvE-뷖˱4)_4ok^]>!l&Ŷzs}b\\Gv{x#u1@BJ[%\0<}Z[8[dSxy%#44ɆޙHW,$\"\"\"\"\"\"\"ׯ޽{I&R.WPP9r\'OZn<9s*œ_YXX /OTW>~aa!*񁏏nܸu\0Ժ@\n@	启6ȱdHOOGa.X`蛃1u,\0{͚qV\0lټNJ݂u\n\0ɟ\0n2wh#y10O|_W_EbX->R_~e9\r]\06Xi3\r\Z&NM\0\0M`}tsʸݷ*[cu8nuހ{\0K%;֒KK>j}}TǾw^u1Ti;/]#7HbK	Vv,*U.\0Ѫu]p^-k[?R[~l\0Â@<vR}|[Yg,	]]w͵?|>\Zb/1kLt\r\0P;,a5㝏A>= a`yK\n\nX]!^e%]Ҽ^Uuf\Z5iy\rhӾ5b1,,-0kL8W氵$t֯fiu]9Qlkέ;hD5n承-8\0֯_u6UF\"\"qq,XLw2HODDDDDDDTJfffGVV---ѥKncc͋~k׮[nUU& \\iKYzz:$(V:|\Z=u=o])+;YũO*sB瞪]!?xO;[y_Vy%S?װ0Q;U<G5OJn\n/{#y*\0\03ыѵFrY\\lj,Uk]vvSesK%r\nrgFhuG}I}t\r%\r}c%goC#eK\r>ݼ~];\0ܼ~qMmIXXX`e~*-,-LwnA֭Tj\nwo0ɧ[633Cu0a7__>թ}z4׍GGfEم+u>x-t}tc^|\r>mU?O]>MEPzWe ?~RRWkq,.cvP~]i[\\ܜ\\E\0΄?|\\ږԭ8KK,-;h\"\"zꈍEƍ?ЭZ*ԫWHHH@۶m\0gϞE:u\nd/: ..\0\n?Vx\'FeNNNHLLbbbХKݺuΨW\0Ν;prrҺ!BvttD||<ԩx9o]H$ǣvxlSZժUM\Z;IBddvqၤ8;;;#%%E\n\'\'_\nѷR*&ba#y1ʚss\\rvŧZv!>/޳{8wcAoʤV?Lw?bm.]+Q\0p\0\0pc|t\\UM?a5xuP%T\Zi+ZµJUWLTOó\'~;}5jP,W\"{Twڥkxp?~;G\"1<}\"炂EM!kVê1G* 7W{s{w{Bqcs9`HY,+\\ԪU7oTtlԨ_\'O\Z͚5Smذ!nܸk׮Fe]FpU<x\0hѢʺX\0P)/^DAA\"\\ZlX:u\n\"UTQOI\"tly߿͛7X,Vtu+Whܸ12ȐT|?eGQ[fSܾ\r\Z6\0\r\rgc0e2WSE\0ХK\'9z;LIX\0цy10VYD<׎,#Qap:4u׺?NUϣCe+7h(ix:V\n{\Z̺۫LY}aF)bLd<.Qn?-<q}Y+iuնc[|/VVX&B6xUZa~0+e\n1j\n9+*c,,R\\W⟑Ne%uuԖGu.cEuS@ʓtlIQXi>קQF~:Zxи\0nFF3^!ʪL[J$|b#lйpgK\"b?i \"\"\"\"\"\"JOSD\"Q)0zΝ;Y]tA߾}ѥKTVM\nڵC޽Ѷm[XY!w͚5ѳgO5kD^Jdgg]gϞ^NY[[uݻ7zoooX[bI/Cбйsgӧ3]\n\nЮ];H$\Z!iohzϚO>_T߻GGn=ǣ.+\0Xt9ǎ6r2u111Ǝy10<*k6`e(@*\"QFG~=G|M>qRt,FGVL\Z(m:,?wλ;\0-ŦЪz?sz>8i?<޿+c(g8}\nnΠsN%{WQJ1=`@;=y>^4c\">\ZOAAN;wgh޲9~\'F+`]ʂT*ίwa)1>r5pRmoseLy%u4v,٧q\0@8̙AW^X8dee\0n\0?\0k_GAAR)ƌ\0HlgbΔyw<=`fKz-:OS\0sc׻zs}ZW4pZiC2uOV	\0>>sӧؼّEDdTXIDDDDDDDG:w$\"tsCՎ\"yyy*EɵcyGKoVXhFẆI\0\0 \0IDATQv-,]Moڡ00<Gyݏ_C*mF]cx.wWS,и!uje?4l۫><=1Mt>%_X	j/ёWWWQ\rPmB޳fOX-Yg##h\Z]1\\P1g_\0D>?Z/<S~m`}}C>øxתO~>y_tK̝:WѕC>C1~b;~֠{x	75V+[:>$y\'й2\"_WGnn.F7\ZqQ΄q1KBa9hY\03o+l9S硱[SȤ2n\Z-ǐ~o\'33#qp)\'cҘ?.ZZ8öczjx~ضwb\\_!Ѩ7\'^[%\0=[\\3C,wԮ];.L&T*EAA󑛛Ǐ85Yll,\rannX۶S-{Pyu\0srp.*t؇n}T;m?Mԧ97aaaecRD#y10<_,Nm:{吆u(\Z|Ֆg޸x|&!Jѱy\'|/5V[#	\\Sk7.\rq/ʲZ%VշS|`a%Qqփs8OSXEe\'\"\"\"\"\"\"\"\"\"\0=!8M{faaŋoԊvGca#yQƎAdF3\nTt<ԝAr0\Z+Ը~Pl֢?#VGVaQ%U*,$\"\"\"\"\"\"\"\"\"\0,ŵ\0\0\'B\'XjdKLL#`a#y10!nѠZ#cG!29S桑kc}<0ucǢ\nQغ{u[wooP#I27v\0\"\"\"\"\"\"\"\"\"u6b݆ƎQZG4<Gc\"5\ZhD&;cP%wcG \"p,$\"\"\"\"\"\"\"\"\"\0-pUC7AjDSLLI00!\"\"CaDT4\'\"\"\"\"\"\"\"\"\"\0+QeƏkD10!\"\"\"\"\"\"ʈDDDDDDDDDD*32 qp0R)FCOcbaCH\0(1HXXIDDDDDDDDDT?;;;e666(,,4R:20)?yгg\nP~^/%E)S2KlϭЌDDDDDD`a%QCjZEJBÿ8		h\Z5<T9{_\\:20)?sf\0.}dnгg\no=s￻\nJIDDDDDD/VQ#<z1J%he.]_ùHr`n߽W8ﯶ<8x/\n,q;mMudaS:2lڔ\r_\'\ZGGĉ]k\n0{=z,nnb]+)>u),lڔlYODDDDDDJ\"\"\"\"\"\"\"\"\"\nv][~YƠ_\nN;vں}?F۶mJVzSajG\'::Fj$|ㄺUN$	~hBSWM{DX[\'/RݻsKH$4$\'K-Oxx<=gH.׭)S\"կǥR`&>Sdp!~~R%	Gk|\rȴҀ={ѣGc6`\0#OFCW1Q8~Qר\'zܼyC77nh⣏>BV0j(dff괎3ص;Yb(:20.9Y,xy%Slۖ\r__l\'Oj֭N\Z;g\\?L+U22j`plڔ%KTه=En;r0izPs1bD\ZB^&O_d]\\y|QN+[ՑŋUSu\\$eᣏlVYY])>-[:fSxy%#44KL+\rAAAHHHĉ1tPcG\"\"	\rO͹.aŪ/1sZ\0N=\'}kpeeQe4sL{ưa0{l.\\v!**\n>>>ذaN^F\\T$jF7<rǎdDęȓe>VJJ\ne89:y:20=	Sf\\ UGDFD\"R/ԭ\0.tXl\r\0xTNX\\/\0ܙoK9R<Ve\0/:)SeK^Y:kzG!suݻԩv07q}ۋ0j-\"\"\\W_\'u<\"\"\"\"\"\"2tȢp!ܽ{oݻq+:$86,,111={6:uTa%\"F}vT^$3I򬭭FJU~d29			033Cf0h n񈈈D6>\0ZعwڵPARQ\')x\\͚ d88dB{mLU_nL&ôj^\0q<cRbqX̬\ZQr=8x7xb.\\888W^6m\ZOu\\AA:v@,[5k\Z\Z\nL9s`\0Ç#$$			SѾ}:ZK^yW^-c1hڧ܎a~~~jڇudạ|mŔrںUyj(פIюœ(ݻWi2psdgV(Gi!QeLR~]--EɑA*-*T[ӹ֩S-뢭KE-\0)Չ4|ʭ[bҥ|2233QPP{aƎbܸq駟\\TIDT.]d}6֮]qnϞ=Xf\rݻdffܹs;wne8t⣬ \"\"}tU-dҩNۯ\\5_W&X`ۙ!++O߅c\0qC=뾝v屨HvaѱcǊDE#VVVu^\07pQ,X\0/ݻwq1bժU,@hh(.],[[.\rFeߑQ\\5<\00}ZA<%$\"8XT2斄\"<<ںUMÆ\\X!A^ދ5q\no?\n\n~*\0\0<|X_Et}rseAO3*CP\\+,IV^r\0c8p\0͛##\"|XXY1~WL2EFNc	0/ނ3R(QYV)O.b;Q]Aa!>]ڢGNHLzXwu=d;ot\\sbApp0fΜq\\֭}vdeeai2TѣG}g0vXG)ƺȑ#x1^u8p\'n@gΝ֯69m*\r8ewRbڇ|:20ѮZ51M͛mqsE\'G]UJ$JP͛E\Z6|sW:Mk}\"ccooQ4Tc!V\0^_۷U2$#F<|-\\pf5̘ajLWsDDDDDD&]o)6ڵ\0bĉ*col߾dh޼9Fz)(OӺl2lذO<A1yd8;;Ӵrgg}6\n\n\nPzut\r,h$%%M4qݻ\ZJ[.yN///?3\"##l8;;G-i|2d2x\0܃tgsS^|rlܸqqqJzߛ&еkW/t~2۶mÇaooRY!_]egg+\ZW\'@ϕ~֕13QeR	)OSQõbTTQSHVV6z6T\\luqfV_ZFupBL<įcǎjfϞI&!<<#GT)8Ϯc+W_}Cz;wdEH(VvZX`>+%$`5<exFLLI10OΖIcGn}3V0G^\0x\r/,pR>z>},1{Rc{F*&N]NVMg|y&W:M9s1xʺeK6,+Xٹ{?S\\,1>>5~h[ےv\'\"\"\"\"\"\"e҅7oT<.>Pn0}t(]pXf\rjժ˗#--\r\0_a۶m:u.\\ѣGسgd2\0HOOǴiԦ6t.]>rn_|kI|u~˗/Gtt~NJT	ݻeڇg,Y\Zro.|ʿspxn]ڜ 1ѲeK;W\r*((ݻwo޽{s?Wte*{\"\"\"S֬icDFEc[o(Ey-*D\")OSUR?\n;[[}v;]\"33N<~\\.\\0XYYaРAXhqO?iϞ=:+ZjaXh<iӦԩSeoyz៎gLeKѾK7-7V<tlmE3c}cnrp>R)`9sq¨Q4)lmE1t_\r\Zd|y&ݓ kS~#FJС)S~ۋpLU̜͓\'+.d27̙cBosgu\\\"\"\"\"\"\"2=&]X%...%۵k\0qF`Ν1c610k,\0E]ujSֶm[<M6EBBƏ\0TmرCQ(ҰaCL0x|!!!	\0\0{XX)t^/*3gڷoϟƍ8xCDEe\\{}ʚ7oO?nnnjt7=M&!22R}Ǻ^G*T*EXXڱz*  \0!!!|2q1?~}E@@\0	}s%=.]:U&\nGZh`ӶoTAdth\Zw쁙ًNB:÷ǈ8|Z\\tմq#8xo{JE\r/k7f2;vO?W^yEu5l01}Eڵ!4G	Onn{\\U(R[)QjbjG	vj[&\\Yh<=qm֮Uk:PjҦ._.`Uv_mu0G9*^:Qe҅zⱼƍ)޽TCE/py̛7/:\\9sFxĉhР\0nݺ?T>?\\+?qjJѝlٲeUڵk~ءL7Ξ=[}z*{F@@\04\\^{5\0tѣG+z<xxܭ[7d2z=\\\\\\tRܹsǏѣG#G	#FP\'9П+2=)i兹3`ʵxТĒ\0\0?d2D\"KWoku̙>*S̚ேx5^NK.ܹsxbԯ_/Vkܸ1nݺ\0xwpBaРA*_+	&`Ř>}:j֬i_{\nF\r¿݁GRg|ҍ101G;IV:;;\0SzP\n޾ulllT//ժUSk(ɧP9CӸzO~QQQG\\\\pA̜9U(ooo|-\':T*u7W=nݺ>|8l=\\Y_F\ZQFhӦ\ru۔V9П+u}י٭3zvy_,{\ZNe0p@?ATIiQ?Ʀ/CP	BFBIQ:yQ%\0z8Nh]IK.8|rDaHHL4vJ:20|DƎ@DDDDDDdt&]X٤IEa3g0tPźHE+D(TهDR~/,X@Cܵk\rCQ舧O\0]J\0ݻwQt~#==Fxx8m6Uuօ.bXQ0VXXXb c3t7go&M­[ DE?I$딙!Q^ݻwS<WĳgTC1\\@\\QpsXYY7==νpAc*2*\Z~?4jPfN1v$\"zI-ZĢJ08<Onn\rcG \"\"\"\"\"\"2:߿ݻlDGGc͚5u-[T<>}4N>q<޾}[mGe2N8q?:tP<^no#..+Wyf<}YYYv\Z.\\zN(dddM4Qkժ cbbTt{vӕUZ#G\0\\vMsOkӧXzh\"88>Dnn.~g:I]?R]r*9\Z:UV5jo7WJ\0:Ct!|K4jXؑ%`aaa^LL#`aH&ݱo&8,]TΝCnn.6lؠXncc\0&MR,?t\"@d%NҥKHLL۷~ڴiz>\'Nh-Fw\rܸqC>WD7N<Ǐ\0̚5ĩu{vӕ8wmۆ:J*:_}ڵk\0\r6Yz=t対Ɱct\\9`\0Y:tH\\nݰ{n\0@hh(BCC{员d/SyZ\"\"\"\"\"\"\"\"]tJ\0=z4f͚VZhРfΜ+VְF֭b\nԮ]@333~~~ر#lll9sh܏3֬Yz5Zhy}\\^\Z=z􀳳3 H[b]_hh(5kpssU^\"2m\Z9m۶\rjժ3fh=H{{t7W=m	ppp@VVP׻wo<666^Z\\y,_\\zbؠq?~Jp=\0\0 \0IDATc\\w}o6WX#c]g\"\"\"\"RWfMԬY1J?`\"Ǝ1*=S<L-@$JH`DDDDDDD/5QrrLh{v	WqL&T*EAA󑛛ǏYfRpXA` !!\0\0m;u{\"5.Jحʲ)Q:w;75waaaNDTqЩS\nzDDwof~_L&sS\'/ԴN,$\"\"\"#ۻxc \"\"*Zuɹ^X})pw$\"\"\"\"\"\"\"\"\"zMGʲJHHDspᡲs \0g|2roZs\r]Tjl`jG)s3\0K:\'M{ʥ[VIDDDDDDDDDDDDDDDD/\0W[\njfx?:|Yw\\yyy;\nfjyJ)æM}q}ttNx=,kY.\nǙjqdy}M-8Aܾ\r\"ӂ7_+l+CVcǎV[h۶~{MyTZU^]\Z,ZDfjyèQZ5	~~p!_8M*]\'LȀ}\"M^:2_\'^|OdXZ&=	_0!OĔ)jc?>IL}\"\rJũSyz/\\ȇ_:TI鈎V=Qy`a%Qؿw7;2xmc}v}5kBdԭ>mZDfjy,xy%Slۖ\r__l\'Oj֭2\'G\Z>6ecɒL@)^+NbĈ4l<7Ll/ԻrɒL[>AZZ\rdew4)֯=sCZZ\rL`,rO-ѩS\n\Zd\rUDDDDDDDJ\"\"\"\"\"\"\"\"\"\nP\r;vB.//ewJJ\ne89:y0SL,: 20S\0I:5\"9 .:\"\"\\0j-$xM*Mj_\0ع3XqSٲ%[]T;8/euq\0R)`nc\r^QlႸzu$\"\"\"\"\"\"*@DDDDDDDDD_ `kcEWyc?vZeZz:F\ZM7(-kyZ\0ml\0;;Ջ)u&M~Y{jc:M\Z!QeyR~]-/?ʆ/&e+g1cl!62KK,-^7\0\Z]\'\"\"\"\"\"\"2v$\"\"\"\"\"\"\"\"\"\0=!8uo@Eewdd,k\r\0ſz^{m0ڵkŋ9Wqaaaj2#\0@B+%HM!  nnI)s:nʌ]\'eWN[&sCAAي:5מ=Xoi\rKK\\\'7WI8129 !LFDDDDDDTVUKZuw\0!	->uu_u|63gL+sbjGjĘ67oVCTŉ1bD\Z$uV	\07ouxwzlPãH\0(g\018\Z&oV=/eb10n-wFZZ\r[\0E#D\"IĈi8y2|b(ܼY\r3fأZ5$\"\"\"\"\"\"\"\"\" 6lDW^E.еw_.ZlH\0]`ocٲExwGu@daΝ-u#j ,QQޭ2$$R)zu\0l/9s\0\'f 9b|6M<x0Wm<HHg)~1yyE])Ss7kT<5k|u>>sӧؼ;\\JDDDDDDd(,$\"\"\"\"\"\"\"\"\"(>E4ᓧLGaa!FWNܵ: 20SS[[ƌٳUޭ\0DOĶm9S\Zr\rƁ̔=	։93#Gڪ/ѪMU939MTM*{|}.WOy^{)8+gFG4mjퟨ9{*ƌz\"\"\"\"\"\">[oƽ{ҕ+*\'Ǉｋg0yj4Bӂ3eĘT3<??VV\"* 4TPM~=\0lk/WոN,Xzj/8\'ϠA4H8\"\"\"\"\"\"DDDDDDDDDDOF 1)IeukQ6vsssLlUNV<L-\Z:ˇDDDDDDDDDDQ\'))jS\0\0̞AfxRLL#`aǐDDDDDDDD/#NNDDDDDDDDDTN,--x>m$H$ڧ\ZL\"3<[dggCg\0\0}zB^WD(((4V<W⺰0ĘT3<DDDDDDDD`a%Q9%!X\\AVVb}ժ.xKz;̻uV<L-.X;10vX\Z;US@ko70n$F\'1v#:(\"Qc|BZ\n۷y-;tb7oƉ\' лwo3b/^Ğ={p-888#GD*U\0\0mڴիqFҥKؽ{7nݺDcĈpppPINNrss95<AvB9ggt_/_H$B=0fnn`jG1{s0{3<|Xe2AQ S˷3tCm<)a6JuXXNēNd%5z΃swۘ{eRgm7cie\\Cnl\rM}j-?G\Z˴_C*{凉\"od9G#MXWmW@Ҩc!\"\"a򅕧N¿͛뽭r/O?L&֭[7x{Űa关gbx	\0\0͚5ÁpiC?F\r\Z \"\"k׮EZZ\Z͛W_!777oĔ)SB Dh;BŞ6mBTTf̘T``ذa:]\"\"\"\"\"\"zy<ywAff&QZ5xzzT?ڵ\09r3ؾ322p-ddd\0\0$	6m\n{{{c63QevȑO#GХK*<NRSҾѧ\0<yIqgΞÂqe\0plݶANN.jtÐ!0vvvzgyyXX^1b=fjyeҤ$&J_Ә@^ij/R\\SO&Bu4tb[<9	q?y)\n+\rUdjgSˣe-\Z{އ./éG]艄,]v1yVmǱ?\n>Z#úZ|aedd$\0Ch,,OӹsgHRlݺ\'Oo˗+\0ܹXVNE&]+,Yxܭ[7]Veڵk8v\0gϞZAvr\0;B&+1**DDDDDD1z*7ojժ!//<۷M\";;[W׮]\'TLx\\vMsc룴\Zs\nb1RRRT\n+!^D\0#p\"xQ ^{Mm,X?DвŰCZz:V^qMD-ʡKdIBL\n3<%̔a׮|u6\Z|R\0ZTi]#ɴ=9ljkeUۏSKA<$\0vZOGO#\'3\rkmju\0\0\0*~#L1DDDd<sG\0yacժ 7ￏ+:B%|ڶΝPT(\0}Y\0ŋ\0](7?,q|Eqi޽:tݮxN!9KZ#\"\"\"\"\"ѰaCB,\Z7V)x9Ο?Ǐܹse2\"\"\"#<yHHHкN.رc8<\n\n\n벲\'O\"99\0_8r233Uݕ&_qQn]tQ㱟>}?ǎCTTRRR;q޽cǎmG_!J,77WǽʐUptrرa7ڶmqo;#嚷4t<L-Oqy5*U&/.[$JH	2`okDC*U߇|&ɟ}3	pwOB`3W*&LȀm\"1eJژd)Əπ{,-`oARqT^yt=wC9wa\Z;UWjcowM`vλ;:iۏhNfm|d0sU}}kxT+vO\Z@j*o;k\\]$ßPݥ\"d&B[\\]3_*?r%CꕝjS>#WQyG$<1q9Wx\\\nDDXXSЫ\n\Z6F.ct_`WXok	N!k\Z~;v׃Kx֛[΢kC4Wx?4{Uhe޸\Z1\\>̓!_ǫ{׷X{.2SuFHIȊkw|q}\rwLOOW_}_2Ǐ\0\0iS^wlܸ...>|8\0`޽k3g\rnݺ\0O-B\Z5jW̙3\'JǳgдiS1o߆ZnoF˖-!PPPgϞk׮x	nݺ777u\0pM888Ý;w9n߾z7n@jжm&_q\r6_WWWTV\rUVYQg?иqcTR			E׮]!PXX\0իb,\',lllwqQU?3þ+ (ki.-dnlGs)K+-L6Q3Ss5TDDVY0\0~߯׼s3wsìX+vm-s]III|9:<n,f@xLx@8Ν})K;ޑ!C\r޻%%ŗY$|bv[.nFʒ^6^;8g̝;V1s|q\Z3f3aBr2cG;jس\'yx%l=#Ym9={r-\ZOo\Z5_յ;3=ҰJC\"FK]cSY~wo,k{`uj[ޛ	v&nv3h$\\nҳ1Gpa<i;~FpF?hjHkF5j\r4bw?#P!\\[mx-Ω3r!2J[\'Zl\n}P١&Vnk9Σ%_O~b[mxǆ\Zb6gSß.gm>M6j}G5l齅.&_d881<xEx{mRōUs^εFR$5\"?[\rCqh\\eČ3\\3J9C[\r1-sT\'f%qv|:M9~(pqn2z\"R17!BXX<;;}?_J\0Lq`޼yy1|dgg3sL}֬Yøq`1fΝ@l+.NSƏOpp0\'p\\I!B!ģ!;;ĄDQT?V%((JEjhjߝ;w]6*@̔K\njժ+RX:jԨ?7o䯿DYXBTRF\rZ-(V!ʕ~؛7o\Z]fԴ4}=*11\'Exw=>Ҡ)og榲%Ӭ-\0?8z+s]ݻ=5	77ÄrF|=cU/L`4|SϷf+u366*1cϫhwgÆ-||c洞COQ]Y~!;3ӰJC\0B<BXaawzb5&?},찐``}[;\Z.50Vb\n=W]BBe_9\\lgq$({r.\0ϣ8TӝCÄ#9p1!e-їL\0*\n!3_bB<t1獍%13~)csO;\n%vJ;洞״`caox,5Kj=S\\ufZPA:,b@\0:9xuc-:ÂqӖ9e*[꼴Й4zZ=\r2{g?S^+v)!Xuѣ$$$ʂD޿\\pwgXY1\n}رc			\0ԫW5\Z\r9ׯ_?&((H/\'\'ߠ|$%%q	lllҥLI}(|:TW__n+5B!B<:ѱ2999\n~2o~./}jݻ-?77Q\nrtt$  \09{,:t(RΝ;\\xt|BOhZ[n24kjz:mZ2*#G|@	ƍqch޼YꉋʕHOO?Ǉ3μ/xb#%cm3 J<Y[<~9oGGpvVPg{H,P31Kvtu5gdmr._şן\Z4ȁի3;6IRxI{zg\'ax,#l`[jm8w@D	TkcP=ۜz@TҎ{S	](6dɕDbwN\')l5IhsY^i|nϸy皆ϰ_E9\"+!Bڧ{QZ\Zs`V^13~)csabf\"OLguj1X9kx*Kqc1G3Ұ_5ې]9z!M&oDEEIc:}t2LE{k\rYBĭ^F#Os,0B!*\"wԉGr5}beI,X#cٲe\0t.]p<Vo5k/\"իWg׮]\0	Ѻ_*v;;ƌ3hذ	޽\\ڶm{o)3gIVZE>}Xz5\0z*B!B!|RvbّcoYѡCA$KSWYKNNM|\\\0\0 \0IDATDVVѲgΜ~TV\r_BaՕhΪfmRs6˯`g߾Lv\0}diԩ&M[9,IƄYUcp˖o381IRݞ:hr8_ХKŮ]Y[ɺuݛʕ\Zh58_	KSrf9ZSZqN~\'E\ZCFL8~`FeQT\r}\'ȾIrFR.nƫzQr9sᰝhT\'94+KR+Xj8=YY~«<5W mS\"8V5XۮJYw\"o˺}RB!DΝ;/nֲ]\0L6y2d\0}֭[Xӷo_@s:t`ԨQz7:Dq֭[ԩS\roܸnݺl7SLg*~l+jkkȑ#qqq_6X\\!B!ģv=z|||Pܸq6m\n\'Ԯ](<==ܮW^vr-Zl	y>o6TRE`z%<<<쌳3\Zk׮akk˽{Y\\B<\nAJ30J}ܒ\\ƒ\'7 MegamIziv9p ￿?gm[GCvv~`DLEP7ɰY3[!<\\MÆck99Ie`ΟWszUR	ī:uk{aݺRlYo{ނʡ2[qϊx,p`s1G+V?f0k\\,hHbeUTyl(\0iWwӯ~V>gV_?b0d\r~9TkLc81(cbP3 HϹXYx&ǂ\ZWmlz-]s)x}s7;2b^ScjYtvcfS5x{2#8-(m~/m~6B?\ZWC~i|E{ɌΣK`{R.nƻm)ءTeBQy+gR4i\'N0ز;vd_oÇRT7իWzjƍOplݺ5_}6l`ŊG_y7JL,G:pB6o\\$TL1u8ۗgРA]~}nB!B<<\\]]	\r\r%**;wrA\r֭KRR{!%%蒾Un]RSSٳgQQQԩSG^zDEEq)_A߿h]eI&w^Gvv6\Z52v9~8J*ԬYxTZbo^QY<RnR?<VZy\r]V뒬\\dJcSXv|;wx;͚&̛F0|x/@T)S\\\0K!>^rH%)ۢ6dٗy|yz2=z3%8;f*@Yxj)sJ)ͼJ5K5j^\'x7wI\0DD2aRc7{	\'p1\"[wѥ\\m_#1b|&;\r\Z-ښ25Zw6Z\Z\ZR#w{nFy[wDzuIlù~<^\\3IH@$}:&st[`_pϸ13~)㹅wf=FFaF}\\Ly[lkr2{>=dƅqИ:+ǪV&V._~zG_{EdJwu_08,iN[+F-ni_ŧS~q>%=戾LܾO\r()#Bc3V4lؐoð5B!B!ӓvޞV/Qسgb_gggGfEg\\pvvcǎE[ 7ont_V$88haa}d콯R޽2\"+3W\':\"y7IY[F|\\W!̀(fmI1NdUK,\Z\rLO(/ۦV֭§R];[zh<_ΨQDnn~Keٲ{\"C:^KZ\'\'#F8\'2uSi:xJ_3l0F%|uk)혰t_TۑW\ZT{r1p@\"S\"	rbN9<糥j\"5\'[Ik 3Z/%R(	~ivHQaYZ	\Z\'pCjpَKt3y46] jC/Ы49\\7IQyv\"^9#_h8`\0Ao((Ƽw73ngL1d3轥7QQ0D4ȏٜcN<ek{e	FO;vZJ\ro[?^#-ڃ,GQWYeпBoϙO\0poCpN2A]Q8h]\\;ӥ=0<\ZnZ&5#Ӯ	\ZR̽WԽ׳ƕ\"jx4C<赣JWR2B!<x=vB!B!|%扉!44\0VFAVCff&oߦaÆ&BGQxx8Y˖aRQgtlllP*(Z>^4%(x9\"#NNȁ7fqwɥ%;vuBرc	]jxfUzi*byoQh!/*̓{/iHsh1&ʛCE.-̴jZQ!ſVm<nү6|\'+<3V\n!B!B!;W\ZhrgLV;vEV$=4kG<oϔfSh݊d^?:cBƔ|Ћ_|Lٯ:sh1&ʛC!B#B!B!Ba\r+\0]d#L%%Ӭ-s+*;Q^	y	\'7/-gVvXϖanagģq?2Dy{ơʾRB!IB!B!BHKMeۯlx%B[Fڒ$Ӭ-sefVvO=?!94gA2+;!BfՉ\'`gTϟ{/j}=-52<Y]kf(N\\B\ZYjVu\"q\r|.MRcZ!B!BXI3l@\niFd)泶%$$!B!:Yub>{dSV\'Kk\rzjy0xcqކ[)YvuS\'	BO\\DqSRR)ŎakB!BF;90ڒ$$$!B!:Yubej\r^=S4WwmYc2lPSaPԛ0V>Gg8t,\ZVC;ۢ.ƎRvS!+;Mx(0k.dd稙6{;~UxRJA|9Qۿ`oÀ>ذ%ww^oOg\0ܹ%OLol\ZNNN.FUl%՟ְCtLA9߃Zgs\\+\0Y\0Ix\'^DB?Ɔ?ʊF 95ðs\0q4WAR\'#RhJ8v:b3xg.n2sX4Gjҡ$V\n!B!)ٳ\Zo߰BbzYیziiB/\'_jջT!\0eO2]FF99ւ;IZw\Z%ˎrJSƛ;rj\"֝6Hh3V~so\Zή0xcʾCWٰ%n\nc_WԷ15k}\0JsCepl8FgCQ*E/y0n^Nf\Z{;CnBl\\*k71u<\raLf&ؑkPwIJCxХ}9\\V~پ\"l{`΄Ǵ1{:{{2c*8ƲsyqhsRR߯\'h4p8/yuT;EfϘ;\"ؾ\"O\nWsmgjOB<JS2s c6>w8EZzVe0:vؤJ!B!/-5;#-5C{Y[җccS1K- >0ܚUt{n+k:?*}^s?\n,&OygI}j\\]1T0gQJ!Ǫg4F!\Z3d4\0}ο.ӼglXގ@&~h%;u7\0hڸ:*Wȉh 8ȋmkhУK]4硤vG\0pJG\\Y\ZQRG_gS\0ظ<w3\'IMk:8;ڡVku^)ꠅ=YcnJ&cg{9ɓgs#%9\r@˦8;۱A}挳.ģfl\ns\rOQTJڶowȨ;\ZB!B;SfVxnҽGo?|(3fԩ\r{$$$)#tNMUlp8t=:*Z>ǒb6NpoS١TP9yw@yOBz+mssuIs/m5g${GhˈhӢfǓ	CLM4YޘI-1A8\nΏ.Ҝs;3t|zF6\0TOr-4=\08x\Z펫=6*r5Zkˍ[)V_)oJG[h-8\08~4qɺKyg.eqr<rpw~/+c&7W;\"ؼoޤl#ju.iYD\\DNpHGO^gPFt\\Rb{!B!4~D&63g/t}o--K1M1Mcˇ٣dgߍ~(*K:?5,HB!@&V\ZӤQu4NTap~}%VTJrs55dgK,HBb:2s3y;ݞggn\'\Z_&{٩a0ƿhҜsmIM^f$ƒsIggfvn6MΓ?8NǃĔ?:ɝޟԅ5ܙ2@3!̑&;GǨ\Zn\nc_WmT#LƽCvv.;GzYYj,;X\n%Bݗ8s.~O6ĳ[%Tre?6wU̋CcSA?v%Z7ɠRi=fB!BQL,y_θq$Fme6ccc\r69s>>|CU_e8	2nFyɛϦM|?ҎÙzUu)(ˏ817Zɡ\rbǴtm(mۉMwr7c&n|5g~`߳Jُ-fK[Xԩ\n{?-oʎgbg+=fnn7	8zZ+r\\Y=	ss+R;QغQی\"e攵uWqk4#6ΈGV\'ux:13aNí?qSkpO.h=y9uûD/z+=V)R/oǷR.oޭS]gQ:/lOIqʎ*MST++&Gl vׇ܋;ջg1_Cs3-y1u-iTȭ]3IG-|:O.rMYm17撮ơ%۪!&%t%&te?뷄랭\\Ӎ.Zx7cS#-=;[~gc[7E?	m[ˏ1z|flS1xVuWE\'`oïp:MW/y(<IN_!u鷗t| /}칚I.<To5߸KZטdAϮuжκA<sSgo1SiejgkîhKƽe`[EF5N_uw>z/0yRǙp5vu_dVrFs:V}Yj~Y{}{;g{Dy?\\DnLxqjTA~617ǘf\"	.ԔF!>|aϵ,ט˛Y!n~«B!BGCYWvZ)WkKxLxLxJ9z3Ld}zw/O}̿O(Yr~	?]m}B<N6N和şgVcSo4M_˳_B<B|;Gb!\0܋WB^aA)dV枞O{FrzZ545k??\0#WB6L[0w#sA%-;]0`Iᄓ&][7\nﶯQkfɓzy;~Ig\Zܓ׈\\4n5po4.c1#%-^\\Y)9RwVpx!u^܌g0D\ZV\\a94ݔ?³+]Be67K[Arw[NſNw~,G5Zspl	wNDp!3>kGid4{zTb&=ܹ˳wND^\\\rZN%ץ\\L̦=ꡨ1J+/saIϖ\Zw-m/CJHԯ#PٹxmyՖ9sc.zR8T[#Qp~O6Fu7>[Y_^/Ƽ\Z\':F/v=!j\'~XyJ_Z9oj@A\\7k6[:^XTzt˺?X\0>)=5Hnuܾ6n,Egy,y0nBArJ&?\rwHkL5o~Y{̢B%oݼ&l@ ܏O>x޼zgӟ\Z̖9cTraպde<iIgg;-Ol\'_jY)Ajz~_iƙnť2}$4)DM,fl\n.<ճ>GnpX)sqքN\n}[FϵBRs3F[GVl]csrט~$IB!v/\\bأ?{gkos%2J̪EF\'0ƍ4mڔQFf\\<\\pCҴiSٳg+*^bb\"Oۥpw+RXXXe`@1M1M)٧?姮?\n_=AEXq1!!\0xBD,)~+|ڡT(S16_lP`<e!\0\0 \0IDAT뱰B8~NiҎ\'?S3z % l3sYa!n/hv䣼xxOB\r\'}l잏kyRB-(9ݒTGs{OsYR=3!Pt/Yy_	x;cJ;Oʥœpd5.[woqBיz:©F\0\\jwƱz(+@DïR.}J3?e_%eshx.Oqܶ\n{z__`LY2cn̖^P8T[BYyv@U&Ojg=3+7۶0YFsffv*؄g6)r\rcmG}4TyZ-O>Q\'(W>.|<(/<T.u9w6_-9@!pGT[\\Ȥq4USƽ~]7%K3\0ڷE6!٪6)\n%BYI0&o[qO>݄v-סf՛5yix3[;s[%u`M?wV?vDmEoX$}\'Q)Ч!k7cs6Qnq!B<,Θ믾BVQ?ѧ,\0DܨbժU:x$͜9VZh\"-[ƢExwp-[ضmɓyg8p ;ٸqc7~\"Ǎys;*+ͨ\'&&P!:v4Y&<)VޭnE`}3~b:#WDF;UBU¯O9^K:WL[|;L;v2GnaK-ֆqO%2ږ5h0M9B}wن0[RIݻu\ng?1UXt|/R3Up}`]rV%gZCSeƇY	u~j\'Qg$s:IaLB)pelseshx.Oqܶ|/4Ɣ-s;le8T[BYmbeɢrN+t}yuN\Z۞#Y4hx{:Ѹ/ifJT\"F=fkcd)S0y0=#ȉ<ӯ15<bV6*%^hEPZغMjՐ~gݽ>Dq7%6eKm|ruT{-5%9%?^fkD.	.Bʢj*88f~g1t\0^DZt/z\rh63N9G!̛=WW\0EY\'$dfBމ\'7ot֍~hbe{`~GYfѠn\'9NVӶm[Oٳe_j2e\n`̛֭7[niݺoϾ}>#>Fs厯HaaaV%&&<xF*89$~~%-\\̖3y?Adj$mdsf4ti\Z7oJlE[\ZN|4nukZXZ՟Iȸy;$Gl$fZYJvZMyԪa8TkDȄغL-w@0眔v-;xq!(&VJuT}*9ج>Ո_֞f҃8ЮU CSƜ2ԟ\"\r\\Duh̏ըB@TcF>Ty36o@.u-gooM磜GO^D\";\'oOgƾԆ%a>͐b_lk,wMxw5|ݘf7#BqƏ~W\'GxڷmOhѾ\'\0`ulݱO>ds_׭Of,\\=:\0_;ڑ=+VoGx)?`sh/_N޽V~[Æ\reݺum۶q666syv}xg?ٷo>rƌ,]mٳYn0XȲ_-K1M1M)Yjm+/:W\\lUs,mo;LwAJ4UfxjEg2OCe݂Kxg\"PX޷=[zoAPl<[m K\'N)أ/5o83s@{܂Ҧ[ZYG˳Sc̜^K׊pc784Sǒ3X3:=ssaCkPkaU^WViWw/{]B(!-/\\j6GE˜\\s2wCG[%w,}~Lj2>wBX\nx,E\r-][*}bV_^~%v%(#\"7-B5>gl#Gkla\0ڵ\nζrs5xOҟ+f9J\0W{Z6Grr]֐?dg Ba-Sn6n΀gGrqeW[:<;;[z[%IF>7\'\'G6>{!OɉgX7oΏ?Hzz:+W$33ز٬^#G\Z߰aCLbtFa8;;ӽ{wRSS7n͛?yzz}vn߾M߾}ɤGMXXXe`@1M1M)ɼE}`bf\"o~̸۠o~pϸ̫+/4٦2-[0٨5j4Z\rofEʍ7p\0.&_d~獝Y~y9\0dfVm/34Zf<	}7{	\'p1$[\\zǻÍoN 3.u\ZWW\'i5jR.mORjdWi15̹ɻl@VnecƏo;tz9K$}_Ckz׍֟\\_?EueXq{gըA!5r7хΏO\\[\"$&3mcՙT2g<WܶMmgJVEOWֶyX\'3-Ve|!~V;cBzYzs#begw9;oHx&;\',&#1)7;de&.hsCظ/^rd.~,G BWCf	;~4.!Z4YYf՝O\rֿ͟%-5\rW7W\0<	!D3i$-[/l>,l޽f=y9VZɓYb2UN/^oSZ5NJV;߀\"ϭqFʒXیziiOaak,gǌ3ʌi0u&*5\0\0&6Șcus#v\0gkp`.?jhӎaC:iOm}i	rbrd\rz_Fj\r`Óe芝Ҏ	\'p N7CWGߎLm>U_fPAwk_\"S\"	t\rdFEsOqGQlVfO﷐s/@7]pN2A]Q8h]];e:-a^y;~.2UOSc̜nI-w]=\ZBʕG fpusG&hsq\03QW1hr2SoDZוUЈ\\8Vsv\\ť:z}﷐ǒw[7?|0ǜS2g<Wܶu|+??ENuy2Lmޱ1uO0gZBa&GwO.?ez\ZY<LϔGZ5Rϛ蘻^/ޙX2{ۖVھWד>MѵeυB()y(&&P\0Z-\ZZMNNܾ}[4oYGR/w8&Ԡ8s#R==ˤҹc;(أ~_r8V|S-*U<S\'>VbС#/,,	&w^ywN^ݻ:RȠm۶9sf=nÆ\r|U\Zd-[JEӱATCo1\\w9w{q?wɥuرcYxYB\Z7񄅅YUccpR,QTRB!^*ʞjB!PjQjqpt,u;wqiMfB׶e@$V֩UJKFP怭\n[[%Nvx;o5Wj놽fl\nﾈl5J;;vrʵ%3V\n!º|`1͚6E&_qws%!^U@Yj-nܸ_bm+~^ٺc|9\0\rg݆4ko.\n\Z3f\rm۶_HdAaaaE?!&&gy\\渞}Y^z%zA͚5h4eSX7kKxLxLxB!B$B!{x@f:mmѢ՞f1|Tt{FR)ղzb٩\0hMOHLgG[[:ri_!RfMsQm￩ٻwxm\'3S{06[kc_f\'sw>՘$ǿ>畿obog:7\\,ģfذa̜9wҿMWxɸ8UVO>)S駟Rvmf͚U^uf͚ŻK\Z5裏\\n6ccpWWvB!\nLB!*$V\n!08:زh-Kآ~hGjZZV$17cSX,gcا!UQ*䒘T.E&myvA!Wׇ~\\\'{t\0hR=[m݂_0X»*U<AY.Wu֍nݺWxY\'O\Z-5kJlp}^wЁ[~AM<-K1M1My8eʬB<$BggBQY$R!JIz٩{ LK`+\nwkʥөRdn[ϳuErs5بo[.탘piuY\"Ǟ\r%ZB!B!DɬmF=44GXA!}w\rB$V\n!(\">1-^(`	ڷ	\"2N\\L8u4LLMbwr5~<;	U8м]䙛F+/T˳{!B!0СC+;!D%/44G!B!N@!>\Zw_%D>n쫽\\gU\'~^jOh3n58>G7\0ݒB!B!|aaa44G!B!NX)%_nK.ڔBT0fd\\]!A;\r +K͂J /ՍEWW{2prtMWcE!B!YیziiσADQ!xNMU}^Ў;hߤ#\06m6=ҬNsjU	*nganImU%ut?<Ң+_[hL1\'fc[R_ә=}%3\'`㚍2Ҝa}*-j	6塣XՒ\n$G_&O*A4Ӝ_ɺ̹!|X)([C6eެ\0¼\n|+ysiNʵK /&k$OJI>\0\\XΦ(0wB!Ba!nҨqs||>r\'{/7\ZYیzii6m6\0wP93?ەY1M}s*/QI\\OV㯧\\z5\"/YۆrOߘb-FF;ƌW.k*8sn6Fw37Y[4\ZMGfdƧMJU1{\nJ! B!Lªugش<Z*ƌlC5+ :C5m\0dŢ8p$*r[lLz.2+K͓OԧG/B!BX\"?Kf}Tmb<ͨ\'&&ksQ\nө[G$ܡE&Tۍ4k\"u5mޔE?|OlcNe9?n9MB7RQŢ]孢bZAW!u	W=xJƕ%OlFҝNv	,YAFFB!$V\n!\0dbK43?iwpHYʴejs\0<T#\\X<8kI\'قLAjRfB!B;K=7҇k~[I˖-*!*˲$$$)(s{\'<~s_oLPs~|MK\rq	} ~V[;jͲˊRR[x*N~iOR-s2bљ\nsssϜ?̠^S>5|4	F1UүҶa;<yq{~\rKmWKٻ{S\"K\"d-a}-3b$!3֌ePc_\'[-4H mJrqt=m|<z9|{?$3)v	KVhc}0ˋYKY?7sVbCkJeeTuMtNaV[w\\s0\r,Ѻ5Z\ns,8zu-SGO+s!f-}0oKVxP輹s]ĐYc2|.29;\rƞ[W陁zᑁFF!|(B\0YR	oJA/Mfu0e|g,+8Jv\0caS{\\UKX\n|exM\nuuB!BHp+6bJߺ-ܢ\rOƽ{UjTz;ţf醬IYH>\0\\Ƅkַ㋳2_zw)9lC|p&MySX1w\\t[lau,U%/kJ~_^]$fƞ\0_0o=VV2]Аz\08-ռa&3b!2\Z56¢Y?GЇxI:}q/?qV\"/aCCWc,Y/cq:Jϛ>#ǳwO6_3὇hgێ\rw-SiGU^Sy^Ųy˱qĥ@?_v\'O`#oًþ9۾q,y&R_ :1\n<ܰw_H?,.ھw9TFk\Z_ub\0iQ$W.FSe\'L5	gAQQqƺ_<\05=ѭAh6>>HNˢB!\reB5Ʋy}bA_|ð~-hkA&\Z]F5s]3UR1FOtdw?oհx>ya\0	8{)Jd~\0\0 \0IDATYі !B!R{vN\n?|믃xϣ0a8LƥKRuGxQ<j26>Ml*\\xõXy\04k;-jxo\0o7+mz	;w\0`U\n{fu,U%)%_z/l\0\"Gm{k.f\n]֦`^ZPZr\n\\P9u[/kk}V#`cD>ׄip<N۱x\"8}\00nk6^}{CO_.Q(nU(.*<Qŵ(M(sUt]wx\r\Z\r$:;ہCCSW-ˡ\n\nK+K\04.w\rMg \Z\ZNUOY!<6vz5}mXhզ%^ƾT:ƉS&ԕ8zt[w\rx/DĭԬ9Ο[cxpwEhh}$$4ƍs3Ѵi#%BU\0ggg\0@PPPGBH$Q~Ԇq?.1yl\'thA\">!\'\"\0|>t5! ;A+0oQ*&B!B6^SήR{>}}~ƀTJTz;ţoM%>; m]\Zvͤm-kd<k\"(WaCtjЉѦcc\"f.R̿ЭGW\0@lL,Df͡KS㱆r#6&6v6m6v6x,%ZNXMM\rf2f{?O0~`oIw`yljjɕ\\Gע4Y5Uk :w&=-ߧFL]}PV<#-c[92f{	]u):vfX)mߑu[elWM<VWWGaAq7k\nϙS9s\n.eW _J+U5a:&L+<hjj	+`%!\"UN>|ݻ\0@1uT\Z\Z믿3\'OFzXT$yuCٳg000@Ν1qDWRNu=Çmmm=\ZÆ\r\0\0p1*{D}Ξ=Y<ZX[x*\rIY<6FFhQmVdRMM5oӨ B!R\\~ׯ̪EFL>A>۶ƫP<UÎaG(ϓ(#(Zy*O\\)wY\\V⹋X`%\0ʅ`̟\0#Q^]\0%{?oŠ]K>*e#vKت6v6xD\":SݮI3Ҫ%.Q٫x4#FǓO:>qr(N]V^\raE:rĕ6#!>O3\">.Fpݯ,[7lÖݛ1l0+#yEpp>VԱn>&O֭h	!Kܼy3<y+W\0V\\,[Gڶm;w`HIIuXT$y7N1qD#44;>~eE\0Xt)6m[N:8|xLLMLL:t>۵-@~nEUdZBhaR-Lؓ}mxOq0!B!0Ғ\'˓T	\0/^Y3U![ÎaGC#\\tjSN|]\Zvo|Bx][׈ɣ@Tcܾq&X9^=nyj<Bϟ<zH2W]qhik:rА<lN9-Xy91GDVuEܹkjko[Uf[p0clll^$\"mγ)LLŏSSRպ	gBm7qR+rM-[Ym;mE?r?\0g?Ν8GWߞ6{*^O1d50xB@KIt1q4U!!e[8\n3Ξ=@O?aԨQXv-\\\\\\{nx\0СCqb]ll,\0`6uا\n?Cv_֮]6m@KKNNN\0wr3f`pwwGppx1vX`HJJsvv3n݊QF1e+**?0fl߾yyyeuXAG\'N	y)OBKK4ls\0au͢\"ƔuEs=n8;f;Nt}|||\n777ܸq5QB!B!6~2n޼%1/9GV>Eރ;ţ\Zc䕑\0(bE9G~f7ys\0@tz4<{TX\\ܹ}{\0o܆Swm|>\n*$E<8O`dYp<ݦ)**µk=dcVu{k9~F꾉S&уGضq;!px_\0~:GFU#Ҥic\\Աv\\T5mf\\js)	iXd-M;vؾy pz8z/T8?`~~%s	\\y :z\Zi\0|D:wEm*zrT	(vMwh$v}V(Nu\nCFػlVI\0P\\\\tE4{wmϯ6%UB!ԈwC0rH:T=22G+9xzzK.Çmzh\0ppP]հ*z\0Grx\"~wcժUPSSÁзo_\0@\\\\mۆLL6\r;wĪU}x<<xW^cǎĉ5k~zJTs,[Pq\'Os(+&F惕2055WIbei\\?M*&u͵(t׮]Ř1 r9ļyGGGUZ~B!B!b52^T1Xa3<\0os!@n(v;G5z7\rM&ߘI7\0=\ZR\n3p|*#.3ceǕ:^cqK<r]<\0\0vƎTW[[Qc\'}\\>	oԸ	&MWNݠsv3TibfϘ6qfL)mV더)0hۨj~D/@һ$ʣH<lΥMe^o\Z5X4k1FŠQc#i6X2wZ5nA	:aBc\r\Z:yyypい`E0M܆</^w(,(aCC_=P<\\:sAg.`ڤc(rMw&j>~3NWlWزJω{U^;*B񒓓Y{.\n%JՅ~Wx<ƾ 8;;#((\0Isep*7_6?~\0ˊ`֬Yعs\'YǙ:u*ccxG2b<|0֭+5~}ǎ:;a߾}8i,@ ٳg%*..z	k׮ѣ-`_٤òɈ/ԩS2.:00\00f4i{a81gΜ\Z,ۼnB!BөS\'o޼-\0\0EEE(,,D^^>|6mTFRDGG#h|\nߟXg?+te8ؘJi!OOO^V_;C7>ƴ* \ZB\"2>fw>x_*@qjJbӨ0jn{KUŬR_0h]ʑ#kEE!T,cSBh(<NFZ*j׫V#*V\nǏ	xejlٲXbV^\r555̝;WƵkװqFl޼-*9ȪVX~ܤJ\0e$=|Ǜ7o\0ΖhWNݗ\05jx[rr8Wv<P233%g||<rssѢE\0@nn.ann._6\\?;Ǉs{.k===T}r9kb׏B!B!.[ÎaG񐚪I+FBdWwxϟ;|W(]K1VoMk}1ݽ%U޺MWuBWF$Vnٲ3fC]nݺ@qm+y<w@5;?~v1lܸXv-8gdd$%%IT.Ajj*6l\0sss1%%EIEwKSv_;=z\'ʎʲBDD={.]0޵kc[y+]?y([jL]w\\gee1hhhŌ*S׏{B!B!ZuGxQ<ZjOLpj0\ZK,óP߰>\\\\09UV4w0]>iɖ՝yK4h`%P!J\ryݻ7.]r%J~{DU1\\f\rPXXW2ڗÇ1vX{.-[вkC\0ٳiii/#ک+^\08rrrrM6}VdQ\\\\\\#11iii?\0(544p9;w\Z\Z\ZdKe){D|x9>.خ7|\0CXXc\04k\0Sqʨ )\\t	3f#ₕ+WUWYE!B![ÎaGjȈ!NIT~t<^&\"mJJLp1C!B*5b%\0իիgܹصk8^^^\0cӦM.N&ňɬV	\0N\0,]ܹsSWWǙ3g:u`\0iӦ,j_5jJJJgǏǡC0eq;yɢ9ik֬C0sLhkkc̘1\0&&&ym֬Jk+^%Y999\0|w%===}v,\\qAAA$_mB!Bq[E=CHgo~|JPI?^!B*/99u^U,5[p!ƍ\'5B*øq㐖@\\k׮aΝ8{RAH!Uԩ7oވ嗔@ ÇO!_h8\0-55Xuuu|x<\0}4#-7\\c(ág<UXOOO\n,ҋ\ZBHţJB(9p(D!TGƦ-Pn=QxTԮWT֯__!Br999uuuBCCC˗/~DGG֘<y2Zh!Ǐ4h&M$	`&_vBBBr*\0a߾}@ )\\]]ѵkWϷ+v܉X[[c٨[B[PPsHJJBNN֭mby.I[[V%SyB!B!Yu8Hx!B!R:\0B!}׭[|}aKHHp}\"//Ǽy}[>|@vv6?K.Ɍcڵ@ `lOLLٳgqr0111wݫ_Eff&P,\\P%kT}B!BHuWݒ(vOƕL_W|yRKt{\0\0.>]ImwQt0i]353h^h?έ´}63h.2o^{c*\rm/sƯ+֡s0o>]܉s**p9wE懔i]3t0CGYqym*9$B\nU$/76oތH\"88!!!ׯ\0@nn.\0K֮]ÇKM3f\0cR㰶?ƍ3w̙3\0GQjѸqc,^\0)u\\}%KsӧOKsOTiRѥ̟*΃B!BH{猔$,;Xr\r>dlINNV=7222`fs°aCӓv.˃V*R<(/(AJS~&$U@ɔ-7#ա\0[ZjAv9K.t񉙯?z/\0\0̘;]%Il̥ceKp>}A\0̙6CF(?3S5.u~jħ὇q.U!BgXY(ɅK!Dׯ_~		+W˗/N:8q\"\0\"NNN\0>\'LWZv		ʈx{{N:K=||~իW\\NQ={2<OOO:. \"\"piqccct	իOY\\OA!˗/3nݺNE%ݻwѩS\'\0@qq1X΃Xi˗ѿq[GGGa3b%ｍ`$IOOG\\\r#x*MJ[¤L6-)aG(\'+ط/U!\nϙS\0\0a1oR&U*	7oN,;m*4K噟C޶oss:uj+\'!tUW[Lqt[	!PwvvF@@ÇVΌy(+..\Z5\nxF4eJUO?KKKL:-orLzzzӓDXo@H,((:::PW|Am`=\ZHHH\'0c+ܟ̟*΃B!</ѣɓKiii[qM:Bj?_󑚚ؖ!`>d5ٴyjשS=$8{R/QC\0@غusFaG(&<\004Lg/y33ioe-u-\03gfBW=c[mdhj{}Drʎ!kmypŵΏ{̘)u~9p -[\nj4	+V|RvLdlr\'l\'G=\r}Dz~:!eA	A=amm4=D8\\V		̠9bOZXf\\s}6	KV4j1HMI[~еM7շ@\'|-,!PpoɌ=C\ngҨ~\nŬϟ߹~+lJyZp9mG,U]S.]`շ@].|1yKnbE#c8^{\n\\|HYaߪ3[Ҩ}7a7ϻ*CRn^ݽ]qgĜų\\\r͐`cQVx\"j}SDģUxy` >Vh陁zᑁ}G!|\rub%\0<y>}§OpԩTٳ=z4FgܹsUMPPdʾ	d<.}WO400,J+ۮvmb-(~WR3\0\0 \0IDAT@L0\0PXX{*ܟ<!BTECC9q}ݻ(**ƭ[pU$%%!88X|Mيt0\\r7oW0wqedee!--\rSy\ZHJJBHHݻ		ADDǅ۷v\ZBCC;ɋ@ HǸ!0\nJ%C^7U;Gd||Ѷm2wO޽9M{FJJ#Fdf6	:ڵY2zn,lۖ\r77|_Sqd]4ơCupP.~sfIIcƲݢeW\\ΏvVx~NĉZ((hٳY\n\'Wh1-E \\]|\'6tـ9Hښq]21.	&`C\rsíoo7g_XJ밦DuEbk	EH|\rCaemR++^q,Yǔa&3b!2\Z56¢Y?G}~8tR_ϓ32D^<	Æ+^z=`x?\0WH=~1f8{\r瘹Ώ<=D;vmΏkJ5?^/esr([7 .9J;xKVؤgx	}},^P<^6?ϡ=c`em\'7щQݿJGMMudpU\rY}?Pk&\0d>0nlWj=}hb\0hW]UK?°4|I\"^\ZaϞ;FwOE۶VB!kP+srrpq;vQM7nƎ}>>>puun|gLHHf̘Ç̻9DǍ7ׯ_g1c`9^z˗c6l̙[n=73ѣG+Milq[bԨQR+_W>ϟ?c˗/GRRsv\Z\0ݻwgl}be˖QQQxl2\0U0K<W-n޼yJlǥ`ܹ5jm-y%R1<7\"11yyy҉w۷0J+XJ燴4dggɓ\'Xj)3.Ν;7n@ff&jժ+++>(ܟHe$?^m΃B!DUǸ&&&ݻ7ԩXϟ={Dff&DU:i\rsss\0\0!55Wy\ZA  33zB&M>uA^P^=>\"|	=z@6m8\'/NBj\nq5lhjjVqDWjj*o\'(q	HNNFamtJW@S*R<(6MܹPWa:}$$4Dhh}ܹÇe #M``uu`l)\\	fPm\0s[#G-[\0˗\0gOcq5wőGێ(QmGE7nkb]uJTkźXXչ^sp؁mQmJ~)\"񿰱7y?m[KmwE6S6\0m\0\0ju+p-B} m-\0-ͱg5<IxM~߸W-7N\0\0fMf\Z۽_jnշ|>lVbsU\\d͏2KYyMwnم|а!~ ɮ;ѱ|>445x\"\\P<|n믰yK2/@~&Hkhjs?:xL͚9ω*wrl <>4\r0QUIף?XXUS]ƃgKAS-SDm0p8\0ǃ.BC#!!6n433Ѵ	!&Uٳێ;\'N\0k.ļyGGG\\x;j*۷$o֬Y롫ɓ\'cڵx-6mKKK$&&ѣ$=Y:wSNݻwGff&Xb4ի}W>m6dffbڴiعsD\0eoEd8q\n!JTOڒ޲ge)[333vڅcܹ۷O>eTPJa=h 2Ν;uttK700QGƎ#\'\'W^TӧOS}pmw\0VTyB!GJg쑖GGGy}6Zn\r\0#zӘl}jjj\"))	hԨ\Z5j$q|AAJJJZ9yc6ojjjh֬Q@ս{wjjjhذ!=z$6[HHH޾}MJ)[k]\n|7N]81:M`Ѣزecbv3ݻKxŪԪŃK눒$+R\ZYڋEEWy2VnQ,*);?ϟ+V]ۓea`ZuqtiIᨯ]6yXqCz~:\n±xݔq\\tK.tSc@̿ЭGW\0@lL,Of͡ʷ㱆rKލ\rc\r^<&Z&YMM\rf2f{?O0~`oIwEM]\r5Z&k~ƣ\nyMD<@Yۤc/>ݐQ	RV<#=syse:v	:uS3Stl\'uūktxMVjTk﷦ߪ<ҲágڃQ1iOh3CЪgZ&ݔWSMME!T#+QRR¸;:$$\0$Ch׮]		a$V:88LII\0>}\Z\00eq5Yf1+}zh<GGG-,,\'OW		CVh\"%J|xInݸ$--ܠ-̙3@DYCC+V\0\0W>e͙	\r\Z%%%<x0LLL+s)8чxNNN())F8Q#((QQQHOOLLLЯ_?Fb	6l N6m`ҤIhL]֭[\'8{V8>oG1dN\\/_Ǐŕ4h\0{{{7ND(|Ţw<!BCT\\\\Lԭ[qO銔EEEe\0H֧pmhiiJ\"&iˀ<):G\r\r\r܅}1EVd-NBj\ndddh&Ru\r\\~+V2\r52AG}V.~mjVgkmKr\'V\'RjGx{bϞx{g3ѷƌсDKU%@H%b׮ژ2E|>㽃o_Ue?Ώ@ LdKN{qtiG^s)!a]\Z?@Zo(*JWzuRr&J<.bł\0+1<DzU3_3mV\ZZ#E^\"X-Y)M^`cg\'O$誃0?N4-ZBX\Z5|S]韽ʌgOs0bp<y|!W/ben؆-7ca_{<sL\ZYzny{iqȈ9A04Mp\'/G!00(.ZRǺu<YWeB!_\ZXrDzzzm$Hч6229D\ZTxrr2\0`ÅpԫW3gDwY[[VZxxٱ-[SlqVNݧl>\nΖ9rssQXX%K`֮}ʒ7gNNN8<\0a!>ϸ\\?Gr-U8.>jkڵk׮emS9,VicʊZYY1få?CCC,\\\rSyB!\Z\n-N	\ne+&ª<Ob[:::.;;<yD|cHZZ\Z\r\rUv,,,&\n7,kr)xlqR#!!sH$IKT	\0NNr\n\n\nZT8#_|̛W͛ػ7ҥ|xx\0bb`e.<ia!1@u<}Zϋв~J{XXkTa6\\TE?eLr~44Baeٜ4Q\"iSFBַC߆0|/_s+-5-\ncFF0d$׈ɣ@Tcܾq&X9^=nyj<BU=x$^+8x\0TbHSy :rZ\"܉s2BX@U#R޿Oܹkjko[Uf[p0clll^$mγ)LLŏSSRպ\'2\nj\0}eZ]=YiշVϕ7\n%V\ZGa!äI8Qol%BFUD&FP)JTt<AAA8l߾0aҰuV}111Bn]=-)O>}||UVĉ\0 ^jzǏKU>eɛǏCKK8y$>}q~j׮-8Q,qղx	Eb!B!|\Z6lׯ_3*s\Z\ZիW(..{>\0TvmyxY	FKK>|@qq1^z;w())oRQ91 11HLLdܠX~}$$$7[$\n\\L?3gka\"frr\n_#$EEEUu;G1aЁys6߄EƌQQ͛o(Ym[AA(((O?I\04~Y(O~(O;Vr~:vwUK	̚dab;><]ḛ5GcXp-LL\\YQc5W	 ( m(<{HaϹ3AV=(~-+#	E\"\\L>(|^ܹ}	B7n̶|>7UUqa\"Ǳ1iJ??.O~p-\ZF#Ȋe\Zgo	xm܎lQ4iׂ)u;6qM4ZarqlqczZ:V/aThg7@QQn]BoxLGlL,\0 !>K0!A.8u4ӄy6m[K«h2\\\'#翻\0Twp\'FQȔ()w}HJ:h`HK3_mJ$B8|\r\02aaaml\n\0سgҐi)}\09$$$`ӦM\0˗Յ.w@??kWw qge)]WW<z\0ܺumOYlsDhorEQ\'\Z?,,ׯ_g%#&&n1%	!B!51bb>W˱ħOp5ܜ۷v\ZXZZ\"::\Zׯ_>	[x6mڈn\ZaaaPWWgT,y	+?x-c\nKKKڵkܱ̔4lIHMR^=L|Ψ	\ZH|\0NNp4ߏ&M[Goԫ[k֬XT;G9<L;wy{{s]KՒ%z2EBW=jՒ,_u訉C`hFdW۵6ZVG)މe*EUxybbپ6ll40rdDCjԩi$hkǢEJ/:b46>ڈQf$ww>܁>=hkcsvXzo)x<gw870ژ~s:~M&v1ߘmmǛnRޣ\0 <689B:Q(cU\Z;{`hfnQbꧻS7L;K.yKj\Z0sLǬ36I~>C\"33=zìwco6e,üv\\T5oYEô9:Uk߅~wHj\Z\rZ-Xmc\r\Z:>u076y^j^έ´lz{_PUV0	=\\vA5M<nll`6Bcݹc)St[BOBׄZBݻQrU%PXXڵk\0p\'Nq3g۷SFWTTG\"$$)))066+p]<y111055ć\'ddd`رE@@s[ҎeWD>o޼	???deeQm燐\0@>}55JǅgŋѣG@ y`cc_UfBaPP٥Kp!C aE4ހ333,\\g=.%%ׯǫW$닂tW^\\*,,İaà#rJ!BaשS\'o޼-\0*\0EEE(,,D^^>|ve߿P/EGG#h|\n狫ww3Rq$г?bc$ɹϲ7{zzvԶ^BTTTJxQ<7!śO	\ncZq\r!D3лS<[ .cD\\]:\nB!D)Ʀ-PUQlu@^\\zub \'\'cǎE1|emW+V0!B!D+k/Qbt\\+zJBFXIje+umѣwJa3`cgO|\n0ܟ?X	c8++	%VB2.%8y$ѳgϪ*w9L2*	!B!_dxNR:ţ\ZZZ<hiҝ˳x\"̟>\r,7&̘	d2X\ZBn*4Ҽ%LE+THB!EӤ<pvvFΝ:Bܖ-[:B!B!RUe)vj5CFC:B:sJerlC!jXYʻl2!奪 =	!B!BHeVq;]u%}	!B!_JJ8;;3Wt\"\\e\'\Z!B!B:T$4îC!B!jX{,,,0rHt֭\\VD2^NN\\\\\\\0\0ǎVDلFѹFP!B!B!DVaGnB!B!D_ٲe\\=zն2aLLbbb:1ʣ&]B!B!Bȗ%Q<(v-E9s|OU{\'{iBEvB!OXhkkGhٲ%V^-yVVV>}:U;w@SS_K\\)Oy>}\n---!::\Z6 \0\0 \0IDAT:t`Q6GGrWl\0@II	gJJ\n6l؀8уgQQ8Po	.|ŀp\rdggS(!B!B{}9#%%Io߉ʕka$c;\052ڗ.^)~#\'wVVaGn(3\0o4DӦjUޏ;KJ\ZWq$B!BJXٴiSaڵx8l۶\r6l{sN~;;;X(>e)7ohec)xA\Z{{{Ǐ^nGTT&L\0SSSFǎÉ\'ѣGĉ8v<Č3	B!B!B?//oxؾqYB1I$<<&ct	\\޽[2[\ZÎaW%+9-{\0;RURQuKorrJ:B!BH%։,@۶m3g_ŧOgΜz>}8VVV\0SbĠE055ELL9Ţx\\8;;ʫA;&QE|\0	={d\"VU27B!B!T\'6oA:1uľaoQQ޾}\'Nsd?U-**C`xQ<[<e=I\0 \\豴%ٖO``.ڶM;G$\'m\"#1th:C[=Rpt́hROӦIXc\"ņ?A=W{uohw><zmm3g\'8{4*8q^]3	J	[h{wUq\Z{f{\nf)k[jf\Zkj\\43\"\"5-sCDCل1_F;ۨ#syshsV8Γb2+9.υVĹiN\\Zu~$vLu$SOn̙\'=\\o/Su+a]2	?\"fAm~	qyոs6\"G=ڭIq=Msיn~9APP\"J&_+B!x2YV+V$44?KrQ<xԩS9{,WիwYR!7TV\rTojԨL[\\>K/aooF_|PD\0\\\\\\rԙ5as			9ʹ}!B!BXN[!Olذۗ>lCQDΟ5k[O(<ʬ-@||&kצre\nWӧ8ݻm-M\'2۶S]xdfڟ8AVYSɓ[Wŋj>4Νض-		\r-ܹLpiJk\0_ERFOL$HmӕYs~\rCi^9j)p$o^FW&qӚLɶ&t%quu?g}؎.<~UYfUhƆ3\r)T+xĵ}wgMXOH.s맫5<F(ΕTsZom퟾FHy$->7bj[YOSZ\'q3jy߹SMRY.SX<^P1p}L^F!Ba\'ԩCpp0\0\0L6[m}KZqqҥ,]TXAY<i\nKCn9::R~}݊h\0$%%魚	;wq66?@B!B!I!#X%T_]⻨̧tV<$2kǸqPl3W%*\'\\]k׺Qv??v~\ZIȀ+JR\\͚*y`v`$ʱcX<@2h//\0\\]컪?}fZk-i6hZ)KkWn]5^^\\I;Ol*K/ЕjQ\nWo}νu\'<JqpBN_zڌs`cp0~_Ṛ&\0eRs^ţ@\\k[승~vq߉(\\)gbk3zB!OX9}tbcc?\023[<899eVv;YZgLL޽ݻwcoooJS˯TT	X}PjI&\\x&M+K/pQ9wM6sG;fk!B!x4~]]=c]Y\n6lKt=\r\ZDF4hPfx\"zAq9ݹӧO3h ϖD<dCҨQ<5w>bŊC2\n\nֶQ&yY[GǼMh*iKҵvoѶ))&?ݢys\\9uJ[DN[O\\\\fE풵^;:NսNHK`[[,.܎ƷVguߟu5{o^9+/;23+	_\\9WQ$pup~]_B8;ņۡy7TlMiqnw698}B!b[mۖ0/aРA\0:p&NY׏uHffnlK댉rɄL4^Fŋ79Kŋ$/A&M@ƍuǕ0`\0qqq^:ǹ=zƍҥݻw7?!ĳ-KS<|KKKcx{{ӷoBk v{f(ȱ0B!lg}x>_oNOYtA2kOe[B06m	gر9}tڕիWk.ٹs\'\09#F}(V#G~ȑ:Cx򕉻y%r:Nş[0mU$2ɣ\0ܸQv#Fc{w牖.gdtiInm\\ډy䙟z/sןt7m7Cͣgj2q^XޜLɹiyǲ/Pwػ>)1amcJHKӰiS\Z7r>:uT̙S,W!Bazb7&=z~7x7̪SIDDŋX{G֖I&P{ٽf `J*̫Tg2e7os`=cc#H*11+Wr߿O͚5֭-Z(hO%K\'ń%KЬY34B,*Z>fݱ۷ʹ_zu7{*%J\0p+|n|<}GFegGc&m>Z΃QGb\nnSsL\Z7\r_bȉܾ@cٴv5W՝5Jm>]5h?j(okؖO(,Y:G68rڴiԫW[[[z-f͚;n:j^~eBBB={6>dddd0|4\Z\r}:u`߾}̛77nPJBBBh֬Yu	ah򤹓*>)cǌz7;IhGQfmy\0ʔexgƏwرtVLenĬ&-E(N^xQL>ΩS4ono\r9y25ǢGqzǎ4I}s/v׉F8WFتrϓt9~ߝ=|?*smWכdd@b6;RB!O>`ҴiSㅅ\",yfd\"c\"##u<c2pB{\ZƺO!OX?;6wRԪ=[B][;hrھڊ3:gY>䇃.-EvsF-)p#4nR[B<i]FPrM2JErr2`ԩ̜9/rABBBXJSNe={!C0{l{(/Ż*(:ɣL(<y{;bEI<aa%iłTk9̙㊽=GLvK	Hԕ#oFG|v\'2n{N/dogӸLcf2uLM&Qף8bx%vm{wd-ͣTs>.|s~6L5h2)+;^{Ww\r\0݊eLi+4lhOXXI)GxxIT)B!3?\'rRj\n[[[j׮͌mj5DEEhhӦ\rGRѡCp^^^;wmx˗Yjϟ\'55\Z5jЭ[7Zl3ח\'N@PP>>>\0ٳ7Aݺu6lʕ3,C6^n9sI^J`Cؾ};ׯ_ݝ޽{?c=+}6\\tVZjèj4hʟ$WN=K%kkSޛ>!q_Ɔ5SfufL֝?ygm\\SqFAu~IcqvrgάZIm*Y;Rn\r_oc>kR?|ȀpvrV-Ix<xbŊPX1RSS_t9sW_Vff&8;;ѣ<x1cte=<<ؿ?JcǎtW+ZN>>_em+IeGɍ\rN_톿\"~~wprsfhܞ\'K3uj\ZFPn2%#۷IxzakkC璣KK2i}5MV^ưcpYB&ZJ8>6kϽ~Ʊ8ʷbJ)T%Ww#6KV{Qn8748WjAwz]|pv$%ܪPTYm\'J{B!B&+)ŋOxwQܖ-[غu+C`ҥ899ѻwo\0~6mDϞ=ٴi)^\'puΝKZټyщhԨ۷g,[L7ҥK|ܻwCdMXWn[rg=c)ٷo-I&L6\r;;;\"\"\"U쟱[ߕ^hBffF\Z#~)NNNFWpTN=%Jc?K4`i{?XBlڞ;--8B;Krr\nm{mohţItu6<t&+l)CijLF-\07\ZMm(Daqtt8::SkOʬYUEk~=W_}En([,SL`\'6ƶ|m?(((_mU$2ɣ˔Ɇy-SG=-Z䚣=;v+ӹ#;6??˷mǏ{:{2|u<dq^S5i_ُ;WػzR}^O)հ1f[B!BaLBĉYhǏ租~ǇÇSD	W^:7D&%%(^+cccC:u4iRmym#GPT)\0k g;?|CQFΔXܹs:5\Z\raaa9AѣGNTN=%,gɚ:{3?\n=&$\nU<ZT)wٰg\\\\IJNk	O\rj\ZJE\Z|<O\Z1e\"oP̮tR[B<*Uč7V\Z7nܠrݺuK7ybŊ̜93fk.Ə_\nedֿErcm$2ɣ!B!B˶!(X+V$44PV-=ʼyG\\\\\\pqnyk]Y)]7aW޽{7nɓ{{{lm:{,Fwѭ\\`d`̦wC}W3k_wN.]\079S4fJϒ5!ߛ9fBt{UKU/7e-c^;W:lݱT6lڪWWiR\'SRXklM?=>\nz6t-;9r+]ԖIӦMGRR{M6}߿P&UуHj5*U2kU{d.z$2ɣ!B!BK&V\n!3N:oVKJJҭxuLu\r\Z4`lܸs.\\hrL222L.?|.\\iغUv1qɚ5Tw%۶3))l/kHcrNC)1SziMi13cB!.]~O/ֽ4?/۱; ~s#۽S^=ÂIV/^\\RAxD1s9WVF-%%ē&  3g+o;WN{O>N:GW.ȑ#Yh\r6dҤI̘1#u\nfm+IeGB!B!LBӉ%##?xE=ѣG)Q.88D\r\0|dM4Y+899eu2?www\0_nV]4.~~~\0,_;whҖjw%/#G`ӦMpΝkNڳt̔%k\Zk%~	!xr9v Ǳzukxkww7>l&?7WаsjVg9}٩C;EnPVz݁:[4k¶8^vlZMVkz߿#Gfk_֖O\Z/_?LXXκsY>W*Ur=gHJ}||طo߿W_}5]VV<$2#B!BX\'UQBQڶmKXX0h @]ZJJ\n7nK.thJuԉUV-?*&	`ٲeL:f͚ܿCĉ1-TXǺu$33SWrNi\\:tJbΝF^g}W2`\0Xzuн{w4\Z\rb׮]TX={\ZS:,3gɚZcKcB!BQPm?ɣL(<B!B!uWԩSE!B!fjڴWF!33ZMFFiiiܺuzFT!CxwQODDPΎ\Z!!T*lmmu+6iY<JhnݎXtmPPIemU$2ɣLq^^^2cƌ#xm&,x!BXU^ʬk7;	,wLB!B!BİI_GQ&y˚^P͓ <cb,Zk׮tر\'U>)B!DQB!B!\"U\nƍPW;Ӊ/qی3Z_b\ZԪcL >va6YtttQG#yIe:3QІ\r+V((B!B\\J!B!B!x2Ç8g9#5gNp߿	ʖ-Ct\\YۊzGQ&yF)\"=X氰0SHiB!B8|0SNtС\0СCg\"KV\':џmB!:8/\0\0 \0IDATn%<8 ǹlI_	%\\\0(Qɓ\'oַz\'yIe\'#((OOOprr}<x0G۳gZWWW{ٙWZEڵqppZjDDD(xzzW_ݎ}7Ē;)yV\0ԭ[W7ׯ+occOVprrɉΝ;oVf]vѤITVʑǔϧJ*Q)MQX6>wlll	777/^;o쾃q69B!.X)ψ+VpMVZEdddQyDFFʘ#SS&\n!B!E?\r6p<}Nt.\'_b\"gҹsgֶQ&yIhW	|7x|2:s\Z#{CuYPRRR}6%K$  v%[l/$22t˂߿\Z\ZJZZ\Z?#˖-c׮]feJ15{m6͛ǶmrC)S_­[x\n\n2+sdd$#F`大siΞ=-c-[ƚ5kou7lؐc2))g1O߾}IJJʕ+߀iݔq.B!x+Eԩ\"\0[h4\Z5\Z2Fk@i<ı.O8!0_ӦM_z///@KLj5q-իWQÃQ#$Jn5&-}\n;	~hӶ=V.Q\0+_Wr5t\\VӹKwN:;ִicvl߂Jnݎ\03WsCBttUM<$2cY[AVё.PR|o333RRRLy,Z͛뎝8q_~Yv֭ׯ2Ǐ\'88ܖ)}ϭ掅!ǜ{ۛsҢEݱchccßIڵueqssS_3nݚӧӺu<e\",,,}2d?s2gWϘ%\r[nk׮91徛2>B<6m=:BaU^ʬk7;	,wLKY!O=>JVATT\Z6mп/Lʾ$\'\'Ixyyq9ڶm={ظq#ԭ[aÆQ\\9n߾Mhh(.]UVz,͢ԞS>|Z7\rx[%_+uV9___N8AAA(˗Yjϟ\'55\Z5jЭ[7Zlib\\~wwwzb{J9{<w0̙3X4iѣG!7\\!B!!#28P7\\SͤBr$*ƍLx*Sd挩6mҗQ&yIPF\rZnMf͚zL@HH[lݻddd\0`gggV=gϞ!O8޽{5oޜcǎV~O~9s90\'(888jVǏy%bbbX201SNΝ\r7徛2΅B!O&\n\\!rٷM~-[غu+={W^lݺ-[Ɔk2|pݱ_~+Wr1VXATTܥK/\r\r,YիWMZ^yɒ[{JLҧOLdd$6l0ZYQ\ZkF\ZBBB˖-냡O8}4|7>#Gͱo>͛GRg޼yFSiӐ5kpY?k9sx?dWPϵB!9!SgP|e1ϥB\0TPe,:ɣL(<gڴi0h Vݻy;vYJ?LzznU_eff쌍	vwS2>\'2?\n3lJP!BXX)ϰC++{\\߾}qtṯ\Z`%tMJJ9r$JMaΝӵ}Kdɭ=%d_ЭPh%YLXv듺uAy<t/^HժU4i;v\0 005jr\Zisɓ\'6J٘|!zB!/_YMVs1xYۊzGQ&y\nW͚5ٳ\'\'Of\\|*G9\'3wu?Юw)c_{{{Xb]}ES:>%M6ĉzǲa~en޼y,~{MSa>cO~wwS9?C!BB˚₋ݎ#;777ueffEF\Z;Ｃ\\@bby͢ԞStޝ.]\0oNK+kxN0իw^ƍG~t܊۔g(OS޽5r<~Ȯ k!Bkds\'Kkӵ1ׯwѣӹs\"N\'yIenݚ~ƒƲehРA*Ub߾}iܸ1gFVITTf3fÆ\rvӭ[7GZ;}h۶Ym:0vX݇-)cνP2f;6@2O<~&%$$0~x\Z<x0{\ZÐ!C<xuSϘ)㓟cݔqίP!B<dbB<<<<\0HJJ,lllLs\\piӦuV\0ݧ[&%%%q|ɢԞSl޼Y={i,=@[dffaS(g\rXx17nܹs\Z3kBeKS۳T^Ks,YRwݽ{r-g\nB!B<=o6ᡡR2HiӶ=@觳*nmE=ɣL(<y|ǿ7\Z`Μ9DFFRR%T*5jڵkڵ+G{?G\0۶mĉԩS	7O]veĈtJEN0a^^{ɓ\'3l0qqqa޼yL2ŬL_~իW)]46Y;1%)k׮|GtJEW4s/	\n\nBRѨQ#^x2ddohVfS3f{}7e3A!B<TE@!DiӦ\rׯۢM6y3k5E\'\'\'νK>|GXu,J)Qڵkٴi{l޼\'eT.]\"66VJ$$$o+*gpp0}ZjOfMRTŋY|9#GΎB pwwݻ\\~{N/%97n9rH> k!Tovʹ)i֤!Wj*W)79v\0ar^?h)Eן9vޯ<sr*NZ5?z(U+W$px&Ƌ/<oYx!ڵkL4_&MpBJJ2331c۷oÃ`Zn>}m{lV\"d\\i[bŊ15d\nSC̛HQjQ&yIL)eZhA-Ljk׮t9OOOvaQOWﵷ72Ǚ\n*KLS{{ｧ{}]ʔ)cǏzO;vHǎyь=zc{X_w0> B!M2R!a=z %%7ХKw:Jxx8\'NG܀c9YE=%JYwFСCڵ+ҳg<g	\n\nb|dff	@@@\0˖-cԩ4k>(Q\ZN:j*bcch:t@RsNqssW^F۳	Я_?֭[G``9KsܼyիWӨQ#\\PϵBa/ѬICbbr%O_/3\'O^zSsYAw\\ign甲eKMMcHBfi2fLfؼ6r\"?M6Md\"\"\"Xd	\'N4znӦM/^ÇsYmfpRq:Pbm$2ɣL7~~~|G4mڔDFY ?\n\"]!Bxŏ<r!Bg]rr2ݻwݝu!M*z*^^^vՏLj5q-3mң\rE<_.#rwc@͚KZ5ݽ\0ΜϗkT(_	cѢY#\'rY\06]FϾ9v\0Ç؝q`24\Z\rG\rv՝r1|L5ٟ-]ma6rG7wb9SS؝cv0ԮU]L\Zcͅw:Bijm-7nÇ)Q111?^a$s.!!!ԩSG^{;w)uj^~eBBB={6>dddd0|4\Z\r}:u`߾}̛77nPJBBBCk111<5BBPT>dդD}@۰wv\\lߠ L*eX݊zGQ&yț]v1}t)SdڴiEK0Bi&B<*V{)q,^v$P1[kB!x^D;|\"B<MV=O\0\r^|AW6t2}z1+taZ\nhW|YΎ_L\Z7/V/XF[ ==ǤJZ	ٰy+mZ?V:Rhx\\bŊq5]p-Zos%u߿ÇӰaCͪCR:u*3gŋ<x,X+?uTϟٳg2dg϶|`&}IeG\"o8}4iii2!]!BX)Bae2zh֬YCӦM	(HB!US&7nƑ?Wr&}*j7]ui{l׆7nՖC텳j͸[s;ݻ{=s_忩U5z_εnי}5CԪQΗBQF^d6nHZZI璒mۖ3fSN=~z3Lpvvח3x`\'kzxx~nݺEǎپ}{^HX袎G(<ʬ-B!B!TE@!IСC:tP1Bv\Z9vʢ|2jV[5e<H=7\0ۣhtǓ)YRpes~R..]n[?~.))M[w9,]]k	\'K!2zh\"\"\"8p &svvK.8;;3`\0V^mÆ\r^3\0www\0]_?㫯[n-[)SдiSD<qmE=ɣL(<B!B!В+B:K\'6e\'--v<JqB!\nR@jjW]:{=D0ѕowmowk\'\'\'u+>r%\\\\t\n3wbtǥKe\"Kjعs\'NUVxxxtӓdFM|܃t?|0GŊ9s&?#dySX7k[O(<ʬ-B!B!dbBgֳ0Inɒ%4k֌}u|g=}B!U_Ot~תUcOҋ/蕫Z2UT\"#Cu(Zn䨯k	n\'1+uj}W$IɬzkWʅ.Uw^=xGZ%jVZhȾ}عs\'oIڵkݻ>4k`]ta$\'\'F-̮=z 22ZMJsºY\nGQfmytllnk	z7mJF[88FeG!B!0LBQ\"##,ecǎef_4}W4BQ^z<Vjvʴxc2t8F^/ҽ=oۼGĎݑujxGͪ_}~$>;]Qھڪ3]^={6[&--	&tn?x{{sq&O;WNgfժUx{{sy&MdR\Z9r$-aÆL43f\'ݍ7y~#ʕw\'i_\0L1j@J5y-[VdX\nGQfmybʔ$\0f*w|{\\˗ˢT@`QUO~ɝB!Bt(8uTaeBQ@:۹~:___j5DEEhhӦ\rGRVĉ888uJe_]	j:tˋ.Źsh۶-AAAee9|0j\Zooo\r\Zc}5kqʪW/_fժU?TjԨAnhٲg6nHFFueذa+WNq̔}6\\tVZal\\,k5fJegJ}Pz柄qBjڴWhDVAZZ\Znݢ^zu<INʕ<)](=ta(U(_9^ΰ1ټ.bm,LcsᝢgZ*CLL\"\"(fgGT*\0ФOx\'cΝӾ};B wfձq1c&Ԑ))SWq4ߏW^yWE3WsCbQBIJҰaC*VpxOe^}Ձ(sY:2/JyZ̀NS\'\'&B۴	z,B!E*V{)q,^v$PgeJ!x۷yQT)Ù7o;\0[la֭ٓ^zuVl٢w}F		!!!e˖N=c/\\cǎb\n^O><H6lؠ؇eԿO>ӧO7|9r\\t/PN>͒%KuW&::SjUŒY˘b3wcc\r\'a\\Bu`^i6{	s,VSgAfL{)03xLB仹Pҭ$\\	x7iҤٺ>L턩=Yp>kh^KX\nGQfmy;~<DJ#((3g23Ze^ZQiGSٸ1qpML2]\\]oxFncG^TjGH}9APP\"J&B!zJ!xر@<<<pssc(/:++w,7uFSj%J7))hv}||x8zTKGC}0NCKKKӽx\"UVNȑ#)UnhW06f]w9]֭[Ҹ;֖>Ky3K(ݔI!Y1nEnxT$k/V깖m[cbP;sEXBmWOlذ[G5^կ_#<$2kԯO˖	\\B,_^۷s}x:}W_uEG\Zɾ]wksW4lNzz֭scݺTF;D͚E5\'O&-<7C6۶ѹs1+0fӧ\'M4%ϝ;Y--_?sLB!BadbB<\0t[N?.kҘ...\0$$$蕱3Wf2fe޽;]t >>^>RM0իw^ƍG~8yM\0\0 \0IDAT:Ϟ=˨QxwtJ\'\'\'ct]bb.g$}P\ZǙ2֖>Kni򤌋B!閐!#X%;{w;+04#W>k[O(<ʬ-gCaΜ\\R(pu͹*ڵnԮݻ6i=22`Ŋԭ-WGf.X[p/c:|yYY\\\\lw\"*ʃ+Wg¸q􌳰B!B!\n!(Xʕʕ+QbEsܸqCoBu*]^AʲyfĵP\Z4hŋILLd߾}DDDpB֯_XIHH 44\Z5j;h\01SՕ;w;9.>K^2.B!OMEA3xQ]?{tf6m !k? 2r_\n\nq,,,̬:m?ɣL(<\0Y-^mpt92KnUU,t!hxP{<%̎nc޼y9OҖ)Q8WtpA;h|B!BX7YR!r~~~\0,_;wE6m\06Y[%gStR{M6+W;wI׺puJ899ѠA@¡1Y+B:99wNi̔{饗t99w./K%SƬC9MS{A<6.B!Bgӑ#?2uW}\ZSX1L_peGlT虯9r|V<$2kpF9>̕w5q\nhZV.۷\ZJzm&X*3SۿǷh*V73-MCDD*3Qq9sJpFwB!BQdJ!xuJΝ;͍^zУGRRRظq#\0]t{FTNĲ^GFF\ZCnuFáCصk+VgϞF\0Я_?֭[G`` JԩV\"66[[[y5tPÙ8q\">>>9ۘ)]7`\0XzusX[,J\0ŋ7q?+i!B!ĳ)ʕl6l7ۿXV<$2kP-;3~3ǎre*kצt$Z`ʕ9N\0\\QE{Nԩ77A\r9y25Y+4Wכdd@b6;oc$B!pk\n:u!w1|BBBhڴiQǱ\Z2.B!LeWF!33ZMFFiiiܺuzFT!x \"bvv	ARakkv+&-}Ԑ7w8<ՑJCG\ZȑèQ:			,]mwq`n\0\0EyLZ2((0/0h&yIe֖\'7))\Z֭KeŊN(\r@۶wJS&MLF9{6R:ЧlْWĉZM*6ov^=.=d$KkW\Zo}_blF28&m^q\\ٳҟټmӧ8NNo.BMEIBkSj5Ku%Id)cB!ݻ	Ƀȸ!B![-&oyVq?)M6	M(<ʬ-OnltM*_〟J|ye7ԬQۨT7.ӕsdvw2&&c@-]ZWѬmlln&~8Q@\'T)B!O0\n\\!EjE*ɸ!B!*JۂuzNot|am+IeG1UppŊ0kV	eM;ejVq\"(eώ;wvsgGy3^N!B!ēI&V\n!B!B!xbX$4ɣL(<:pm؄B!B\'LBo:t:22<[>̚5kÇ2Y </B!B!,am+IeGB!B!LBo&e0\'\n֊+HHH`͚5.]L!B,	O3ZF ۋ\naMB<$2k#B!B-ۢ Bs@N$B!BX袎G(<ʬ-B!B!dJ!xu///.\\Νm۶V **\nFC6m߿?*Jw-o?@rrnݞ={ظq#ԭ[aÆQ\\9,Y>|Z7\rё˗/j*Ο?Owq=:!&s>MrVlmm|B0Z9Üa6%#f͘4l9#N?ѧ>?MuH]JIjժtڕ͛+GRR֭#++\n\n:6wf˖-ܺu|||T1ѣXXX{,+Vg}X%5rX+m4b,ϋB!\n?(hW]\n8\0Gjo(-6\ZU}nW7׷CjUzjޖv}r	{8ŋ.\\r\nժUcʔ)Ԯ]^zqqUݏ>	&kʕ+?SbELBzl߾QF廾0$2ɣ!B!\"X)ӧOb\n:ٻw/\0lڴݻӣG6mDhhhMLLXz5c|w̞=\'Nxb9r׫W/Hxx8k׮`ڴi8q	&qFٿ67nLbb\"oܿf͚i=oǎ̝;GGG;w.gϞy\\ܘ8q\",]TrTR>}p9V\\<X+eɻd׆JO3.!:ON>>߹!K+i˂ETQj\'X|1իU#y)oX6n8|||8rݺu?W=x={pE.^qR%رci߾=GW^\ZϦ3dl+IeGB!B!D6X)[[[՟III@\0-[e˖jrݻ7j:GGG*UfiÃMp\0RSSUu\\BJ7n67nŋ\0tXuV\06L-ҸSV-\0^/G6O><Xz*~q1E!g՚gXX\\40yU8ó=\Z;\0gdcz惮s\0!..myx\r{8nCSSSʿV>|ԽKVp6^]HOO4po˅KWTy<?&:6\\y4>\0O[o?O?;*\r@;w!nx%Y&Mh,}(QN:qUUUT2yd|||>j{7,t\Z6l?LiҤ	[n%44f͚ѴiS;vm۶ԭ[>cǎi(^lƶQ&y[mRP(LaN7yI98=т?gDhB!B3X)L7lll\0W^}SN1l0t颚\0C͹7:u 66O?*U믿2j(/ԩjb5jz^tt/5mG˸cj?LLLWwuGyX:.!\\zwZ6W`֩oaqsǷK`V&sr$6bܨ!,\nZWV2s,fJ:TiC8ybn\'GjTʉ;v%9vkuU+\\Tt14md9mZMk;0TFؼy3Ʉ+VR~}zͭ[4Qn]>ZyHH=z(0>ڵI&1uT\\ĉ?I7oN\"  3f<n߾Cn8}]u?\0¥BU=Z1o\0~fV}(ׇ\'yIeƖEUrEC\0YT^2i3+ާo?TJ7\r~m!B!DB\nsrr ))IeαLL05o<._ɓٴi\0YYO~0fnn@FFmذAW.dݺuۗ,X6fffq\"\"\"h֬YL̙`)q1D6nhkC\"Bp.u<Gݻ`meEuUYzFzʊwZ4Nt6uʪztczmI[zRy)tlϱ\0AlW.	]M0vu?gk++tР>c|7ԯ_Zme3|p<o)Sۊd̙|cǎlٲ*UJLӓ0p@ܓ:عs\'111|lٲ޿<0$0@Ysz=N?Dͫlk|\0>}/DDݼJI>}F%tƶQ&y[$%eti2͚s/cS8\rR@^RўJfq,]LrrM|B!E%+ֺuk {{-s)Yʊ{+P\0.\\P;	INNƍ̙3	&p%Wd67ҥKܻwOm5%:t\0`ٲe$$$㢋m֯__k}CX,ϋB!\nG)\'\'bb~/>%wO}o{2sss7ba2m>JЛnd%ry\\|qU=~Gi^_g;4o>y2A%g+iP1ydFS5j&LPM8777<x/^ϏӧSzu S~׹{.]vǏ׽/9scgo~jǷn\rۻMlK_vmKfܸO[\0uǲ\nGQfly:r1*\"\'OO:>66w\"UѶ=itp%qscT:VPF,Q#d)Gc9[>>(W.\Z+;,_Vg,y۸qc3qZjV+踳#juo喔_S}7\"-)R}tWNj2*̪K˵ {h>V+_i³껶k\r:8~\nTˑZeao9~7\"G׏wxċ۹܂ӓ,{JInn\'#nN7!=)C?d+jOO0*S-8;2woC8;N̡yz4qt/ѠX!BYQBQtuFrr2֭SNx{{k=oРA3f<<<pBƎKff&@YYY޽0\\\\\\=O۷\'$$.`jjJڵթ\r6kkkz-̌m۶닽j+:CEW^ԭ[}johC:g9_E!:ٵ.x{_{;qϿ6l\\k+h4m@ܶ6TZ5Bqs}k++\ZD)iku-a	-vPXOK[!qI(^8:tP[ѣG/^^qBc111\Z4ӧӤIrA5k?SF\r30uTLBXXG?0#v١SX*U.L6Y]6L>|ZƶQ&y[LVNaŊdΞMw,ի%ꦤdq~YY4b|:z4-V͌cJQW3kC:v`T>XdIi?S-]sYʞUc*WI>ڄ{JNwW:㏏;pur%)-1Gߟ63j\'}?Υדig\'^~|?åd6M4!=+ߏm7\Zʢ?j%qzV]k×:n$+˵/ftܙa{VR\Z62yj 9(V5@S?ڻЄtn>[1_[|)4J]W8;{޹K垛,KܸKI8UeZ:Vj<PRʲ~}\nk֤lY2˖%S[ѻw	J5zB!īK&V\n!K.gZs477???|MyѳgOz왯QF4jHKo4377ܜF\Zaf?mڵ]v\Z+h\\IAcTaÆ1l0E\\CZ?=/B!(\'F\\mZ$a2~zD\04rc]aP\Z7tөm\'PɑMzm(Ύ]{ٱk^m$&6#awJkۊ0nP\0i;jN}M:*NHKKgؕ%۸/k%,ޝؼMOȫrl۶:}vT*ԩ~~~k׎ 5kYfѷo|*!{%5kT{mnݺӶm[*TZ5UO@BV,U~$--!CG1rdQ޽ZrĈO?kH0	F5M(<ʌ-@ѤAz̜iKϞ%PƺFYcjҥc^+ǍOZ\Z,_nGZ?׫V͌\'͝PZÇ[dI2%*Ubϣ}<SST@_:^N\r7ؘMo_di1LڹdME/b	j7xnP}nab3	yr=EV\Z\0k\"[rٟ*@Ii:G~r-SS6H[QΪ㏏g03WMWVf:hdXǓ{aR̂fr+_N\rSz+^eaT_e\0t-\\:,OWTeZjunn7R	VZqfקɌ\Zuqq9B!e#o3BBd<z~!BjTʬ_fFn~\\~>Aޜp!8=fd ]|gߟ/7k~ڈn[\nn#miޖN=q,]4\n.uGsLLLh<{{\0ӢNrSΈ\Z>^&ޝ;нw^|/QF5[X/ūf͚ԬY3\0ӧOgڵ4nܘ5k0uTUٌ3		ݝK.1n86sl߾iӦڮY&ׯ_/:o3n8U6_%0p\0nnֽH>Ԯ]N||i$4ɣL(3<j;%We,xſɐ5jdNVV94O:r${k&M4pckyLkG\'}!~LaajAJzјTQӤLERO\'P ΫXfRqƓ-OŝQi7)}˵rX=Lk9p&҆A8p6O߼Oρ3Ù-85ބS_#+C5aXWPuy\Z{.1xwA[W\ndaaE=<@!BWX)bff7.8[Ny\0\0 \0IDATB!fM\ZҬIKr\"x\\e\'*{m[^\088SD67ws굍kmrtڵjo릍1\0իUa媲GUJdݺuٺuƲzM]WTL鵇;vl\':};7Toݺwhƍ:@||jJ^^hڥi\nGQfly\0nvfժm,O	w8Ѳ0\'`\0O&5J22^aXq_7TuVn,u<8..?C3gͫe+g+p%V|$VE=,SZ¼{qj|b,֯Oeݺ~P3gҿUQB!HJ!/4}.*/JN!B!/ܓ\'sTy	gju=<sn|ztS۹k7͛?$4ɣL(3<\0K2z5G[scVHad~~~m\r|B:jqJժm\0V6kfξ}9~<&M5iÇsR:5j<V뛛CZZKS-sҟq/ίe<{k/>P#ϡ;+?6*݈iR*c}gEkE$D\n7M6ţu3ѼU=<t!&Vg=ov ^Sk^SuF<yן?eY.;K:KZ%K!-\r7_?+> +B!ī\n%兗^uO*̶}V:/55zBˤR^B!Bڵ?ѱ73fL7 `3g~MDY\0\"\"2},=ZEDDu5GQflyrw`r;+KP]Ɍs>$3!\0>>%j̒=Ν˞_ΨQ֪kkϭA|aaʪW7S+8^Y	tՕwNLgFUA8=t22{k/~̥K\0{._]<L߻2b,{9~FjF{[;nեqF$$RoꫪSD1tA^nl#ŗԘs\0<J$*lZRrsc\Zs(x^ת_ߜ ;	IB!B\"+V\n!0j9+=3sYs4nܘ޽{?X*/B!B<F_\0yxDݼk=L߀AܼE\n.LX-m?ɣL(3<2a\0+P\Z;df!|^6ibαc4)	78ӳ[\\Ν-YҞzmT)ƊvtÅMk׻dddY)s*;.66&cz>8C+(ۂnUu6C	!3+fnGNʝyw|HH*VdRIGk=~\r;<.UРT\0\Zj@ʝrh-ڛt.r+VTcbJޯ87&)TJ]Jy0gL+4\\\nPh8?7:By|7*Lɪҥ\Z\r 3-?ba:Tz]RzB!UbǏ+!L{ml^ܳ%B֨Q#(\\]]\"33tHMM%&&7xyDBʹsxjŋĉajj	\0\r7IB_	cg^oZfPPPs]\\5\r &yIeƖGWJ{!_u.(Bн{QB!R2zcYB gqvNjdJ!xɥj*Gzz:|\'XZZr5BBBt)))TZ]ҼysՄw}RbE>3ؽ{7[l֭[888ョgN&۾};֭#--Zj1x`fA)zqqq̞=HZhq<KVV[o߾)>=Ç八+/_Օ3gЦMϼNTJ9sѣXXXA_y=gB!B,	&5חMB<$2c#0k:XoDFj\"QI(B!OǴ!(\\lڴ^z1p@Yv-\0ӦMĉL07ίR\n}ܹs\\Rk;v`ܹ8::ܹs9{,=NieH;fϞ͉\'Xx)S)]4J=ڤ\\KJ4gѣ6m\"44T4!7V^M``ӧYbbݻWm{\\tĉgҥA~=ĐgW9B!BADDDQGP#yIeƖGWŋPIQsz{*k3c	!BJB۽{7\04m\0s*Uĸqoٲ%-[\'iks֭\00\0\'\'\'6lNYjڷ۷7n&&&̚5KΜ9dVk+%.i(}Cn{V[2ϤgS]rSV-\0\0Y=g3!B!x\nGQflytZԲEC]tIsS&U\n!BQd+p!xLRVO?%88__GGGJƍUumllT\'&&jm3::\Z@mO:ʕ+\"%%Ն&9*MMM9s*r9r,>>m<\r}^kO@477w,޿xv9B!BADDe\\u˒GQ&yC&ߋ~Ix>BsQQB!^82R!^rNNNܾ}\r6䛠V^=.\\Hbb\";v`ժU,XQU\'JvvvZtvvƍDGGsyٳZ*]t!++KUnnnNZZ\Z+VL6o߾رc177g̙.]Z,Y2{qqrrtOC{r31)mt͙\n~^AmϮm9s&B!/c%yIeG!B!0NB<==X~=ܸq9s\00a.]xVf\0Xl			$&&5gΊVVVݻ7_y\n\0p};v,ŋg֬Yj*]ﭷ~֭[r%.oKn]{\n\0nCs\Zzi4*)(>gB!B2\\HeGB!B!X)/9oooؽ{7aaaн{w\0ڷoOHH.\\ԔڵkvիW9p\0u֥o߾Žm۶닽==zP:<<A̘1c.\\رc$<<\\k9)G׏hV\\[n$\'\'n:\0:uVZxPD|F`(\\f\r>\0?/OgWIA99B!B\'yIeGw/?c/a̘:GWoMc&K%!>{v?,Z077btŰc\n|X¾yٛ%dW3-]W!BWIll^Ǐ^YB۳gcĉ4jHs>!BmWDEE\n@VVFjj*111#BPΝ;ǣU(^U\'NSSSLLL\0h\\7V+1!C4۷֋8\0?	^}IKKbҹ#Ç4{c?cҤ:uZu^^oiW\\\\5@DDQM,yHeGw݄x,\n拱#IOOgowVW}nqbcw\\@vcbeOuCҩk~r%^pubeguxHdtI:E!S߶nǢ!B͵zcibW	9:Bf:OB!B!0!jfϚq!n^ePF^ϿTL2y՛M<$2ɣ?M\08tp?X/.6KmRyr֐+Vr/|ۢQ(\Z6)FB\Z:B!BJ!9?>:t(B!B!^bsގԎo\Zwgy_t)5k׮Wٴq\r6xy\ru#<$2ɣnB8;Xrq}%Eqnj[\\(~NVq)cK:UYj111z+RƖ9Уk{ۣW̹?הU,|54W24kX7_f-긔a|h֌5j&66FvкEc*^ʬ\n	.0WlL~S5Wtfy@1ԖÇT|́9#o-﷦BY;V(wZ>}}%lKsӫ{\'\\2g4>|*+_yuC^3/B!0LBQxxl?m>!B!#v,SX*U|]{E#cl+IeGQHTV@Ոʊ~uqGssmko{i:ݻ|H7rEbphx|rΖ󹦬-hFTeu|lGoNTmc\0._HeT!L<we^~ݮCѓkQq7gN~..ߤlr1XΆ~dW3~.Gɒv\Z6H}M\\M<~/;S|~m-V\'Zb)[6GP{QZU!BLBQzEEͯ}ѿڷoo}U8իW?\n!B!DQ\' `˂cog~ZZ\ZCba!ݳel+IeG?~C\0Nu7ߪ^4*Ua+f˔aڬyju._^1\0\'g͙kPZuf~?YM1dyZk2^6Ϝ?o\'3w&_Nbݥ̜eKklçW_Zi)%4e&ywAemmsس{Ziب	[X0~T~ߵ#_^RRխ!\\\0hނo#*ZM+hBP{Q)[B4	!B!gVBcƾbʙ~aL3^|9*Ud4nܘ޽{u!B!(t0p\0nnֽ@j׮IN{-c[QO(<$nΟݣ%\0/}ؚ$bn+ƉGi]:Cq4soAJiԝUҰQ\\\Z{}6KksEc9ۍ+VUңg*?y86֠ǎј:h<ꚹj5Ԕ		̞a6xiii>emmCYĠ!#tͣIFzz>.B⫙Ln K+B!B!;c<(\n\0`*#G>$B!BQ?8iq粯}[6BlT$2ɣL(˙}_0b@.\\}v,;Bץ1Gt\\~ZKkA}jOQҶxVf&^sԹ=SS+>1ۋ?Rk㹟|xm~v5gdd|nAcｘ=A1B!Bh&+%ΪUطo鸻\'`iiɵk		ҥKPjUvԩSȻ븸8fϞMdd$-ZNoκuHKKVZ<gggy=z>}bNC޼ysFY{\nicsw<|PUyxx(])Oxݻ,ZnM߾}133S八+/_Օ3gЦMݻٲen<==%JDVzΔr\nB!BrȎwRc\'\0_|>={<xϔ1MɣQ&yEM#۳+5ݜ~z<r-4\\*TUM\nԴrNu^׬Y[V:\ZlGMncŋ+LKYe>tBU!{g*-U曚/t.*B!x4J!K#44M6ѫW/Hxx8k׮`ڴi8q	&qFٿ?jVrJ\"\"\"۷/*UR+Ndd$}gĉ,^X͍\'ҥK4OK[gMLLXz5:_/rߕgѣ6m\"44TOfŊ:t˗w^}رcsё`Νٳg.95Z9SRXϠB!BhvOt͌S^I1<$2ɣݟN\0>\nkj\ni.:rs@6ғVl\nˣG^:uئe#Vޅ=wXt<\0W\\f̨!*ϏTV_x1з^5|IOOgt{z>o`lЁ?5,@CG,hڱg4߯z~B!ϖX)/ݻwZYߟTUj֬ɸq\nlKgΜe˖deeC1{ϫw]4zj}ϖ-[dvލ֜\0?a֭\00\0\'\'\'\0\rӾM.9}kLIa=B!BɈc\0 4W177ǹc9kZ	ۊzGQ&y;v{u\0?޳Ax}Ys0zD Cr/ꌟ4K0rX\0iStj굛\r䩳ϝ;N:wCGҳ[GnEJ:b:vQؗd|vw\'c_xsƍZi3wFLvtg9dzƍFe\'23iب	s,{Ou:oիϥyȾ_zt&\r*VO?jY!B!ӑB˙4:~Jpp0++:ƍ|D\0lll:ԩS\\(RRR\0xZss3y}ץO^i\Z3C3m||֜dffjCtt4VYRz3%\n!B!Dn\'E2A\'Qju٨&IeGnm7}Gݷ۾Ew\n,oب	\r59[	|оc괝û{OT3 `X\Z7iƦm;SjO144sʽƪ﨓v((<>v\nʕ@u\n!B!t$+%۷ٰaCIac$&&cVZłuj;33c%K$!!$t9o<={6UVK.zIaܜ4222TVr311Q{m{x^m2g%IJ̍7E6uͩZ9S}5&B!:c%yIes`i)/{q !BQ;m!xyzz~zqs`	\\t	+++ի\0[̙v>V[oNd\Z\0\0 \0IDAT[!߿_9+ZYYw^S4}WRB %^оn\ZȾP;f(>t落ӲeHHH 11Q#s)QJ_cB!jeuJӴWܮ%īhޖms5w;Όlwc\0HKKcoh׾z3cη?D]^9<$2Mi`JY&ufQxQGFe\"?NatK핅B!z	!Kۛ,vMXX...t055vӧk֬adffK.eҤI-ׯѬ\\2///4h3&yiߟ2vXFz=Cޭ[7Yn\0:uRJ}̌m۶닽==zPRaTz3%JAkL!0f{uE]}E-ċ<xPk)3re.KJj*#>#5`Oؼ&~>\ZP5zZVԓ<$2unN/7CEK+B!BLbcc=~\"B!B=5jH<**\nWWW\0$==4RSS7xNin瘴\n[qX2{_#Zt-ױs2cZhU*ױ_pt]}[FdCJ3xK>,_\0xm7:ViL/JZ|ί[h≵6ӳ[gj\'zNJJ*@.^ʮdfdzF\Z^H/¥\\t̬LެSOJOݏsh*+FՉ133\0\Z6\ruJL;\Zp/7\\v\"5UcY\0DDDPn]2ɣL(3<B!x	_:,!B#Jwp%NbB<vNjd+p!B!B6_>If|;&`PǏr&+oGNOcߍblSQrbf~WNǈ:\'zj@J99sڍ&-lY:NB<ѳ[gٹ{\0eJgFT%KbgW77˩uoV/_Ēofsvŋ&IeGB!B!D6X)B!Bg)?]\\Ey=ٲs@lM߀R?yi^I̋Ñ;2ҡhglMqЎ蛏u: \0!ٙ:̡$%0ܾ1[\0|@j#\0̊|>~uSRRSV͟<b\"QHeGB!B!D6 B!Bst/͈.3Gu4a`\Z=??SyܮTv&de~&3T9ӵu&NEFF&k(aIrr\ndefZig|=!6as69۵~ϗ\'yIeƖi9yu~sfbr[uVV\"J\"B!E +V\n!Ћڇzehً3!BW۪i44+B;g⃻x\ZXoN=iyHΔ)xNISgSX1Lw\'UY+\0pPr|mhބli%~Ad+pn߾Cn8}]u?\0¥BU=Z1o2⪶rcbl+IeGy\Zg=}m\',+LB!B3X)B/ᄇu)wy&Bb^܄\\~#ly2ٶ4:Mm4z\rK*T/N,͍c1n]Ӿ\ry%p\'=9\rZٲyq,3ٰ wsb/mi_/ =#Z2ǻm[m៎eC<[V%!	P;6{\\u*[r5\Z}NV<$2cS,.MY8G<fϞG͚Y<t/fX4dY]!B!LBQ(dB!īթ|2Y:?t`|$?^R-K׈`׺N+݀\nxÆ\r(MQ:o\nq=O&?\\.J!^Y\'Ojz#u\0}9UU\'^NtԞA+~*>х?׆_TROWAŌR^sގԎo\Zwg-]kTnLm?ɣL(3<y9_DJ?\'4ӴZmLLn3t}ll`iyD4-S Oѡ]Jn-[SZB\ZXXܦFXBByn\"+;ܣ\\h|yZS,,n\ZǑ#Otd\Z8:F痨V&B!~VB\nٞw<|pYj#==www>,--ؾ};֭#--Zj1x`uVܓ+={6h\"߹]OybŊ|g_)13t\\t]FHH.]\"%%UҵkW7oT}Lݻ,ZnM߾}13{oɩwmϮB!,pJLYowp[o^7lcK	4^WtsM7|z͜ovVשJ}Uv.ʔ+g衊תS&!A:|O֮=;tK\\^Tm?ɣL(3<\0^ɜ=;XЫW	K䫯mʔ,/K@@\"K&R/}uGh\"j8vjqJ:f=cmޜc\0+,)M``\"\'bccwh*{V᧟R2TW_%kcmm½{e	KSuW\0PSX&e˒Y,:uߊ޽KP\"B!EI&V\n!+ĄիWg\0BCCٴiÆ\rҒYfaeeE\Z4ŋ3ydk䝸ʕ+   L\roM/zӦJ*TR%KrJF\Zs򎙡0m4nݺŜ9s^:7odÆ\r,[-Y+++|||tSڞ]!B<_N}NIoLd0KZ?--!CG1r0ʋRDDQMF<$2cP|4iiP93gҳg	*T(V`}MU6j5.]̏?5rܸvԪkj~wܹծ5|5K$3o^RMRɘTyt&O3Te66&Zk͛_?$3j}ƍ\n%B!BȊң9oyswqQ3LK<2ӵvlԨL-<ZYnfZjjfngA-\"%3+3|10=\02xu7SϥR7-J\08\Z5Jǭ[J`HsN{rڤI ͛7$>|F<xP4p@+>>|Uk%Y8v**3}(((_c2Ծ}{͘1s-ku\Z\'Vz=\0\06֎D\0&jX=53+K11ձc{\rrWD\\\\ӱ~kIhcxZ<[uX+.]JIdv+q$ݻۏIڻaǃǪKWh]oI.K\0\0\0\0H\\޷o\\}\"\0#M:nx)IRttXZZ$iZzN8|IRnnnʒ$9ExF<Q/OWyͼ]9݇\\˖-|>@͛7פIt5x=sX*ƙv~FhFk\0\0\0\0;viǎ]zv[jԔO<{G;Ќ\';|MU7_G<ƈǘ#I-`ݞzlMo!`DKw*+dA$lRcCHL,((׆\rZ>__JK5wnkq\0\0\0\0:wtKI\0Ԍ呑JNNoh\"k+4l0d@@UZZ*?(<<\\qxF<cwoۡM5]untu%K(++K~+7zFlT\\H{U缍hFk\0\0\0\0磊ɓ6*?O?zw}%11kHRfMC\'EZ2_k.ԸqoQIJIJJ*Q:zZ=+5e2%Kr]_\0}Q-V߾.+@~Z#GJԮٱzp> @*.&_kQR/ST\\,4fEG\0\0\0\0 6	Xmp-#\01%I6lP^^?H~nŢ۷;%IIII׵kWI-wph<vعsvuB=܎gvFs0fґ#GdXԭ[7Iƚb䦛ni[31Wu8nf\0\0\0\0\0gֽDw4/ILL11kTֿVPff+G8$*zZr\\I/ldj0wnL:dt<vTeٯ6->tv,zasW]pgT+#@he\"H\0\0\0\0CJ\08EGG\\[n͛զMw}GyD˖-O<8Ӓ%KOL[l$\r\Z4:[lј1cիW;i4Q;O|ڹs:wzȣUvFs0wyVZ$fuQ1115Ƚޫ<_^4dF缍hFk\0\0\0\0pOHƍqΝ{m|#cOU,bc-nQiJIjĤI\'j>ҷo><JggS*))W\Zի/9#)Y_+#4thSKD(&&KsZcJ		Сf҃ݖ{DY\0\0\0\03_ws\0\0bR\'\0\0@cէO\'NP%I*++SIIUPP_U:u:@r!&$(OW<e6e2$I?pJVF>?u:7_K:U۸8{t].M%&&T2\Z#cn%C;wiU&V\Zm\r\0\0Ρ\r$S\0\0\Z6^͚?4͝ Y<+\0\0\0\0\0\0\0\r%11kxm\"\0\0\0\0\0\Z0s}\0\0\0\0\0\0\0\0;cxZ<)(Ȥ S}\0\0\0\0WX	\0h\0\0\0\0*11kԦV\0\0\0\0\0^b%\0k\rҠA>رcuwz\\v~:zy2&\0\0\0\0\Z_G<ƈ\0\0\0\0\04DT\0TɖVەWXtYFQQQ5>?[\\$/\0\0\0\0_G<ƈ\0\0\0\0\04D$V\0m_FF$JRe]DF=\0\0\0ObbO%1\0\0\0\0\0\r\0Zj9|]q{tuI}_^С}Q3ơ+W&f4^vuK˖-%I[nզMtI5kLÇעE+))QBBo߮rtMz衇pmݦ]v)77W[l1Q\rRwߩ{:x~+..G}_?|ڳg^xӈ70OwmUbbbd6l2IҸqT^^˗ޣSNi:v~J,\0\0\0\0\0kIqcxEtpCoӱLdIRyu:NUV:x2\0\0\0\0|\0\0ԭ9s/ЬYS=va?1꫚?ז-[}xq$}Zp7oe˖ioqF;twƍb6LZv{13S8+WO>ъ+}vXFk˖-ZnC={Գ>t-]7ԔњUw_L/ݻ${zj%&&ꡇҥ^Z+\0\0\0\0@C;TVm>ƌewPP7jѢWTVV&I:p&Njw\\|;@s-Pnnn}MJ1F<uΑ$BzĘɔ6A*_FjK]\0\0\0\0hxHF@ѣGu饗jƌ&MR	hT{\'IUdd6mɓ\'o֭j*\Z5jCFoiҤcNNøе^+IڹsCCU=Q޶n,xKt!:tᘑJ믿Vb\0\0\0dc-Ԡ/~?6m~SO?#I=t`:\n\n\nȣ>| #k<2wi۶BpC<~Ni<w(\0\0\0\0\0/X	\0?/\\|M|P$i<y\rfO*i%\nŒ*Iޮٖ0IRzzuM6ꮙ-h\r2Dpm@@fI޶n,F}κv\0}7o.]m%zmI5\0\0\0\0\Z+iƏp6*:z\"#hu6rBCC%IM#\"4?kv𵊃cxg\"d)**UqqYڷuU*CN(..KxʁQɲ2iҤlY,)\nKԩ.[>_;)00Y)\Z5*Siig<S3eu},=Xq\'!!_Yj:U>{}ŊR\Z7.KwU\0\0\0\0@\0\0\0u[nZd*!!A|M-ZH?\n\r6L5+jҲeK?~\\jӦǱDFF*99^5v2qޮ-~۞YSYHdb~5VΝu!s\nv.<<\\q\Z.y\0\0\0\0Lֽm>4]zI[N>/kU$c^ZZ֮ʕyI\r7jEG8]Ze~~[i,-]6m3hΜjbc-z=hl)Ի6Svڼ@wuZeeқoZٶ--)O=>-Zw-љzP͟Bǭɧ=gMth\rZ<O˗5vEFE\0\0\0\0;7\0hf͚#Gb[n	pjE۷;Wh֬$ɓ2X,IZ|222xqtM\\۶57,Iڰatq-XU>k/Xp5޽{ѣջwotUرڱ\Z4m\0\0\0WkZj\ZbM4MS:nݲU[lV:vgh*dZA1F<niӲoܹMtھ=R11;AjM*Q|3Z_ol?]TYwlcZcG?gÆOfͲԩ~/ϳ_fRLE۷GK῍֭S93\0\0\0\0@}b%\04rwyVZ$fuQ111GyD˖-O<8}o(66Veeeڲe$9%>߲exFb4hQӦMu{U^^֯_/I\Z2dSڟ\0\0 \0IDATb4?wkVhk֭ڼyڴiϣU>k8-YDO>CޮdM\\l$W^Fh̘1JMMիƫI,\0\0\0\0O	cճgffe)&f:vl!Cr8r\\ksj-θ8cxVqx{CBP]]JI[c%NTU=R-qhoXѱc>=[_UZj=WA꣟sٻ׺={&)SS])hR`Jjq\0\0\0\0gJKK3t޽*\0\0\0\0\0PM}1<	u]T^^2X_թSs*\04(RaBtų_fY&51uuZYx|}V&KJ;C3n39ڭ~8vvgߪ{WEqqq%Qũ{|w&h}*9x{iieJHn%n9HÇ-mVO?tJvY痬\0DU\\Ož{>}D(6\"-?Tg}ƪ>kÆ_PR\Z3&DcZ\n\0pnm B\r\0\0CK/Sfxb_hwpHHHWDHc|\0\0\0\0\0\0\0\r\\jq[n}$mRMV81F<haJJj]\"CmVѣ3~*\'*%))ZVy++NLl*9諯UǏ&1Or	~tأCUѣ3GE\Z3Ƣ]\"BO>FR%\0\0\0\04|\0\0\0\0yVm\r\0n[{H^|y=N>J۶kӄ	5j:T;cx@XV\'Iҟ#Iz&},\\2s%IÇWR_z)ΝqmRr=*\"믢(Q?FO1y}zysӹ3$I\'g+-͚ygO=mG\0G(#-PU\'\0\0\0\0|\0\0\0\0\0\0\0i*--ոqԲU[WqqLk;֗iճgw_8H<ƈ;I%jԤIaa)Z2_\'=5sfbc-JHȗŒPj5xpRժ__\\sʩRfu1R~BCϮτ	=,Ynt=b<8X65SNNZNUppfر5{D)6\"\'\0\0\0y\0\0\0\0\0ШL&{P\r\0BɆ^YqvھھuH\"11ѧԎYrdr[R-\nעEה_X9YP||/;׮vt8s`\r\\u1ٓ~*<z\nЁQU`}9\0\0\0\0\Z+\0\0\0\08OfL&*((\0QXX($sMl|-)xOw\0\0\0\0\041׽8[\0\0\0\0pU]32\nTJJ\n\n\n92\0\rJIIQ``+j(11Cp@<ƈ	\n2)(*\0\0\0\0\0j+\0\0\0\08ض5LSXXB\\eee6q㓚-[6cpb8GUfbMRtm\n\n\n\nRXXU`2ɤxck;;\0\0\0\0\0\Z\r+\0\0\0\08ϘL&f)  @aaa\n\n\nRQQJKKUZZLIbe*..V-\ZX1^m8W1tt5o޼*//W&fLjѢ=O\nP@@/I>\'11ѧǘ\0\0\0\0\0\Z+\0\0\0\08OL&;%VJ\'ْ*I;\nktcx\\\\q,K\\__ kPJW@@*TWZx\0\0\0\0\0@*	J\0\0\0\0\03Ud%9lF7V}WU5\'$$Ğ\\X,\nX)ZsT)* 1_10%Is$\0\0\0\0\04^$V\0\0\0\0pXϡ=u\'((Hn6k:N```\\__\0kbepp=ql6ۀֆJkIzc⩉ݻtu@mYoؐ>.UqXm\'Oڒ2m<dN\0\0\0\0J\0\0\0\0\03XY1o,k_@@}4V}WU5VU\nI*3)00!ibJs<99E72HNRjqIҧ?Ӳe+G;T\\\\K.iaC֔)e6ݶ%VxZ<5?H^xI?eJRRtjگNư%FVNo$n\0\0\0\0jSU{W\0\0\0\0\0*&UI<n~$s.Ǫjù7U~~~2M۸aTZM0Qgg?o?6B1\\^zQJK;UO=͝㶽/$=1kT%\'\\kժ<t~\"mVnT~uCJr-_S\Z3Ƣ#Cd4we\0\0\0\0@}{᱒{O\'Oex\0\0\0\0\0UN r/^>.UG6.VD?{mTtPEFZ/n\"J//~Im/ILL1_ݻTei߾b׹Vi2%dJ֤I\nKQppTVv+>|}Uv֭SgJY4iR,hlkcj:U\nKEՊǓW,5oq㲴{\0\0\0\0\0ҿO/K<xUw\0\0\0\0\0s\r1q!;Z:1!&k:NQs45Owuֶmzt}ZZ.닯U@$cdM\n\\6_+WoJ$I7#Ctjn	tiڴ3τyOHnw-љzP͟BǭI=sWskkEG<8C}V;\"DB-\\8O枑J67|y/WkXF\nQ\0\0\0\08d>u~\0\0\0\0\0\0.==]&LeWӈki:uW듯U@$c$niӲoܹMtھ=R11;\'[VYѴi2%7.xJfͲ9u5MyUw%*+oj=0bb,ھ=RǏ_^\nm3\0\0\0\0pWX	\0\0\0\0\0\0\0\r	5a|z̬,ČWǎ5d]n_qqqNՇU@$c$V!!RhIUWuWR:t];cJ\nem%;6ip<5ocECkeiʔlA Zd6n<ho\\n\0\0\0\0@̧#<vuo<Nb%\0\0\0\0\0\0\04p;vҎlV)ퟟ<yRНwޡONvn+>G<|-IJNn\'fkʔl|s};$ZVYQ}\'K$NWzf<ڶP6hӦ}q֯oZkÆ_PR;ƎԨo\0\0\0\0\0V\0\0\0\0\0\0\0wzَ|?G*=m+|-IxZ<ԢYӧ*)vCYm[FTxꊞT$kG[+tia2%dJ8#@tsL*2Gw)3>$iӦ1ѣ3GE\Z3Ƣ]\"BO>-5\0\0\0\0O:;S\'c\'\0\0\0\0\0\0\04rֽD_Hbbb}xZ<+\"Jd@j檬Lze/w\r̜&I<9[ii֌={5tik{ss.祗iu-zYRڶlRiu\"믫(v:ףG#R˖E\\\0\0\0\0ۡCN9[qݛBb%\0\0\0\0\0\0\04rJKK5nlU\\|\"xbkў=Q<V)IM+5qb=6*^VzYڴrrԺuS4cF,PnNΜXeؓ&+_´qc. Uɺ=@6mjf:_\\s)={k\0\0\0\0Og^e93gٞϵkקu2~\0\0\0\0\0\0\06lۀK\nG<|-O͚ jhQ-\n7B]I{I`}wz\nЁQ.ϙR||#^~q~O8N<k`\0\0\0\0o%%mxGEb%\0\0\0\0\0\0\0$=1kxm^!\0\0\0\0\0zV\0\0\0\0\0\0\0#11Cp@<|-dRPS\0\0\0\0Q\0\0\0\0\0\0\0`ZD1kԦV\0\0\0\0\0#$V\0\0\0\0\0\0\0|ʁO[+ R\0\0\0\0\0\04>$V\0\0\0\0\0\0\0|F||y_K\Z$\0\0\0\0\0\\\0\0\0\0\0\0\0\02e2%w\0\0\0\0\0$+\0\0\0\0\0\0\0\rUd${wLdxcƛhilldu횦i\0\0\0\0\0/H\0\0\0\0\0\0F$99EWwڏ}3.6_nԢELԲU[/_k9^hRϑԭU^~5EEt^jGj΢s%\0\0\0\0\0+\052hР:ޗ\\<x}i\r\Z4j,ZT}q}q71۫:\Z8~jVmQy:J7y\0_&L&8?o}{i?z5)ǝ^*2wrrʵti;EڶP7~qto_tBp$*ҥy+z|\0\0\0\0\0|\0|ך>}n\Z5J|AƳe˖Z\\&d캘|![attz)<xsf޹|PwuM={mx\rE]?ƼnFRDj靻o{Fm8Goqw|-[S׃k(+5yU{q_gd%xpYG5\"[8Z+\0K,\\\Z?~ۨ衊?XQzyKZnC}Y#Vxg\"d)**UqqYڷuF*LVxxս)\\hj۹Ievs4&+<<EFe*-̩w$$];k?[g+u?1sk4En2iҤlY,)\nKԩNW,5oq\\\0\0\0\0\0\Z2\0\0#GhzGյkW>}Z			jҎ;n:<yR[5p뼴e(11Q/ִiԥK\ZY/^(jҤ=۷o;_eDEuP ~J]Zr\\{w5Egmu՝JY?m{\0|3[mУt%gc:s挂tujGջw\nkVxKK+ڵZ2O|S\"I@U\r5)36o.А!5rdjǕ_V0!KKM?=L-zfj_7讻NLzͦ\Z=:S?[h\\=5Q<|^kjvZر}j¬_q8gRYU99z\\Zkz,k22ZiÆ|F/yjkѨQ!jт\0\0\0\0J\0h@6lؠQFk$Y,=ӒӧOkJJJR4}t5kLݽޫ͛7}1c\"\"\"$Icƌ_]|#<7xC111ڼy5j(\r:ԡcķ,͛7OIII\Z2d֯_p|hʔ)ի},U	|Zz&Mo+\"I5J4h&N6;VgV۶m?׊+$IzWw^]z饚1c7o0>xVXY\Z1bndffj޼yo5x`s\'O믿Z۷ן\'lm;OkUYY6nܨ.]~]VEԱcG=u;u1bt߽]ki祦{}>\'bɳ~zmܸQڵӌ3Դd#rh]\'M>SdW_+V㫭%~jg%@ѵ3+y]ctt*գq\\PKo9j.SG}\'I*8=)#wT$a%j}RII/W.nʯs\"\nukaIIi_Gy2m;#F_FϮϧѳd4?k+\n5okgPpӳT~G4T2ɤb8vP>SV^jԮ 3P뮌o?z.*lW\0u+==]&LԪKki:u$iл5~8uEeeeڶ#0Qsn햺Z}*yxk:URn;x D_WF*%kB,}w$駟JkڴP֏K7+׮=@9xu,[HOY8W4ku.Sǳ|y^+[n=W|lix07W;ZӦTfRLE11s6l(К5y6-[3fdȻ-\0\0\0\0 \04 |zܪUԶm[%$$/իj͚5˴f\Z]O>D\\sS/hڷo$m׬Y/Xk֬QAO8+WjĈZrx>=vyݺu<y>QFi̙<y֭[維;YYϞ=k_:ܯ7xCZzzЧ^`F~[/kbYz~Wg]wݥ׫o߾ZdGs:rs?W\nXB\'N8\'PZ\\?/Q,5yvϜ95k/WBB\'diVRlW/Twޮ=Nפ)e_ա7ERt|{kVWxݑ]}z\"s248NW,N#讷_ܣ&m[W.\\٣vFܽOTz|\Z=KF󓤢3mjz%&xvߍAo8~F?.XOjʏt5njzq68i[-c%\0&jXYYرKMݺZ+֛fz2/jqqqNAq϶vHcpkUߖȫ,/^*:X;U<v;VCO+<q;jc4٤ILdYIM5Vޒt%U\'sulJf`I{[1F\0\0\0\0\0\Z2+ɱWl\Z6l4l0}m{ڏwM$ڵe{L[VDD̙6ν{{QXXt{bM7ݤ_~mFվ}{;zeo^\'OQٳgOWNO4rHY,\r<؞U6駟/(**JSN(}iСgKW^\nwܡDUGhhrsU<\0\0 \0IDAT{U\r\Z3gOO=~ζne.FkkZfuxz}>}0&ϮСC_؏{JAF\"\\w.,%jO@5=KTy\n(s7\'OۏAa%j?Rt*8NWf)&%L!Qj;Ԫ);+-G팸{4z\'IZQ?({UG4f@~q?@zK{)RKn:3ָ]ʾ(zvrP3\"z\0@uرK~^-[$?ڜ<yRwq饿>?۰Ν?Tq;q/9^z)\\Okl]xa%$䫠1Q]ʺ*{OkӦ͟I8ϖi{Tc.wZr%$P֩<9[Ok&JNv\0\0\0\0\0	SVVaeߺiӦr8o;p[nzו~Iݻwwۓ+̴oY*v,00PEEoʅ^hJgQ~~̙.m[ɹ:Bcٽ{w-\\PgΜÇ[KRFFz!IRyy]3<~[rrr{\\XZl~gxܮ:\ZjMJdUriuDDDG#<t;7o̙c.FkkZfuxz}>}0&nH[{+͊THv[>ʂ Ѝ2ɤr՗_U2?mXֹ5-Ta*2( 8]}Jz\n}%*	PA?KRDಎ9T%fq>Qճi,O{Ql{v6#wq\Z	lRKr/u-/LeE\Z+\ntx+rgީ`G\'\rx(\0;)ǝl1cc5\'j*2{-Z5}zO\'i|]Pɾm\'*=ehT\ZLZirxUG\0}y*QNƿ	4(H~ZPbԕW9Rv]=<<ERPIcX4zt=\0\0\0\0X	\0\rHN_[ou:LEEE)33)Qv.++K㑑PBBr$IքӧOE̬V[x&ߍ1B&OaÆ)))Ibbbܶ\rVII}%%%\n		vY,]vez뭷tb9HkcW^iO/5w\\*?-^Xqqqӧu=xԮ:ծ];I[~~~*--_ȑ#5rHIb4}v}MKڬOϧF٭Yq=ytYH]rs\\s@ʊ2yh+WYdvȻ:Y[^eOtg5bdULǊՑ\\ez52[/IJ2JnObqWu;V}~UYYsGx>኷ϧѳd4?IgQ{T=r;ft̓X\\]PD3iEf]=MTHB\0\0Kֽ?__wt~ԃc5>awfrN{RP\ZKLLA⩞տ^}5\\o+uʅs_0|5;wڲP7>3g鮻Nkl[T-ZgOѻ:Vs+@}V͛t&Oy3\'GfnCC4kR5=z(&Ƣ#Cd\'\0\0\0\0\0/l\0\rȽޫkjϞ=WJJ͛\'Iѣ6mڤ\\;ѣC[۹M6wu릭[뮫8飍7*77WW<v\Z;v^uw}zwnvQo׫CՎ={wZUV̙3_h\"{?XyyyI{FzeùBEDDXׯ\'rssg-]Tђ\'ZjCy|ٳW_)77~߯JInkkoL}(<#pΛJ28K&mrToyy┤VyJ?smUTx_k=NM8_߾sZ8UŹ:,<vCY?6QiI%y\nRRhVPDʊ:J}oOgh~ȦKua4Ǭ]uKmk딎l̿{}{.gEvp:\0OTMp.e*..Ӽ+gԩ=lyZ xb1)6֢={;fJO5ibRXXVĉ93~j@\rTjU?蔤iS3䔩uThƌl%-@sZ&S$gQ@]}uRԶ~z+mV3kQBB,:\'NXI\0\0\0\0F\0ЀtAӧOך5k/I&z$IGւ}>}C[???\Z5Jڵӌ3ْ<VrLڲ۶e>sjԨQ\Z6l̕.r#::Z3gTnnG@8P4e-[L?$k\"۔)Sܶ3dM{7x-[LƍSPPJ;Ћ/Tm\ZCi޼y\Z5jgll̙8ڹ3h Y,]uU<ytRWM=z׿̙3=/vV^^E]tѺZ?oOo\'bɳQF}1SցNI(UzMJ$u/wW+;C:][>po_{LG:=.]/2u\ZyyT$}&5okARfWeբKq_b妆(]3霞*+1ꑎ	Fx>኷ϧѳd4?I2_3=r7}moټרt=󧭭bd_\0\0ԥۀ*oM~[]T+|\"#ԎYrd2Vj[襁6fѢp-Z\\vڹ3x}wSJWz\nЁQUoҬUjժp7oOl#vG_vN\0\0\0\0\04Vr{b\0ԑA&m߾];wԬYj}쬬,=cZvm\rq|Pne\'NVr8O?K.эUՆssM9p.]tEɓzI*b:瞓uNz_7#21[]a)>>#Vѓ$C\0\0o;\n\0\0ԴRq2,X	\0b}ᇺ[j+V(::Z[lQ׮5v@\'yX\r/UYj|9\0!򵊌}5\0\0\0\0\00Fb%\0.uU_}۬Y3;V\\rӶ\0 5	o#IBmY\0\0pג)(hU!\0\0\0\0\0\0Gb%\07:WCСCo\0CCxH\0\0\0ԟj_uۊzX>\0\0\0ʓY\0\0\0wZ]Ժ&\0\0\0\0\0\0\0`4mּC\0\0\0\0\0\0@#g\0\0\0\0\0\0\0\0\0\0\0\0\0\0\0\0|\0\0\0\0\0\0\0\0\0\0\0\0\0\0\0a+p\0\0\0\0\0\0\0@﯁S;Ihh}\0\0\0\0@P!JKK;\0nX	\0\0\0\0\0\0\0hN}Sa\0\0\0\0\0VPG*Gp\0V\0\0\0\0\0\0\0sN\0\0\0\0\0ҥ\0X	\0\0\0\0\0\0\0h	7\0\0\0\0)Sy}\0	\0\0\0\0\0\0\0 J<T!\0\0\0\0\0P-^h;\0\0\0\0\0\0\0\0\0O%I;uPx&\r\0\0\0\0\0U>sF֮]w(\0<@b%\0\0\0\0\0\0\0A*-)wh;;\0\0\0\0\0\04\"l\0\0\0\0\0\0\0\0\0\0\0\0\0\0+\0\0\0\0\0\0\0\0\0\0\0\0\0\0~V\0\0\0\0\0\0\0_k}\0\0\0\0\0\0\0ԛzJ\0\0\0\0\0\0\01#;\0\0\0\0\0\06O>\"\0\0\0\0\0\0\0\0\0\0\0\0\0\0zg\0\0\0\0\0\0\0\0\0\0\0\0\0\0\0\0|\0\0\0\0\0\0\0\0\0\0\0\0\0\0\0!\0\0\0\0\0\0\0\0\0\0\0\0\0\07\0\0\0\0\0\0\0\0Qii\ntL;&M,??\0\0\0\0\0\0)--\0\0\0\0\0\0uĉ*))0\0?iJӧ TZ\\fe6\"P\0\0\0\0\0;:躃IXQ\0\0\0wTTGcE&{IkXW%$&14QĚς\"uwPnX`w>sdΝ̝Y8u.gB!߽\"*[arI055ASKH$޿I\Z`Z(+(IR9uX9mvy,SSS>\rP4M$\Z%i-%5K\0;[[>x\0Fh $U\ZΕK\nӢEahhè0244ibx.Kw$\"\"\"\"\"\"\"\"\"!&>ʕ/0ԳES#\"<*WFL,uTIDDDDDDDz=Ԟ!޽8w$\"\"\"\"\"\"\"\"\"!<\"e*r#F$\0Bo\\(UyGD:D\"\"\"\"\"\"\"\"*`!ɄWRrd9j;VQc\0\rd2_5jBʉſ~Ff9έ9n;VQ`jjKK{;ѨT2DGmXZZD!Q6룼ӏ++S;VQI		˚5Qâ&RSSq90\0M/:L\"\"\"\"\"\"\"\"*@RRSzl+\n!3SS2m۴F2}\Z\'O;~EBb;[[ZjF:u[HRb&VIfz|8*<6Y֝<CB|Զ_PM>/W9w\"U`k Nd{ރa,t9\01ٞy?`,D(Ou=ŽgVN9,Fރ0}b|ɭ+FZZ\Z6:o*y1Ouq_*l\r\re:-RCFCsW\Z2EukQ{!W$NM\rd)g<zgɞS\'qQᔐNKSܱ{~#n*G/MN~x\\igރhڸ!\r\r՞rftNMq7m&Y[v3ڵqG+wbۆ*~=fYZ]wc{\0\0I8yVٔm[9b_ö^]̚:G}`:o\'?8vMM<})ZJ6Wy΄)Ӆ˔4-\r[w\n\0(QFkݡJ)qH܊>.Sv\rA׮	ǈrIcܱjԷ[ogq!]RiT*Ebﻅbc_cBt9\03#>pO1|~;~У2;eM`#wa?Lƭ(\0x\rZwꃿ>Rz^n{Z4	Zٞ7ath\n&hgOeob%ۻBZF&h>myN9|5.͛;6*׶?oYap=a艸1O*Gߡ8{@~qRЮy2b\0wC(ׄk	FDCtUyQFܱT=:k\\Le[n``Awm\0l޾5-cص~}7ƍ]pn];`HIIGݪjsݦX8g\ZjZT_`0b\"/G%slmKh`|$e\r\0L&ǙP묉d^žƜ+0lP_4Vyp)896ɶ<@/^L\0ʘ+Mr?oyqۯ>{4vv}=?¯[q-˟h@|)ׄk睻ݻC5\r}__$ǿCJӗŊ8o_vH:\ZX¼ \"\"\"\"\"0{\\Қ=RVxʘt*ϓܡ\rL|)p5033E.0nLtnT]L;EХc[DT,,YTpwuSm=O[cFĩvv(^Sy~ۮt)Z2G93C.#99%{VT+rNNX))062\0!))Y鹹џ2W	eͱrfT&÷=9cByjNfE5y&0EСm+ھy5&9)	hQ+VBPqoq@uk\ZLסr{\ZKX:L$\"\"\"\"\"\"\"nEk[{aGBeBB\"z.|644Ŋ&6xM_a0/]\ncu6Ğu	/c*&OSj^}r۔	?|0uB,YVk*C²|99b#9%&HNN?FqOOfWDq\0RZZp\\<Q5\'3ǒ5RXя1/Z;O<|ӢEahhP344w\07D:qӠohDyH$޿I9]CDDDDTHt\0\\ah1\\&vkݩ~(s%K==8{lNC(+R\0|ܙ.sR\0MB6+\nƍޝ[ѳk,]!Ş;hSS9ݘlϻz=2h(mU-*Y^&bMxl+RNe)<Be,\0XTP^鹹џdKVCNׯq!rcY\Z\0xi&4k^/MrJ\nH4C#CpP:LIMaR%	$>(XIDDDDDDDJ\n;3\'}2wԨVUmƍcHJJ30ev-K?y		8tBҥJ\"\r|HHG/xYL\nA.eŋE7jM+VHJNE@T\\1~s/<djU+mJ劘8v-^g)OJNϩQ#}<C#_ƇiFjh@fmTT=xJ2;OTIuԭg. !!>΋nSSbi~׼Y|o]ADDDDDDDD`b%u>\n;JO+13EEsT?\'1F#qP6l`_Euzm8|<,WfUmvڋNbfL;B(a`=IyiQ8vz#OabdIF?;OøCEo[\n}tǜ+,ۺS~8߸	(f+KקGgGF1{>zugIf6b6{~8v6uѩ}6DE\\\0\0 \0IDATTG\Z9{E-\Z062T&ݶXbi~Wmiv|.H7ar%Q.{e \"\"\"\"\"\"T~¨u>ِnB-ZDס)y6;io_ǢDisQ\Z!E\'}^ﳧ07/u;刍}\07D:\nHKC$11*ឈK㎕DDDDDDDDyo066uD*q~R=	VΕDDDDDDDDDZbb%JaJ\0hH%/UTy*$	jJ\"\"\"\"\"\"\"\"\"-03 ː,Mr,gJ\"\"\"\"\"\"\"\"bb%Q!*MErj2Rn^ɕDDDDDDDDD9`\0H;ɲHHKKM}È\n/&VrT X/Ǉn##\"\"\"\"\"\"\"\"*|XIDDDDDDDDDTHMA&G,IDDDDDDDDDZ`b%gI)\'\'ԫg(\\~III011A{{_@$qRvZrII051ASE__]IDDDDY3([c \"\"\"\"\"\"\"\"\"*T\Z96uY|IIuзOo̚;_vvGRTh޻ԫgB=[[4Ha_L\"c\\[[:uW\r$8t`?J\"\"\"\"<&u\0DDDDDDDDDD|O=wJu͟ҥ#\rA[Z3zİ\\`zÇҨ΃PbE\n\rE\\&HKq+4*Vă&X\"pRvbG}=4upP|ܿ>{L$\"\"\"\"\"\"\"\"\"*tSk«[L29OYr%Դc>Z5dϾNiݦ>zիUEʕD׉JUBŊ~*ɸ~**TJU\"2vFLD\0!e/<\"e˗Gp#$zFHʗk;1匁 \"\"\"\"\"\"\"\"\"+(56yz7Wt	Rm=},\"*d2.y3G޻_T\'O\0YׅL&Õ XXZZ\rDFʩpKOvmVǑPv\n:\0h8rc\0M=d2\\z5jXBʉ(0rd2ܩ,\\f\\~͛5EB\\[^(U?d9lWT/ڽW(qh/W_cjo\\~\0pt\Z6K\0UێHJU֗aخ\r\rpF(\\7oި\'uT])L2Cu]+L27?>=$$mZTyLLL`Q^|QQYnGEx\"))It{u_Jr9qM9惫׮<ŋ8q4~cW]C\0WiTɼ3lrr2\"n䙳8s]V-н[@__<%_?޻_ΓkY\\[nC\r\0\0ugŰd|roqlH$i\n=uA\0hijbx5oҲ&oXbiaW/_\"1\'\"\"\"\"\"\"\"\"\"\\Uٲ1>O:ɎE\Z#Ѫ]\'li;~;FelplTlݾuBn=r#T({B˶aVLPfhh\0*$?<}GLU\r*+MǮx	&8NmSuM\0o\0SBJ\0kO޾/U:uQzu7hbo/N\"NbBxNaȠ7fT\\#;-E4Sa9u8NWpTO,Y4Q\Zn]:5sC=ѧw<u~yB3\\UF͚Z\Zr\"\"\"\"\"R;VQdyx9QQ/\\¬iSTollw)KLLD!OKd2ܹ{O({> 2͞Q|5Fo\0[(;\'o.wdwPH}W\ZK.@++}Ȩ۰\ZR.\\Y^^a~_\rТ+ƌ\"]9bӺ5ҩoڒRDO͛9bwOGt;uln];{Xb5\" Q9\Zԯ\\^N(qp9UhQ:w7otMM`e]j׭HԃT*/<LE__CDDDDD1r$=1NN+<\n<\'$4e,6Fe_[K\Z>t0BڶU/[أG\\S(L 26<}\n\0߰L;*+a䰡h԰MΞ_v,Y0I\09m\nڴrБ? 99Ie}1RR9{qqobBtQiң>\0 ))Y~*U|\ZGѡ7HLJ_{D=\0/^C@k066Ƴ1\0@J1t\04wlT)v\'0oSS\n_HIIA 5o޼A=qXZ{FDݎVhe1d\0:;6nي+ƫ5uثGw\0^9cZ\nƎ022opl۾C+%JжM+gk>8tXT:3zIc{!Rl{m`ђex5,--`ddK砯N^R\Z&GcTܿH<~\0`kk]\"<<\"WGDDDDDY1r%4_^3a?	@.RRRajjD\'O1k|SvXr)\0X<.n9**\">$!!A>ꚪ!%%Ut~Yv{ؕL\\l7̊a\r8r	7!ӃS3GQv-5qz\0Z*Y,^BӮf{\rUTڎq˨G.\0\0:	8x6y@sVzuqTעX\0*+׻UܷO/H$H$m\\ƚKall\0SW.IsS|U{%J(xUWL&tkմ\0!}o0o,s1Z,E\0\0KCcF9ժVm=!Q]y̻>N<PSĶ{W\'â%˲\0R?}1;[xZ3g܅m}}Hc!(u H0h@?WкG\Z\ZQZ_\'\"*\n\rS8fgk}}}d2<}%3$S+V?L&Ssmr+$v}TU>}ckZ*&dG]=MbΨvsGÇp%DݎFRRpCo\0\0WWpws\04uh33S8uZT}M}!4)R~Kk}\rUUԵU[j5wڪ-֬,٭KgNWϺ.\0`pm֟>>~BbF{vW;R?\0^s`nJhb?BGKWkXr51n8%J}оswjF-Qꯘ.}ga###C9{HLotAxogk\06r\Z;:eذiru$z^\0i1ߓ<}h殘`1\0`$\"\"\"\";VRR6#5Dݎ50e̘O?ֻݽ{vv6|E8ֵsGXFFFx	.o+VcŒ011,G`Ç8m?ciz(Qc_eSuMUlν{յJ?&Κ>UatNc`ѠpvjTSϊ/VKw7\0@Е+Y\r\rТ+fNy1z5NwG`X6fΙ}zc͊HII7Aľ~\r33lc˸[dv2&>Z\0<uF4IS[87=q֟cHLL)/^ghM9v\'NƉ3^\n;V32oxLǦkװ믽x*VTyv|-MKߝ3ӣMLL3m\\.\'1kT}~XIDDDDDDDDDD\Z.)˗ح]?s~6%[enJ_Rm+~#o]?%%%zj|2W.$$&&b\0\086m\07(RگPSbepuvK~WTRpws Xd2$&||}O	\\CLrK#k\ZhzM>ֹ{/F=~SCeh:wýp#]\ZTInG߁M=k\'OA6\0Q%ݸyM#]x>FFF011)/8g?nir8y\Z2U*WrnJJ*Q9L1z,nh\"8>\'A.þQClް͚:75$sl_H\"6d\0^y\"\"\"\"\"0\\o{g\n>\n\0kV*\\mZ>\'N\neb+{T̙HHTuT*ŊUZ_CLbNZ8w\0܅\Z;1Is`llp쟇\0{@(_n\\\'>vknP6lފuW`$L\0HNN\rs֬݀MנwG|/\\\\T+\n~3c\n?߼uM\ZÈ+:ضY}ݷ,cq-+W@qJmˬxb^<KerrZ߶yr9F0\0fr85wT|՚DDDDDDc7oxHR<|KWƩ3`R\\Gjj*a]Gs\\.Ǜ88u\ZR14s߿ǹ1b8k}\r1/X@*7s~߹{Os̘Qזᒟ?޿\\.GBB\"N>\0޿ǨqppoGݻyX;w1cП7C!ٿb8|8޾}T{1믺bæ->s6BoBJJ*RRR6~/[;wA*8w\"RRR{! 0H8W\"܅xI1:CT儑=Ǐ@*\"!!>\'OS%~z\0tQaȱyu,J6kﳧ07/S\n\08ot(6SӼy;N	P)cމ?8S*\"\"\"\"\"\"\"\"\"D|o]ADDDDDDDDT13P	+`\0(dlQz\0^z3zyC;z\04Ϟ:\"\"\"\"|Jcb%gD*B\'A\nV?w+MLLs92\"\"\"oyNDDDDD2X1bX=mާS\0*2KnZ_\\II(YJ?(>23IkQ3-U꿗y2$K!5Y%QJ\"\"\"\"\"\"\"\"\"H\"N\"95RTxU7J\"\"\"\"\"\"\"\"\"XIDDDDDDDDDT(IdY\nR䊯/9@DG)t\r.NdXrQnR_A\ZtS~AT_P.K?bh˘Q#{M9*/byZcF:\"\"\0+\nIKg)NB&m[|Os5͝~:lD<A~޿qk+7ǿCvBr!t}T%K+{㍎ų9yn[MXt+\\+\n\Z\ZbX|E~Cf\"ޗ17\\Y0<~TX\'fff5׮ :\"gNk\nWy`hho\"\"\"0IE_Y\0HdI/gR%+T[a*)	=~;[D :|990&keca#GvZ9=_]˖,­k\0kAXt	>$$ɩz\Z!rPX_RƧCvϞe[~?䵂:y{_dI>ѩk7XaԘpqv\0x͜bŊuѦU+4o(c\\v\r:tQ0ܶ=Wf49dIL,:osO\"*&}\'*T(/e!\'\'%I$̞5a!\r\\YH!!(׮(\0<\'OBXhB}4ޭIƧJ*زq\"n@tD؇-D_U㮮}cϝ>0=x\05kZju_ݎLu`4__liasO/_u^vL\\<p@k{\\\rFXh<\'OR(W>Ŭش)VYg,e1mBYn/UGto!:\".gn\Z]_<2&zxk珻ڴa^x	\0\0\\p:/_E:*Gܛ8ϧtڷeKlY_lʨ?ݻ3>\0C(#vԍ90Vuq5zp\\ê5x%\0G:}&\0K5bc\0O=Ô3ݷ}9y괐IDD+>3L,;:Μ2mwK\Z3j$UfήhJ*ąYkꊮ=z+\Z$<p\0ZEKB77m}@lٸ\'N]C{XЭkbW՘k\0zo]}\\ż^.v?ugމiނE]ξЩc{Sf__3Ƨkhڤ1uIꪚCBMKK4sv{+85Ϻ\\[+jת!)vjn]+xax\nuZ)8;ר^Ærc}篪wsuY>V6vڣj|}U\nL?CS^/;[[ZT\0@jj*_C\"0(M\Z\06_\r\0\r!0(H뫚\0섙Ӧ~\'@i_uGU\nkذBo̶~PQ7OaU(~:Uׂ[!װmF(\r׌1)\\u4l@vH7XIDDDDDDDDDKcRe!0k6]hlokmwK/G||<lJt1yfϑ#ynݰh2	5m}@Ԩ^!!\'.ז,ZWXa#ݾSv4޽zb܄9*ΑGѶMap9G)#f|OǌYLEK[XUGXr,_ڙ_n]2uSFsGG|JF	%#Kv|˭j\Zڑ\0\0 \0IDATÆc4ܾ\r\0xk|}U\nޫW豏\nٳfRŊYʂ|uѸ~\04j\0˖,Б#21㯮}UU+eM𹅛+.1xXءAcڽkVv]Z\nʔ1ÈÕ\0̚1\0Gb(cnͅu^|)CDD \"\"\"\"\"\"\"\"\"äʂ\\r7N͛\0 rjժ\"&9&>V<e	jZf	mgO\0\"\"uW.ז>{&dB?;~X6aTO7\0			\Z+K~pqv@ 9:bZŚU6>y᳑R7,-,ޟn}]puq֟\00|lkT.|έ\rzHD_vZdx\r1Gb]\0>>Il/a\Z(^ -MjUQ6]~[z\07YԍUQwT ~PyG]`\r066DOiW1)1s\\.%_?;+WCn0b<}e1}̝3gaE4a<9ҥJ!}Z6[n03a:o_HLJ\0$%VcS6ca8fxUn??|U,Wĸ	*6Vru:~\\kׯjⰶr9+-ק>4cST*󿰏~/M]޾{%V`ɲ	f\n77BC1b0ܿ\\֭Z޽\\aL/Ԫi+ԍ.d2O/_fk%-u맰vb~ܾjժ\00uLŴz\nϜd1Mzx\nm~Ul~\"\"\"򑭍\rV[Vli2ÇPfMK<|(~w{1QB}M/J=.f|nߎ#G1k61ˣ*Օk+/v133o	Kդ<\0!7BQvmiJxĭ*vԫ\\s_d7?3Gn}]_n8\"jZYK~po4w)!f`ߨvt̛K_w`Fh(QrW% 0II6dBזt7nq㬏HCҾ4%?_?5bք<}\n\0!$)7zs5nl7B+?<D\0\0*Vļ^ٞg\'?ラ033CѢE1||D?xyzD033Ôɓ=/&:*۝֏N:d9n|~ڲM H HС};Cʭڸ~9*O;t-Wt9N,?U>=޴n]+lX-RX_ܟr333L2uSU7ױCA\n;ecBnlۆ˗\0PdILkV~/Uz~e37s$	ƌ\Z7\0\0A\\BCo\"\r+V5ӦcSG8nR럮\'%?l/Nwe~7WࢯUŷmFa_ajli;\0{rR17sqq\0%Pzu\0@ҥ9yZ\nuAFDDT0(8i20غ}{-YK-ԛlpr\0>z[o;\0?_/h,	Os\'0\Zo!u86uѣEOzL?k۾:ڎp\\_]y:e/#Gt\0|s;wlǝp,[Ϳ_~ۉ\0_<,׸@ߋ|~;~ԭOW+Լ9dY s>vP&vK~;oΛ;8z\0݋ɵk+?*y=mߎ탛!\0\0ׂ/lٲa\0w+CūX<oD߹x5<Nի`ll@kKQ?]Oc}Р~}!A,-1xϟ?ǫWxUw &׌ذi3?\0cs-\'}8l܀;9zEE\'\\J*hP>|NtxHG\0:\"\"\"\"\"\"\"\"\"¤c<mX(mPϞTXҥs^چD:dllhԤN\n5o=c%_DG sۨ#`U6&Lu(w֯í,XxII(YJ?+e9/+H%PBycd9z4_\nI$L8gΞu(DGRRRtia˶mL$pwsýf]؍7IDD \"\"\"\"\"\"\"\"\"\"%(\nK3g5w^yAWp񒯮CwL6/]}]@DHTM\0@\\\\&Lq4DDDQDDDDDDDDDD\Z5G6(p\"\"\"\"\"\"\"\"\"\"\"\"\"\"\"\"\"\"\"\"ab%\'L$\"\"\"\"\"\"\"\"\"\"|%w77\\;JcIWFKAi|WL1q|SAA_xʘQ#{FuNAA]byZcF:\"\"*@t\0eVֺ#We쏮h?w~qn\niI~޿qk+7ǿCvXz~4>\'NjZʮj\n|T*ſNc݆HNN֪mm7[UKwxNmq<k#CCC8\0]{ʶ7+߂U^Q֯}rp0e$t	x16mيG\nVyHMM͛Q+SBI!QC?-[\"r\\\\tJie-\\keca#GvZ}Bcn+cneKV5\0@X\\i=Fx9(_bth!7Bٳl˹~~ZAӌ\\ս^[oW85s+mGVмpǏq5t!OADD+\nVcTpuhNDTMNTP^(ǜ<Q\"`\rAXhz͂D瀘(<A~vE\09yBCr5}GW5>UTq#p>to!\\\Zwu3~IDGYR?uOU<uػ\r>[ZXi;?WEz5033S(W5\0`p!W\ZɓխO17786mUk9KgLP[KQ7-[}CٽFW ϯ?xڹ3_6Ë/aߴ\0N9C勗RB{\\Cvw	_-p\\m_U}f|/烛>4_~nUIS}[Əo߽Î_~U8ޥSGW\0Ϟa>\n<u\Z.NNL$\"\"\"\"\"\"\"\"\"*b˒H1*;:Μ2mwc\Z3j$UfήhJ*ąYkꊮ=z+\Z$<p\0ZEKB77m}@lٸ\'N]C{XЭkbW՘k\0zo]}\\ż^.v?ugiނE]ξЩc{Sf__3Ƨkhڤ1uIꪚCBMKK4sv{+85ϺK\\[+jת!)vjn]+xax\nuZ)8;ר^Ærc}篪wsuY>V6vڣj|}U\nL?CbU^/;[[Z-<\"755/\\!C&\0֯Æu\0\0U\0pqviS]xp\\i_mꋙ_\r6@͛UW;\\U/)ԼEO*ZP #p+\Zmި9\0I٣;N!1)\\u4l@t}\"\"1z1.NH1*fxƿrsN:`刏G||<\\Ν:f9o9x90tޭ-]8&\Zի# 2r9r9#0vE*6r6lvv;~&лWO01G9r(ڶi#ռ#.(>eČ1k6 ɰh2t뢘jVג˳\\;ѭPn}]h舀O.$d?ÎrT_U?r0xL۷\0bc1bJA_YZX{J=qW_0{TX1KYPp0}ں.\Z7/7W1|F\r`ْ:r>zP&fյ/6̯ʖUH͈W5߼~~h*|nK~sq6V6vhvU+]WK.\rU+0nD}.KGb(cnͅy/^!\"\"2u\0DDDDDDDDDD3^aˀ+y#eʕ+yԼLLL\0\02,گV*bbcbj*Y˜VM,5m}u@XDn#gτ2LbO˦^=Lꉾ !!Arep.ND3GG;^X33Ƨu]]</|622R_查<խOW..v\0\0;~Q\ZՅϹuߠA}\\	z(Nn2_>Xa#_<<1fH۽G8-~B ^ŋ޽QjU4jӦkt}UokW\0~&KӾoQ+ؼq!Ӄ-.ڭVLtv̜1Ex/qǎʕ8\"֬\\[gâ>Y\"V$$F\"WcbAѨ;X#Xb!xMb/J\"FĂ\nF0aawg<ĝ3s݇=5YaaڔI8ojBիX2ADD7V٠y)rsr\nL\\\n[058yy\0񑇕X,^9?MCv=r$8١s%Cur9&N:ٽg>J%.Q7JT·Uk}~ۣCvܩpKG#GxXsbҔipXs8		H_\nRW_+WҡT*ì%o/|)&jZkZ}\ZJJ11U)ǥKix<CvΘ=s9iE~~~hѼ9n߹r~uCDDNDDDDDDDDDd<wQ#<~ؼ>VeX*\\QK/=Ohׯ߀ׯK֕hGz]HHq)sR\Zۏ١szPrK7)7r%/\\$<U\0ѤI+#ue͘.E\Zߕ*}n|\\&R篶&G\08	o_u**\Z=4WT2?O5ڶRy11J|sO3zƏs\\6Ocێc*iboj]#ӥHHHDkZmJ  ￺j޺\0*Ur\\*ڷoDc#\"+lЭwqeoQ:׮]ǀwlEPݹ{ݻu9\\	HgfM5j@.cF4祧Ӑ/^Brg\rԱ#d2d2?]n(cohkpcbJ/Jٷ.NEGMT1wD`y͚`p!]lgJr9f`{4)uܩ#Nǩnv9}&Nxe{&ubqf,_Z\0\0ⓙӍV11ڲqu6d23\Z		\0gի#˗bOӴpL[4OH OCs\0p*:ZmsVE%RFEE#?dTkouVXlŋbF\0\0777LU>XIDDDDDDDDDd (Eoj$\\iHKIƎm_bV?/^K-7kpL,Ο7afoS\'p	%0mʤrk8~,.+~AN1jXbJ){Cch߭kW,?OxK/JݷCzU]\0_́H[D|/a}B۶#_gbs8bO.Wƙ8:_Ξ~MHRXkҵK={\\ݻuG\n_mҤ}OOEEc^,勿aݸr%hKS[CR\0gPn]4!^~23 3]sRdeeaOprr p!z#59	_^)mZ65>\r%2GL4IHKIFOvݒ?/\\\\\\Я@dggxzzMֈNQeAْ4YV[cz+X̹\0P*޾g*\\\0,	gbжC\'\\_jow6[DǺi5\n>M`JpCJ(-%>-ZY:[f5~MN|L\"\"2\\SyhУy;V(u(\rTI<{\\{c`ۿ߬Wv~2ScL!Th7oJ\0\\nӶnITIDD*X:\0\"\"\"\"\"\"\"\"\"\"]r(#Gs]pUE0^_z$% 9<eP̎ͨm!&\'\01%x!\"\"|8Q\0T6P;/>\n;Vu\'yJ\"\"\"\"\"\"\"\"\"Y:\0\"\"\"\"\"\"\"\"\"\"\"\"\"\"\"\"\"\"\"\"kDDDDDDDDDDD{CP鞪E5\05\\FvU:]cu7&k9v]\Z.c-A(p\"\"\"\"\"\"\"\"\"\"\"+鞊w|-Qn:WESs@jC`qeij\\y1{_g7enBjfZUUEqq.rsUP(3\0u[Q\\\\h\n7VUPܨ?ن;B~A\"UWƺɵ\'P*;^s<~5fsj&NFO(@f.#QZdd~\0\0(RD~ȝ4w*CDDDDDdB|8ɫ!*\0\0 \0IDAT{݃xAՎ}!c}luw	*^{hP\'XTu\nxuv\05Os\rQ,\\b{zahX?\Z\r٩JzIs\rP*%\0\\k^mkO][>&٩;96b?{V7<ݡrx(v㎎-h9O\0\0\'x8T;gzEDDDDDdiXIDDDDDDDDDDdfΎq/k82r|!_r%wbh+?7?\ZNK뇼Ӓ7^NkGVP!zpt{=q+pv0jlbupGƃՆsmվprlϻmTfµkԿzaR3ϩ^uRIzfk\rO.6a$\089d=]܃Y}dv.\0\0jV*\'6Y+n$\"\"\"\"\"\"\"\"\"\"2sP_ɱՔˏ|GAJHVmd?Z\n2-7jlbP(2P\\Y.㯇sTfP Ro\\;* 2)>)_f_\n}b̿*U\Z٩+?)Ps<kǃgfφcGx48OTx?\'ʞrBy2Ym\"\"\"\"\"\"U,\0Qebo_jvvUXMyPZ9CKǙ-~))nz(uPEWm,)Zfpw\\xog*R?MIVB\rQWs?)w2nEqqpxt;\n\n^Zc{}5f b2l7VQpCfv\0@#{Wy1s(uٸb%ZcrERq2Z7+o_kUٳT;;uSg֘r=7E>\028\0Pd +{\Z֏RXi/2S縈7Vcdd~ w3MsK)Ǡs\0P\\Rw˓z(;>m\ni_W|RXtQPxQmX\n¡?wԷ5)..\0 Cf*\r\' NN퐓{xI`k-fxd#JodS3ҋ,wɩ\Z,\0QeRXtoxiVP)٩Eˋ?#7?JgIUO{Z}:d\Zfizg*FVyb	\0ppAZBXA\Z!Cf炚5[DԬ>2\\k[<\0 /?\Zrkj޾0áʋx[s\"Qu	\0xvgJ7ES@+wB^~Yn$\"\"\"\"\"\"\"\"\"\"2`?sɨ%=٪GVs7\0J)_\"JE&Y}R((Ѱ	柀H<ukoopOs	b4WQ?#?Q~Nx=	kin$[\Z_\Z!xx^p>7Q鞊u@	Tcr-lbKADDDDDDDDDdKvbfe[miuhW\'K>[pvrMr ;+Kk0Ϲ\';	\rEVF\'KRp*MbP,ο:V0YMDDDDDDµn-GS*HDDDDDDDDDDP*kt9sEC֬S\0\nZ:ps]@o*GO6[:_,Ȇ)4ݯJI\0\02ٺm­(ϡ~]j!7(J=Ȕ8*n$\"\"\"\"\"\"\"\"\"!\nbs\\CV=leC;VWy>*?ntDDDDDDpc%\r)(R\0Oo߽\r\Z^CV7Vِ\" 7\0P\0yyh8k9CqnJ_CDDDDDDDDDpc%\r/*JR9)_|n4XzZ*}mRsM͚bS5fb3w+\Z/QōDDDDDDDDDD6((\0}zRa9xJWWWL8x5k׮a\rC#*	&Ckc┩压m>^TT;wCz:DmB4߭i\"7MUnXIDDDDDDDDDdCm,@a!zRa9ֶ{t\rB4k惏5+͚ҥ4_߼\Z7ƬO0g<&\Z*J=< \"\"\"\"\"\"\"\"\"\"\0ųP(p{bӞQ\Z>{Ƕ(,,\0\\i!3sc\"59	쌀{!MJukdzP9aFjrք\\.WI9=ɉ??\Zs?\Z!ϟErb<fϚЦukW8vظJR:Hx{{	}6ȟ$_obc\"-%ܭ/\0L&ߠ[~9R&6!ѯo_\0L&9xLm/~ӔIOKIp]:KoHñ&|9={`S\'0%Ǘ!szr_[KDDDDDDǍDDDDDDDDDD6^\rׅ{WuUα;V8OZҹ3_ơ#Gق߸n\r~>t^nV1w^ﭾԡ=zm\"33!Ӧ#?tE:v\r?^l#G~nk?DĔCH1>Z獵}OEE#{wbN|1xЇm\Z\'67THP6A=\nz\\;иqc6}yƌϿ\0n3Z|~-wO cİaْ2xԮ\r777:a\ni|2\'>-Z_mS|݅䥗0b?տ9eImODDDDDDց+lHAZUeWU6HaUusfŝ;wT*sh߮_l@TBT\"Lƪ!cΆB%K[lv?,]O<\'Ox2x2˗;ۿop.~{F2}#_x#%_o\0` 3J׮j%Xd)U~~>6nڌY3flb^#|r?l3rro:婭Ĉ͟s~_T7cٻ?޻7n´)1m$lؼ23kGǴ?_v?#i\"\"\"\"\"\"2*+T(\0ݯ!GPtggg\0B:ܵGX$ 5Ξ;\'7mǅ*{5n/6j$éht1׹3NT.mw4XƝ=\r	2;;lg$_o\0lU(y\0𒷗\0;w}>B +}l2T(ȸw~\0<ۘ\\~{zꔿ#6J\\qCcbco\0̙;O%M%>ޠʶWZх1<Ȇ)a͛hP]+׭Gs\Zܼ<\0؋~i&ЮF\'N`v\\\0RoֆW\0߇Rą_~1D1bT*#<<**\ZJR\\J%VYɓ& AmM`#P\nC.#\'\'G0QDDDDDDDDDD6`#^[[hMuM^zI%@x6\0x4lX.KҰw~׃z<Reh\\cWүKx_|)J_&MW_3qe/7)  \\|RH~͚K~ܻ2xpL4Oj&ׯ(7_|wH}i+6a1سoGL?N%-dkVR+~\\V}7;ȴȆȫ&lŀocGC\0hѼ9V._\0v:6g憪\\\'@&\r[%}\rԱ#d2d2?]ҷy5B{`fHr9\\\\\\0=xu,^.cfH8P=wũhyNb<Ke@wwɨ(㿘z	}OQF\rrRwe3z^lT?T3CBL;w{压CyzzO DgxUB͛|j\0OfN)s{šb?DDDDDDdZXIDDDDDDDDDDf#`4j勿aŲ8z8\0``C$cǶ/iV.D&\'ovoU=\"Ǐť~Er/ܩ#F+ĮoEW[qoXh\'o߯\\39yO\\X:_ΞAիjrݷCzU7X2R-XiS&hhvD EF#	=~ G=v\\\rƟpIMdM5?gbq\rlشYH/ɯ$ϲZd,ZXZ#E:{6nR	BM[Ŀ?)\\{**\Z`aX._\rƕ+:w&.N6k_!\"\"\"\"\"\"`Aْ4YVۤehs-8;WU9w~YYT!o1$çE+op&&\nm;tt(dRk0HGyypߧrsѠG-w$\"\"\"\"\"\"\"\"\"\"23LSq1+fXx3clHK@DDDDDDDDDDT٤$% 9<eS\0\0٘<ۂ׻V9yaDAAC \"\"\"\"\"\"G鈏\rNDDDDDDDD,+ƍDDDDDDDDDDDT)J:VQUڂTy\\]Eiߒzc|ǧ+KAumSO[>>/7f4քhbaꮊ \"\"\"\"\"\"\"\"\"\"Rk0JUQ\n=zGbejdeeY]_Zb¸x޺7`Q2mn6-5N4kxOC[PPwذi\">L#FPPX3g/h򤲦W8c\0翵3~<>K888`GCѯriփO[nEY9pDU\'vV2S<z؂YC!lR#6\0TuvGCbxD:oqcFc	HO\noo/lٰot?W[5u3vswo{cߡ{ ++^ڵ1=d\Zx5\08II=k&ԩ1&ppp@7f5jQc1F]2PEW\'\0	uv4~?S҄\'\"\"\"\"\"\"\"\"\"1u~rtAŤ<_4MtlW!Xvvv4z>$|3\rҏYk={`S\'04Lsf#91ɉ:2??b\rHKIƤ	7K*׭EJRRwC%JKOKE`@\0>dq7t$	_\\^<mѐ,1{Lom2>/Ki)[rNsYH斛7tXmU_FzU\0@zU,[Cb_Kl9ާiSIxoR?m6tK!X3 91bGCu*0l}(Νشe+\roz4OUVq}\0CG`ʤ\0}p\r\0@aa!NEEl4!Xe7盡߆/~>2)Ə+ߔ(3{wٻOm)ƍDDDDDDDDDD6ģCV!;\'\\}9QG5ѡcgu{Qn?ڑuC\rG/Б#l|!WDɿuDw|\Z:	OV |}	ƌϿ\0nz5a{`҄X2?TukChr;jv$\0}Vq2*\nasC%_ﭾԡ=zm\"33!Ӧ#֦ݻu+5%oV)CRmKi_\0~¯?F&70&̜$IXMp)c\'N_bW[X]\0TT4ww⇘ӧ)VgCbK[#?tE\r]ٻ\0^S7m=z?(!CV-[bŪpxqhĿ\0\0h\\|2FYC/K/,BTtNm?*#e\0緔MY2>_~\r}g4S~?-\0T\"\"\"\"\"\"\"\"\"\"ֶn\rt0+5j;.nMaBwWoqG~שSϿPnAT,9J.[pvrMd}Zd2$\'_V9cȾUh|ȟ0~d\"^Xf5^TNMNo֢&\'k@6W2_goo_/kMvF\0\0?6;J}TgM*WRh):>4/My/}R7&6>h(;ʺv:;wXYC-OKIOV:_ueIg=C\0vElǆM[זs/&OVO٥>hʷGo|Ԑu|M~:j;N+G7^ǒEqTcb~5ɿHο$6M/_s0ud7h0rrr$/uӷ`χ>Hi_m[]?[eUw&~j;~?yypߧrsUACr[\\J\"\"\"\"\"\"\"\"\"\"\"_6UFGO?}AVg<ɂ>(.[omׯ\0\0Ba۴i_5G=)wڅ~FLL,SRz	gϝtmUgmSNR4mǅ:oyQ#\Z\r1Ɨ򥶯M;l8t}1#x\Z&١sE?7/ub+V?c6ΞÆukZl3qqB1濦\rIRזWӅ&%4t}%o/7t|?-d:ƍ\ZGF|7oA~~>:s/k?t\07Z2)/Kc͛c@\0\0 \0IDATPMR7\'ןJ>*#}5o-]?6gi~/ZSsJ\"\"\"\"\"\"\"\"\"\"X$v\0y\'\nRH<\'l$nu8Ξ~k!uc⥟chڤ	:k#G~4R)ΚǗkQPP1-##ptYƨ\'\'\'ǜTteGT\":&FxbTT4JU\\bԯ_w1J^oh#,^9/i4e\Z>V-&N\0deeaO\0%kŲx=9Wur9&N*ܙ\\[zCyiX_EGuq}S,=v4稼.OWT	\0<\rTwrMӲEX.䥗Ԟ](~MFm5_~^{oo/\\ݫ4t)\r{йx=7-w\0\r[vehܠ<ʶ_|_:e6>-G\n֫[ZGOOQQ#@X`\09]qb+V]  K0_[?S+WUu|\Zc}(OЛ8zNߕhGx_-\0Ǉv2Λ_nΗw<<\Zꕿ]r%/\\K*_g>T_D|SׯτDoNr\\%6~7VE%^=oY+}۾]Kwuxm\06\rU{ޝwѽ[W߸y3/[V-[\0\0\\]]BH	\\.f@d大ĖЩcGd2d2\\.\'$b	dpssçֹlmoǗ5k惵uʻ}r9f`7Wk\ZRǗm_QBSYt	ƌ\ZpppIq1绺bOq)IXKퟋ\'(oS?.z{{aF4pXկQQ\08fѷ~ƚ:ܳG%Ԟi|\Zc-Ѱ!ƌ\Z[t_~ܳOG\Z5 1L\rboٸ]:L&ø1\0\0ع}^}\'\0<ߢqglu]Ĭ[AtLKYL5~`χ8KRX_EZ6~NDDDDDDDDDdCM$;;/S7VI?hHGcϰp~u?[\',ÒEQ^=\0OEEc^,CӦMqVY+߸	fL3dafTL?nEaa!NEGcرBzXlF<R`F+@d$:#⫭hذ!.__]+~a)18uNNNر?jvך5U樓1CWl|Hiå/F#Gb(,,ŚujW(/>|3\\OXsl\08}&ko\r?okµ__	mW-\rxΌddT?eWjl:uX\"|\Z/wi7=-EEE~NEG_)}+\\l4rdC[⣡CaݳcΞO?c)\05cab\nݻ8|,(/6~\r]ֵ+u튅穜\'\r2~`χ:Hm_M7u*?E3鉛7om/f-[-6)\0D\"\"\"\"\"\"\"\"\"\"׶s0+5j;X/g}U+r1su0y/V?&*&wo߂sU<xvVRZJ2|Z\"kODmNf/;=-U\rDs̨QiSC,CEf%뗗Z}*/7\\\r\Zz;O(p\"\"\"\"\"\"\"\"\"\"ra:e_ƍk^˫|\r\Z;[(R\"+W-Ept\"7=fNƾ-GAAE%̟2I3k7oJ%*\'\"\"\"\"\"\"\"\"\"!>/ƿ#QNժ%O(/WA&I\0lL	nh̋H׻V9ya÷UkK?gSyNDDDDDDDDD#K=\n\0jjx^FZ\\88C^\0ngedүxԩ|>\n;VوjompE<W.\Zիk\0>Atܽ#_\n&qc%\rujg{FOq$(d\n!<R`DDDDDDDDDGf\0HwȺ9Ep>jjbrP]KID&j\Zǲi*/K+㳶\'FCІTqX1nh	_%|kh_]p}$kVQ?|rL7a\r+PzZ*}|-F,?Uz<G}Ɵsssz긒~7n4k5Vkb¸x޺7`f)[*mG]{߈0;xQ#̙8lK\'$J3\0P?\\\ZGl>&WNn.Zi\0h߮-f͘kRm?~-6mيBK7V pǲ*z~5k7;#k~i>:l!ަhcܘ3~ӯ[6wp,)\Z7̞5uƘqp\r888_g3\Z5ᑈ0?\0 ^OHĭ۷Us}Ԯ\"?G`mmiO#	ۯqMp}޽&*>\n̂c\"59	쌀{!c}aػ$#	xm!M&aHNGrb<΁LiزqR1ix|.$%`ukdzPɿRc\"-%\roo/?b0F#59	kWA.K_Jk˿互s/C*iCFHNijC_Jb_#>RƗ!k6?\r)_,~a)3fG}<{Ǯv2̐!>HY?>iCª/V#=곲үbي2xpGC>Y3u毡RGm2c߸\0(,,ĩhaӐm}k_G|?14>+9r0R}6ȟ$WQG@سw_\\>r}4_/ewxOo|}plȰHLJzCѽ[W˥ʉ+̬K2l8Z~gi>]9J˝C9dN(|ZBLH7f4^xu_7xxx`;Y\0& x7[BUk̝%9~\0xw\0?CjQQ*~oEѫw_l6Erb/%\0~¯?F?FƄXK_c/C>G|c6星\r)_,~)T?]d]?$~`ې	>:u\'O)ڜҽ[7aبF.9>/6\rIѢxO(e}[\r~bh|bWͩht.1OK̏_nvsG\\M>/)v҄	6<yDJ._n5Dv\0--i۹InMZ6wo߂sUcnnz痝ehHL&Cr/he>Xz	\'OhkV^A-$j-Z~jr\"KCW2_ioo_/kMvF\0\0?6;ꔿ˿ڞ!զlo_\\$]/XK_c/Cڿ,MGSbڿbL=?ҍ?RH6FL}KKIOV;?)&RPJ勿i+i7ugM*WmYebW[R0t|zu,Y\'OE!:&Wӑ[NӶ>Sv\ZƯZ:u£1x0\0ذibޜ$_EA\\>룔:h*_ltـǑبvElGW_G~~&d]rZKOˣACr[\\C$\"\"\"\"\"\"\"\"\"\"\"}կ_asCѵ\0\nhi\ZkLg\n|S4_{{{IܵGX$ 5Ξ;\'%?ڦh\'˵u]jXkkbeHch+gIG_2?**;;rǤl2(!6?)!w딒yQ#׊kb78x0Ν]ЩC;p\0jaZ\\(9MX껾K~bh|bWDsذn- C˖-q&.Nr|RGM[/eM0lUȌ֭Gs\Zܼ<\0rc-0xػ\06iaȑ8~f5q(JޅJ=~1?>R7VZ+k\\n\'Ν1o_c\\l~^\r?\'\'NNN*)4\'(7,?x.~bRWXX|J11tT*%WQǽQn]ܻ_8G*J[ʼ>/~^n!3fUzu\nw%Jf\0*-Z`ŪpG&/<}bk2ڵm1{{{uɥKiػo?fAѷ??8@&	\r[veh|41/\\fP~eikC7R現5~447QTTWRC\"o|ѷ\rMK)2$qqr,G\0ΜXe_%y겴S︳ᡚk_SbƯU\0tq-%2?Ѿ}rǹ>jWQ\\MGJ/c2u*mبiS۷CBB^RōDDDDDDDDDDDftuxm\0~;w{:qf,_Z\0\0ⓙӅ\\	HIOKU{-7Sǎddzv]HOH OCs߾#σߏlkW뜿7F%/13$ܣs|5Ɨ:ec̏\'(H?Ʒqf\0|)!>;O\"liعkᜲgb󷄡Gms6JOaկ_Ǳ\'$]/F}>\'6~ևhtGw)2?NEGmU7GqR׶~I_[|-7G/9}p*:Zrh`,[ßnagޙgeXh!ի8ya0,M6Aƽ{Xf~&̚1B&oÆMS9\0#\"0qXk8Qc\nabeH=zpꌈaÆ|w|vehjc&.N	;w֯I쏍{k|ij#>b5~44u? m~-X/V딷GZ?}{i5sq5[u .I3qX~lXwwwyX/\\ΉώW۶K_l>KIɿ@0t|Y#G+Ww#G`g맍XJ~d*b_뫶ȀL\0Of̀\'n޼)]Eֻ>J)_egN/VkL?hӺ5&NSDv\0--i۹InMZ6wo߂sUcnnz痝ehHDFzZN?U&d.i)iac̨QiSC,CefGb59lt(d\\SyhУy;VQ+W-UqL\'˩?n$K@6+̤!Y-2$\0@vv6Op4 SAh[\"StG놏\'\"\"\"\"\"\"\"\"CQ2C$\"\"\"\"\"\"\"\"\"\"\"\"\"\"\"\"\"\"\"oXIDDDDDDDDDDDDDDDDDDD*̧N6o*V\\:r+VL̑Y7VU\"׮F|B\"\'O?b{\0&J\"\"\"\"\"\"\"(p\"\"\"\"\"\"\"\"\"\"JU˖Xr<y\0Xf͌zZ*l܀dL0)I	8?\0@&aHNGrb<΁L&+ǈůJzIZjrք\\.7JDDDDDDDD\07VU*?ɓ\0YNAs.ĝFZJ2~֡M:f:xL0Wc0\0qcF__7u󇇇ƍ]. cİa~oEѫw_l6E \"\"\"\"\"\"\"R@ \";.p54rdR)\Znۙ#W#˭{ge,E@Brg~RpfA}=qk}ss4x\0\0\0\0\0IZYߣ`ȹg\'O^c<<ߥ3\Z2E\\؁;*66VS&M_)aY,խS[ÇkԘy\"#lO}DX+jc:GQQ$I5kz^z]ϿN<-Unυ$wwwݹ]HI\0\0\0\0\09*s?Eر\0\0\0\0\0\0\0~U<xV:\Z<OԷ$YVm\rVׯ_uuu$(-RSO-RyUP\0\0\0\0\0-\0\0\0\0\0\0\0\0\0wNV-UV]vM_iАڹmFj#G\"Uē\Z712V{59\0\0\0\0\03ر\0\0\0\0\0\0\0[*	V5J*gd\'NgigO:q\")Ss$ʗ+)\0\0\0\0\0\0J\0\0\0\0\0\0\0\0ATd\"#<-k5ix)RXأj1\na$3UF\rY,BP[Sh+|60t_-U<e˖ь\0\0\0\0\0ī\0\0\0\0\0\0\0>R}?U˖`A]pQ׮gSI_B%IkƬZac?k\\\r;bojM_<yhy*ZUfȔ\0\0\0\0\0\0$ER\\v\0\0\0\0\0\0\0w*>/(G,Ñsg(Ov\nxxK/f4$\0\0\0\0\0\0Ǯ_VG}.Z,E~ǫ\0\0\0\0\0\0\0\0\0\0\0\0\0\0X	\0\0\0\0\0\0\0\0\0&\0\0 \0IDAT\0\0\0\0\0J\0\0\0\0\0\0\0\0\0\0\0\0\0\0$V\0\0\0\0\0\0\0\0\0\0\0\0\0\0$ \0\0\0\0\0\0\0\0\0\0\0\0\0\0 \0\0\0\0\0\0\0lv_\0\0\0\0\0\0@f\"\0\0\0\0\0\0\0#_|QyQDX]g/yʦ\0\0\0\0\0\0p/#\0\0\0\0\0\0\0#ўh޽\0\0\0\0\0\0$V\0\0\0\0\0\0\0rJ+Wt%UPA²;$\0\0\0\0\0\0\'ܲ;\0\0\0\0\0\0\0\0\0կWWα}}߫Gw^\r\0\0\0\0\0,ǎ\0\0\0\0\0\0\0#hk<xi];Oϖ{Nׯ_׳#\0\0\0\0\0\0w\0\0\0\0\0\0\0ǧfM޽G|}t0bcc;$\0\0\0\0\0\0\'x8\0\0\0\0\0\0\0 H۶ܥgGX\0\0\0\0\0\0c%\0\0\0\0\0\0\0 ,㥡Ækʕ,㥐}z]{y\"\0\0\0\0\0\0w\0\0\0\0\0\0\0z\n޶]E*xk\0\0\0\0\0\0#$V\0\0\0\0\0\0\0rU(<pj\0\0\0\0\0\0pq\0\0\0\0\0\0\0\0\0Hn%I\'NTڦZ\'\",Tt;\0\0\0\0\0\0$V\0\0\0\0\0\0\0:^;\0\0\0\0\0\0ܣx8\0\0\0\0\0\0\0 ۰$\0\0\0\0\0\0r\Z+\0\0\0\0\0\0\0ن\'\0\0\0\0\0ӐX	\0\0\0\0\0\0\0\0\0\0\0\0\0\0J\0\0\0\0\0\0\0\0\0\0\0\0\0\0$V\0\0\0\0\0\0\0` *2©w/3Svy:;N<2*\'ĘOzs̹O	\0\0 \0\0\0\0\0\0\0\nl:el_ny3_T<yzǿϯ#ժVizEzjߩc_Fa\n;_sfPʕ$_S?K&y^{UQjګ)%~Ei˦\ZЯrmz$=ެiڸ^͚6Iu|g;\\ˌl2%Y9zfX9 \0\0\0\0\0\0\0\0\0\0\0v9RG{BB={fuwϞ\Z=v\\z?W^CׇLyoOC4Pyk*S[UԷ}]l2yc.կ[7EYbVܥyi<TVMݻvQ>={zjvc\'~/jӺ]}5K;|\0\0$V\0\0\0\0\0\0\0)EÆQ\n;_bqx^O+\",T,^\"E\nە_akc8e,*2B\r׷Xfryz3__[oyݭvmj\n;_Mr3vY{aZ\"ô=hZ6éMkG]3\'#/93g(<\"ôjza7ck{\"B5}gʗ/Ss4jof~}٣Z>vO,WҥKXBe}I?7}wlAMTu04}vASNӑ##G\"5iTuTw~Kɓ[n)hkkAYS?LuqXԬI;ҮlZIi)jmS1>2zeTF%_|zZfϏ~q|\0\0iH\0\0\0\0\0\0\0SwOozSOŊSI1||ԮCGXY~QcGuAK˷N=kjתbZj6o#/ڲuFulʖQϫ^Ԡ~}(~I_5|Au陧V*7h\'C5xʔVUtfvss4dԜÆ\r\\U^5lѬ]h~fΏ5mիכJUtio4?IjPh%:lIwUTd6mAO+uznKN.\\tuԱO,Ν:\Z?3ԬA[m\nRjUMtʗsRRL,[~	?15IⵙY6o	;yK|3!ye>3K7[+dZmx~d\0\0 qA\0\0\0\0\0\0\0ݤODt(c8rɓXtwŌd\'*2a\"uѧm0OҚ5=@/(Ea|ʒ5ԧo?֭MubP/ٳ$WWWbS<zcMFM*w473f\"}0]{CBF7FǬU\ruOk0*sKIܮJj/*2BϿmWNAA\naQ*+>5R^\Z7SM8AVU\rvO^}=I=-5nh\rx]ѰcFkKVoۮcQ\n%<EL۽-Zq7RڹSG,XP>!7As*]?<!L2^vO*2<Le{sYɥKo|=m\\N`{K<?2a4Ǵ=ߝ\0\0ܟ_VG}.Z,E~|\0\0\0\0\0\0\0\0\\%J<iK\n_dϏ?FWZʓ\'$RtR);+i\"GllmIzڳt7?yQQTT)3Rڷf/9>xmmۮpED={lY=yUmsFQRO͚\Z;~j`!\r\rS%I+UԭIRgh%O*Y҉fĤJg߰Q{v-_լ^][#O-^:vhƍ\ZH(W~1Om-RΟu\n1i%g53#3Ϭ5jSvzGNx~8z\0\04$V\0\0\0\0\0\0\0+3j=_E_.$dMT֬ճ<UKyf\r&)oԿj590y<IɌgd~Iܶx.]5>NRO@Mx}qTē13qt}3ҥ@|/^5kiuZ><q^njUӻׯwuuUjUS111ruu%pivrέ7n؎Ν[W]3lkkvSw傅)#<\0\0榺}U.D\n޾#\0\0\0\0\0\0\0{ʉ\'dWHO:q\\ϕ/oeO۵-][1-[FGDsQ}&Ǐ;U.\'#G0UR%W_J.aFN8r$RGDj5*0yN1;#iDUrvKQQϳڴnJ*h||~CC}wobcc;muAO7gԮݻհ~=-[vaڳgoߵ{+U~Njc57oQ^m̜\rkO?##fǮ]jؠohΝ5vrF#ze݌\"E\ndɒv;Q&#cϏ2|\0\0pFھQs\Z8mݖ)[2\0\0\0\0\0\0\0\0r\Zؿ˧|P{U\'ԲbEj0+Vk?_Loʕ\Z4`?\'?\'7_-|i`Z$L$8ƍ\Z9$sM8^ϕc_<wNuvz|վ3[5kԐbbQ^OHZǨ_-U<e˖ь5jU^U۶bB;v6\n\nڪmv^v͊Hu\'}Tl[|~wz.)cFO?oNԵ>5kh.$;w`\'ͷKm	󞞥ׯ/TDi_Y?nF֭wߧZ#{Fw\0\0\0g/<U.gJ\0\0\0\0\0\0\0]\'WszҬ9s5o.칟OǍ#t;NժU/j\n*;֭[\Z0]\rKs줟Ė~]\'~zu뚞Qs.غEs%K4o%iĨQ6e>܌5XG#0}SKҸ5~h=cNotEԫG7U2OnRPp>Vn4+c@ɛGSѢEu诚61bMK*U4-`VÇeMxm{==\'$D111sf޶v4?W\";$~ovɰ_5j8M(VLϜшQcKgRN4mds5jTogU*$I]|]vdعK3fgH\":}挦͘i{FMR-G\0\0\0zLK/Iq\0\0\0\0\0\0\0/_tGΝ=<y+.]ѐism[UzL/*2aQ9̉}]1#s7<ҊyfP[a̮]nX\0\0 \\ ~?q6)(\\X6,+\0\0\0\0\0\0\0&u\Z8VY!I$|\0\r϶blբFsd\0\0X	\0\0\0\0\0\0\0k-z<yD$#27of\0[k\0\0{\0\0\0\0\0\0\0\0aVѪYKnO\0\0\0\0\0Kv\0\0\0\0\0\0\0\0\0\0\0\0\0\0\0SX	\0\0\0\0\0\0\0\0\0\0\0\0\0\0W\0\0\0\0\0\0\0[Q,a>԰~}>L>\\]]Mèg̺+~#ϗfq\\GFD\0\0J\0\0\0\0\0\0\0\0Rq$ g\ZzPn(LyNw\'u^EG˻Rc?֬X=L?\'~}մIc͛W\'OҬ9sj\Z[jUh*x?gN<Kn2#`֮\rTmڿw+\0\0\0\09\0\0\0\0\0\0\0.Eq*wx!uʕǧNTsӐ~xrW^?.XѢx ڱs$wϞ\Z=vk1f?ү.__ٻ7\0\0\0Œ\0\0\0\0\0\0\0\0ŋk\n=0ZoN^O+\",T,^\"E\nەGEFؾKz<zFwA+\",Tӧ~|95Gf=cj-6K.M7s}1j5K\rjj\rh}_F,n*U{\\RN1p@ܯ{wcwS;:Qj׶ݭ5__ƶX,\Z6tW\Z?T_we4?#Fϗ맍5+ӳc$*R6~]~eww|/XTM!υ3goM[v:`hhcv$*2B_̙0C}DԪe:i̊!<ߌ֗6~ߌ>xdI]rE.]R\nJ9\0\0\0R$V\0\0\0\0\0\0\0*sfN6ȻrUyyW԰#Fvuj]*_6Ǝ\ZiWY+Ȓ%~5mիכJUtio4?IjPh%:ԩCSc8*ϥ8^[!!Lo8\'C5xʔVUt7ϨJ/[Ưf\\m3ݾS,]Zu^TV-r3~֩g~Z:v0=~]TSOuXb޵g4?3iV-w]Q[nՈaNwϞ7?۱ժe\Z8xHMlI\nٵCa:?DϞij3ͷԻgM2Uz[]l+{QF2zo1Z}:R^]EEFhӆDbP.W\0\0\0w%Iq\0\0\0\0\0\0\0M8h/(G,Ñsg(Ov\nxxK/f4$;a].b(>X9EYTdD	4ҭm7wwwݹ]0S_Td8yԘ\Z7j4n§<qV\Z(<<Bk\rw$g>7鳀j{rogި<o<\r]V>=S.^ƛ(p*OQQ$IaZXF/*2Bخ)ըI3So\\}ص5=@/33Һn\Z3gJ\\]]uhH\'#O,%/ƍ$[BzjLƎ\Zܹsk܄/^\\>W^~Ie{oʤ+>,Ţujk0\Z3V?ob8~>~*/iuOzӪct/6Z?F7:S\'O ^Bj5\0\0\0H*O\rj\'nEh2,\0\0\0\0\0\0\0\0w%KiڶmqD챕?\Z1_k*O<jRGz_Ϋl+W.7jov~&UJRhXZh.I\\nH<[F/151*UԾ]nthY-um\rV:m[ަۗ.Uʖ%{O޾tR/Q,^h~F/3$&IN}^=klI٤O5oB[RF+#:vLLK/`}~V[^:iʴmf2֗h}K׏\'55vC/\0\0\0p\'X	\0\0\0\0\0\0\0VYgyFիVUΝ\Z?L43`vޣW뒔!5jY-$ݵ˨}VԩS*QI(P@V$@*QI[2FHFg7/7cʕzMYVۗOfVs4_f,ʕ* |}TGC7;74n§\Z7S۱;#G\"Uēn/J;|>%s`維v;w骠\0\0\0,\0\0\0\0\0\0\0\0\0:r$RVazju[skgSmI<tH+̨#GU\\9}{r}f/-Ծ;\nٷ_{CB;muAwt}p͛XnzXѢ\nS*UҞAg4h~bvMgK/;wM~:&OҶZI{zǏV\'NL	Y(>?H3gϑ5!:QgK%#\\nղ6q4.UJϜIwam?fַ#foFi,㥡Ækʕ,㥐}z]{y\"\0\0\0w%+\0\0\0\0\0\0\0w/V\Z5dXdXWOe7$\'柮q<wNuNqܨ_-U<e˖ь5jYK;v6\n\nڪmv3IrFǈQOX,\'۵4q+/)~.7:FetFKt8\Z7jf?F+WV֭\\ӊ+5˗O>kWnf\'ϗ/+Vm`@3h~9ArTS~tNƍS%KJ<<<4__5_OsggϴIP[SnY2z6Z_F;-F)az\n޶]E*x;|9\0\0\0*p\0\0\0\0\0\0\0]eEգV[n)(8Xtf+ӷ&#G3\Z=vUj+O,s]ƍcF+3m`ͣEhѢ:zWM1QC`A		QLL?cFǈQGkĉ~g\r4m\r4z=3yLaŗVo(M2YMes	/K\0\0IDATW^;(*$iWTP!ݹ]nԀjP߹kvlݢܹsk%7͚3Wh䭯]s?O>g4?#f/1p@}6- #I:~\"eB]`͙9C%KO?nIZҥKlu)Ĺ}|>K+xK֌Y~tǛèh}=̮ߌ>TREfj*\n?|8Ŏ\0\0\0ER\\v\0\0\0\0\0\0\0w*>/(G,Ñsg(Ov\nxxK/f4$\0Z*j٢N}G̬i	doySyN\'{/Gھ򮘙!\0\0wz\n<rSZoɷDGpb)ڤ8v\0\0\0\0\0\0\0\0X,#}JQ͚6CTlA2%\0\0\0\0\0\0\0\0\0\0\0\0\0wNx]zU[o޼cdjrw^\0\0\0;V\0\0\0\0\0\0\0\0GsǸ;16;Y\0\0\0:v\0\0\0\0\0\0\0\0\0\0\0\0\0\0H@b%\0\0\0\0\0\0\0\0\0\0\0\0\0\0@+\0\0\0\0\0\0\0\0\0\0\0\0\0\0X	\0\0\0\0\0\0\0\0\0\0\0\0\0\0J\0\0\0\0\0\0\0\0\0\0\0\0\0\0$V\0\0\0\0\0\0\0\0\0\0\0\0\0\0$ \0\0\0\0\0\0\0\0\0\0\0\0\0\0 \0\0\0\0\0\0\0\0\0\0\0\0\0\0\0	H\0\0\0\0\0\0\0\0\0\0\0\0\0\0H@b%\0\0\0\0\0\0\0\0\0\0\0\0\0\0@+\0\0\0\0\0\0\0\0\0\0\0\0\0\0X	\0\0\0\0\0\0\0\0\0\0\0\0\0\0J\0\0\0\0\0\0\0\0\0\0\0\0\0\0$V\0\0\0\0\0\0\0\0\0\0\0\0\0\0$ \0\0\0\0\0\0\0\0\0\0\0\0\0\05z5˴I\0\0\0\0\0\0\0\0\0\0\0\0\0\0w#RK/L	\0\0\0\0\0\0\0\0\0\0\0\0\0\0 )I*UFqD۷̴I\0\0\0\0\0\0\0\0\0\0\0\0\0\0wؘm\Z-[^\0\0\0\0\0\0\0\0\0\0\0\0\0\0J\0\0\0\0\0\0\0\0\0\0\0\0\0\0\n\0\0\0\0\0\0\0`3\0\0\0\0\0\0SstGb%\0\0\0\0\0\0\0PG<;\0\0\0\0\0\0U\0\0\0\0\0\0\0\0\0\0\0\0\0\0\0	H\0\0\0\0\0\0\0\0\0\0\0\0\0\0H\0\0\0\0\0\0\0NqusSھ*祇x \0\0^oߡ\0\0\0وJ\0\0\0\0\0\0\0SUղ;\0\0LFjSnp\0\0\0x8\0\0\0\0\0\0\0)zew\0\0\0Y9r\0\0\0\0\0\0\0\0\0\0\0X2\0\0Y!\0\0\0 /\0\0\0\0\0\0\0S\"#;\0\0,u\0\0\0wn\0\0\0\0\0\0\0\0c$W=C\r\0\0@ￊ8wfw(\0\0\0f$V\0\0\0\0\0\0\0-[ekpv\0\0\0\0\0\0d:^\0\0\0\0\0\0\0\0\0\0\0\0\0\0J\0\0\0\0\0\0\0\0\0\0\0\0\0\0\n\0\0\0\0\0\0\0`zttv\0\0\0\0\0\0ԝ\0\0\0\0\0\0\0_\'\0\0\0\0\0\0\'+\0\0\0\0\0\0\0v\n-!\0\0\0\0\0\0\0ƒ\0\0\0\0\0\0\0\0\0\0\0\0\0\0\0X	\0\0\0\0\0\0\09;\0\0\0\0\0\0Db%\0\0\0\0\0\0\00=\nfw\0\0\0\0\0\0}W\0\0\0\0\0\0\0\0\0\0\0\0\0\0$ \0\0\0\0\0\0\0\0\0\0\0\0\0\0 \0\0\0\0\0\0\0\0\0\0\0\0\0\0\0	H\0\0\0\0\0\0\0\0\0\0\0\0\0\0H@b%\0\0\0\0\0\0\0\0\0\0\0\0\0\0@\0\0\0\0\0\0\0\0>-%=U\\]dnԥ(]\\6Dx4V\nm\0\0\0\0\0\0$+\0\0\0\0\0\0TԳ,BP\n^zg;wnrwtQ?Wph6F\\rG4NW	_~\0\0\0\0\0\0 \0\0\0\0\0\0\0p(ҳOVf$ER\\j~yrʪ\\V\\[11r߅\Z?ET:jہ#FoG\0\0\0\0ݺySrewOGb%\0\0\0\0\0\0\0d17vXN%H|jڸbbcV)v8.%5iXJ 2%vL\r\\.q,\0\0\0\0\0Fb%\0\0\0\0\0\0\0ex T(XkBJ^Us&HbV).>2.!߲rr:y\\Č=[-ըY &\0\0\0\0\0\0X	\0\0\0\0\0\0\0w?zNeSRZ\'#\Z?+[g$ێTӲZSNi\r}bs:z!M6M;=R1,V*]m=- i\0\0\0\0\0\0\0\0\0\0\0R{wʟ7PVUn\'ſbgץ&],IMܮ2Nr߲-TܷsN:w:tҵT˫PܒԻGw$~}zkiiYD|#WTFҸmrqqQllL]Ĳ_Ai5jxI2z:۹v,&&FEǟSRmH|C˗On_}6mMsb\n=ݺZz|LWu\0\0\0\0|PУ\nFMm+z?wn2>#v٫YsueIR|/W^V\'ٵMoMc7nҔ~)p\\l\n\\3gϪ[}amUNm͛Wbbuw-[Jwr8&\0\0\0\0\0\0\0pjk=q.RZ	b$]\Z_\"觡Gd(D%ݾ\"ǟwѼyf;܊5[I*Zu$I*j?,+{Rg,ѢQ=6V]k>i$qŢ;~ҳWuǌGo{Wu^TnݼiŊk6l;kh\">^uYI\0\0\0\0^Iǐ9zw;vꍦW\\I:Kͫ;w.\Z5n$)_޼zɨ?w8nn\Z5nHW{@qNqXo_?]pQ譿Gnnn._NnJ\0\0\0\0\0\0\0^d7ףGUb%%%YU.\0Oع_Ս7wP}>s:+We(ƴ:}%َ˳rs.yjv%czK~ޖEbbr^\"jռi֩\\j5x^;޺uK{Cݩ3EYgOmݶ]W^=k\Z9?Si\0\0\0\057JPSS$V[k4ml]vpc;Lsը5yr8B~ؐf=zVC@!Sc{\0\0\0\0\0\0\0)W^MK^]CXVixHYk/j]4=p0Ts}(eйc[\\q\ZVVZU+ܮ};]z+X,m޸^;h_s$ߚ5b7u+fNm4IvWWOXvmVN-_[o\Z~tP[jE._Qۏl}7C*]]jQke{CO)jX,ۻQ;h꤉۹]իUw{VO>\'4MS\'MLwiYG9{F]d;AtXJ_g633s\0\0\0giїs~\n}h֮ＭKh7UVZZl_BKSʕΘWhof+hSjIVn\n\\-7}\\\\\\zٷa2G\n)p*W&hڕG-Ә	#9GLmKz8p,p}_G3OY@hA..I1+\0\0\0\0\0\0 ~IRn}9҅tYZRVbqjmuZVXjՊ:~.]8yjo>M;Z?Pu>x^h@}\rPͺխwoԨ]><⪾Uշm7\\n\'%c..s˩m@\'%I?aʴ\0ȩ IKk λ@fҀʇՌٳ[\ZsnŘ[rs͢-j=hZ*77nڣؾOfqceb]fXԡ];<fOFO<u+{d)ߩ|l:Ͽ\'OivujT^}VY^ry핗btISԦu+zJ=URmZԘ	,q:Zfqv\0\0\0\0T:~]5kO쯓Nyw4)}[Nk\'#j~yf-Ͷ:\Z*I:z\n5Ջڒm(VTE[gΪOpUb\r6Bhа_HK-\'Lo\rqSswwW-a21LOwfjؐzS3q4+RDK~ﾣ\'5?\0\0\0\0\0\0\0~T2C+S_su\n1XskXkbq=gv=R+%)>q05o4m!>ѱOq\r>\\M_=S旨4zyW\"_|YsW$oŊ9շ9ے6nIVj*66aBajbbbMݴpxWD_U4?NSnw7ujRGԱ}X7-eAzatRuw\rTϏMsgNהvQi5=VtI6sj3}l]zvm:Ο+/()~wGEwLwoZjiЀ~JZJ*3֙fqf\0\0\0\0bcc~$m\Z8?pP=y=$iǮ*R,z~!)66VE3\ZteUZ:.ҵk11A$IV6Uz*]GͷO>ϚnZ~[gΜG=;8l&LL4_|Y#Gk\'rssӤqc4jPSɬn\Z)\0\0\0\0\0\0\0@on^/*8Iq:cƎ$;v\\9ׯ\Z4_Q۷hI_<Z~ݱ86KI-THgΞMӞգkUXQrrjN~սz-[5W8\'Vƿ6O;6HOWY1{z.!o$Gզ9굁z&0P^yE֯jPbV~bbb`.3֙וe\0\0\0ujϥ*Nkcn-Y.^ñ\n,e_/uڿ+77Wm\n\\iǮݶcO{V^=5{Ą[IyfW~wWWMԴIi&ɞ8yJ__y:^9a$V\0\0\0\0\0\0@&Kt=V\r\Z%5T(pN}zHd]ROK*YBWW?NZ~E*X0~\'Ohu-SNwFS\Z0x\\]]ռi͞>M~tؘjjϵez۱^U-usk6pzu}==Y^~n.}:re8|7oLNf3{&\0\0\0pgX_.JGSLL]r3g5|8+/ӱ^מvv|_׮]6mئն׭\'zXQ&Njfȟ_Wr2\"诚;o}~55..N/ъK%\0\0\0\0\0\0\0AOLc\'=3^Tq#G_fF}2L#F?S%C|*zVUE\n_vtƺ5dF]%Jƍ9=C:~bccհ~m6;G*Up3z#ƍbU}js7X,ѵlݪ#Z*TIM^-I7lkʴ\0yTɒ_\'$D>W<u*}\ZI+2QfR[Y1\0\0\0Ѓ3Um_y)\"bccu?SjV\\\\+~$h_Oױcs=h!M\Z7F__n0yWʕKm۴֦7zBۻawV^\nc...z};mߵ[GMqqq*dqu^{Ib%\0\0\0\0\0\0\0ܣ+eɝ>`A۱$P.e˵`bVe鿫WեGOuLn;4&-;K]}<y?М/s4r8M2YyђoNmvjLRܹuI\rKjNO.f7o^hP+ZTEN֏?lwާ͜]>_@~\nSI+Wıc4r83#2c%gR[ۙ1\0\0\0;k\Z;ɓG+V~wFiO+W.>sF&}fv˹Dq\0WnQ;2Dph	8Q<HB%)Z=Pr8ݮha5>~>4LA>|X+F#++tv7cSf:E}xENNN37;GYO\"V+KTzstt|+{nrkq-唊\"Sշyח(Ʒ+%i]{\Z\0\0\0\0G}\0\0\0\0\0ܑ\0\0\0\0\0\0\0\0\0\0_V\0\0\0\0\0\0\0\0\0	V\0\0\0\0\0\0\0\0\0	V\0\0\0\0\0\0\0\0\0	V\0\0\0\0\0\0\0\0\0F%כ\0\0\0\0IENDB`',NULL,'\0JFIF\0\0H\0H\0\0\0C\0\n\n\n		\n\Z%\Z# , #&\')*)-0-(0%()(\0C\n\n\n\n(\Z\Z((((((((((((((((((((((((((((((((((((((((((((((((((\0XR\"\0\0\0\0\0\0\0\0\0\0\0\0\0\0\0\0\Z\0\0\0\0\0\0\0\0\0\0\0\0\0\0\0\0f	DY]Z65xyF]A΢R*JJƏ>m<9;E vjS\n!P6]C@(2vNE2J2ۙ	<:Fwc\\yɧݬ=KfћR\n\\:r\ZkLUN\Zm5i=j̜\'YyrԖxY\rOcIPD5h$ӦTmyɝpIzz4B\'6RuPih\r8e%S^e)y>yK3<U\'^\ZG2M1u׳&\nU\"Ě:g mONM0]6j\\!\'ZC:qiUq\n_YW\"hialLYyJ:gцN+qWJͧ\Z9XAA\'sq	ġW=yCJ_F[8٬PMud13X5#Br:42[$mW;V*+W8ŲU\"ƀ\0d\0׳YPS{]%y}D\\ۃ<a^@0,jqu̷48f[X\ZUdbrW$)f+h6oMyWbzVVNWgT*sܗ]덴z3ǩj #meb:N!PkYrO^TH:)VvsV	EZ};vxRUq@m*kokFוMiG덯.VW9MuJ\r@Ҽ^R6QբkVig Pf3i8+4\0܈gQϫV-=newمγU\nM)cBavCC+\\f.ټ$VJΙP!tux1njW61|}ԣ!Jdz2Xc6)SL$!Z:Ef渍B.P\\a#\nVmUIXjRlV+150NU5QA:Z8C\r=LΑʦ͜^gbF9HSu^bM!5`7hk).k\ns\nlä\'K@˭f\nY:ٝ/y^z..M>kg3E+Um0E\r6]\nYc+XO*<wE\ZpSxL쑄T)U4nQy~OYѻhKyVڗ{y`PԍƎ;46z8\Z9	V3\Zpj	[ExTSu55LZOX65k:#wt4zY7nKk4vYiOdl`]4\0kw\ZZ[by@rV[ )!t<^bZ>^se٢J`c=Ur9泞bkA]\\gW>~Uke;cIMM x衛J5sf\\Wpuwد׏F*]\0d!MFuePP5yw8R\ZfR<H)2qwqtދd|.jXA[K+cˏc+X^ɸwZ;9AD(mˤeW\0nk-MqW%I&i5f]9si@@}=ah\0S]%|ml͎.y\'\'gB&hQS*ÔqQP-g2]V3A\\쎦ۆPyoş{9СDz,TqyQ=foJCib\\BLm^f~P\nM:HEϷI$<HOOy@4kqu0tUktgQght6`uG,=mN9雙m<%.J\rCn\\MDIdh2Ij@SXB?o}Kq{ګiܯ:<[>ʺcn,skV.Fd\Zfp#&ɕA{9Ũ<CC8\nQ$nS<kZo<SJ\ZGp:Eƻp|U\nN0ޑn4ݫl984)dfbO,PAzI<c*<޽\Z4z4GZTX \\W͔il)r!ӞVab|fnL \Z0LwS2Hx4TYgӤwW󎇓z7rV4ʤ6ǝS\\\Z4c͎4t^\"L\'ʌgHI&LI;1:@8;;\noS.c9B+GH)Ey*Ǽտ*9^dqEXB=LR*_<-\"d1@d!6nr/݅|LF:pJ^d6ɻp-\0z0$E\'EM ()\'fi`@V1HCڮc]QJ9\Z5nxqIPA44(ZsS(d	;0L3(͎D^T\'F\rYw/^1bcb3 Ӌ$$i萛\'pI(́;fD(OjoV^޳Z־Mz(<d-&ݐR;SԈ;#\'pe#\0s\\v$Jp XƳyԹԕ[5JEEv   \Z	1$nLHQrNXkj:hVѿi58qhs=>OE21Mɘ)IIk<&bI!jSkw9cNukG!me&;LP4}~SY\rַً k{,b=t&@iȲz/#R6)Z\"~g[J$4Hj}\rVj\'G-s0wȭ\rZ\\՞QvksAO~se܄tH3=>աtu_C#e]8a2A>Uv:\\:i$CTɒ,M@Za(陃 ;Q&vBIe_tx-dtdET=Mv7!sߗۺ{^awĊbPjSqɩ<S$)BBL%a2W$	1IB7|9-dzgc^ǗcC\\PGJ\ZJdRgi&BI$D6 i%N$tEKK8LNNi&mTʮd4RbIM<RA$IB$c$\0.\0\0\0\0! 1\"02#A3@4B$%\0\0{q1,:K\'=%0};1?ch>{^*sɚk#w->o\0XEv{\0}K\ZQL5BQ\0t?R\0{{U\n=yR;1cȧͽǴOðxI {jC[h=͟ىIBo\'홴rm@+=h\0lD=W}ޥ6=\nSve8,Q5-gSҮ6׻\rƮqG<W:+Mv,쟩:V3]}5|sCŁضլs{+3\\&%8{nJox6qi3fr3jf:pS]\ZUkIIb{ſPaJ]̹1zZeZ#˩Y+X>ɹLR+jnndʟE~;{ݺZfmE9l3DkB4N\">ۏ-:DŭD\Z»@Ad?r1kԩn\rwg}N\0`ZYЂzI*skDWa4޻`5	+~k٣M1t*ǈko\\5iWP7iEa~^DM0\rd-71ƌjOѻtu|CJXt@Rٖ*ęBSX49y0	Uw\ZԴy\'톻#_csa7SmgӲZ%@\ZhlIeCYdkAHXH2k8a\n3ɊP4}FXVmWVj\n)R3\Z\Zu6ɮC?ڣOmSLS$>]|K]l]MvL(<f,K@[.Mŧb7\0?cvu-ŕ<)ص|F|J\\y/(j1?VUH*\nɚc>HkĿ/2F3Re\rfx+q^g\\R=G\"vz%yXt4dRʶ܍8[V1Eum\r2do5.~M޿-DS}^@\rC࿕lkYZkS]g`qbyoUg;r)+a[F>\"~*>YAR	j-\\3J*k@߸osBS}Ʈ\055-v@}s!~Vnlen{jUه,pu,MvtV\"3OtTcf_ˤ?#Ϳ}$v\\C7:\0/uW+=XmHM\r8-(o\Zd1r4yiTj,2ݾOՎ])w(nv7[;7g{YTozS+),snAygEHʇ\0RfB)px^\0N{hfqOa3ZXY>GWc7!XvgE\rU@Ê}Ϗ\\:zPr=6]ρt)3k?]L^blIU>>7\\;QSeNbzr\"bcK:^A =~OW۩\niZ1Q\0p=N[Fr?C UiHck>E\0U/ͩj^>\0dɕAV\"moR+Q]r/iRۨ\'t-Xϕ{hv㾧(nt7GJ1_=YWE\0zXuz=?=.ڂP366@҃-0L\'50iGYLVR2*},_-Ėi)`zqgfƲױYަ5Fe!am}1Z٘uNF)ȴQNVKd1;qT(owKx^IVuhꂴv	R^)Kj~ߎPYUA=[USJ֮2*kZ8O)NYa}Ji\ruݶ(ʴV{3BZVRfSREƼcĀ	ME\\ف׻\nЙF06-ڞ؈]JXX/*ý\nhz\"DFI1l[myB5+mw4R1(?D).3=/TΚq22ZimD喆9M\0Xa=/EOVn2VAk\'xMK1fF$ṇ^emq5q&^Y$}ь>O`u,\r56u=(=@*iqSt+a}JT	1mŷ$i\0]γbB׷zC㹌>0gfF]\rMޝ+4\n6ZoZмC?wJ{9£|9XE 7nZN=ѣdhcx8!=[-Lw׎CWKN5݊^ԟö?=\'s>{z4v/\"gGo?c52pET\'PQe&5̬nIR_isj@S>\"Ԧ]C+	VS5^azbccIvr\\x\nX\Z]x_;\0o`Ews	߰OS1DF>H<q1OTˉۻ\nVQF=7ҬJ!*Kzks+[XqZnehznTraLwXG:WK*oSPmͺȾbP(\Zk)J%_o\04A>7 CgTu2ќ,{	퓏qrq/vzC]Y(ɚ6\'!GXdUiFeRjeJmbZg]lnSzOԱ=Oo3g{jss}[.I\Zxl=;7\0K]7lEfq=OM=>f8$\\WXH~`\0OS4gH#_7Yg3v,OY\\>;nnYXˇq㗍0]ɀlR~evs3c܁mQXYرv9D&:#\'џ|3@ W+vCC^qPv~RjTH5lەXN\n}6\'6yUW)[Et<55+_;?6`L̻!\'Ԩ^V8rǢ\rwvWbȮɩe*cGWg)pc>xʳF۰20k&Y{>\"3,[|Aq͉1(SR^@k5I\0\\wKH\0$vԱbAf.\Z\0W̼u,de]uh!X~>W-5f*fIS\rMW\Z2=Yeċd5Szno8$[k5Y-};kBP75	\0;5>J)N/vŮޫCszQe:MdQ\nLfJ<lso:rM&W32mǩ,hȲ/{22q+g>OcW;:&ro!=rqh³{DGYq60x_!\"Oݨ\0aZ&=}I>7-^!Gݨ\0{m@ Ir&NNZ:}7t0bT75b\rwbx*ܧkdێr)[\nN0a^4DìYs-qrی~SծO9ctڨ|Rs)ȯtr.6b}kFNtYC#2#}~r(_,^<ksZj0\r1&nkM7*涞ZJ){\"\"ΝOn^OxW(`+55\nJ6_x\0T0.z[π`f[|,:FWz6ͩ,s:{,&a\\Bp4Ṗ\r7\\l>_,mo;>nDʛԳ &>̭.k~)ZΊw7}t &p9Wnnn+E}{ݑec9vEJxW83+ї=6zU޽=_ѱq0Ig.E9v)-8=G?k_p!ˣ9=mG0WR\07}3{hwLFԵ>՝&\0Fγ_:ޯ5p:J66\r\"K\ne7>ƨ׌/Lk87OoK[+SIOZ2o~k͡ȍNvSy`)볷VѽJdG\Z?\0\'\0\0\0\0\0\0\0!1 A0Q\"@aBq\0?Ζti5HsXecOBSF\n\n1st4\"nLw7F$1>IK^c\'H1h8fW7e_l[xएBH\"oqz\'.beǎOOj%\"ħ/S]-l$,rHjV?T%\"ͬ>E\"HE#SdqEVlc,lCGE87P\Z.F*$0ՓCw6.\n?x(^r>ʡ<t\"|ē\"cs#+#L{7\0\Zcƚ6]!pQ,(b\"5DG!Ap<(ȑ\"=b}GHM(ٰXeF^F ]\r7^|,6q*cFNjkA)O{^ZVȪ&\\tͿdN1tF~8Z~ZY%#s}*&r97}n	h//\Z=9|S;TA5\"2Ql\ncilv[q}I!E}&c4fJWGIoV|U-n/ጶ&Fyԇ7pQEFӄpʯ:FzvIp?Z?R>U-6Ze|1DuXwTՕEХZc9G/ɟ~JbGDQ+n5&vpYӏ_ƾ*E𯆄\0G+B,<XB΅~>6|+r?=?^\0+\0\0\0\0\0\0\0!1 \"0AQ2@Ba#qb\0?.X⍲ye[zHoD^3<.\'7rD~8f\\,1V-=CX#D:굔U>gW0J%i&,Gun,9nx҅Q~VznL4Cᮄ֕h/?].V>xJ$+e6\Z8DS_1,b,rl\"NmrlTZ(Fщ萼ˁEX(Bt&.5)vȭJ17Xr좸DEX:H]h==(6FGȥieiZj4\\i[1\"}#Ѿ+I	jC5)fɮJ1~U+b$B\\yhƉbbb\\)&%kSG5EF&MCf֗+pI9rG\'-SbyկS)=Q{D15~kEBEz򘤢ܑd_<hY\rnH}OȆX!+_XǓ\0d#\Z$Er!Bc֫KʑQGӾƝf)\\>* _G{G얟sF	d3O3F;m:F%\0/-)\0Up^\rdjKlakF)1a.ŉGC!;ϏdLŚ٘\0-MݛYEm63dӇ\\m([&b^/KfUkOd<E&m71O9_b֬g3쟧:R(mCzl{VϋI(F]xHx71vˢ\0eZ[~E-/1-Ym+r7b^^7ܥ|&+^bOF&Y~ddڇ\0)BM䧤|ѱнρ(\\rbF-MҊIUGQdrp\\\"W-D(\'}=݊6	c\0=\0\0\0\0\0! \"102AQaq#@BR3br$PSCc\0\0?\rNoTqMx$r\nTl%[DHhVj)7k}v5N=\n=b5KOJ\'c詈_*O\ZTl~*詏28q(5HhUv5O\rn]mM0KθE{cU\"u\\NPIjTbvط\\&z\nnSU_cy3ZR~{`4\\Y,ҥcy\rLqD1ʸ8E6PeK[ -ZF̀\n\'-ؠ9hURxekm$z*kp];8%\\J.MOw7as嗝\\J[($0M:`sy&q.? \rrjeEP\\Tb٩TCdC[\\%p3p1phZuW7%]\nrA*c\\\Z-U00&8F@jo%ǩTTSvUズ%\"TR*㵷n#Tlj\\dKfUta`mꪳ{idơO\0!Lau0K/ZΚMpUVlz&rBz+t]SaXV)3(\n*j(.EԡaXS{J;<m{q+U{5l+eh[ftj.6\rtQY,p\n9ǎ\'OЮ++BUBw!8GTSUf5@-\"\0<4+ԇ;	oܤ7ErD{e{\"{HSgĤ`qn5ʜgIhR4WT1A=\"uByeި3`mEyѿI=zɝou51L\'86*V1&u;6,ԭ}Ӈ5z-y.BYp\0h]?{ftWވD@3{[Eɣ0gl⡱\'Vߩ ;)hno7\nu;}/`	`rZF,_w>!@Z!Rp(OTXE6nW\\xnR\nCR@):F&;m(vqګ\ZG|7DԎW[,C/Y_ʙP\nMӐ!\ng,1EuqdqK;\'wM0uSl;~!*1z\"0\0v^i6$g.ELiqPctP\r0WЏ8&ŇXnBuR#|6q؍r]8S_	gz^*J`6\r\"~ls<5UYA7GuUc}(/A~	^g7~[{,uq1e#M.rT7xCP\Z7wm\ncSO/$Bjm	(w!:$8i*n0iMŬc?b/ԈަCcPfNH\rM1*CrQ7,oZtK W9Zlz)TX<j*,c\"N+Um1N|=\\uHSpU0⸭J]w^\\\"	>E:!P~Љ)5v4yXftGIW,5܍~T۪\'%q-$\\K`o\0v?(0pS%2eJ5{NJCpdi+hUxM$]=Ngl͗dU$T$mWpoTOLMU-akfcU淎lTNS+gxNὤ}.N=K(m/r1O\0e3^,f+m5u\rDpNˇV~֘n}VZ\rOpЕ\rTIpsNY!U7/=ge⼿&jGf\0j!ݗ,ɤ\ZfyjV[^nEտOMJowZg\rUBmbօ3317Uj˨UJYzkǪ\Z>xRmm\ZFNj\"Xg3ULidԧ5伨N̆3q+.G.¦4O^D+̆5[W\re\0+[Uc0z{037 ,czɹtRa>Ҥ\0tT.4S\0\'@emȂ?^:ʊ~KCbQ\ZO.*qRr-5W#fψWVEW,Rj6\n9\r5#a5<|?W89R*g[\ZVZCuW$W\0ޜTk]yaR\n+МZU<}dlhW#d\n;	~\0PN%WU>7m^GN\n^%O6Bpx邫[hiݫFOZTeOѠr+sfAY4ڲ=nU\rB$ԛezNnW5J*Uٯ0 WMftV\n$\0ynM_\r͜I\0!O\rPE@\'C|B{nT~mrCsly&DR	qB2ܜ7K,xU80&\Z\roR늟	|)CAo]dh>O\rEycCw22S~)_D:4yp[o]xxPX)Mēt=)?5R@#nOtccGdF女,5\'ꔑ K6s o_%_\0.E0-^晅4IZ\"\rd677W;E*,\0^zՙ~/q\0Ģ9\Z@\'P|=IVGeNo\nktGBWh<JPp[ptˈ]Qe~G$|u;0^\Z)ľG6kcE(ZO ꫯkF ϟgR\nqD\0*Qf|/Lwa4܂-r8s3<O:`TLPb9;H ƍZU7,ßv*M=[9\rqa9cA):(͋$qV<_0:hb,V\"-\0]sHw%xo%c:3b/!Viv̈́9sOL2{e$	=3Krl`qW\0\rSso4o0\nT.镪N,\rdHm4q\Z*yaw1S8;yJTƺ)Rѣ^LA\"FO\\\n׸5ډ_SUNZ9$t\"e3j<p\n}S6\ZB#,Jbe\'{ÑoV.p#33	WZޥdap%u ꩫa&?50&C!|#ڲe8|GNfQNm\0Q;\0(\0\0\0\0\0\0\0!1AQaq 0\0\0?!cL=0D76[P}/ևKLkO\0>mޅ\0%[ZV7#im1%|%fbK{ie.}K+k18Y\ZBFsi;	ZE1}+cBB>	\"No_rD_Po5KƽJ+Dks#K܀jL#Z	=NGǡ\'J!A\"׬90$/\\	LI-!hǝk1X0>Xyv$К,dYz\ZjB2	k	CDl5b{F,Dr,itQxW,EH,y64](\Z\Z\Z>\Z7ӍH9,D6`kp$ٷg/6밈%b%D!k445_Δ$H,ZVʇ\"瘏R01+6}#-v*Q\raY*ٟWcz-q7sەLqd7/BI;ۉFMQD{($֤N֣F#mt$!e{e1zH_qJ3Z_c9I, j &BZ \Zm\'_Bee.O0ix52Kti$2(\0uqoO\"Qy{2 hzLOȑhO3\0&;\"ñ;őC(f-n \"HXcaKm>Ag+T+,ca$]:\0BXN\Z=HAhٸ/.MD$CM\r=ɉ\"Q\\\'E%~4d@ DN444EОoȊ=tܪOpmټ\'l/͊6<	)1.V=kK(2/@2\nieӗ0\0x%zdv\\Bk[,^&XV5H$%ʈ̑vɼ\r$3X\Z\n;4򉋡v&fЂ<OF\Zbd	j4:̥.\\RddEhpQJ&vMCv1Hޮ*ɐDɫwl7[\Zg\"yu	Rx F<lZ@ܟ\0FtBRo{teU$;\0iV[hv#&K-U=Bn	`[34n\'䂆\ZyClI@y\\jFxBKD-	҉C1R̓	@l0HTH6D9(֛)В	3HAF)X\ri\rtfvg`inK$1BToF\'\'QXl%1;1dC;QaDFD@\rAtbٚ^j+(#l.\nzDŁDΆ	G\"VL\"*eYr!0	#[4NC@n	]J+$\rCƲ!^	aNؚ/\"\Zѩa(Z&o(a<cfL\'용Z\Z5XyaB\Z^LR9NZ<[9IhĲd4EFYh7X,d`0PfUQbز\r{F &>!chWMH2Ot3M)\\DT&(\Z ǂ7\"ym$ucV\r7Ibq)Y`J)Xغ9A3\rD|e&6gɆ\"	$R4tXK=2&j:eCB&UІ9_+/b,rPpfw\'K<O$a_zLd=77HŏA!!@qŸ\\	#E<\nC[+SCx\'Xg\\3P[#;`E0oؚQp7T<q-I@17e\'N?i2s<EKm$.QX\Z Nߣʝcdc`_g,l5q!WؐC\r&3|H\rI\r\0B]\\ry(,.MZbJeeZehc<&?՜JbNl%uqJgP}RtEB|`{Lyƈ)[{DLaK6-	ۑ-弳Ynluc&\rajˡ8*M\\.9>y}}o10i_շO9RQЊ-%5ZX@- ^DT=X?bg&+Mn#(y&!ƙITQv{	Wcyx$.%cȱ_ԛ2%m&E)Dnf͖_sAȆxEτ+|f?yrIm-e,d9Y|$z\"F\'QC\\K\Z\'g[C-d)E,ct71[_!*GYY!]`VQip=țHF@Ʉ*{aeJ1А!I贒K6ecTBkR(Rn0);#ȬpƐ\"Lc[%3@C5X>tOl#K^)ת\\y|U`Ʉ;yrڔDp-3ɄthŎߡp;{c^]9E\'-*X2@ OwMT)N\05 KO9iBl!vt%@$l ½E\ZiNO+\0aYFFx\')u]y;]^F\r	b\04\\ֱ6 7㳑=yd1Md3Knw\nZ!0\'$a\Zk:ykO`\'~˔%MB2D|QF(pLo&nD:D	\\H$]/=ܝW+j\"]4Cw !vJ.J\\LPN42ICP 4y$Bt<0`5ۣX⒗;̇n <b67좍ވRc\Zn$;rQ$Kh\'<\nH*bZ.ZKz1]Β\nzj9]Oa\"!p\',C%ǜ۽5+D%8\rcB vO8}-؜ 9!!M,Chn|=\nenPt=ixq-3R4FQ~K&;.r\'QlR#zl %6$XVPٟa\rH8\"4j\'DH\"]ƄlExcht$.+$5,\\ʙ8}0\'#8%d4DlC~F/4<y0w}\Zd.}q\r6r4:jܕpO7s.bNVǡj_#YZ*FM!HE!tŅy84!7p\rig(b>җN*Ďz<M,y9LO,B>(E°dC=ǰ{\n\"2_pE<ޣfMgJ%!)t	2L8cRbT~`l=/\rjh[Q>qU	(۱/$\Z4>MNkjĊi6HCdr)|\\AdCqD	_&A\\na\'$](oh)J\ZkR;\npL!V5L񾭉ҷΖn`EE2!*OcӈkWb&$OlDD6Ԏ,GLw|	ycWK|lRؐZfGE-}؉&^vAFc$z\\Un/),9D9Kb|a;Q[.0*G=(v	<$RǦdK$肼ҍCc`PSSe)Ip-DJl2y\\D%w9 ͽWHZ\rH݉+J1)\Ztѵ)7\ZT$YKAJ+q\nԎњ\'*es\0b6&afpkba	C6\"okRi\Z7l;ai⽌I2a5vdḔH%d\r0<k\"H2	Db-bmFZ/\0?Y|і	{({ԿG8DӇ\"[Ȅ#a7Ԟ8B\r{ϣԄYؚ1\rr-;$lOm[%;&zГyRG>q!4]4M;8I#\"dĎyv\"vaM0WJHAn\\pIxuO5s?:ݙ\"L!_\0[\0S9LcC0· ~W$[ 1eG	fbcye,ȎztiXbjoB\"WdP$I%_Gʇիꉗ,_L{\nPK)\Z\Z0%H1N/H7\'q$	IDA,yYp		?C	[z(jw:RM}YWK}8@Y|!r%R,u,CrRH:z҆Oc*f7??9a\0(v!eM%VL?R#N\rе\Zc(->\\YIdgD6ff0~P%(Kޡ)D@I	!z-\\oZ\'II#)#\'Zk\rrj8]M\'Ȭ1-%Q8`;|\0-Q^!(>?1A<:6]fæt#S2ޠ2#[/JzR+cMj_=y1Qeو;K\0vojFbVB&c8,E[=XQ2O)ds*]Y -(*#Њ̾NY3^#8B\0W,!4V1EH[ʏ#F[#MU\nػ\"4d\rje/bg|\r#z\nCbZ!	CVI#Ih(a;DOg(ހH	f0z6H\nE3#y8;HkKvއ<hlD/CmBD%%̒R=3BǸA}c$ TlI#_:*K7Z죋8N.O}6E;4/,%\ZthBm4EP!\\HUёسih$eFX=rU{a?^#)2Z\Z<$бk0HDsCсZ5BBDa$c`Kj:HSVKlК~0s~bMC,726M+G!萅LK~Iׁ֑pYMwQMH\'E[֨.;$@_zA^`؄\Zv/5ȌRLI~\\k*M˰$$@8di1K2,>f<;A.PjI\0\Z\r8i\"z\rj:ӭM5UR7w}z8|Rs*\r5֢Ck\ZU?F8oė*vH1[u\Z81H6=D%6e22&颧;T~; X_d$$61MOwjhbY1\06i4(YPS$DnyjNF~IRk}=e[\r\"\rz_Sƭh-HI2N#W.60tcevJ,\'D)eНF`+)j&cgċ-c\ZE3.J,+zMȞ#&*J\".4o%r2}ɓ4Ӎ1Fz=W a>Za{?xǤz{ofkLK\'*CSH9RK4B\\Zi,{Ri\"LfĥLCCbAE\0\"2-)`jT23_B8SYc\'ִhBDm?\0\0\0\0\0\0,9&\06vC?+}َ`B<{=κ}j!\0)~/clKjvxC:;l\0kلkܪvՆNsCm|_;;^]rr.Y?o28;sUvg/O~|2?6s/++jwg#~l0{\0$yp_F5\00n`ј,|Oc\'o>!˒ĭ?I4qW\0etkm%o\'G4t1^A̽a#Z~a.cH;Ht}޼@syۤZڊ;F&;o}ܳ)f\06y\0<π\'?]~y\"]\0qq/{\0\0}6ߏT@wʂk?\0}T7.ŞtU[k\0%\0Nmv=x֎ \0¢[q?~5Ѝumj{Cs\rV(޹C_5~)K\'_/|\0a/>\0\'\0\0\0\0\0\0!1AQ a0q\0?|\0|}	?^ۗtɭ3˓l1oKfzedeGDBgמ%t9`>.Zpz[\\[o{i*}K9c,{jTD3~\'̤,ܳ{z+9\"/^9v~x&rA-rRZ60忘.\r^X[D{aRϠ?eifY#w9rg2|7zvHz;/`G`C\0N|, c9M,e{lS`.6,N>mlN0+L[c$Xo{<afC,N}B8:~?s;o\n͝2jRm+;-?EXlL\"m S574ˏي؟z&08Hج-Ze#ӓ>. F[~{\0,--st%?~kmvw[zv,H6썄/`/p_\n{;tޣ9<\n$$dseU[!ێ>6\rN-\"=(z䦖Ű6Ztòc/3z18nxS~%R_97kݝ,p/\0b>-d[?G:̵Not5]cr}^Z/7I\'_/q?eKQ\0M1 bYn#xG&_YX[	zIbf_ax-W|#F偯KOcy\rX~˗\rl{͟~.@;s^3/D{_ci{`{`Edy-$O~Y\'\\Cls[X3-O&~.iF%-<g?3P{F1NH&<e;,bF#sQ|\0DA獥3Osdoa2o,dKUze\0~eIX996I|, {>;^?}\0(\0\0\0\0\0\0\0!1AQ aq0\0?9k<IJ\Znv^#3z4\0ɕirmH(T%,0&\\#z	hhl̫\\T	BuL,AEJoe\\>K(b*BFV*$N5+Sn?\\%kQ]˷\n$}I8w&W.vB!r#XD˘\0ܧpx\'D^bpDpL!S1Z j$GQP*->s+@FۀTΧUx4X*P(GMEi,J75ppGq\rګR\' [SAew9!&f[FTRwJoْ;.*\rfHc1%S+0\rjİEEե\Z5	qBQ3x]@=cHC?8\\yES\ZCK΄lVblbVe	p0vjb\rb\"K`%;`߻ʧ#k[	u*06V(gfe\0;0tй	H\0p@@!\03==,]*TAlb>AZ)yGf3VN\"4Tnӿ_h7	5\rzeT|RA\0ib\0h˱HǇ2K9MfT1wd\0DH0LqQϨq(0g0b,*`vR츭X4<A%3^䥃%RP/>w8fE	(rHfH,|o~sL8?2qB./DaԳ=~YTV<nZ_5O3߈\"uL%P7pL/$ZT|(,Ӹ`2LMʓw),s^ϞC׃,-Cwq`Lggl!4}fPG3KX_&5Kn\\\n\"kHeS)+\0;\"[3H{˗yyrDga{r~(8c!5uŃtJ;Lx&f0h3sT|4p.\\5pHZY\r0 GT511^6VWVтaqO	ܯ!0eVw(1N+ÎC	r.$EB\0E+qzBr1Ô\\zS\0\'\0\0\0\0\0!1AQaq \0\0?sgJ\Zsaz\\GifhUQ֏E *\0ee\\b\0\Z\0Ѱ}\0UfV+USEbY\r\"ŕs*\n!w*8{Im*՟g:g`\"2\rV:.U2-9F~x<u`JPHtc}DNy..I2&\"JɻvDi$\0\0ߌ}0qo.ůL=@mwOE/̖>.5#U\r*k/v\nf_)\0}Qu-WP\nU2X	41̾D}El%Mdl)`\"hb$qpr˹zAsp}7PlV]\'Onűk7/#[l_1HZTGknG_ab?l,afѕ	W*@_=ǴlW\Z(yo0%\\.e`8۹Hb`ĵ\r;ǄV}a]<jGW\0\0\0V=J2>Pw*$Er\0.A(_\0~_@J-PXˠ(=صur3=2@Vp{+M\0f\r++S	\ZQM}@8?2蹴or\nx3bk_ L@^\\DA[*\"^Uh+\0(q|y+2F\nS&Ϩ	N\0ZK\r8Fcv_@SŊ%Rm:-ED@e\\Â%QGw[amv{?Q*aM>7_X%ܴh2|G#Vt@V}:UW`Wsk_pp2b+bĻ\"`Y0)I;\rP#p`l}8߉Gd-ߗ@`̭@&B!6|Sd+/PKY\0#cS\r^(\\\n[Ya/i\0^O8\n@\05n\r/\nIc*n68Xfk+ >NU\na	.(()}\'6_ET#1AoWU{\nlʅK吏c](EA.)a\n10Τ0aћUx#}\\M~eJ=GN\0sPB]fUD\nqe=6\0T0dh#\\e8Jo\0\n7z%:nqn=Lpj04ߜ^AgP1*]L  ̠*4ў^ UʚIRWi#\0LĬn6\nX<\'%GW:VrXJ~l4K]rOQhr++ja`K(+Ϲ$s{؀;YH8;;A[IzEC,hbZ=cj\04ȎJp$GoodZK#\n;2~b#K!ME=D\0zQ,0\0R胄ԣ\0eAڌUa},l#XZ\' w	]M~<DK\na\rGW22]]*]EƐ&ApE&Hhn,CV&dpмс,t_6Y_0[h]o$(0˩K*o`p\nM0Նitۂl%#w_hW`RdRv8xjR i5KKӿ$3Albeۨ-;,;=D}22q3%K|r3+Ա4M]BA%uv\0HC\0JC+ H?>\0ؠU!dJq<\\@b%r/P@=ę?PY*̧>_r\\xJa\ZLT+q RHR	\"ejAOB¦vb{-Dḱ_>&-/ڼʍrZw@-}CmDY` R9~wP)a)4V`*g#=(RPJn%A\0t۸X-\'QM\'2-GLdop&G=xNKqeN^c\n 	=D%Kbǲ+U*B6DD{XDy\rz`\Z\rA=K<	7.ﶈra(=f\rW\0s)neK)\0z\rB:ؿh\0b\0\0Dj<jm5bFoi$eR04%OQcܸ!MRP.z{vA`;Yv\'CѴ/\n>e\Z`bQ#xPXwWv<\0C]~b;&Nçyo\0}}?w9Kׂ.M`￴q̵Jgܳ^SEV +lz֎[$X?n-\ZO#X\0S\Z	tq~S8Lp/_B#\"5P)+N\\t\0(Wq\"[\nR>Pk2UICT-+9DSbdNǘP䊢VS\"*|tcAGWj\0.+q4xCB` ;e);}@nF	k\0}=AJЫIB=_\'S>zaeI8\0\0b\\ry\"v&XE楲ѐ<L\n~ac3I9B@ℸdjhb`\"ۧ^!W2\0)j7!z(\'(6;@9{ahpw(P(\n\"5O\0N>\'!x^\ZPJ@szM0)@R4VuN\\dRtMN\"u\n\'O$|Dh}4	ǞI\0߿~A@Q{?#k~4Ai@V6cW^;[f9̲R\0P[	+˄5Pw6֏;U3@OQ;5`Bk$1^Z\0(u%vL\ȑTj\0/|e+|A`&Np!ؽgl㰍B;a&␿ikm^A9q\",?LEXr-Q@QJ<ǘ((8#iw(D{q*ildr}#_BeK|B\r̮TG\0qTkde2%(}w	-@*<31@1}!@hġ#yLh\'ݏyreG;+&6Z@-!p.̩\0y\r	Cȭz%.e&8=ċrQpArH(_oǇ\re,X[G>F]ckOW@\0}J	rev33n&pQP֖0N\0/*z \"pEUV^[ơV*+\\Ҁ凥J?a@|[@d\"0RG~RZ?fs`/v7,8|1E\0\"WB\\$Hj(/qE))Q #{,Yr\rW0ufq;F\"]JEʧWv}<r`TBUAK\0R[~Ek\'\0բ\0%?1\'`Y^opÙ=,+ev\\c?o+#2! Ԫ<\ZM	eC[W\0ZDC&ˏ)^\Z܇\'TZ<L@\0&Z-DunZi\0|g\0)TXXbfTb0-bX\nDabd1o醛p*<v+2zvE]A}n\05z9xFnիvѷ=ʟ`X-P|_ɯcUQ\'nn=&\0^]OUZz%5+RXkNR_L5\\IKUc,K6W%he\\X\n\0zpyCAPP+J\n\0ABe޾O+B^Tr#[zB9a?G 1z̴*qh9:1Vlfm>0b?RޅXJ\"\08Ck~)-N>Dr*<+~cE#*D=	콬РfvpBQG5u\rP#Zt8Tf352W\"nko8kQӚ0n\nCmS\nz?I@%·X\0E RRG<i@RzWlWݿp01WTU#;gT~\nA>?Ir\0ܽw~@hSq@QYcn/ڔ\0\n >\0TG$?2?\\EGk~\"iA~Ab`B9`P&~ࢍr:ga_w~bQ`zbP\n[uwQ\nq!OFy}@M\0b\07b|w\ZFrP:Qb901Ո}xC$y#T:./be?TfD6f\0\0uu\r>1dv]vx\";\0\0?pⴳ`,3I\0,#@8P|D1EV\nE<lg)Z1 l\ZR#V)Q]AlA\0&<sLhE\ZF}J8M}IC-i_QdU۷KaPDlOp)RGKFZ_!H kܷ;Oby.qihs0]V`\0Ĳ WV)H[\\-f=#ķGDuϿ1i44nE@UqYGsGQY*6g-\'+h!B\"4$\0-ׂg1k@r׎2j6G1U\"(<\\2/*ϗe\r;c%Wp5UO^;\"WHt5$JK\Zjv𽻯%\ZTJzb@	0^MqvFc&9{En߻\'T*A_BZ\\@_@\r\rDaZAB.kza6g5[GDNDuV_g8\nbf}fjPEQ0mr?Xz/>yWCǏCs@;Հ?La]vSch? _Km=e869G㥸nw\r߸_/^))\ry!c\"2Mϼ6|Ht=(FʍZII&@j)|òRbJPEEJ헖~JF|@Uaů|\0uMdg-\Z4JSgp+xȤvkJ+0ξ_huWBBSm\ZTk1C6\0/\n4\03/i>b\0u xLLa!L#v >|CK(	J/}v\0V[d-@xd]OD8T41`eT.8PDMk)/a9h߼63J,#܂ը\"F\0c\0fP8>ԯ(AdR̽+NGd&Z$S4.\01Is--%R\r[2w\rel!d?a#AwfaP6tR5UମEW~1AvcLPm8CNO5	u̺<5auy^0D\rKJL1ʦ\Zĵ t#\r\r\"+k5qvya?ToH]n0U-*)-ޑ9Vխ[\Z!6Z2$x !4Q֪-[RQ ҵ;M>`,5Ui\Z`6\\KpiV\n\r\0**;/dUX\0@<#-ۀQG\nĮQpȆeD{v:V?˱W=\0\r:M<]%ѵdi2\"Dz\nz>WߺBίurtnTseJSTK#Eݦ\Zv\'wFR]T5}&+&i_=kd(khа%=vE62٩Dh|ܸ/~8˶S|,0A\ZiA%MĶǸry;Ci$ho6B:]xtyL:x:~ǵ*കE7@Izz)z\0#)=,zZKM\\\\&HPPX5kw\ZZ06jWG/k\'j[Xs~<p\"h<#*qr97U%cQ\rhN}IOY\'}\rѱ|3{&+v\0\Zw2Ct -e\0\"#\ZtԱiCێPR2/4)K͠|ٽѧ_zWERh~_65rhx]v(VDX^1ly (]Q\\Wrz\r+0oLJɤx\0,K)[vxU6;8z2{Ir2\\bRF=~riOul QA>N|BpY;XNWsR+}`,%Szb4/!\0\'c%\0e:#B_J+:\0IP=ލ/Q3.VهiteڇGmke&?l\n$RyOEN[WQ^Q.;HN6qCu|)\rw\0=&\0\0Zk.E@F.UK`iћ`	]:_:.GAFYejV:ASd4=~\'Ph\0	Rj7N\0\0\nH%/gPR#TWr*OċMgP|.㋩]\ZK_Nz#1J,	P=Jk#{\"&$`I2ǸLzO~lo gA;.ʥa4X]vۘCG(vӲ4tPA]1Bz>_n/ٷ[ۘG\ZN~\0c@ZWO^) A[X(,YruĶڎӾcRU3\ZG-)n&!}XN\Zp	 Pw\rDش72V0_岃E⪻]_-3pL%	ŗt܊_Q)vEmy=8a81Jسq\"D\\gM>⨥]WD+>&Eg_R{t}xDmlyPh\\OAzNGYÏlAYbݕYaD83|qPLw-I>o\r˄v\0L\0`iy\0fh$TT+z[Aˣ-Q>ze(_`{-^\Z!D!jǝ^K\09Q=\0C#2ڽD,\0bWf50\0j.*s\ZdTLl\nߞ1Nܲn*M\'5b}~R݃KKĊWI\0s\0ndaFf2ryrQtrтQ-1zlJP.ؓZ_j%p`5ix؈\05`(K  te[.Z@{B@YKD^C̲\"wN+w~g9G1[vr@~חmjU_MFA,T/6ߧg\n#`GP\\mP|=]`JfϴA*7&JAj<VR=܁ѕMT&;nR?$`gVrKz;uqL@^.i)Յ<tXmїheܼ\0-WR\"\0!y|hFb8\nSY:4wC7Rͥ۔q%\0^`ΡmPĩˌ@T\nN	B4vH[cfjEӃi0DDM-Άh@2GQI{ $r:\"Se\0\\l!\rb\'xѶ>N5uލ@ܣ#UjlRpy]Z6W[\r5~RG\rq\05#>YlXյX2BGPЋC.`,Kc\\ePc+k1\\@Z^y().`.~S1+~|_:>>o+y^Li><BR?15\001v%-e\Z8T@̙Mj$	U\Z̥ܥu6\ZiMi_GKm\0R!/@}\r5e9 pzO\0P,\0\\X90D1(t\0uX\\,G\'\ru*Kڠ\n/~c.zMz瘴\'`\Z`DspF7epcnb6Wy>D]픀ZBtz%\r#V҅MT6Z6\ng~#X\'\Z\Za/,b(-4˚Y`hϙzlDX]|s~k\n\"a<& a;˰r%Ξ+`7O+D=5i@{B.L]3-wPvih7\0,Qm2\nVwh8rОaڧ\rmWV)ybu4h|g%}cDYp8`\rU⠠@١휸]dzn桷EE\"v&FAtQ\"X\n-\\/%Տ	t/f7uc㨴::-U*GFl\06:*o)ĴQ蹗4B:>XM_~|<Թ㳭~V\"tDzk3^l()ז6y6\nw6gUD:	e\00/Sj|ZZ>Դ.^?kyy_zJ\0j˳O#g)\nBƵ=EM?y`0Ĭ|F	\0FNoR -)e\\5O6Zm^^_B%[VtO\r\"gaD!\"9%Q#T{#ȹ,<,s~\"WCEoD5&02=zt\'pps6>bOc*W/\ZnI\0= [O,f^r.\r&m_Q.ţ @95{OԺjZi{|@,B-\'}A;j-,\0WpݾnB7M8Վ8wZe	D/?\'\n&ڠ(:;x̬FvnF>!}TǤxI+W۵lCVp;`*8Im\rZtcKXN$K{lvW>d_1Lxu)ix9۫zj,ŮAuPP^1?J4-`=\ZF9m:DqK<5\0װmK@#cyCZ6?0.>?JJu)P&/lR\"j.!ZOx}hIg.hɰΉI7KU\'R{8{GJt$E78YY{ea/t 6Zz/:6*F7 tO.f><`ܜ-jw/YxEaOyJG.S;\nsqVUʼrV1J0)^0Q1FUdGXcLx%cUH2)$i2Gܦ@DNȠ\Z쨥k+cQQU^1·|ǝ{e^u׃ӫB>$@C+Zm=+DR\\u\0:d˗)i2T79&p+\0>RUUpqҴ)ksWkLXr}=\'fz~Tø\0\\ԯ\r7*\0E/$a\02kJ\Zؽ_,.Ѣ\0JTXQNpn7Q*FE1KV}2Z(ODc\n[9W\Z${\rwO]c`5GM\"Vix\0\rhHw_.tV %V0-Z;bduVD=\0B0-W\'cfPǩT p`%ˊo%J080io[,P&]d{,\0-/:\\3*cfS}G\Z)uT]mw\0Zd\n#n[`s/\0Ng%.Zy}\ZqPXDF\\lJ \nx`Y\rngtcHal\ZhS\\2,o<lb)O ^P-dA:P=µ\0^N\"lj\\s%TOWSrj\\fŗuQc~c.o.ᙄE\Zx\"	\'V^zZvː0<j\nq=EwVf6\Z|p{\'u*B~} /UOrK? DVaI_QJ}8:t=G\Zŧo;sY\nK3;:F9 1FNKۮ9Vb2lN\0\\ĩu%AW1Q3*EWXz**@,Dge!fTe5Z&x\Z6TXAJ)HJ^4-oʬ@6:GY|V\ZDC#JhuY[a,K`5t\0/rڵ-/1Wl[ -}E	AkVR-z[J*+ziE(QP6\ZX`!\010\Zw1-?q|aa\rE`k]:`Gz~b	b+h&\\jƩ^:p\\<P/ǓdU\n&en+e^C3TGj2sXwMr[UbXq.mr9,\n	]L}TUcDWkj<eKS[Rh\0U \\\0./ĶOη(j/Q+w41` `~5nbL	H\0(b(*.O}L2X\"pPAKj%\'.A~PXtAAINيdsSK|m/Kec&P7YD\"3ShFM\0රq.RBP0ڋO\0q+-	EG[Uu@PDe\Z\0]SȗM^{&a>:wZTDSQ+h*~%ЦB6f8.+\'bP\"AE$K(b9x#\"\0D%i,`eRк&\0(|cO:ыU[U?Y+PeWܡYE? Z\0t`*@eG[CAjqq4/2=~MǮÚt_+8hG*]U֭	g\r\\cjԪʭsĲ1(6@1NT/<kt5VBv-gp+	Fp|JMW`SaKi63ew nH5ioAÒƞ <	 Z,*<K-n^	[P\rǔ@*+g\\)0=0(bE;#MqeFj-tPy.sf1DA9~J0ƺHmFODmevPyK}GŢUb/fl!ȷTqUp/lq/uR⌛w	PڤJFdR#ځUp`zlMV+1l`_E3 1ZܕRa8[>vW2<侜XDRi4KSۢEEĥܰE[#c%Iή%EG8ekLVVues-{9`TKr\nݔtSbSapܼekpǚsrf5Kԧ߁BnI-W8kH<GھJW*ܱaz LJc~PpjhZv#Bǘ \0*\rP[\rv[^(3R\nK(+S8;4]\rގ2&3V(F5(Qu@I%+0iTJ D5񹾥`f2C&\\O\\y\"]Fx\0esb,r4\0 JaEXsQGs =;y!9!Xx`\nڨW.e6wq i[b>|6{,`5Zh+Z^Wr77!W2(ؓɤ\0Q;\nV7y.)~Q*%YY-OoU<c5\\ķ1iɶs/pRWhHK\Z\"5r:`?e1cB%DIk^2򉘊6%f\n`g^?g	IN3J9PxRW-`g?pۭQoL\r%12㸺<ˊpZu1Q}x*EU_kjh, N\"es_B$pͰnPeU+\n^DfUJ*A\r`=\n%8Qw\r;S)W\ZI*Nt%/hK1^ep˩qeQz.>*kh|=]å^e<^efW#lӻ*&x|gk>\nZ^.VmjrX\"i+at˴4`^hŌKpPKYrcOҌ/V>bc+Y(K[2Ŭ	ܼm̪QPDFO$y@Xe)8ATyb,+*(Ne 3Wh?Bo5\n!:tj5B@)H?δ>> ,{Ej93zQR0T]M(H$Hfhx\Z(|=DXpD?',NULL,NULL,'Captura de pantalla de 2020-02-05 19-33-00.png¿¿image/png',NULL,'Zenitsu Kimetsu no Yaiba Breath of Thunder 4K HD….jpeg¿¿image/jpeg',NULL,NULL,NULL);
/*!40000 ALTER TABLE `documentos` ENABLE KEYS */;
UNLOCK TABLES;

--
-- Table structure for table `editorial`
--

DROP TABLE IF EXISTS `editorial`;
/*!40101 SET @saved_cs_client     = @@character_set_client */;
/*!40101 SET character_set_client = utf8 */;
CREATE TABLE `editorial` (
  `ideditorial` int(30) NOT NULL AUTO_INCREMENT,
  `editorialNombre` varchar(50) NOT NULL,
  `editorialComentarios` varchar(140) DEFAULT NULL,
  PRIMARY KEY (`ideditorial`)
) ENGINE=InnoDB AUTO_INCREMENT=9 DEFAULT CHARSET=utf8;
/*!40101 SET character_set_client = @saved_cs_client */;

--
-- Dumping data for table `editorial`
--

LOCK TABLES `editorial` WRITE;
/*!40000 ALTER TABLE `editorial` DISABLE KEYS */;
REPLACE INTO `editorial` VALUES (1,'rousoes',NULL),(2,'lessss ',NULL),(3,'Delsas',NULL),(4,'NSUM',NULL),(5,'Diakonia',NULL),(6,'Herder',NULL),(7,'UCA Editores',NULL),(8,'Alfaguara',NULL);
/*!40000 ALTER TABLE `editorial` ENABLE KEYS */;
UNLOCK TABLES;

--
-- Table structure for table `editorialLibro`
--

DROP TABLE IF EXISTS `editorialLibro`;
/*!40101 SET @saved_cs_client     = @@character_set_client */;
/*!40101 SET character_set_client = utf8 */;
CREATE TABLE `editorialLibro` (
  `ideditorial` int(30) NOT NULL,
  `idLibro` int(30) NOT NULL,
  `editorialLibroComentario` varchar(145) DEFAULT NULL,
  PRIMARY KEY (`ideditorial`,`idLibro`),
  KEY `fk_editorialLibro_2_idx` (`idLibro`),
  CONSTRAINT `fk_editorialLibro_1` FOREIGN KEY (`ideditorial`) REFERENCES `editorial` (`ideditorial`) ON UPDATE CASCADE,
  CONSTRAINT `fk_editorialLibro_2` FOREIGN KEY (`idLibro`) REFERENCES `recurso` (`idrecurso`) ON UPDATE CASCADE
) ENGINE=InnoDB DEFAULT CHARSET=utf8;
/*!40101 SET character_set_client = @saved_cs_client */;

--
-- Dumping data for table `editorialLibro`
--

LOCK TABLES `editorialLibro` WRITE;
/*!40000 ALTER TABLE `editorialLibro` DISABLE KEYS */;
REPLACE INTO `editorialLibro` VALUES (1,766,''),(5,1,''),(5,1140,''),(6,1890,''),(7,98,''),(8,7663,'');
/*!40000 ALTER TABLE `editorialLibro` ENABLE KEYS */;
UNLOCK TABLES;

--
-- Table structure for table `ejemplar`
--

DROP TABLE IF EXISTS `ejemplar`;
/*!40101 SET @saved_cs_client     = @@character_set_client */;
/*!40101 SET character_set_client = utf8 */;
CREATE TABLE `ejemplar` (
  `idRecurso` int(30) NOT NULL,
  `ejemplarCorrelativo` int(30) NOT NULL,
  `ejemplarAnioDeIngreso` int(4) NOT NULL,
  `ejemplarActivo` bit(1) NOT NULL DEFAULT b'1',
  `ejemplarComentario` varchar(145) DEFAULT NULL,
  PRIMARY KEY (`idRecurso`,`ejemplarCorrelativo`),
  CONSTRAINT `fk_ejemplar_1` FOREIGN KEY (`idRecurso`) REFERENCES `recurso` (`idrecurso`) ON UPDATE CASCADE
) ENGINE=InnoDB DEFAULT CHARSET=utf8;
/*!40101 SET character_set_client = @saved_cs_client */;

--
-- Dumping data for table `ejemplar`
--

LOCK TABLES `ejemplar` WRITE;
/*!40000 ALTER TABLE `ejemplar` DISABLE KEYS */;
REPLACE INTO `ejemplar` VALUES (1,1,2020,'',NULL),(2,566,2020,'',NULL),(2,2568,2020,'',NULL),(2,5687,2020,'',NULL),(6,236,2020,'',NULL),(6,8955,2020,'',NULL),(98,98,2020,'',NULL),(766,0,2020,'',NULL),(766,30,2020,'\0',NULL),(1140,1140,2020,'',NULL),(1890,0,2020,'',NULL),(1890,1890,2020,'',NULL),(7663,7663,2020,'',NULL);
/*!40000 ALTER TABLE `ejemplar` ENABLE KEYS */;
UNLOCK TABLES;

--
-- Table structure for table `entregaUtiles`
--

DROP TABLE IF EXISTS `entregaUtiles`;
/*!40101 SET @saved_cs_client     = @@character_set_client */;
/*!40101 SET character_set_client = utf8 */;
CREATE TABLE `entregaUtiles` (
  `idEstudiante` int(30) NOT NULL,
  `año` int(4) NOT NULL,
  `idEntregante` int(30) NOT NULL,
  `idRepresentante` int(30) NOT NULL,
  `zapatos1` bit(1) NOT NULL DEFAULT b'0',
  `uniforme1` bit(1) NOT NULL DEFAULT b'0',
  `utiles1` bit(1) NOT NULL DEFAULT b'0',
  `zapatos2` bit(1) NOT NULL DEFAULT b'0',
  `uniforme2` bit(1) NOT NULL DEFAULT b'0',
  `utiles2` bit(1) NOT NULL DEFAULT b'0',
  `comentario` varchar(100) DEFAULT NULL,
  PRIMARY KEY (`idEstudiante`,`año`),
  KEY `fk_entregaUtiles_2_idx` (`idEntregante`),
  KEY `fk_entregaUtiles_3_idx` (`idRepresentante`),
  CONSTRAINT `fk_entregaUtiles_1` FOREIGN KEY (`idEstudiante`) REFERENCES `estudiante` (`idestudiante`) ON UPDATE CASCADE,
  CONSTRAINT `fk_entregaUtiles_2` FOREIGN KEY (`idEntregante`) REFERENCES `persona` (`idpersona`) ON UPDATE CASCADE,
  CONSTRAINT `fk_entregaUtiles_3` FOREIGN KEY (`idRepresentante`) REFERENCES `estudiante` (`idestudiante`) ON UPDATE CASCADE
) ENGINE=InnoDB DEFAULT CHARSET=utf8;
/*!40101 SET character_set_client = @saved_cs_client */;

--
-- Dumping data for table `entregaUtiles`
--

LOCK TABLES `entregaUtiles` WRITE;
/*!40000 ALTER TABLE `entregaUtiles` DISABLE KEYS */;
/*!40000 ALTER TABLE `entregaUtiles` ENABLE KEYS */;
UNLOCK TABLES;

--
-- Table structure for table `estudiante`
--

DROP TABLE IF EXISTS `estudiante`;
/*!40101 SET @saved_cs_client     = @@character_set_client */;
/*!40101 SET character_set_client = utf8 */;
CREATE TABLE `estudiante` (
  `idestudiante` int(30) NOT NULL,
  `estudiantePartidaNac` bit(1) NOT NULL DEFAULT b'0',
  `estudianteTipoCalle` int(1) NOT NULL,
  `estudianteRiesgoVulnerabilidad` varchar(100) DEFAULT NULL,
  `estudianteMedioTransporte` int(1) DEFAULT NULL,
  `estudianteDistanciaAlCentro` decimal(5,2) DEFAULT NULL,
  `estudianteTrabaja` bit(1) DEFAULT b'1',
  `estudianteDependenciaEconomica` varchar(45) DEFAULT NULL,
  `estudianteParvularia` bit(1) DEFAULT b'0',
  `estudianteEnfermedades` varchar(100) DEFAULT NULL,
  `estudianteMedicamentos` varchar(250) DEFAULT NULL,
  `estudianteParentescoRepresentante` varchar(45) DEFAULT NULL,
  `estudianteEsEstudiante` bit(1) NOT NULL DEFAULT b'0',
  `estudianteEscolaridad` varchar(45) NOT NULL,
  `estudianteFormaTrabajo` varchar(45) DEFAULT NULL,
  `estudianteCentroProcedencia` varchar(45) DEFAULT NULL,
  `estudianteNoPartida` varchar(45) DEFAULT NULL,
  `estudianteRepresentanteFamiliar` bit(1) DEFAULT b'0',
  `estudianteRepresentante` int(30) DEFAULT NULL,
  `estudiantePadre` int(30) DEFAULT NULL,
  `estudianteMadre` int(30) DEFAULT NULL,
  `estudianteComentario` varchar(145) DEFAULT NULL COMMENT 'Detalle de la información de los estudiantes y sus representates.',
  PRIMARY KEY (`idestudiante`),
  KEY `fk_estudiante1_2_idx` (`estudiantePadre`),
  KEY `fk_estudiante1_3_idx` (`estudianteMadre`),
  KEY `fk_estudiante1_4_idx` (`estudianteRepresentante`),
  CONSTRAINT `fk_estudiante1_1` FOREIGN KEY (`idestudiante`) REFERENCES `persona` (`idpersona`) ON UPDATE CASCADE,
  CONSTRAINT `fk_estudiante1_2` FOREIGN KEY (`estudiantePadre`) REFERENCES `persona` (`idpersona`) ON UPDATE CASCADE,
  CONSTRAINT `fk_estudiante1_3` FOREIGN KEY (`estudianteMadre`) REFERENCES `persona` (`idpersona`) ON UPDATE CASCADE,
  CONSTRAINT `fk_estudiante_1` FOREIGN KEY (`estudianteRepresentante`) REFERENCES `estudiante` (`idestudiante`) ON DELETE CASCADE ON UPDATE CASCADE
) ENGINE=InnoDB DEFAULT CHARSET=utf8;
/*!40101 SET character_set_client = @saved_cs_client */;

--
-- Dumping data for table `estudiante`
--

LOCK TABLES `estudiante` WRITE;
/*!40000 ALTER TABLE `estudiante` DISABLE KEYS */;
REPLACE INTO `estudiante` VALUES (16018,'',0,'cvxbvcvbcvbxc',3,3.00,'\0','Padre#Madre#Abuelo/a','','','','Padre','','Noveno Grado','','Centro Escolar','','',1045367070,1045367070,1045367071,''),(16019,'',1,'',0,2.00,'\0','Padre#Madre¿ ','\0','','','madre','','Noveno Grado','','centro escolar','','',1045367072,1045367074,1045367072,''),(16020,'',1,'',2,20.00,'\0','Padre#Madre','\0','','','hermano','','Noveno Grado','','65cñjxj xf o uz uhzl zllzi','','',1045367075,1045367076,1045367077,''),(16021,'',1,'no hay',1,1.00,'\0','Padre#Madre¿ ','','NINGUNA','','PADRE','','Noveno Grado','','CE SAMAFI','','\0',1045367078,1045367078,1878979878,''),(1045367070,'',1,'uuuuuuuuuuuuuuu',NULL,NULL,'\0',NULL,NULL,NULL,NULL,'Padre','\0','5','Agricultor',NULL,'','',NULL,NULL,NULL,''),(1045367072,'',1,'',NULL,NULL,'\0',NULL,NULL,NULL,NULL,'madre','\0','5','Domésticos',NULL,'','',NULL,NULL,NULL,''),(1045367075,'',0,'',NULL,NULL,'\0',NULL,NULL,NULL,NULL,'hermano','\0','8','opǘfh ṕfci',NULL,'','',NULL,NULL,NULL,''),(1045367078,'\0',0,'ADS',NULL,NULL,'\0',NULL,NULL,NULL,NULL,'PADRE','\0','6','ADSF',NULL,'','\0',NULL,NULL,NULL,'');
/*!40000 ALTER TABLE `estudiante` ENABLE KEYS */;
UNLOCK TABLES;

--
-- Table structure for table `evaluacionMaestro`
--

DROP TABLE IF EXISTS `evaluacionMaestro`;
/*!40101 SET @saved_cs_client     = @@character_set_client */;
/*!40101 SET character_set_client = utf8 */;
CREATE TABLE `evaluacionMaestro` (
  `idMaestro` int(30) NOT NULL,
  `fechaHora` datetime NOT NULL,
  `grado` int(30) NOT NULL,
  `seccion` enum('A','B','C') NOT NULL,
  `año` int(4) NOT NULL,
  `materia` int(30) NOT NULL,
  `turno` enum('M','v') NOT NULL,
  `Estudiantes` int(30) NOT NULL,
  `horaInicio` time NOT NULL,
  `horaFin` time NOT NULL,
  `unidad` varchar(45) NOT NULL,
  `objetivo` varchar(80) NOT NULL,
  `evaluador` int(30) NOT NULL,
  `faceIniciacion` longtext CHARACTER SET utf8mb4 COLLATE utf8mb4_bin NOT NULL,
  `faceDesarrollo` longtext CHARACTER SET utf8mb4 COLLATE utf8mb4_bin NOT NULL,
  `FaceCulminación` longtext CHARACTER SET utf8mb4 COLLATE utf8mb4_bin NOT NULL,
  `actitudicionales` longtext NOT NULL,
  `resumen` varchar(250) DEFAULT NULL,
  `propuestaMejora` varchar(145) DEFAULT NULL,
  `evaluacionMaestroComentario` varchar(145) DEFAULT NULL,
  `gradoModalidad` enum('C','S','G') NOT NULL,
  PRIMARY KEY (`idMaestro`,`fechaHora`,`gradoModalidad`),
  KEY `fk_evaluacionMaestro_1_idx` (`idMaestro`),
  KEY `fk_evaluacionMaestro_2` (`grado`,`seccion`,`año`,`gradoModalidad`),
  CONSTRAINT `fk_evaluacionMaestro_1` FOREIGN KEY (`idMaestro`) REFERENCES `maestro` (`idmaestro`) ON UPDATE CASCADE,
  CONSTRAINT `fk_evaluacionMaestro_2` FOREIGN KEY (`grado`, `seccion`, `año`, `gradoModalidad`) REFERENCES `grado` (`idgrado`, `gradoSeccion`, `gradoAño`, `gradoModalidad`) ON UPDATE CASCADE
) ENGINE=InnoDB DEFAULT CHARSET=utf8;
/*!40101 SET character_set_client = @saved_cs_client */;

--
-- Dumping data for table `evaluacionMaestro`
--

LOCK TABLES `evaluacionMaestro` WRITE;
/*!40000 ALTER TABLE `evaluacionMaestro` DISABLE KEYS */;
/*!40000 ALTER TABLE `evaluacionMaestro` ENABLE KEYS */;
UNLOCK TABLES;

--
-- Table structure for table `expedientePS`
--

DROP TABLE IF EXISTS `expedientePS`;
/*!40101 SET @saved_cs_client     = @@character_set_client */;
/*!40101 SET character_set_client = utf8 */;
CREATE TABLE `expedientePS` (
  `idEstudiante` int(30) NOT NULL,
  `ExpedientePsPersonasVivien` varchar(300) NOT NULL,
  `expedientePSComentario` varchar(140) DEFAULT NULL,
  PRIMARY KEY (`idEstudiante`),
  KEY `fk_expedientePS_1_idx` (`idEstudiante`),
  CONSTRAINT `fk_expedientePS_1` FOREIGN KEY (`idEstudiante`) REFERENCES `estudiante` (`idestudiante`) ON UPDATE CASCADE
) ENGINE=InnoDB DEFAULT CHARSET=utf8;
/*!40101 SET character_set_client = @saved_cs_client */;

--
-- Dumping data for table `expedientePS`
--

LOCK TABLES `expedientePS` WRITE;
/*!40000 ALTER TABLE `expedientePS` DISABLE KEYS */;
REPLACE INTO `expedientePS` VALUES (16018,'dñsfjsjnfdlavn avsi oiva siasij vp{a sj{sdjvp',''),(16019,'aualdskf',NULL);
/*!40000 ALTER TABLE `expedientePS` ENABLE KEYS */;
UNLOCK TABLES;

--
-- Table structure for table `financiamiento`
--

DROP TABLE IF EXISTS `financiamiento`;
/*!40101 SET @saved_cs_client     = @@character_set_client */;
/*!40101 SET character_set_client = utf8 */;
CREATE TABLE `financiamiento` (
  `idfinanciamiento` int(30) NOT NULL AUTO_INCREMENT,
  `financiamientoNombre` varchar(45) NOT NULL,
  `financiamientoComentario` varchar(145) DEFAULT NULL COMMENT 'Lista de las formas en las que se fiancea el pago de los cargos de los docentes.',
  PRIMARY KEY (`idfinanciamiento`)
) ENGINE=InnoDB AUTO_INCREMENT=5 DEFAULT CHARSET=utf8;
/*!40101 SET character_set_client = @saved_cs_client */;

--
-- Dumping data for table `financiamiento`
--

LOCK TABLES `financiamiento` WRITE;
/*!40000 ALTER TABLE `financiamiento` DISABLE KEYS */;
REPLACE INTO `financiamiento` VALUES (1,'MINED',NULL),(2,'CDE',NULL),(3,'Alcaldía',NULL),(4,'ONG2',NULL);
/*!40000 ALTER TABLE `financiamiento` ENABLE KEYS */;
UNLOCK TABLES;

--
-- Table structure for table `grado`
--

DROP TABLE IF EXISTS `grado`;
/*!40101 SET @saved_cs_client     = @@character_set_client */;
/*!40101 SET character_set_client = utf8 */;
CREATE TABLE `grado` (
  `idgrado` int(30) NOT NULL,
  `gradoModalidad` enum('C','S','G') NOT NULL,
  `gradoSeccion` enum('A','B','C') NOT NULL,
  `gradoAño` int(4) NOT NULL,
  `aulaGrado` int(30) NOT NULL,
  `gradoActivo` bit(1) NOT NULL,
  `gradoMaestroGuia` int(30) DEFAULT NULL,
  `gradoCoemntario` varchar(145) DEFAULT NULL COMMENT 'Historico de los grados y secciones junto a los maestros que han sido sus maestros guías.',
  PRIMARY KEY (`idgrado`,`gradoSeccion`,`gradoAño`,`gradoModalidad`),
  KEY `fk_grado_1` (`gradoMaestroGuia`),
  KEY `fk_grado_2` (`aulaGrado`),
  CONSTRAINT `fk_grado_1` FOREIGN KEY (`gradoMaestroGuia`) REFERENCES `maestro` (`idmaestro`) ON UPDATE CASCADE,
  CONSTRAINT `fk_grado_2` FOREIGN KEY (`aulaGrado`) REFERENCES `aula` (`idaula`) ON UPDATE CASCADE
) ENGINE=InnoDB DEFAULT CHARSET=utf8;
/*!40101 SET character_set_client = @saved_cs_client */;

--
-- Dumping data for table `grado`
--

LOCK TABLES `grado` WRITE;
/*!40000 ALTER TABLE `grado` DISABLE KEYS */;
REPLACE INTO `grado` VALUES (1,'C','A',2019,1,'',NULL,NULL),(1,'C','A',2020,1,'',NULL,NULL),(1,'G','A',2020,11,'',NULL,NULL),(1,'C','B',2020,2,'',NULL,NULL),(1,'G','B',2020,10,'',NULL,NULL),(2,'C','A',2020,3,'',NULL,NULL),(2,'G','A',2020,9,'',NULL,NULL),(2,'C','B',2020,4,'',NULL,NULL),(2,'G','B',2020,8,'',NULL,NULL),(3,'C','A',2020,5,'',NULL,NULL),(3,'C','B',2020,6,'',1045367087,NULL);
/*!40000 ALTER TABLE `grado` ENABLE KEYS */;
UNLOCK TABLES;

--
-- Table structure for table `gradoEvaluacion`
--

DROP TABLE IF EXISTS `gradoEvaluacion`;
/*!40101 SET @saved_cs_client     = @@character_set_client */;
/*!40101 SET character_set_client = utf8 */;
CREATE TABLE `gradoEvaluacion` (
  `idGrado` int(30) NOT NULL,
  `gradoSeccion` enum('A','B','C') NOT NULL,
  `gradoAño` int(4) NOT NULL,
  `gradoModalidad` enum('C','S','G') NOT NULL,
  `fechaEvaluacion` date NOT NULL COMMENT 'histórico de evaluaciones a cada grado del instituto.',
  `evaluador` int(30) NOT NULL,
  `organizadorLimpieza` bit(1) NOT NULL,
  `organizadorClase` bit(1) NOT NULL,
  `normas` bit(1) NOT NULL,
  `mision` bit(1) NOT NULL,
  `vision` bit(1) NOT NULL,
  `mapasRiesgo` bit(1) NOT NULL,
  `comites` bit(1) NOT NULL,
  `bienvenidos` bit(1) NOT NULL,
  `valores` bit(1) NOT NULL,
  `directiva` bit(1) NOT NULL,
  `material` bit(1) NOT NULL,
  `observacionesPositivas` varchar(145) DEFAULT NULL,
  `observacioneNegativas` varchar(145) DEFAULT NULL,
  `Recomendaciones` varchar(145) DEFAULT NULL,
  `evaluacionGradoComentario` varchar(145) DEFAULT NULL COMMENT 'Historico de evaluaciones de cada grado.',
  PRIMARY KEY (`idGrado`,`gradoSeccion`,`gradoAño`,`gradoModalidad`),
  KEY `fk_gradoEvaluacion_2_idx` (`evaluador`),
  CONSTRAINT `fk_gradoEvaluacion_1` FOREIGN KEY (`idGrado`, `gradoSeccion`, `gradoAño`, `gradoModalidad`) REFERENCES `grado` (`idgrado`, `gradoSeccion`, `gradoAño`, `gradoModalidad`) ON UPDATE CASCADE,
  CONSTRAINT `fk_gradoEvaluacion_2` FOREIGN KEY (`evaluador`) REFERENCES `persona` (`idpersona`) ON UPDATE CASCADE
) ENGINE=InnoDB DEFAULT CHARSET=utf8;
/*!40101 SET character_set_client = @saved_cs_client */;

--
-- Dumping data for table `gradoEvaluacion`
--

LOCK TABLES `gradoEvaluacion` WRITE;
/*!40000 ALTER TABLE `gradoEvaluacion` DISABLE KEYS */;
/*!40000 ALTER TABLE `gradoEvaluacion` ENABLE KEYS */;
UNLOCK TABLES;

--
-- Table structure for table `horario`
--

DROP TABLE IF EXISTS `horario`;
/*!40101 SET @saved_cs_client     = @@character_set_client */;
/*!40101 SET character_set_client = utf8 */;
CREATE TABLE `horario` (
  `idhorario` int(30) NOT NULL,
  `horaInicio` time NOT NULL,
  `horaFin` time NOT NULL,
  `horarioComentario` varchar(145) DEFAULT NULL COMMENT 'Listado de las horas en las que se dan clases durate la semana',
  PRIMARY KEY (`idhorario`)
) ENGINE=InnoDB DEFAULT CHARSET=utf8;
/*!40101 SET character_set_client = @saved_cs_client */;

--
-- Dumping data for table `horario`
--

LOCK TABLES `horario` WRITE;
/*!40000 ALTER TABLE `horario` DISABLE KEYS */;
REPLACE INTO `horario` VALUES (1,'07:15:00','08:00:00',''),(2,'08:00:00','08:45:00',''),(3,'08:45:00','09:05:00',''),(4,'09:05:00','09:50:00',''),(5,'09:50:00','10:35:00',''),(6,'10:35:00','10:45:00',''),(7,'10:45:00','11:30:00',''),(8,'11:30:00','12:15:00',''),(9,'12:15:00','13:15:00',''),(10,'13:15:00','14:00:00',''),(11,'14:00:00','14:45:00',''),(12,'14:45:00','15:00:00',''),(13,'14:00:00','15:45:00',''),(14,'15:45:00','16:30:00',''),(15,'16:30:00','17:15:00','');
/*!40000 ALTER TABLE `horario` ENABLE KEYS */;
UNLOCK TABLES;

--
-- Table structure for table `maestoCargo`
--

DROP TABLE IF EXISTS `maestoCargo`;
/*!40101 SET @saved_cs_client     = @@character_set_client */;
/*!40101 SET character_set_client = utf8 */;
CREATE TABLE `maestoCargo` (
  `idMaesto` int(30) NOT NULL,
  `idCargo` int(30) NOT NULL,
  `idNombramiento` int(30) NOT NULL,
  `idFinanciamiento` int(30) NOT NULL,
  `fechaNombramiento` date NOT NULL,
  `fechaDestitucion` date DEFAULT NULL,
  `razondestitucion` varchar(145) DEFAULT NULL,
  `maestoCargoComentario` varchar(145) DEFAULT NULL COMMENT 'Histórico de los cargos que los maestros tienen o han tenido dentro de la institucion.',
  PRIMARY KEY (`idMaesto`,`idCargo`,`idNombramiento`,`idFinanciamiento`,`fechaNombramiento`),
  KEY `fk_maestoCargo_2_idx` (`idCargo`),
  KEY `fk_maestoCargo_3_idx` (`idNombramiento`),
  KEY `fk_maestoCargo_4_idx` (`idFinanciamiento`),
  CONSTRAINT `fk_maestoCargo_1` FOREIGN KEY (`idMaesto`) REFERENCES `maestro` (`idmaestro`) ON UPDATE CASCADE,
  CONSTRAINT `fk_maestoCargo_2` FOREIGN KEY (`idCargo`) REFERENCES `cargo` (`idcargo`) ON UPDATE CASCADE,
  CONSTRAINT `fk_maestoCargo_3` FOREIGN KEY (`idNombramiento`) REFERENCES `tipoNombramiento` (`idtipoNombramiento`) ON UPDATE CASCADE,
  CONSTRAINT `fk_maestoCargo_4` FOREIGN KEY (`idFinanciamiento`) REFERENCES `financiamiento` (`idfinanciamiento`) ON UPDATE CASCADE
) ENGINE=InnoDB DEFAULT CHARSET=utf8;
/*!40101 SET character_set_client = @saved_cs_client */;

--
-- Dumping data for table `maestoCargo`
--

LOCK TABLES `maestoCargo` WRITE;
/*!40000 ALTER TABLE `maestoCargo` DISABLE KEYS */;
REPLACE INTO `maestoCargo` VALUES (1045367084,2,1,1,'2020-01-24',NULL,NULL,NULL),(1045367085,2,1,1,'2020-01-24',NULL,NULL,NULL);
/*!40000 ALTER TABLE `maestoCargo` ENABLE KEYS */;
UNLOCK TABLES;

--
-- Table structure for table `maestro`
--

DROP TABLE IF EXISTS `maestro`;
/*!40101 SET @saved_cs_client     = @@character_set_client */;
/*!40101 SET character_set_client = utf8 */;
CREATE TABLE `maestro` (
  `idmaestro` int(30) NOT NULL,
  `maestroNip` int(30) NOT NULL,
  `maestroNup` int(30) NOT NULL,
  `maestroCodigo` int(30) NOT NULL,
  `maestroPartidas` int(30) NOT NULL,
  `maestroSubnumeros` int(30) NOT NULL,
  `maestroNivel` int(30) NOT NULL,
  `maestroCategoria` int(30) NOT NULL,
  `maestroAfp` varchar(45) NOT NULL,
  `maestroBienestar` int(30) NOT NULL,
  `maestrocolTelefonoResidencia` varchar(9) NOT NULL,
  `maestroEspecialidad` int(30) NOT NULL,
  `maestroFechaMagisterio` date NOT NULL,
  `maestroFechaInstitucion` date NOT NULL,
  `maestroFechaProximoAsenso` date DEFAULT NULL,
  `maestroTurno` enum('M','V','T') NOT NULL,
  `maestroTiempoCategoria` varchar(10) NOT NULL,
  `maestroSinEscalafon` bit(1) NOT NULL DEFAULT b'1',
  `maestroTipoSalario` int(30) NOT NULL,
  `maestroUtilidadTecnologica` bit(1) NOT NULL DEFAULT b'1',
  `maestroHorasUsoTecnologia` int(30) NOT NULL DEFAULT '0',
  `maestroUsoVideoconferencias` bit(1) NOT NULL DEFAULT b'0',
  `maestroRecursosWeb` bit(1) NOT NULL DEFAULT b'1',
  `maestroCapacitacionesVirtuales` bit(1) NOT NULL DEFAULT b'1',
  `maestroComentario` varchar(45) DEFAULT NULL COMMENT 'Detalle de la información de todos los docentes de la institución.',
  PRIMARY KEY (`idmaestro`),
  KEY `fk_maestro_2_idx` (`maestroTipoSalario`),
  KEY `fk_maestro_3_idx` (`maestroEspecialidad`),
  CONSTRAINT `fk_maestro_1` FOREIGN KEY (`idmaestro`) REFERENCES `persona` (`idpersona`) ON UPDATE CASCADE,
  CONSTRAINT `fk_maestro_2` FOREIGN KEY (`maestroTipoSalario`) REFERENCES `tipoSueldos` (`idtipoSueldo`) ON UPDATE CASCADE,
  CONSTRAINT `fk_maestro_3` FOREIGN KEY (`maestroEspecialidad`) REFERENCES `tipoEspecialidades` (`idtipoEspecialidades`) ON UPDATE CASCADE
) ENGINE=InnoDB DEFAULT CHARSET=utf8;
/*!40101 SET character_set_client = @saved_cs_client */;

--
-- Dumping data for table `maestro`
--

LOCK TABLES `maestro` WRITE;
/*!40000 ALTER TABLE `maestro` DISABLE KEYS */;
REPLACE INTO `maestro` VALUES (1045367084,124596,884545,544548,2131331,315388,2,3,'Confía',2356546,'4444-4444',1,'1986-01-24','2020-01-24',NULL,'M','2','',1,'\0',0,'\0','\0','\0',''),(1045367085,8778878,78787,78787,787,787,1,1,'Confía',784555485,'3333-3333',2,'2020-01-24','2020-01-24','2020-01-24','V','1','',1,'',5,'','','',''),(1045367086,88888,88888,88888,88888,88888,2,3,'Crecer',88888,'2424-2424',7,'2020-01-24','2020-01-24','2020-01-24','T','2','',1,'',3,'\0','','\0',''),(1045367087,31132321,321312231,312123123,321231123,123312312,1,3,'Crecer',354563,'1111-1111',5,'2020-01-24','2020-01-24','2020-01-24','T','1','',2,'',15,'','','','');
/*!40000 ALTER TABLE `maestro` ENABLE KEYS */;
UNLOCK TABLES;

--
-- Table structure for table `materia`
--

DROP TABLE IF EXISTS `materia`;
/*!40101 SET @saved_cs_client     = @@character_set_client */;
/*!40101 SET character_set_client = utf8 */;
CREATE TABLE `materia` (
  `idmateria` int(30) NOT NULL AUTO_INCREMENT,
  `materiaNombre` varchar(60) NOT NULL,
  `materiaAbreviacion` varchar(45) NOT NULL,
  `tipoMateria` int(30) NOT NULL COMMENT 'Listado de las materias que se imparten en la institucion.',
  `materiaComentario` varchar(145) DEFAULT NULL,
  PRIMARY KEY (`idmateria`),
  UNIQUE KEY `materiaAbreviacion_UNIQUE` (`materiaAbreviacion`),
  KEY `fk_materia_1_idx` (`tipoMateria`),
  CONSTRAINT `fk_materia_1` FOREIGN KEY (`tipoMateria`) REFERENCES `tipoMateria` (`idtipoMateria`) ON UPDATE CASCADE
) ENGINE=InnoDB AUTO_INCREMENT=23 DEFAULT CHARSET=utf8;
/*!40101 SET character_set_client = @saved_cs_client */;

--
-- Dumping data for table `materia`
--

LOCK TABLES `materia` WRITE;
/*!40000 ALTER TABLE `materia` DISABLE KEYS */;
REPLACE INTO `materia` VALUES (1,'Matemática','MAT',1,'c0d6c8'),(2,'Lenguaje','LEN',1,'bfc4de'),(3,'Inglés','ING',1,'9dc4ae'),(4,'Informática','INF',1,'c4b0c4'),(5,'Estudios Sociales','EE.SS',1,'8e8cb3'),(6,'Educación Físiaca','EE.FF',1,'e6ddaf'),(7,'Ciencias Naturales','CC.NN',1,'cae3cb'),(8,'Moral, Urbanidad y Cívica','MUC',1,''),(9,'Orientación Para La Vida','OPV',2,'a9aed6'),(10,'Seminario','SEM',2,''),(11,'Curso de Habilidad Laboral','CHL',2,''),(12,'Tecnología I','TG1',3,''),(13,'Tecnología II','TG2',3,''),(14,'Tecnología III','TG3',3,''),(15,'Práctica Profesional I','PP1',3,''),(16,'Práctica Profesional II','PP2',3,''),(17,'Práctica Profesional III','PP3',3,''),(18,'Laboratorio de Creatividad I','LC1',3,'f0b8f0'),(19,'Laboratorio de Creatividad II','LC2',3,''),(20,'Laboratorio de Creatividad III','LC3',3,''),(21,'Contaduría','CTD',4,'b5c4ae'),(22,'General','GNL',4,'e8d0e8');
/*!40000 ALTER TABLE `materia` ENABLE KEYS */;
UNLOCK TABLES;

--
-- Table structure for table `matricula`
--

DROP TABLE IF EXISTS `matricula`;
/*!40101 SET @saved_cs_client     = @@character_set_client */;
/*!40101 SET character_set_client = utf8 */;
CREATE TABLE `matricula` (
  `idmatricula` int(30) NOT NULL,
  `matriculaAnyo` int(4) NOT NULL,
  `matriculaNivel` int(30) NOT NULL,
  `gradoModalidad` enum('C','S','G') NOT NULL,
  `matriculaSeccion` enum('A','B','C') NOT NULL DEFAULT 'A',
  `matriculaRepite` bit(1) NOT NULL,
  `matriculaComentario` varchar(140) DEFAULT NULL,
  PRIMARY KEY (`idmatricula`,`matriculaAnyo`),
  KEY `fk_matricula_1` (`matriculaNivel`,`matriculaSeccion`,`matriculaAnyo`,`gradoModalidad`),
  CONSTRAINT `fk_matricula1_1` FOREIGN KEY (`idmatricula`) REFERENCES `estudiante` (`idestudiante`) ON UPDATE CASCADE,
  CONSTRAINT `fk_matricula_1` FOREIGN KEY (`matriculaNivel`, `matriculaSeccion`, `matriculaAnyo`, `gradoModalidad`) REFERENCES `grado` (`idgrado`, `gradoSeccion`, `gradoAño`, `gradoModalidad`) ON DELETE NO ACTION ON UPDATE CASCADE
) ENGINE=InnoDB DEFAULT CHARSET=utf8;
/*!40101 SET character_set_client = @saved_cs_client */;

--
-- Dumping data for table `matricula`
--

LOCK TABLES `matricula` WRITE;
/*!40000 ALTER TABLE `matricula` DISABLE KEYS */;
REPLACE INTO `matricula` VALUES (16018,2019,1,'C','A','\0','N'),(16018,2020,2,'C','A','\0','R'),(16019,2020,1,'G','A','\0','N'),(16020,2020,2,'C','A','\0','N'),(16021,2020,1,'C','A','\0','N');
/*!40000 ALTER TABLE `matricula` ENABLE KEYS */;
UNLOCK TABLES;

--
-- Table structure for table `mestroHorarioMaterias`
--

DROP TABLE IF EXISTS `mestroHorarioMaterias`;
/*!40101 SET @saved_cs_client     = @@character_set_client */;
/*!40101 SET character_set_client = utf8 */;
CREATE TABLE `mestroHorarioMaterias` (
  `idMaestro` int(30) NOT NULL,
  `idMateria` int(30) NOT NULL COMMENT 'Detalle de las materias y horarios que cada docente imparte en la institución.',
  `idHorario` int(30) NOT NULL,
  `diaSemana` int(30) NOT NULL,
  `idGrado` int(30) NOT NULL,
  `gradoModalidad` enum('C','S','G') NOT NULL,
  `seccionGrado` enum('A','B','C') NOT NULL,
  `añoGrado` int(4) NOT NULL,
  `mestroHorarioMateriasComentarios` varchar(145) DEFAULT NULL,
  PRIMARY KEY (`idMaestro`,`idMateria`,`idHorario`,`diaSemana`,`idGrado`,`seccionGrado`,`añoGrado`,`gradoModalidad`),
  KEY `fk_mestroHorarioMaterias_2_idx` (`idMateria`),
  KEY `fk_mestroHorarioMaterias_4` (`idGrado`,`seccionGrado`,`añoGrado`,`gradoModalidad`),
  KEY `fk_mestroHorarioMaterias_3_idx` (`idHorario`),
  KEY `fk_mestroHorarioMaterias_5_idx` (`diaSemana`),
  CONSTRAINT `fk_mestroHorarioMaterias_1` FOREIGN KEY (`idMaestro`) REFERENCES `maestro` (`idmaestro`) ON UPDATE CASCADE,
  CONSTRAINT `fk_mestroHorarioMaterias_2` FOREIGN KEY (`idMateria`) REFERENCES `materia` (`idmateria`) ON UPDATE CASCADE,
  CONSTRAINT `fk_mestroHorarioMaterias_3` FOREIGN KEY (`idHorario`) REFERENCES `horario` (`idhorario`) ON UPDATE CASCADE,
  CONSTRAINT `fk_mestroHorarioMaterias_4` FOREIGN KEY (`idGrado`, `seccionGrado`, `añoGrado`, `gradoModalidad`) REFERENCES `grado` (`idgrado`, `gradoSeccion`, `gradoAño`, `gradoModalidad`) ON UPDATE CASCADE,
  CONSTRAINT `fk_mestroHorarioMaterias_5` FOREIGN KEY (`diaSemana`) REFERENCES `diasEstudio` (`idDias`) ON UPDATE CASCADE
) ENGINE=InnoDB DEFAULT CHARSET=utf8;
/*!40101 SET character_set_client = @saved_cs_client */;

--
-- Dumping data for table `mestroHorarioMaterias`
--

LOCK TABLES `mestroHorarioMaterias` WRITE;
/*!40000 ALTER TABLE `mestroHorarioMaterias` DISABLE KEYS */;
REPLACE INTO `mestroHorarioMaterias` VALUES (1045367084,1,1,1,2,'G','A',2020,NULL),(1045367084,2,2,1,1,'G','A',2020,NULL),(1045367084,2,4,1,1,'G','A',2020,NULL),(1045367084,2,5,1,2,'C','B',2020,NULL),(1045367084,2,7,1,2,'C','B',2020,NULL),(1045367084,2,8,1,2,'C','A',2020,NULL),(1045367084,2,10,1,2,'C','A',2020,NULL),(1045367084,2,11,1,1,'C','A',2020,NULL),(1045367084,2,13,1,1,'C','A',2020,NULL),(1045367084,2,14,1,1,'C','B',2020,NULL),(1045367084,2,15,1,1,'C','B',2020,NULL),(1045367084,5,1,2,1,'C','A',2020,NULL),(1045367084,5,2,2,1,'C','A',2020,NULL),(1045367084,5,4,2,1,'C','B',2020,NULL),(1045367084,5,5,2,1,'C','B',2020,NULL),(1045367084,14,7,2,3,'C','B',2020,NULL),(1045367084,14,8,2,3,'C','B',2020,NULL),(1045367085,1,2,1,2,'G','A',2020,NULL),(1045367085,1,4,1,2,'G','A',2020,NULL),(1045367085,1,5,1,1,'G','B',2020,NULL),(1045367085,1,7,1,1,'G','B',2020,NULL),(1045367085,1,7,2,1,'G','A',2020,NULL),(1045367085,1,8,1,2,'G','B',2020,NULL),(1045367085,1,8,2,1,'G','A',2020,NULL),(1045367085,1,10,1,2,'G','B',2020,NULL),(1045367085,1,11,1,1,'C','B',2020,NULL),(1045367085,1,13,1,1,'C','B',2020,NULL),(1045367085,1,14,1,2,'C','A',2020,NULL),(1045367085,1,15,1,2,'C','A',2020,NULL),(1045367085,2,1,1,1,'G','A',2020,NULL),(1045367085,3,4,2,1,'C','A',2020,NULL),(1045367085,3,5,2,1,'C','A',2020,NULL),(1045367085,11,1,2,2,'G','B',2020,NULL),(1045367085,11,2,2,2,'G','B',2020,NULL),(1045367086,5,7,1,1,'C','A',2020,NULL),(1045367086,5,8,1,1,'C','A',2020,NULL),(1045367086,5,10,1,1,'C','A',2020,NULL),(1045367086,6,5,1,3,'C','B',2020,NULL),(1045367086,7,1,1,1,'C','A',2020,NULL),(1045367086,7,1,2,1,'G','B',2020,NULL),(1045367086,7,2,1,1,'C','A',2020,NULL),(1045367086,7,2,2,1,'G','B',2020,NULL),(1045367086,7,4,1,2,'C','B',2020,NULL),(1045367086,9,14,1,1,'C','A',2020,NULL),(1045367086,9,15,1,1,'C','A',2020,NULL),(1045367086,21,11,1,3,'C','A',2020,NULL),(1045367086,21,13,1,3,'C','A',2020,NULL),(1045367087,1,2,5,1,'C','B',2020,NULL),(1045367087,1,15,5,1,'G','B',2020,NULL),(1045367087,4,1,1,3,'C','A',2020,NULL),(1045367087,4,2,1,3,'C','A',2020,NULL),(1045367087,4,4,1,1,'C','A',2020,NULL),(1045367087,4,5,1,1,'C','A',2020,NULL),(1045367087,5,1,5,3,'C','B',2020,NULL),(1045367087,7,11,1,1,'G','B',2020,NULL),(1045367087,7,13,1,1,'G','B',2020,NULL),(1045367087,10,7,1,1,'G','A',2020,NULL),(1045367087,10,8,1,1,'G','A',2020,NULL),(1045367087,12,1,2,1,'C','B',2020,NULL),(1045367087,12,2,2,1,'C','B',2020,NULL),(1045367087,14,10,1,3,'C','B',2020,NULL),(1045367087,22,14,1,2,'G','B',2020,NULL),(1045367087,22,15,1,2,'G','B',2020,NULL);
/*!40000 ALTER TABLE `mestroHorarioMaterias` ENABLE KEYS */;
UNLOCK TABLES;

--
-- Table structure for table `notificaciones`
--

DROP TABLE IF EXISTS `notificaciones`;
/*!40101 SET @saved_cs_client     = @@character_set_client */;
/*!40101 SET character_set_client = utf8 */;
CREATE TABLE `notificaciones` (
  `idnotificacion` int(30) NOT NULL AUTO_INCREMENT,
  `fechaHora` datetime NOT NULL,
  `destinatario` int(30) NOT NULL,
  `remitente` int(30) NOT NULL,
  `notificacionTitulo` varchar(140) NOT NULL,
  `notificacionCuerpo` varchar(300) NOT NULL,
  `vista` bit(1) NOT NULL,
  `notificacionComentario` varchar(145) DEFAULT NULL,
  PRIMARY KEY (`idnotificacion`),
  KEY `fk_notificaciones_1_idx` (`destinatario`,`remitente`),
  KEY `fk_notificaciones_2_idx` (`remitente`),
  CONSTRAINT `fk_notificaciones_1` FOREIGN KEY (`destinatario`) REFERENCES `persona` (`idpersona`) ON UPDATE CASCADE,
  CONSTRAINT `fk_notificaciones_2` FOREIGN KEY (`remitente`) REFERENCES `persona` (`idpersona`) ON UPDATE CASCADE
) ENGINE=InnoDB AUTO_INCREMENT=915 DEFAULT CHARSET=utf8;
/*!40101 SET character_set_client = @saved_cs_client */;

--
-- Dumping data for table `notificaciones`
--

LOCK TABLES `notificaciones` WRITE;
/*!40000 ALTER TABLE `notificaciones` DISABLE KEYS */;
REPLACE INTO `notificaciones` VALUES (888,'2020-02-03 14:48:56',1045367084,1045367073,'Se ha agregado una nueva hora clase al horario','Agregación: Martes 07:15 AM - 08:05 AM Materia: Estudios Sociales. Profesor: María Dolores. Grado: 1° TVC Contador Sección A','',' '),(889,'2020-02-03 14:54:12',1045367085,1045367073,'Seha editado el horario','Modificación: Miércoles 08:05 AM - 08:55 AM Materia: Informática. Profesor: Francisco Magaña. Grado: 3° TVC Contador Sección B','',' '),(890,'2020-02-03 14:59:25',1045367087,1045367073,'Se ha agregado una nueva hora clase al horario','Agregación: Martes 07:15 AM - 08:05 AM Materia: Tecnología I. Profesor: María Pineda. Grado: 1° TVC Contador Sección B','\0',' '),(891,'2020-02-03 14:59:53',1045367087,1045367073,'Se ha agregado una nueva hora clase al horario','Agregación: Martes 08:05 AM - 08:55 AM Materia: Tecnología I. Profesor: María Pineda. Grado: 1° TVC Contador Sección B','\0',' '),(892,'2020-02-03 15:00:16',1045367084,1045367073,'Se ha agregado una nueva hora clase al horario','Agregación: Martes 08:05 AM - 08:55 AM Materia: Estudios Sociales. Profesor: María Dolores. Grado: 1° TVC Contador Sección A','',' '),(893,'2020-02-03 15:01:01',1045367086,1045367073,'Se ha agregado una nueva hora clase al horario','Agregación: Martes 07:15 AM - 08:05 AM Materia: Ciencias Naturales. Profesor: Juan Bartanes. Grado: 1° General Sección B','',' '),(894,'2020-02-03 15:01:19',1045367086,1045367073,'Se ha agregado una nueva hora clase al horario','Agregación: Martes 08:05 AM - 08:55 AM Materia: Ciencias Naturales. Profesor: Juan Bartanes. Grado: 1° General Sección B','',' '),(895,'2020-02-03 15:05:59',1045367085,1045367083,'Se ha agregado una nueva hora clase al horario','Agregación: Martes 07:15 AM - 08:05 AM Materia: Curso de Habilidad Laboral. Profesor: Francisco Magaña. Grado: 2° General Sección B','',' '),(896,'2020-02-03 15:06:43',1045367085,1045367073,'Se ha agregado una nueva hora clase al horario','Agregación: Martes 08:05 AM - 08:55 AM Materia: Curso de Habilidad Laboral. Profesor: Francisco Magaña. Grado: 2° General Sección B','',' '),(897,'2020-02-03 15:11:07',1045367085,1045367083,'Se ha eliminado una nueva hora clase del horario','Elimnación: Miércoles 08:05 AM - 08:55 AM. Materia: Informática. Profesor: Francisco Javier Francisco Magaña. Grado: 3° TVC Contador Sección B','\0',' '),(898,'2020-02-03 15:11:48',1045367085,1045367073,'Se ha agregado una nueva hora clase al horario','Agregación: Martes 08:55 AM - 09:15 AM Materia: Inglés. Profesor: Francisco Magaña. Grado: 1° TVC Contador Sección A','',' '),(899,'2020-02-03 15:13:03',1045367084,1045367083,'Se ha agregado una nueva hora clase al horario','Agregación: Martes 08:55 AM - 09:15 AM Materia: Estudios Sociales. Profesor: María Dolores. Grado: 1° TVC Contador Sección B','',' '),(900,'2020-02-03 15:13:19',1045367085,1045367073,'Se ha agregado una nueva hora clase al horario','Agregación: Martes 09:15 AM - 10:05 AM Materia: Inglés. Profesor: Francisco Magaña. Grado: 1° TVC Contador Sección A','',' '),(901,'2020-02-03 15:14:15',1045367085,1045367073,'Se ha agregado una nueva hora clase al horario','Agregación: Martes 10:05 AM - 11:10 PM Materia: Matemática. Profesor: Francisco Magaña. Grado: 1° General Sección A','\0',' '),(902,'2020-02-03 15:14:25',1045367085,1045367085,'Solicitud exitosa','Su permiso se ha solicitado para entre las fechas: 03/02/2020 y 03/02/2020','\0',' '),(903,'2020-02-03 15:14:26',1045367083,1045367085,'Solicitud de permiso nueva','Francisco Javier Magaña Arriola ha solicitado un nuevo permiso.','',' '),(904,'2020-02-03 15:14:33',1045367084,1045367084,'Solicitud exitosa','Su permiso se ha solicitado para entre las fechas: 03/02/2020 y 03/02/2020','',' '),(905,'2020-02-03 15:14:33',1045367083,1045367084,'Solicitud de permiso nueva','María Pilar Dolores ALvarado ha solicitado un nuevo permiso.','',' '),(906,'2020-02-03 15:16:18',1045367085,1045367083,'Rechado de permiso','Laura María López Suñiga ha rechazado su solicitud de permiso. Motivo del rechazo: necesita una constancia','\0',' '),(907,'2020-02-03 15:16:26',1045367084,1045367084,'Cancelación exitosa','Ha cancelado la solicitud de permiso con fechas: 03/02/2020. La razón del cancelamiento es: 4.','',' '),(908,'2020-02-03 15:17:59',1045367085,1045367085,'Modificación de solicitud de permiso','Su permiso se ha solicitado para entre las fechas: 03/02/2020 y 03/02/2020','\0',' '),(909,'2020-02-03 15:17:59',1045367083,1045367085,'Modificaciones en una solicitud de permiso','Francisco Javier Magaña Arriola ha cambiado su solicitud de permiso.','',' '),(910,'2020-02-03 15:18:16',1045367085,1045367073,'Se ha agregado una nueva hora clase al horario','Agregación: Martes 11:10 AM - 12:00 PM Materia: Matemática. Profesor: Francisco Magaña. Grado: 1° General Sección A','',' '),(911,'2020-02-03 15:18:31',1045367085,1045367083,'Aceptación de permiso','Laura María López Suñiga ha aceptado su solicitud de permiso. ','',' '),(912,'2020-02-03 15:20:44',1045367084,1045367073,'Se ha agregado una nueva hora clase al horario','Agregación: Martes 09:15 AM - 10:05 AM Materia: Estudios Sociales. Profesor: María Dolores. Grado: 1° TVC Contador Sección B','',' '),(913,'2020-02-03 15:21:34',1045367084,1045367073,'Se ha agregado una nueva hora clase al horario','Agregación: Martes 10:05 AM - 11:10 PM Materia: Tecnología III. Profesor: María Dolores. Grado: 3° TVC Contador Sección B','',' '),(914,'2020-02-03 15:21:57',1045367084,1045367073,'Se ha agregado una nueva hora clase al horario','Agregación: Martes 11:10 AM - 12:00 PM Materia: Tecnología III. Profesor: María Dolores. Grado: 3° TVC Contador Sección B','',' ');
/*!40000 ALTER TABLE `notificaciones` ENABLE KEYS */;
UNLOCK TABLES;

--
-- Table structure for table `pais`
--

DROP TABLE IF EXISTS `pais`;
/*!40101 SET @saved_cs_client     = @@character_set_client */;
/*!40101 SET character_set_client = utf8 */;
CREATE TABLE `pais` (
  `idpais` int(30) NOT NULL,
  `paisNombre` varchar(50) NOT NULL,
  `paisComentarios` varchar(140) DEFAULT NULL,
  PRIMARY KEY (`idpais`)
) ENGINE=InnoDB DEFAULT CHARSET=utf8;
/*!40101 SET character_set_client = @saved_cs_client */;

--
-- Dumping data for table `pais`
--

LOCK TABLES `pais` WRITE;
/*!40000 ALTER TABLE `pais` DISABLE KEYS */;
REPLACE INTO `pais` VALUES (1,'Afganistán',''),(2,'Islas Gland',''),(3,'Albania',''),(4,'Alemania',''),(5,'Andorra',''),(6,'Angola',''),(7,'Anguilla',''),(8,'Antártida',''),(9,'Antigua y Barbuda',''),(10,'Antillas Holandesas',''),(11,'Arabia Saudí',''),(12,'Argelia',''),(13,'Argentina',''),(14,'Armenia',''),(15,'Aruba',''),(16,'Australia',''),(17,'Austria',''),(18,'Azerbaiyán',''),(19,'Bahamas',''),(20,'Bahréin',''),(21,'Bangladesh',''),(22,'Barbados',''),(23,'Bielorrusia',''),(24,'Bélgica',''),(25,'Belice',''),(26,'Benin',''),(27,'Bermudas',''),(28,'Bhután',''),(29,'Bolivia',''),(30,'Bosnia y Herzegovina',''),(31,'Botsuana',''),(32,'Isla Bouvet',''),(33,'Brasil',''),(34,'Brunéi',''),(35,'Bulgaria',''),(36,'Burkina Faso',''),(37,'Burundi',''),(38,'Cabo Verde',''),(39,'Islas Caimán',''),(40,'Camboya',''),(41,'Camerún',''),(42,'Canadá',''),(43,'República Centroafricana',''),(44,'Chad',''),(45,'República Checa',''),(46,'Chile',''),(47,'China',''),(48,'Chipre',''),(49,'Isla de Navidad',''),(50,'Ciudad del Vaticano',''),(51,'Islas Cocos',''),(52,'Colombia',''),(53,'Comoras',''),(54,'República Democrática del Congo',''),(55,'Congo',''),(56,'Islas Cook',''),(57,'Corea del Norte',''),(58,'Corea del Sur',''),(59,'Costa de Marfil',''),(60,'Costa Rica',''),(61,'Croacia',''),(62,'Cuba',''),(63,'Dinamarca',''),(64,'Dominica',''),(65,'República Dominicana',''),(66,'Ecuador',''),(67,'Egipto',''),(68,'El Salvador',''),(69,'Emiratos Árabes Unidos',''),(70,'Eritrea',''),(71,'Eslovaquia',''),(72,'Eslovenia',''),(73,'España',''),(74,'Islas ultramarinas de Estados Unidos',''),(75,'Estados Unidos',''),(76,'Estonia',''),(77,'Etiopía',''),(78,'Islas Feroe',''),(79,'Filipinas',''),(80,'Finlandia',''),(81,'Fiyi',''),(82,'Francia',''),(83,'Gabón',''),(84,'Gambia',''),(85,'Georgia',''),(86,'Islas Georgias del Sur y Sandwich del Sur',''),(87,'Ghana',''),(88,'Gibraltar',''),(89,'Granada',''),(90,'Grecia',''),(91,'Groenlandia',''),(92,'Guadalupe',''),(93,'Guam',''),(94,'Guatemala',''),(95,'Guayana Francesa',''),(96,'Guinea',''),(97,'Guinea Ecuatorial',''),(98,'Guinea-Bissau',''),(99,'Guyana',''),(100,'Haití',''),(101,'Islas Heard y McDonald',''),(102,'Honduras',''),(103,'Hong Kong',''),(104,'Hungría',''),(105,'India',''),(106,'Indonesia',''),(107,'Irán',''),(108,'Iraq',''),(109,'Irlanda',''),(110,'Islandia',''),(111,'Israel',''),(112,'Italia',''),(113,'Jamaica',''),(114,'Japón',''),(115,'Jordania',''),(116,'Kazajstán',''),(117,'Kenia',''),(118,'Kirguistán',''),(119,'Kiribati',''),(120,'Kuwait',''),(121,'Laos',''),(122,'Lesotho',''),(123,'Letonia',''),(124,'Líbano',''),(125,'Liberia',''),(126,'Libia',''),(127,'Liechtenstein',''),(128,'Lituania',''),(129,'Luxemburgo',''),(130,'Macao',''),(131,'ARY Macedonia',''),(132,'Madagascar',''),(133,'Malasia',''),(134,'Malawi',''),(135,'Maldivas',''),(136,'Malí',''),(137,'Malta',''),(138,'Islas Malvinas',''),(139,'Islas Marianas del Norte',''),(140,'Marruecos',''),(141,'Islas Marshall',''),(142,'Martinica',''),(143,'Mauricio',''),(144,'Mauritania',''),(145,'Mayotte',''),(146,'México',''),(147,'Micronesia',''),(148,'Moldavia',''),(149,'Mónaco',''),(150,'Mongolia',''),(151,'Montserrat',''),(152,'Mozambique',''),(153,'Myanmar',''),(154,'Namibia',''),(155,'Nauru',''),(156,'Nepal',''),(157,'Nicaragua',''),(158,'Níger',''),(159,'Nigeria',''),(160,'Niue',''),(161,'Isla Norfolk',''),(162,'Noruega',''),(163,'Nueva Caledonia',''),(164,'Nueva Zelanda',''),(165,'Omán',''),(166,'Países Bajos',''),(167,'Pakistán',''),(168,'Palau',''),(169,'Palestina',''),(170,'Panamá',''),(171,'Papúa Nueva Guinea',''),(172,'Paraguay',''),(173,'Perú',''),(174,'Islas Pitcairn',''),(175,'Polinesia Francesa',''),(176,'Polonia',''),(177,'Portugal',''),(178,'Puerto Rico',''),(179,'Qatar',''),(180,'Reino Unido',''),(181,'Reunión',''),(182,'Ruanda',''),(183,'Rumania',''),(184,'Rusia',''),(185,'Sahara Occidental',''),(186,'Islas Salomón',''),(187,'Samoa',''),(188,'Samoa Americana',''),(189,'San Cristóbal y Nevis',''),(190,'San Marino',''),(191,'San Pedro y Miquelón',''),(192,'San Vicente y las Granadinas',''),(193,'Santa Helena',''),(194,'Santa Lucía',''),(195,'Santo Tomé y Príncipe',''),(196,'Senegal',''),(197,'Serbia y Montenegro',''),(198,'Seychelles',''),(199,'Sierra Leona',''),(200,'Singapur',''),(201,'Siria',''),(202,'Somalia',''),(203,'Sri Lanka',''),(204,'Suazilandia',''),(205,'Sudáfrica',''),(206,'Sudán',''),(207,'Suecia',''),(208,'Suiza',''),(209,'Surinam',''),(210,'Svalbard y Jan Mayen',''),(211,'Tailandia',''),(212,'Taiwán',''),(213,'Tanzania',''),(214,'Tayikistán',''),(215,'Territorio Británico del Océano Índico',''),(216,'Territorios Australes Franceses',''),(217,'Timor Oriental',''),(218,'Togo',''),(219,'Tokelau',''),(220,'Tonga',''),(221,'Trinidad y Tobago',''),(222,'Túnez',''),(223,'Islas Turcas y Caicos',''),(224,'Turkmenistán',''),(225,'Turquía',''),(226,'Tuvalu',''),(227,'Ucrania',''),(228,'Uganda',''),(229,'Uruguay',''),(230,'Uzbekistán',''),(231,'Vanuatu',''),(232,'Venezuela',''),(233,'Vietnam',''),(234,'Islas Vírgenes Británicas',''),(235,'Islas Vírgenes de los Estados Unidos',''),(236,'Wallis y Futuna',''),(237,'Yemen',''),(238,'Yibuti',''),(239,'Zambia',''),(240,'Zimbabue','');
/*!40000 ALTER TABLE `pais` ENABLE KEYS */;
UNLOCK TABLES;

--
-- Table structure for table `permisos`
--

DROP TABLE IF EXISTS `permisos`;
/*!40101 SET @saved_cs_client     = @@character_set_client */;
/*!40101 SET character_set_client = utf8 */;
CREATE TABLE `permisos` (
  `ipPersona` int(30) NOT NULL,
  `permisoFechaSolicitud` date NOT NULL,
  `tipoPermiso` int(30) NOT NULL,
  `permisoFechaInicio` date NOT NULL,
  `permisoFechafin` date NOT NULL,
  `tipoPersona` int(30) NOT NULL,
  `permisosMotivo` varchar(250) DEFAULT NULL,
  `permisosEstado` enum('0','1','2','3') NOT NULL DEFAULT '0',
  `permisosSolicitante` int(30) NOT NULL,
  `permisosComentario` varchar(250) DEFAULT NULL,
  PRIMARY KEY (`ipPersona`,`permisoFechaSolicitud`,`tipoPermiso`,`permisoFechaInicio`),
  KEY `fk_permisos_2_idx` (`ipPersona`),
  KEY `fk_permisos_1_idx` (`tipoPersona`),
  KEY `fk_permisos_3_idx` (`permisosSolicitante`),
  KEY `fk_permisos_4_idx` (`tipoPermiso`),
  CONSTRAINT `fk_permisos_1` FOREIGN KEY (`ipPersona`) REFERENCES `persona` (`idpersona`) ON UPDATE CASCADE,
  CONSTRAINT `fk_permisos_2` FOREIGN KEY (`tipoPersona`) REFERENCES `tipoPersona` (`idtipoPersona`) ON DELETE CASCADE ON UPDATE CASCADE,
  CONSTRAINT `fk_permisos_3` FOREIGN KEY (`permisosSolicitante`) REFERENCES `persona` (`idpersona`) ON UPDATE CASCADE,
  CONSTRAINT `fk_permisos_4` FOREIGN KEY (`tipoPermiso`) REFERENCES `tipoPermiso` (`idtipoPermiso`) ON DELETE NO ACTION ON UPDATE NO ACTION
) ENGINE=InnoDB DEFAULT CHARSET=utf8;
/*!40101 SET character_set_client = @saved_cs_client */;

--
-- Dumping data for table `permisos`
--

LOCK TABLES `permisos` WRITE;
/*!40000 ALTER TABLE `permisos` DISABLE KEYS */;
REPLACE INTO `permisos` VALUES (1045367084,'2020-02-03',3,'2020-02-03','2020-02-03',4,NULL,'3',1045367084,'0¿¿1¿¿¿¿4'),(1045367085,'2020-02-03',1,'2020-02-03','2020-02-03',4,NULL,'1',1045367085,'1¿¿0¿¿¿¿');
/*!40000 ALTER TABLE `permisos` ENABLE KEYS */;
UNLOCK TABLES;

--
-- Table structure for table `persona`
--

DROP TABLE IF EXISTS `persona`;
/*!40101 SET @saved_cs_client     = @@character_set_client */;
/*!40101 SET character_set_client = utf8 */;
CREATE TABLE `persona` (
  `idpersona` int(30) NOT NULL,
  `PersonaNombre` varchar(45) NOT NULL,
  `personaApellido` varchar(45) NOT NULL,
  `personaNacimiento` date DEFAULT NULL,
  `personaDireccion` varchar(250) DEFAULT NULL,
  `personaTelefono` varchar(9) DEFAULT NULL,
  `personaCodigoResidencia` int(4) DEFAULT NULL,
  `personaZonaVivienda` int(1) DEFAULT NULL,
  `personaLugarNac` varchar(100) DEFAULT NULL,
  `personaContrasenya` varchar(60) DEFAULT NULL,
  `personaOCupacion` varchar(50) DEFAULT NULL,
  `tipoPersona` int(30) DEFAULT NULL,
  `personaActivo` bit(1) NOT NULL DEFAULT b'0',
  `personaNit` varchar(20) DEFAULT NULL,
  `personaSexo` bit(1) DEFAULT b'0',
  `personaEstadoFamiliar` int(1) DEFAULT NULL,
  `personaNacionalidad` varchar(45) DEFAULT NULL,
  `personaEmail` varchar(45) DEFAULT NULL,
  `personaDiscapacidades` varchar(250) DEFAULT NULL,
  `personaComentarios` varchar(250) DEFAULT NULL COMMENT 'Detalle de la información relevante de todo el recurso humano de la institución.',
  PRIMARY KEY (`idpersona`),
  KEY `fk_persona_1_idx` (`tipoPersona`),
  CONSTRAINT `fk_persona_1` FOREIGN KEY (`tipoPersona`) REFERENCES `tipoPersona` (`idtipoPersona`) ON UPDATE CASCADE
) ENGINE=InnoDB DEFAULT CHARSET=utf8;
/*!40101 SET character_set_client = @saved_cs_client */;

--
-- Dumping data for table `persona`
--

LOCK TABLES `persona` WRITE;
/*!40000 ALTER TABLE `persona` DISABLE KEYS */;
REPLACE INTO `persona` VALUES (16018,'Francisco Antonio','Regalado Cruz','1999-01-16','Texistepeque Santa ana','7000-0001',0,1,'02#13','8d2a5f7d4afa5d0530789d3066945330','Estudiante',8,'','','\0',0,'Salvadoreña','yopooopo@gmail.com','',''),(16019,'Rigoberto Alexander','Cárcamo Murga','1998-08-13','santa ana texistepeque','',0,2,'02#13','5218f316b3f85b751c613a06aa18010d','',8,'','','\0',0,'Salvadoreña','','',''),(16020,'Andrea Johana','Pleitez Alcántara','2000-09-23','santa ana metapán','',0,0,'02#07','ac2a728f9f17b5d860b6dabd80a5162f','Estudiante',8,'','','',0,'Salvadoreña','','',''),(16021,'ANA','GONZALEZ','1992-01-15','texis','7776-7767',0,1,'05#05','b075703bbe07a50ddcccfaac424bb6d9','',8,'','1246-545645-456-4','',0,'Salvadoreña','gasd','NO',''),(1045367070,'Jorge Agustín','Pereira cruz','1988-12-04','6666666666666666','7888-8888',0,0,'01#01','ab8a338aa2b1da6d97c11ba6e67be768','Agricultor',9,'','','\0',0,'Salvadoreña','','',''),(1045367071,'Sandra Andaya','Cruz Fuentes',NULL,NULL,'4564-5656',NULL,NULL,NULL,'cd9187113425eae93d8116205d03bdde',NULL,NULL,'\0',NULL,NULL,NULL,NULL,NULL,NULL,NULL),(1045367072,'Ana Lidia','Cárcamo Flores','1975-07-15','texistepeque santa ana','6666-6666',0,1,'02#13','7845e7b45be70d2391a2b16c2ffb68e3','',9,'','','',1,'Salvadoreña','','',''),(1045367073,'Guillermo Aldolfo','Delsas Murcia','1991-01-17','texistepeque Santa ana','7033-7878',0,0,'02#13','02951a6cb9595ef475fed783e59c687e','Ingeniero de Sistemas Informáticos',1,'','0213-170191-102-9','\0',0,'Salvadoreña','guillermox020@gmail.com',NULL,NULL),(1045367074,'Adán Rigoberto','Flores Colsí',NULL,'','4555-5555',0,0,' # ','630abdfb00098f16ba48450363d8d64d','',11,'\0',NULL,'',0,'Salvadoreña',NULL,'',''),(1045367075,'Pablo José','Martínez Córdova','1985-11-22','santa ana texistepeque','9999-9999',0,0,'02#13','13f93ad73a8401c8735cc30fd70c7698','',9,'','','\0',0,'Salvadoreña','','',''),(1045367076,'Juan Sigfredo','Arriola Sagastume',NULL,'','6444-4444',0,0,' # ','ea519761c0e00b5ae877cbfce9ce697a','',11,'\0',NULL,'',0,'Salvadoreña',NULL,'',''),(1045367077,'Venancia María','Rosales Mata',NULL,'','7856-4666',0,0,' # ','2161b146f79c6a1b733b60a8e0ef7175','',10,'\0',NULL,'',0,'Salvadoreña',NULL,'',''),(1045367078,'ALGO','KJL','2020-01-09','AASDF','7676-7676',0,0,'06#03','b5f3b2cc02b99130ed22362b7af8f69f','',9,'','7989-898987-987-9','\0',1,'Salvadoreña','ADSFADS','',''),(1045367080,'María Carmen','Peña Cárcamo','1990-06-20','santa ana santa ana santa ana','9999-9999',0,1,'02#10','6e80cf219e79bc8a8d83ce9a5b757f64','Licenciada en administración de Empresas',6,'','9999-999999-999-9','',0,'Salvadoreña','99999999999@gmail.com','',''),(1045367081,'Hugo Daniel','Flores Diaz','1989-08-12','ahuachapan ahuachapan','8888-8888',0,1,'01#01','ad9f88eb26394a8ad9f46975cf79a133','Abogado',5,'','8888-888888-888-8','\0',0,'Salvadoreña','888888888@gmail.com','',''),(1045367082,'José Antonio','Murcia Pérez','1979-07-15','sonsonate sonsonate','7777-7777',0,1,'03#01','5f04b909d4b1bca2e6e57dbbf7208c51','profesor',7,'','7777-777777-777-7','\0',1,'Salvadoreña','77777777@gmail.com','',''),(1045367083,'Laura María','López Suñiga','1960-04-15','santa ana el porvenir','5555-5555',0,1,'02#05','a6ba5f99ff9616298b2212c76ea111dc','profesora',2,'','6666-666666-666-6','',1,'Salvadoreña','555555555@gmail.com','',''),(1045367084,'María Pilar','Dolores ALvarado','1956-01-13','santa ana texistepeque','4444-4444',213,1,'02#13','0c979466ac54e4b96f3f5c832e126941','profesora en matemáticas',4,'','4444-444444-444-4','',1,'Salvadoreña','444444444@gmail.com','',''),(1045367085,'Francisco Javier','Magaña Arriola','1988-05-25','santa ana coatepeque','3333-3333',206,0,'02#03','ff0c210fd0f86b21bc0497faef184c7b','profesor',4,'','3333-333333-333-3','\0',0,'Salvadoreña','333333333@gmail.com','',''),(1045367086,'Juan Manuel','Bartanes Pilar','1990-11-15','cuscatlan monte san juan','2222-2222',780,1,'05#05','f59bc51b847690dce791fce5f7179e04','Administrador de empresas',4,'','2222-222222-222-2','\0',1,'Salvadoreña','222222222@gmail.com','',''),(1045367087,'María Dolores','Pineda Mata','1983-07-15','santa ana metapán','1111-1111',210,1,'02#07','ee17cb731e48303aafe44cfe78c25853','profesora',4,'','1111-111111-111-1','',1,'Salvadoreña','111111111@gmail.com','',''),(1045367088,'Laura Isabel','Pneda Rosell','1981-05-10','santa ana santa ana','0000-0000',0,1,'02#10','c95b8be4befbee1a550a06fd19ed251a','Psicóloga',14,'','0000-000000-000-0','',1,'Salvadoreña','00000000@gmail.com','',''),(1045367089,'Álvaro Mateo','Cienfuegos Altamirano','1970-12-12','santa ana Texistepeque','4444-4444',0,0,'02#13','d5367241b0f4893393b6bc984029e999','Jornalero',15,'','4444-444444-444-4','\0',1,'Salvadoreña','444444444@gmail.com','',''),(1045367090,'Pablo Alejandro','Martínez Santos','1960-03-01','sonsonate acajutla','9999-8888',0,0,'03#01','8912074c9b782911ff4f5585c747c132','Técnico en reparación de computadoras',12,'','9999-999888-888-8','\0',1,'Salvadoreña','999988888@gmail.com','',''),(1045367091,'Alba Lucía','Aybara Campos','1988-12-30','cuscatlán cuscatlán','8888-8999',0,1,'05#02','f0ee269fcf3f4b1f8883aab03e6a7919','Secretaria',13,'','8888-888888-999-9','',1,'Salvadoreña','888888899999999@gmail.com','',''),(1878979878,'ASD','RRR',NULL,'','6565-6556',0,0,' # ','8f6f215a557810bac37011f69ba876bf','',10,'\0',NULL,'',0,'Salvadoreña',NULL,'','');
/*!40000 ALTER TABLE `persona` ENABLE KEYS */;
UNLOCK TABLES;

--
-- Table structure for table `personasReserva`
--

DROP TABLE IF EXISTS `personasReserva`;
/*!40101 SET @saved_cs_client     = @@character_set_client */;
/*!40101 SET character_set_client = utf8 */;
CREATE TABLE `personasReserva` (
  `idReserva` int(30) NOT NULL,
  `idpersona` int(30) NOT NULL,
  `personasReservaComentario` varchar(145) DEFAULT NULL,
  PRIMARY KEY (`idReserva`,`idpersona`),
  KEY `fk_personasReserva_1_idx` (`idpersona`),
  CONSTRAINT `fk_personasReserva_1` FOREIGN KEY (`idpersona`) REFERENCES `persona` (`idpersona`) ON UPDATE CASCADE,
  CONSTRAINT `fk_personasReserva_2` FOREIGN KEY (`idReserva`) REFERENCES `reserva` (`idreserva`) ON UPDATE CASCADE
) ENGINE=InnoDB DEFAULT CHARSET=utf8;
/*!40101 SET character_set_client = @saved_cs_client */;

--
-- Dumping data for table `personasReserva`
--

LOCK TABLES `personasReserva` WRITE;
/*!40000 ALTER TABLE `personasReserva` DISABLE KEYS */;
/*!40000 ALTER TABLE `personasReserva` ENABLE KEYS */;
UNLOCK TABLES;

--
-- Table structure for table `proyectoPedagogico`
--

DROP TABLE IF EXISTS `proyectoPedagogico`;
/*!40101 SET @saved_cs_client     = @@character_set_client */;
/*!40101 SET character_set_client = utf8 */;
CREATE TABLE `proyectoPedagogico` (
  `idproyectoPedagogico` int(30) NOT NULL AUTO_INCREMENT,
  `nombreProyecto` varchar(100) NOT NULL,
  `beneficiarios` varchar(300) DEFAULT NULL,
  `duracion` varchar(30) DEFAULT NULL,
  `diagnostico` text,
  `objetivoGeneral` varchar(100) NOT NULL,
  `objetivoEspecifico` varchar(100) DEFAULT NULL,
  `justificacion` text,
  `metodologia` text NOT NULL,
  `actividades` text NOT NULL,
  `recursoHumano` varchar(300) DEFAULT NULL,
  `recursoMaterial` varchar(300) DEFAULT NULL,
  `recursoFinanciero` varchar(300) DEFAULT NULL,
  `seguimiento` text,
  `productoEsperado` text,
  `proyectoPedagogicoComentario` varchar(300) DEFAULT NULL,
  PRIMARY KEY (`idproyectoPedagogico`)
) ENGINE=InnoDB DEFAULT CHARSET=utf8;
/*!40101 SET character_set_client = @saved_cs_client */;

--
-- Dumping data for table `proyectoPedagogico`
--

LOCK TABLES `proyectoPedagogico` WRITE;
/*!40000 ALTER TABLE `proyectoPedagogico` DISABLE KEYS */;
/*!40000 ALTER TABLE `proyectoPedagogico` ENABLE KEYS */;
UNLOCK TABLES;

--
-- Table structure for table `recurso`
--

DROP TABLE IF EXISTS `recurso`;
/*!40101 SET @saved_cs_client     = @@character_set_client */;
/*!40101 SET character_set_client = utf8 */;
CREATE TABLE `recurso` (
  `idrecurso` int(30) NOT NULL,
  `nombre` varchar(100) NOT NULL,
  `categoria` int(30) DEFAULT NULL,
  `idTipoRecurso` int(30) NOT NULL,
  `tipoCargo` int(30) NOT NULL,
  `pais` int(30) DEFAULT NULL,
  `activo` bit(1) DEFAULT NULL,
  `valorUnitario` float DEFAULT NULL,
  `estadoFisico` enum('R','B') NOT NULL,
  `tipoValor` enum('REAL','ESTIMADO') NOT NULL,
  `modelo` varchar(45) DEFAULT NULL,
  `recursoComentarios` varchar(140) DEFAULT NULL,
  PRIMARY KEY (`idrecurso`),
  KEY `fk_recurso_1_idx` (`idTipoRecurso`),
  KEY `fk_recurso_3_idx` (`pais`),
  KEY `fk_recurso_4_idx` (`categoria`),
  KEY `fk_recurso_2_idx` (`tipoCargo`),
  CONSTRAINT `fk_recurso_1` FOREIGN KEY (`idTipoRecurso`) REFERENCES `tipoRecurso` (`idtipoRecurso`) ON UPDATE CASCADE,
  CONSTRAINT `fk_recurso_2` FOREIGN KEY (`tipoCargo`) REFERENCES `tipoCargo` (`idtipoCargo`) ON UPDATE CASCADE,
  CONSTRAINT `fk_recurso_3` FOREIGN KEY (`pais`) REFERENCES `pais` (`idpais`) ON UPDATE CASCADE,
  CONSTRAINT `fk_recurso_4` FOREIGN KEY (`categoria`) REFERENCES `categoria` (`idcategoria`) ON UPDATE CASCADE
) ENGINE=InnoDB DEFAULT CHARSET=utf8;
/*!40101 SET character_set_client = @saved_cs_client */;

--
-- Dumping data for table `recurso`
--

LOCK TABLES `recurso` WRITE;
/*!40000 ALTER TABLE `recurso` DISABLE KEYS */;
REPLACE INTO `recurso` VALUES (1,'10 pasos para una mejor calidad de vida',100,3,1,68,'',10,'B','REAL','1',NULL),(2,'Cañon multimedia',NULL,1,1,NULL,'',325,'B','ESTIMADO','',NULL),(6,'Microscopio',NULL,2,3,NULL,'',356,'B','ESTIMADO','',NULL),(98,'No me agarran viva',900,3,1,68,'',3,'B','REAL','10',NULL),(766,'HOLALIBRO',0,3,1,2,'\0',67.8,'B','REAL','1234',NULL),(1140,'Luciernagas en El Mozote',800,3,1,68,'',12.85,'B','REAL','11',NULL),(1890,'El Arte de amargarse la vida',100,3,1,68,'',20.9,'B','REAL','1',NULL),(7663,'El libro de la selva',700,3,3,73,'',19.99,'B','REAL','2',NULL);
/*!40000 ALTER TABLE `recurso` ENABLE KEYS */;
UNLOCK TABLES;

--
-- Table structure for table `reserva`
--

DROP TABLE IF EXISTS `reserva`;
/*!40101 SET @saved_cs_client     = @@character_set_client */;
/*!40101 SET character_set_client = utf8 */;
CREATE TABLE `reserva` (
  `idreserva` int(30) NOT NULL AUTO_INCREMENT,
  `reservaFecha` datetime NOT NULL,
  `reservaEntrega` datetime NOT NULL,
  `reservaDevolucion` datetime NOT NULL,
  `tipoRecurso` int(30) NOT NULL,
  `tipoReserva` int(30) NOT NULL,
  `TipoProyecto` int(30) DEFAULT NULL,
  `reservaEstado` enum('S','E','D','R','C','A') NOT NULL,
  `reservaDevuelto` datetime DEFAULT NULL,
  `docente` int(30) DEFAULT NULL,
  `maeria` int(30) DEFAULT NULL,
  `tema` varchar(45) DEFAULT NULL,
  `objetivoTema` varchar(300) DEFAULT NULL,
  `observacionEntrega` varchar(250) DEFAULT NULL,
  `observacionDevolucion` varchar(250) DEFAULT NULL,
  `entregante` int(30) DEFAULT NULL,
  `recibe` int(30) DEFAULT NULL,
  `reservaComentario` varchar(300) DEFAULT NULL,
  PRIMARY KEY (`idreserva`),
  KEY `fk_reserva_1_idx` (`tipoReserva`),
  KEY `fk_reserva_2_idx` (`docente`),
  KEY `fk_reserva_3_idx` (`maeria`),
  KEY `fk_reserva_4_idx` (`TipoProyecto`),
  KEY `fk_reserva_5_idx` (`entregante`),
  KEY `fk_reserva_6_idx` (`recibe`),
  KEY `fk_reserva_7_idx` (`tipoRecurso`),
  CONSTRAINT `fk_reserva_1` FOREIGN KEY (`tipoReserva`) REFERENCES `tipoReserva` (`idtipoReserva`) ON UPDATE CASCADE,
  CONSTRAINT `fk_reserva_2` FOREIGN KEY (`docente`) REFERENCES `maestro` (`idmaestro`) ON UPDATE CASCADE,
  CONSTRAINT `fk_reserva_3` FOREIGN KEY (`maeria`) REFERENCES `materia` (`idmateria`) ON UPDATE CASCADE,
  CONSTRAINT `fk_reserva_4` FOREIGN KEY (`TipoProyecto`) REFERENCES `tipoProyecto` (`idtipoProyecto`) ON UPDATE CASCADE,
  CONSTRAINT `fk_reserva_5` FOREIGN KEY (`entregante`) REFERENCES `persona` (`idpersona`) ON DELETE NO ACTION ON UPDATE CASCADE,
  CONSTRAINT `fk_reserva_6` FOREIGN KEY (`recibe`) REFERENCES `persona` (`idpersona`) ON DELETE NO ACTION ON UPDATE CASCADE,
  CONSTRAINT `fk_reserva_7` FOREIGN KEY (`tipoRecurso`) REFERENCES `tipoRecurso` (`idtipoRecurso`) ON UPDATE CASCADE
) ENGINE=InnoDB DEFAULT CHARSET=utf8;
/*!40101 SET character_set_client = @saved_cs_client */;

--
-- Dumping data for table `reserva`
--

LOCK TABLES `reserva` WRITE;
/*!40000 ALTER TABLE `reserva` DISABLE KEYS */;
/*!40000 ALTER TABLE `reserva` ENABLE KEYS */;
UNLOCK TABLES;

--
-- Table structure for table `reservaDetalle`
--

DROP TABLE IF EXISTS `reservaDetalle`;
/*!40101 SET @saved_cs_client     = @@character_set_client */;
/*!40101 SET character_set_client = utf8 */;
CREATE TABLE `reservaDetalle` (
  `idRecurso` int(30) NOT NULL,
  `ejemplarCorrelativo` int(30) NOT NULL,
  `reservaDetalleComentario` varchar(145) DEFAULT NULL,
  `idReserva` int(30) NOT NULL,
  PRIMARY KEY (`idRecurso`,`ejemplarCorrelativo`,`idReserva`),
  KEY `fk_reservaDetalle_2_idx` (`idRecurso`,`ejemplarCorrelativo`),
  KEY `fk_reservaDetalle_1_idx` (`idReserva`),
  CONSTRAINT `fk_reservaDetalle_1` FOREIGN KEY (`idReserva`) REFERENCES `reserva` (`idreserva`) ON UPDATE CASCADE,
  CONSTRAINT `fk_reservaDetalle_2` FOREIGN KEY (`idRecurso`, `ejemplarCorrelativo`) REFERENCES `ejemplar` (`idRecurso`, `ejemplarCorrelativo`) ON DELETE NO ACTION ON UPDATE NO ACTION
) ENGINE=InnoDB DEFAULT CHARSET=utf8;
/*!40101 SET character_set_client = @saved_cs_client */;

--
-- Dumping data for table `reservaDetalle`
--

LOCK TABLES `reservaDetalle` WRITE;
/*!40000 ALTER TABLE `reservaDetalle` DISABLE KEYS */;
/*!40000 ALTER TABLE `reservaDetalle` ENABLE KEYS */;
UNLOCK TABLES;

--
-- Table structure for table `reservaXpedagogia`
--

DROP TABLE IF EXISTS `reservaXpedagogia`;
/*!40101 SET @saved_cs_client     = @@character_set_client */;
/*!40101 SET character_set_client = utf8 */;
CREATE TABLE `reservaXpedagogia` (
  `idProyectoPedagogico` int(30) NOT NULL,
  `idReserva` int(30) NOT NULL,
  `reservaXpedagogiaComentario` varchar(145) DEFAULT NULL,
  PRIMARY KEY (`idProyectoPedagogico`,`idReserva`),
  KEY `fk_reservaXpedagogia_2_idx` (`idReserva`),
  CONSTRAINT `fk_reservaXpedagogia_1` FOREIGN KEY (`idProyectoPedagogico`) REFERENCES `proyectoPedagogico` (`idproyectoPedagogico`) ON UPDATE CASCADE,
  CONSTRAINT `fk_reservaXpedagogia_2` FOREIGN KEY (`idReserva`) REFERENCES `reserva` (`idreserva`) ON UPDATE CASCADE
) ENGINE=InnoDB DEFAULT CHARSET=utf8;
/*!40101 SET character_set_client = @saved_cs_client */;

--
-- Dumping data for table `reservaXpedagogia`
--

LOCK TABLES `reservaXpedagogia` WRITE;
/*!40000 ALTER TABLE `reservaXpedagogia` DISABLE KEYS */;
REPLACE INTO `reservaXpedagogia` VALUES (1,6,''),(1,7,'');
/*!40000 ALTER TABLE `reservaXpedagogia` ENABLE KEYS */;
UNLOCK TABLES;

--
-- Table structure for table `solicitudReserva`
--

DROP TABLE IF EXISTS `solicitudReserva`;
/*!40101 SET @saved_cs_client     = @@character_set_client */;
/*!40101 SET character_set_client = utf8 */;
CREATE TABLE `solicitudReserva` (
  `idRecurso` int(30) NOT NULL,
  `idReserva` int(30) NOT NULL,
  `solicitudReservaComentario` varchar(145) DEFAULT NULL,
  PRIMARY KEY (`idRecurso`,`idReserva`),
  KEY `fk_solicitudReserva_2_idx` (`idRecurso`),
  KEY `fk_solicitudReserva_1_idx` (`idReserva`),
  CONSTRAINT `fk_solicitudReserva_1` FOREIGN KEY (`idReserva`) REFERENCES `reserva` (`idreserva`) ON UPDATE CASCADE,
  CONSTRAINT `fk_solicitudReserva_2` FOREIGN KEY (`idRecurso`) REFERENCES `recurso` (`idrecurso`) ON UPDATE CASCADE
) ENGINE=InnoDB DEFAULT CHARSET=utf8;
/*!40101 SET character_set_client = @saved_cs_client */;

--
-- Dumping data for table `solicitudReserva`
--

LOCK TABLES `solicitudReserva` WRITE;
/*!40000 ALTER TABLE `solicitudReserva` DISABLE KEYS */;
/*!40000 ALTER TABLE `solicitudReserva` ENABLE KEYS */;
UNLOCK TABLES;

--
-- Table structure for table `tema`
--

DROP TABLE IF EXISTS `tema`;
/*!40101 SET @saved_cs_client     = @@character_set_client */;
/*!40101 SET character_set_client = utf8 */;
CREATE TABLE `tema` (
  `idPersona` int(30) NOT NULL,
  `temaNombre` varchar(140) NOT NULL,
  `temaComentario` varchar(145) DEFAULT NULL,
  PRIMARY KEY (`idPersona`),
  CONSTRAINT `fk_tema_1` FOREIGN KEY (`idPersona`) REFERENCES `persona` (`idpersona`) ON DELETE CASCADE ON UPDATE CASCADE
) ENGINE=InnoDB DEFAULT CHARSET=utf8;
/*!40101 SET character_set_client = @saved_cs_client */;

--
-- Dumping data for table `tema`
--

LOCK TABLES `tema` WRITE;
/*!40000 ALTER TABLE `tema` DISABLE KEYS */;
REPLACE INTO `tema` VALUES (1045367073,'humanity','');
/*!40000 ALTER TABLE `tema` ENABLE KEYS */;
UNLOCK TABLES;

--
-- Table structure for table `tipoCargo`
--

DROP TABLE IF EXISTS `tipoCargo`;
/*!40101 SET @saved_cs_client     = @@character_set_client */;
/*!40101 SET character_set_client = utf8 */;
CREATE TABLE `tipoCargo` (
  `idtipoCargo` int(30) NOT NULL AUTO_INCREMENT,
  `nombre` varchar(100) NOT NULL,
  `tipoCargoComentario` varchar(145) DEFAULT NULL,
  PRIMARY KEY (`idtipoCargo`),
  UNIQUE KEY `idtipoCargo_UNIQUE` (`idtipoCargo`)
) ENGINE=InnoDB AUTO_INCREMENT=4 DEFAULT CHARSET=utf8;
/*!40101 SET character_set_client = @saved_cs_client */;

--
-- Dumping data for table `tipoCargo`
--

LOCK TABLES `tipoCargo` WRITE;
/*!40000 ALTER TABLE `tipoCargo` DISABLE KEYS */;
REPLACE INTO `tipoCargo` VALUES (1,'Fondos Propios',NULL),(2,'Actividades de la institución',NULL),(3,'Donación',NULL);
/*!40000 ALTER TABLE `tipoCargo` ENABLE KEYS */;
UNLOCK TABLES;

--
-- Table structure for table `tipoEspecialidades`
--

DROP TABLE IF EXISTS `tipoEspecialidades`;
/*!40101 SET @saved_cs_client     = @@character_set_client */;
/*!40101 SET character_set_client = utf8 */;
CREATE TABLE `tipoEspecialidades` (
  `idtipoEspecialidades` int(30) NOT NULL AUTO_INCREMENT,
  `tipoEspecialidadesNombre` varchar(70) NOT NULL,
  `tipoEspecialidadesComentario` varchar(145) DEFAULT '',
  PRIMARY KEY (`idtipoEspecialidades`)
) ENGINE=InnoDB AUTO_INCREMENT=10 DEFAULT CHARSET=utf8;
/*!40101 SET character_set_client = @saved_cs_client */;

--
-- Dumping data for table `tipoEspecialidades`
--

LOCK TABLES `tipoEspecialidades` WRITE;
/*!40000 ALTER TABLE `tipoEspecialidades` DISABLE KEYS */;
REPLACE INTO `tipoEspecialidades` VALUES (1,'Matemáticas',''),(2,'Ciencias Naturales',''),(3,'Educación Física',''),(4,'Ciencias de la Educación',''),(5,'Lenguaje',''),(6,'Ciencias Sociales',''),(7,'Administración y Ciencias Comerciales',''),(8,'Inglés',''),(9,'Informática','');
/*!40000 ALTER TABLE `tipoEspecialidades` ENABLE KEYS */;
UNLOCK TABLES;

--
-- Table structure for table `tipoMateria`
--

DROP TABLE IF EXISTS `tipoMateria`;
/*!40101 SET @saved_cs_client     = @@character_set_client */;
/*!40101 SET character_set_client = utf8 */;
CREATE TABLE `tipoMateria` (
  `idtipoMateria` int(30) NOT NULL AUTO_INCREMENT,
  `tipoMateriaNombre` varchar(50) NOT NULL COMMENT 'Listado de los tipos de materias que se imparten en la institución.',
  `tipoMateriaComentario` varchar(145) DEFAULT NULL,
  PRIMARY KEY (`idtipoMateria`)
) ENGINE=InnoDB AUTO_INCREMENT=5 DEFAULT CHARSET=utf8;
/*!40101 SET character_set_client = @saved_cs_client */;

--
-- Dumping data for table `tipoMateria`
--

LOCK TABLES `tipoMateria` WRITE;
/*!40000 ALTER TABLE `tipoMateria` DISABLE KEYS */;
REPLACE INTO `tipoMateria` VALUES (1,'Área Básica',NULL),(2,'Área Aplicada',NULL),(3,'Área Técnica',NULL),(4,'Modalidad y Opciones',NULL);
/*!40000 ALTER TABLE `tipoMateria` ENABLE KEYS */;
UNLOCK TABLES;

--
-- Table structure for table `tipoNombramiento`
--

DROP TABLE IF EXISTS `tipoNombramiento`;
/*!40101 SET @saved_cs_client     = @@character_set_client */;
/*!40101 SET character_set_client = utf8 */;
CREATE TABLE `tipoNombramiento` (
  `idtipoNombramiento` int(30) NOT NULL AUTO_INCREMENT,
  `tipoNombramientoNombre` varchar(60) NOT NULL COMMENT 'Listado de las formas en las que se uede nombrar el cargo de un docente dentro de la institución.',
  `tipoNombramientoCoemntario` varchar(145) DEFAULT NULL,
  PRIMARY KEY (`idtipoNombramiento`)
) ENGINE=InnoDB AUTO_INCREMENT=4 DEFAULT CHARSET=utf8;
/*!40101 SET character_set_client = @saved_cs_client */;

--
-- Dumping data for table `tipoNombramiento`
--

LOCK TABLES `tipoNombramiento` WRITE;
/*!40000 ALTER TABLE `tipoNombramiento` DISABLE KEYS */;
REPLACE INTO `tipoNombramiento` VALUES (1,'Propietario',NULL),(2,'Interino',NULL),(3,'Suplente',NULL);
/*!40000 ALTER TABLE `tipoNombramiento` ENABLE KEYS */;
UNLOCK TABLES;

--
-- Table structure for table `tipoPermiso`
--

DROP TABLE IF EXISTS `tipoPermiso`;
/*!40101 SET @saved_cs_client     = @@character_set_client */;
/*!40101 SET character_set_client = utf8 */;
CREATE TABLE `tipoPermiso` (
  `idtipoPermiso` int(30) NOT NULL AUTO_INCREMENT,
  `tipoPermisoNombre` varchar(45) NOT NULL,
  `tipoPermisoDiasMes` int(2) NOT NULL,
  `tipoPermisoComentarios` varchar(250) DEFAULT NULL,
  PRIMARY KEY (`idtipoPermiso`)
) ENGINE=InnoDB AUTO_INCREMENT=8 DEFAULT CHARSET=utf8;
/*!40101 SET character_set_client = @saved_cs_client */;

--
-- Dumping data for table `tipoPermiso`
--

LOCK TABLES `tipoPermiso` WRITE;
/*!40000 ALTER TABLE `tipoPermiso` DISABLE KEYS */;
REPLACE INTO `tipoPermiso` VALUES (1,'Enfermedad',8,NULL),(2,'Materindad',0,NULL),(3,'Paternidad',0,NULL),(4,'Faltar a clases',0,NULL),(5,'Salir temporalmente de la institución',0,NULL),(6,'Retirarse de la institución',0,NULL),(7,'No portar uniforme',5,NULL);
/*!40000 ALTER TABLE `tipoPermiso` ENABLE KEYS */;
UNLOCK TABLES;

--
-- Table structure for table `tipoPersona`
--

DROP TABLE IF EXISTS `tipoPersona`;
/*!40101 SET @saved_cs_client     = @@character_set_client */;
/*!40101 SET character_set_client = utf8 */;
CREATE TABLE `tipoPersona` (
  `idtipoPersona` int(30) NOT NULL AUTO_INCREMENT,
  `tipoPersonaNombre` varchar(45) NOT NULL,
  `tipoPersonaComentario` varchar(145) DEFAULT NULL,
  PRIMARY KEY (`idtipoPersona`)
) ENGINE=InnoDB AUTO_INCREMENT=16 DEFAULT CHARSET=utf8;
/*!40101 SET character_set_client = @saved_cs_client */;

--
-- Dumping data for table `tipoPersona`
--

LOCK TABLES `tipoPersona` WRITE;
/*!40000 ALTER TABLE `tipoPersona` DISABLE KEYS */;
REPLACE INTO `tipoPersona` VALUES (1,'Administrador','fa fa-diamond'),(2,'Director','pi pi-circle-on'),(3,'Subdirector','pi pi-circle-off'),(4,'Maestro','fa fa-street-view'),(5,'Bibliotecario','fa fa-forumbee'),(6,'Administrador CRA','fa fa-transgender-alt'),(7,'Laboratorista','fa fa-android'),(8,'Estudiante','fa fa-child'),(9,'Representante','fa fa-user-secret'),(10,'Madre de familia',''),(11,'Padre de familia',''),(12,'Colector','fa fa-cc-mastercard'),(13,'Secretaria','fa fa-database'),(14,'Psicologo',''),(15,'Ordenanza','');
/*!40000 ALTER TABLE `tipoPersona` ENABLE KEYS */;
UNLOCK TABLES;

--
-- Table structure for table `tipoProyecto`
--

DROP TABLE IF EXISTS `tipoProyecto`;
/*!40101 SET @saved_cs_client     = @@character_set_client */;
/*!40101 SET character_set_client = utf8 */;
CREATE TABLE `tipoProyecto` (
  `idtipoProyecto` int(30) NOT NULL AUTO_INCREMENT,
  `tipoProyectoNombre` varchar(45) NOT NULL,
  `tipoProyectoComentario` varchar(140) DEFAULT NULL,
  PRIMARY KEY (`idtipoProyecto`)
) ENGINE=InnoDB AUTO_INCREMENT=4 DEFAULT CHARSET=utf8;
/*!40101 SET character_set_client = @saved_cs_client */;

--
-- Dumping data for table `tipoProyecto`
--

LOCK TABLES `tipoProyecto` WRITE;
/*!40000 ALTER TABLE `tipoProyecto` DISABLE KEYS */;
REPLACE INTO `tipoProyecto` VALUES (1,'Proyecto Planificado',''),(2,'Exposición De Alumnos',''),(3,'Clase De Docente Con Tecnología','');
/*!40000 ALTER TABLE `tipoProyecto` ENABLE KEYS */;
UNLOCK TABLES;

--
-- Table structure for table `tipoRecurso`
--

DROP TABLE IF EXISTS `tipoRecurso`;
/*!40101 SET @saved_cs_client     = @@character_set_client */;
/*!40101 SET character_set_client = utf8 */;
CREATE TABLE `tipoRecurso` (
  `idtipoRecurso` int(30) NOT NULL AUTO_INCREMENT,
  `tipoRecursoNombre` varchar(50) NOT NULL,
  `tipoRecursoComentario` varchar(140) DEFAULT NULL,
  PRIMARY KEY (`idtipoRecurso`)
) ENGINE=InnoDB AUTO_INCREMENT=4 DEFAULT CHARSET=utf8;
/*!40101 SET character_set_client = @saved_cs_client */;

--
-- Dumping data for table `tipoRecurso`
--

LOCK TABLES `tipoRecurso` WRITE;
/*!40000 ALTER TABLE `tipoRecurso` DISABLE KEYS */;
REPLACE INTO `tipoRecurso` VALUES (1,'Tecnológico CRA',NULL),(2,'Laboratorio de Ciencias Naturales',NULL),(3,'Bibliográfico',NULL);
/*!40000 ALTER TABLE `tipoRecurso` ENABLE KEYS */;
UNLOCK TABLES;

--
-- Table structure for table `tipoReserva`
--

DROP TABLE IF EXISTS `tipoReserva`;
/*!40101 SET @saved_cs_client     = @@character_set_client */;
/*!40101 SET character_set_client = utf8 */;
CREATE TABLE `tipoReserva` (
  `idtipoReserva` int(30) NOT NULL AUTO_INCREMENT,
  `tipoReservaNombre` varchar(30) NOT NULL,
  `tipoReservaComentario` varchar(100) DEFAULT NULL,
  PRIMARY KEY (`idtipoReserva`)
) ENGINE=InnoDB AUTO_INCREMENT=5 DEFAULT CHARSET=utf8;
/*!40101 SET character_set_client = @saved_cs_client */;

--
-- Dumping data for table `tipoReserva`
--

LOCK TABLES `tipoReserva` WRITE;
/*!40000 ALTER TABLE `tipoReserva` DISABLE KEYS */;
REPLACE INTO `tipoReserva` VALUES (1,'Uso en sala',NULL),(2,'Uso dentro de la institución',NULL),(3,'Uso en aula',NULL),(4,'Uso fuera de la institución',NULL);
/*!40000 ALTER TABLE `tipoReserva` ENABLE KEYS */;
UNLOCK TABLES;

--
-- Table structure for table `tipoReservaRecurso`
--

DROP TABLE IF EXISTS `tipoReservaRecurso`;
/*!40101 SET @saved_cs_client     = @@character_set_client */;
/*!40101 SET character_set_client = utf8 */;
CREATE TABLE `tipoReservaRecurso` (
  `tipoReserva` int(30) NOT NULL,
  `tipoRecurso` int(30) NOT NULL,
  `tipoReservaRecursoComentario` varchar(145) DEFAULT NULL,
  PRIMARY KEY (`tipoReserva`,`tipoRecurso`),
  KEY `fk_tipoReservaRecurso_2_idx` (`tipoRecurso`),
  CONSTRAINT `fk_tipoReservaRecurso_1` FOREIGN KEY (`tipoReserva`) REFERENCES `tipoReserva` (`idtipoReserva`) ON UPDATE CASCADE,
  CONSTRAINT `fk_tipoReservaRecurso_2` FOREIGN KEY (`tipoRecurso`) REFERENCES `recurso` (`idrecurso`) ON UPDATE CASCADE
) ENGINE=InnoDB DEFAULT CHARSET=utf8;
/*!40101 SET character_set_client = @saved_cs_client */;

--
-- Dumping data for table `tipoReservaRecurso`
--

LOCK TABLES `tipoReservaRecurso` WRITE;
/*!40000 ALTER TABLE `tipoReservaRecurso` DISABLE KEYS */;
REPLACE INTO `tipoReservaRecurso` VALUES (1,1,''),(1,2,''),(1,6,''),(1,98,''),(1,766,''),(1,1140,''),(1,1890,''),(1,7663,''),(2,98,''),(2,766,''),(2,1140,''),(2,1890,''),(3,2,''),(3,98,''),(3,766,''),(3,1140,''),(3,1890,''),(4,98,''),(4,766,''),(4,1140,''),(4,1890,'');
/*!40000 ALTER TABLE `tipoReservaRecurso` ENABLE KEYS */;
UNLOCK TABLES;

--
-- Table structure for table `tipoSueldos`
--

DROP TABLE IF EXISTS `tipoSueldos`;
/*!40101 SET @saved_cs_client     = @@character_set_client */;
/*!40101 SET character_set_client = utf8 */;
CREATE TABLE `tipoSueldos` (
  `idtipoSueldo` int(30) NOT NULL AUTO_INCREMENT,
  `tipoSueldoNombre` varchar(50) NOT NULL,
  `tipoSueldosComentario` varchar(145) DEFAULT NULL,
  PRIMARY KEY (`idtipoSueldo`)
) ENGINE=InnoDB AUTO_INCREMENT=4 DEFAULT CHARSET=utf8;
/*!40101 SET character_set_client = @saved_cs_client */;

--
-- Dumping data for table `tipoSueldos`
--

LOCK TABLES `tipoSueldos` WRITE;
/*!40000 ALTER TABLE `tipoSueldos` DISABLE KEYS */;
REPLACE INTO `tipoSueldos` VALUES (1,'Sueldo Base',''),(2,'Horas Clase',''),(3,'Ad Honorem','');
/*!40000 ALTER TABLE `tipoSueldos` ENABLE KEYS */;
UNLOCK TABLES;

--
-- Table structure for table `tipopersonaPermiso`
--

DROP TABLE IF EXISTS `tipopersonaPermiso`;
/*!40101 SET @saved_cs_client     = @@character_set_client */;
/*!40101 SET character_set_client = utf8 */;
CREATE TABLE `tipopersonaPermiso` (
  `idtipopersona` int(30) NOT NULL,
  `idtipoPermiso` int(30) NOT NULL,
  `tipopersonaPermisoComentario` varchar(45) DEFAULT NULL,
  PRIMARY KEY (`idtipopersona`,`idtipoPermiso`),
  KEY `fk_tipopersonaPermiso_2_idx` (`idtipoPermiso`),
  CONSTRAINT `fk_tipopersonaPermiso_1` FOREIGN KEY (`idtipopersona`) REFERENCES `tipoPersona` (`idtipoPersona`) ON DELETE CASCADE ON UPDATE CASCADE,
  CONSTRAINT `fk_tipopersonaPermiso_2` FOREIGN KEY (`idtipoPermiso`) REFERENCES `tipoPermiso` (`idtipoPermiso`) ON DELETE CASCADE ON UPDATE CASCADE
) ENGINE=InnoDB DEFAULT CHARSET=utf8;
/*!40101 SET character_set_client = @saved_cs_client */;

--
-- Dumping data for table `tipopersonaPermiso`
--

LOCK TABLES `tipopersonaPermiso` WRITE;
/*!40000 ALTER TABLE `tipopersonaPermiso` DISABLE KEYS */;
REPLACE INTO `tipopersonaPermiso` VALUES (1,1,''),(1,2,''),(1,3,''),(2,1,''),(2,2,''),(2,3,''),(3,1,''),(3,2,''),(3,3,''),(4,1,''),(4,2,''),(4,3,''),(5,1,''),(5,2,''),(5,3,''),(6,1,''),(6,2,''),(6,3,''),(7,1,''),(7,2,''),(7,3,''),(8,4,''),(8,5,''),(8,6,''),(8,7,''),(9,4,''),(9,5,''),(9,6,''),(9,7,''),(12,1,''),(12,2,''),(12,3,''),(13,1,''),(13,2,''),(13,3,''),(14,1,''),(14,2,''),(14,3,''),(15,1,''),(15,2,''),(15,3,'');
/*!40000 ALTER TABLE `tipopersonaPermiso` ENABLE KEYS */;
UNLOCK TABLES;

--
-- Table structure for table `zona`
--

DROP TABLE IF EXISTS `zona`;
/*!40101 SET @saved_cs_client     = @@character_set_client */;
/*!40101 SET character_set_client = utf8 */;
CREATE TABLE `zona` (
  `idzona` int(30) NOT NULL AUTO_INCREMENT COMMENT 'La Identificación de la zona geográfica (1°, 2° y 3°) en la que está dividido el instituto.',
  `zonaNombre` varchar(45) NOT NULL,
  `zonaCoementario` varchar(145) DEFAULT NULL,
  PRIMARY KEY (`idzona`)
) ENGINE=InnoDB AUTO_INCREMENT=5 DEFAULT CHARSET=utf8;
/*!40101 SET character_set_client = @saved_cs_client */;

--
-- Dumping data for table `zona`
--

LOCK TABLES `zona` WRITE;
/*!40000 ALTER TABLE `zona` DISABLE KEYS */;
REPLACE INTO `zona` VALUES (1,'Zona 1',NULL),(2,'Zona 2',NULL),(3,'Zona 3',NULL),(4,'zona 4',NULL);
/*!40000 ALTER TABLE `zona` ENABLE KEYS */;
UNLOCK TABLES;

--
-- Dumping events for database 'intex'
--

--
-- Dumping routines for database 'intex'
--
/*!40103 SET TIME_ZONE=@OLD_TIME_ZONE */;

/*!40101 SET SQL_MODE=@OLD_SQL_MODE */;
/*!40014 SET FOREIGN_KEY_CHECKS=@OLD_FOREIGN_KEY_CHECKS */;
/*!40014 SET UNIQUE_CHECKS=@OLD_UNIQUE_CHECKS */;
/*!40101 SET CHARACTER_SET_CLIENT=@OLD_CHARACTER_SET_CLIENT */;
/*!40101 SET CHARACTER_SET_RESULTS=@OLD_CHARACTER_SET_RESULTS */;
/*!40101 SET COLLATION_CONNECTION=@OLD_COLLATION_CONNECTION */;
/*!40111 SET SQL_NOTES=@OLD_SQL_NOTES */;

-- Dump completed on 2020-02-06 10:56:22
