CREATE DATABASE  IF NOT EXISTS `intex` /*!40100 DEFAULT CHARACTER SET utf8 */;
USE `intex`;
-- MySQL dump 10.16  Distrib 10.1.41-MariaDB, for debian-linux-gnu (x86_64)
--
-- Host: 127.0.0.1    Database: intex
-- ------------------------------------------------------
-- Server version	10.1.41-MariaDB-0+deb9u1

/*!40101 SET @OLD_CHARACTER_SET_CLIENT=@@CHARACTER_SET_CLIENT */;
/*!40101 SET @OLD_CHARACTER_SET_RESULTS=@@CHARACTER_SET_RESULTS */;
/*!40101 SET @OLD_COLLATION_CONNECTION=@@COLLATION_CONNECTION */;
/*!40101 SET NAMES utf8 */;
/*!40103 SET @OLD_TIME_ZONE=@@TIME_ZONE */;
/*!40103 SET TIME_ZONE='+00:00' */;
/*!40014 SET @OLD_UNIQUE_CHECKS=@@UNIQUE_CHECKS, UNIQUE_CHECKS=0 */;
/*!40014 SET @OLD_FOREIGN_KEY_CHECKS=@@FOREIGN_KEY_CHECKS, FOREIGN_KEY_CHECKS=0 */;
/*!40101 SET @OLD_SQL_MODE=@@SQL_MODE, SQL_MODE='NO_AUTO_VALUE_ON_ZERO' */;
/*!40111 SET @OLD_SQL_NOTES=@@SQL_NOTES, SQL_NOTES=0 */;

--
-- Table structure for table `acceso`
--

DROP TABLE IF EXISTS `acceso`;
/*!40101 SET @saved_cs_client     = @@character_set_client */;
/*!40101 SET character_set_client = utf8 */;
CREATE TABLE `acceso` (
  `idacceso` int(30) NOT NULL AUTO_INCREMENT,
  `accesoNombre` varchar(30) NOT NULL,
  `accesoIndice` int(30) DEFAULT '0',
  `accesourl` varchar(100) NOT NULL,
  `accesoComentario` varchar(140) DEFAULT NULL,
  PRIMARY KEY (`idacceso`),
  UNIQUE KEY `accesoNombre_UNIQUE` (`accesoNombre`),
  UNIQUE KEY `idacceso_UNIQUE` (`idacceso`),
  KEY `fk_acceso_1_idx` (`accesoIndice`),
  CONSTRAINT `fk_acceso_1` FOREIGN KEY (`accesoIndice`) REFERENCES `acceso` (`idacceso`) ON UPDATE CASCADE
) ENGINE=InnoDB AUTO_INCREMENT=53 DEFAULT CHARSET=utf8;
/*!40101 SET character_set_client = @saved_cs_client */;

--
-- Dumping data for table `acceso`
--

LOCK TABLES `acceso` WRITE;
/*!40000 ALTER TABLE `acceso` DISABLE KEYS */;
REPLACE INTO `acceso` VALUES (9,'Administración',NULL,'#','fa fa-cog'),(10,'Sistema',9,'tipopp.intex','pi pi-folder-open'),(11,'Permisos y Licencias',9,'lictp.intex','pi pi-th-large'),(12,'Académica',9,'academico.intex','fa fa-leaf'),(13,'Perfil',NULL,'#','pi pi-user'),(14,'Permisos',45,'#','pi pi-eye'),(15,'Solicitar Permiso',14,'permisoE.intex','pi pi-briefcase'),(16,'Personal',NULL,'#','pi pi-users'),(17,'Gestión de maestros',27,'agregacion.intex','pi pi-user-plus'),(18,'Gestión de administradores',16,'agAdm.intex','pi pi-plus'),(19,'Plantel Institucional',35,'plantel.intex','pi pi-table'),(20,'Inventario',23,'inventario.intex','fa fa-barcode'),(21,'Libros',23,'libros.intex','fa fa-book'),(22,'Nuevo Ingreso',36,'inscripcion.intex','pi pi-user'),(23,'Recursos',9,'#','fa fa-yelp'),(24,'Nomina de Alumnos',36,'nominaA.intex','pi pi-user'),(25,'Gestión de Recursos',23,'admRecurso.intex','fa fa-table'),(26,'Lista de Representantes',35,'listaRepresentantes.intex','pi pi-list'),(27,'Maestros',16,'#','fa fa-puzzle-piece'),(28,'Gestión de horarios',27,'horario.intex','pi pi-plus'),(29,'Gestión de permisos',14,'permiso.intex','fa fa-legal'),(30,'Solicitud de permisos',14,'permisoM.intex','fa fa-ge'),(31,'Administrador de anuncios',9,'anuncios.intex','fa fa-bell'),(32,'Matricula',36,'matricula.intex','fa fa-slideshare'),(33,'Entrega de Útiles',36,'paquetes.intex','fa fa-sliders'),(34,'Contribuciones',36,'contribuciones.intex','fa fa-money'),(35,'Listados',16,'#','fa fa-list-ul'),(36,'Alumnos',16,'#','fa fa-graduation-cap'),(37,'Reservas de Equipo',45,'#','fa fa-gamepad'),(38,'Solicitud de Reserva',37,'solicitudR.intex','fa fa-flag'),(39,'Historial de Reservas',43,'solicitudH.intex','fa fa-archive'),(40,'Gestionar Reservas de equipo',37,'srCra.intex','fa fa-certificate'),(41,'Historial de Notificaciones',43,'notifh.intex','fa fa-forumbee'),(42,'Proyecto Planificado',37,'solicitudRPP.intex','pi pi-pencil'),(43,'Historiales',13,'#','fa fa-folder-open'),(44,'Historial de permisos',43,'permisoH.intex','fa fa-database'),(45,'Solicitudes',NULL,'#','fa fa-street-view'),(46,'Área psicológica',45,'#','fa fa-ambulance'),(47,'Solicitud de cita psicológica',46,'solicitudCP.intex','pi pi-bookmark'),(48,'Adminitración citas pscológica',46,'admCitasPs.intex','pi pi-calendar'),(49,'Consulta Psicológica',46,'consultasPS.intex','pi pi-window-maximize'),(50,'Historial citas Psicológicas',43,'citasPSH.intex','fa fa-file'),(51,'Horario de clases',13,'horarioCl.intex','fa fa-calendar'),(52,'Aspecto de la aplicación',13,'temas.intex','fa fa-picture-o');
/*!40000 ALTER TABLE `acceso` ENABLE KEYS */;
UNLOCK TABLES;

--
-- Table structure for table `accesoTipoPersona`
--

DROP TABLE IF EXISTS `accesoTipoPersona`;
/*!40101 SET @saved_cs_client     = @@character_set_client */;
/*!40101 SET character_set_client = utf8 */;
CREATE TABLE `accesoTipoPersona` (
  `idacceso` int(30) NOT NULL,
  `idTipoPersona` int(30) NOT NULL,
  `accesoTipoPersonaComentario` varchar(140) DEFAULT NULL,
  PRIMARY KEY (`idacceso`,`idTipoPersona`),
  KEY `fk_accesoTipoPersona_2_idx` (`idTipoPersona`),
  CONSTRAINT `fk_accesoTipoPersona_1` FOREIGN KEY (`idacceso`) REFERENCES `acceso` (`idacceso`) ON DELETE NO ACTION ON UPDATE CASCADE,
  CONSTRAINT `fk_accesoTipoPersona_2` FOREIGN KEY (`idTipoPersona`) REFERENCES `tipoPersona` (`idtipoPersona`) ON UPDATE CASCADE
) ENGINE=InnoDB DEFAULT CHARSET=utf8;
/*!40101 SET character_set_client = @saved_cs_client */;

--
-- Dumping data for table `accesoTipoPersona`
--

LOCK TABLES `accesoTipoPersona` WRITE;
/*!40000 ALTER TABLE `accesoTipoPersona` DISABLE KEYS */;
REPLACE INTO `accesoTipoPersona` VALUES (9,1,''),(9,2,''),(9,3,''),(9,5,''),(9,6,''),(9,7,''),(10,1,''),(10,2,''),(11,1,''),(11,2,''),(11,3,''),(12,1,''),(12,2,''),(13,1,''),(13,2,''),(13,3,''),(13,4,''),(13,5,''),(13,6,''),(13,7,''),(13,8,''),(13,9,''),(13,12,''),(13,13,''),(13,14,''),(13,15,''),(14,1,''),(14,2,''),(14,3,''),(14,4,''),(14,5,''),(14,6,''),(14,7,''),(14,8,''),(14,9,''),(14,12,''),(14,13,''),(14,14,''),(14,15,''),(15,8,''),(15,9,''),(16,1,''),(16,2,''),(16,3,''),(16,4,''),(16,12,''),(16,13,''),(17,1,''),(17,2,''),(18,1,''),(18,2,''),(19,1,''),(19,2,''),(19,3,''),(19,13,''),(20,1,''),(20,2,''),(20,5,''),(20,6,''),(20,7,''),(21,1,''),(21,2,''),(21,5,''),(22,1,''),(22,2,''),(22,3,''),(22,4,''),(22,13,''),(23,1,''),(23,2,''),(23,5,''),(23,6,''),(23,7,''),(24,1,''),(24,2,''),(24,3,''),(24,4,''),(24,13,''),(25,1,''),(25,2,''),(25,5,''),(25,6,''),(25,7,''),(26,1,''),(26,2,''),(26,3,''),(26,4,''),(26,13,''),(27,1,''),(27,2,''),(28,1,''),(28,2,''),(29,1,''),(29,2,''),(29,3,''),(30,1,''),(30,2,''),(30,3,''),(30,4,''),(30,5,''),(30,6,''),(30,7,''),(30,12,''),(30,13,''),(30,14,''),(30,15,''),(31,1,''),(31,2,''),(31,3,''),(31,4,''),(31,5,''),(31,6,''),(31,7,''),(31,13,''),(32,1,''),(32,2,''),(32,13,''),(33,1,''),(33,2,''),(33,12,''),(34,1,''),(34,2,''),(34,12,''),(35,1,''),(35,2,''),(35,3,''),(35,4,''),(35,13,''),(36,1,''),(36,2,''),(36,3,''),(36,4,''),(36,13,''),(37,1,''),(37,2,''),(37,3,''),(37,4,''),(37,5,''),(37,6,''),(37,7,''),(37,8,''),(37,13,''),(38,1,''),(38,2,''),(38,3,''),(38,4,''),(38,5,''),(38,6,''),(38,7,''),(38,8,''),(39,1,''),(39,2,''),(39,3,''),(39,4,''),(39,5,''),(39,6,''),(39,7,''),(39,8,''),(40,1,''),(40,2,''),(40,5,''),(40,6,''),(40,7,''),(41,1,''),(41,2,''),(41,3,''),(41,4,''),(41,5,''),(41,6,''),(41,7,''),(41,8,''),(41,9,''),(41,12,''),(41,14,''),(41,15,''),(42,1,''),(42,2,''),(42,4,''),(43,1,''),(43,2,''),(43,3,''),(43,4,''),(43,5,''),(43,6,''),(43,7,''),(43,8,''),(43,9,''),(43,12,''),(43,13,''),(43,14,''),(43,15,''),(44,1,''),(44,2,''),(44,3,''),(44,4,''),(44,5,''),(44,6,''),(44,7,''),(44,8,''),(44,9,''),(44,12,''),(44,13,''),(44,14,''),(44,15,''),(45,1,''),(45,2,''),(45,3,''),(45,4,''),(45,5,''),(45,6,''),(45,7,''),(45,8,''),(45,9,''),(45,12,''),(45,13,''),(45,14,''),(45,15,''),(46,1,''),(46,8,''),(46,14,''),(47,8,''),(48,1,''),(48,14,''),(49,1,''),(49,14,''),(50,8,''),(51,4,''),(51,8,''),(51,9,''),(52,1,''),(52,2,''),(52,3,''),(52,4,''),(52,5,''),(52,6,''),(52,7,''),(52,8,''),(52,9,''),(52,12,''),(52,13,''),(52,14,''),(52,15,'');
/*!40000 ALTER TABLE `accesoTipoPersona` ENABLE KEYS */;
UNLOCK TABLES;

--
-- Table structure for table `anuncio`
--

DROP TABLE IF EXISTS `anuncio`;
/*!40101 SET @saved_cs_client     = @@character_set_client */;
/*!40101 SET character_set_client = utf8 */;
CREATE TABLE `anuncio` (
  `idanuncio` int(30) NOT NULL AUTO_INCREMENT,
  `anuncioTitulo` varchar(45) NOT NULL,
  `anuncioFechaFin` date NOT NULL,
  `anuncioTexto` text NOT NULL,
  `anuncioAnunciante` int(30) NOT NULL,
  `anuncioTipoPersona` int(30) DEFAULT NULL,
  `anuncioComentario` varchar(140) DEFAULT NULL,
  PRIMARY KEY (`idanuncio`),
  KEY `fk_anuncio_1_idx` (`anuncioAnunciante`),
  KEY `fk_anuncio_2_idx` (`anuncioTipoPersona`),
  CONSTRAINT `fk_anuncio_1` FOREIGN KEY (`anuncioAnunciante`) REFERENCES `persona` (`idpersona`) ON UPDATE CASCADE,
  CONSTRAINT `fk_anuncio_2` FOREIGN KEY (`anuncioTipoPersona`) REFERENCES `tipoPersona` (`idtipoPersona`) ON UPDATE CASCADE
) ENGINE=InnoDB DEFAULT CHARSET=utf8;
/*!40101 SET character_set_client = @saved_cs_client */;

--
-- Dumping data for table `anuncio`
--

LOCK TABLES `anuncio` WRITE;
/*!40000 ALTER TABLE `anuncio` DISABLE KEYS */;
/*!40000 ALTER TABLE `anuncio` ENABLE KEYS */;
UNLOCK TABLES;

--
-- Table structure for table `aula`
--

DROP TABLE IF EXISTS `aula`;
/*!40101 SET @saved_cs_client     = @@character_set_client */;
/*!40101 SET character_set_client = utf8 */;
CREATE TABLE `aula` (
  `idaula` int(30) NOT NULL AUTO_INCREMENT,
  `zonaAula` int(30) NOT NULL,
  `aulaComentario` varchar(145) DEFAULT NULL COMMENT 'Contiene la lista de las aulas del instituto',
  PRIMARY KEY (`idaula`),
  KEY `fk_aula_1_idx` (`zonaAula`),
  CONSTRAINT `fk_aula_1` FOREIGN KEY (`zonaAula`) REFERENCES `zona` (`idzona`) ON UPDATE CASCADE
) ENGINE=InnoDB AUTO_INCREMENT=12 DEFAULT CHARSET=utf8;
/*!40101 SET character_set_client = @saved_cs_client */;

--
-- Dumping data for table `aula`
--

LOCK TABLES `aula` WRITE;
/*!40000 ALTER TABLE `aula` DISABLE KEYS */;
REPLACE INTO `aula` VALUES (1,1,''),(2,1,''),(3,1,''),(4,1,''),(5,1,''),(6,2,''),(7,2,''),(8,3,''),(9,3,''),(10,3,''),(11,3,'');
/*!40000 ALTER TABLE `aula` ENABLE KEYS */;
UNLOCK TABLES;

--
-- Table structure for table `autor`
--

DROP TABLE IF EXISTS `autor`;
/*!40101 SET @saved_cs_client     = @@character_set_client */;
/*!40101 SET character_set_client = utf8 */;
CREATE TABLE `autor` (
  `idautor` int(30) NOT NULL AUTO_INCREMENT,
  `autorNombre` varchar(30) NOT NULL,
  `autorComentario` varchar(140) DEFAULT NULL,
  PRIMARY KEY (`idautor`)
) ENGINE=InnoDB AUTO_INCREMENT=10 DEFAULT CHARSET=utf8;
/*!40101 SET character_set_client = @saved_cs_client */;

--
-- Dumping data for table `autor`
--

LOCK TABLES `autor` WRITE;
/*!40000 ALTER TABLE `autor` DISABLE KEYS */;
REPLACE INTO `autor` VALUES (1,'Rusou 1',''),(2,'loosss','8'),(3,'Delsas',''),(4,'Lic. Julio Zelada',''),(5,'Museo de la palabra y la image',''),(6,'Rudyard Kipling',''),(7,'Gabriel Alegría',''),(8,'D.J. Flakoll',''),(9,'Paul Watzlawick','');
/*!40000 ALTER TABLE `autor` ENABLE KEYS */;
UNLOCK TABLES;

--
-- Table structure for table `autorLibro`
--

DROP TABLE IF EXISTS `autorLibro`;
/*!40101 SET @saved_cs_client     = @@character_set_client */;
/*!40101 SET character_set_client = utf8 */;
CREATE TABLE `autorLibro` (
  `idautor` int(30) NOT NULL,
  `idLibro` int(30) NOT NULL,
  `autorLibrocComentario` varchar(145) DEFAULT NULL,
  PRIMARY KEY (`idautor`,`idLibro`),
  KEY `fk_autorLibro_2_idx` (`idLibro`),
  CONSTRAINT `fk_autorLibro_1` FOREIGN KEY (`idautor`) REFERENCES `autor` (`idautor`) ON UPDATE CASCADE,
  CONSTRAINT `fk_autorLibro_2` FOREIGN KEY (`idLibro`) REFERENCES `recurso` (`idrecurso`) ON UPDATE CASCADE
) ENGINE=InnoDB DEFAULT CHARSET=utf8;
/*!40101 SET character_set_client = @saved_cs_client */;

--
-- Dumping data for table `autorLibro`
--

LOCK TABLES `autorLibro` WRITE;
/*!40000 ALTER TABLE `autorLibro` DISABLE KEYS */;
REPLACE INTO `autorLibro` VALUES (4,1,''),(5,1140,''),(6,7663,''),(7,98,''),(8,98,''),(9,1890,'');
/*!40000 ALTER TABLE `autorLibro` ENABLE KEYS */;
UNLOCK TABLES;

--
-- Table structure for table `capacitaciones`
--

DROP TABLE IF EXISTS `capacitaciones`;
/*!40101 SET @saved_cs_client     = @@character_set_client */;
/*!40101 SET character_set_client = utf8 */;
CREATE TABLE `capacitaciones` (
  `idMaestro` int(30) NOT NULL,
  `fechaCapacitaciones` date NOT NULL,
  `capacitacionCategoria` varchar(50) NOT NULL,
  `capacitacionArea` varchar(50) NOT NULL,
  `capacitacionNombre` varchar(50) NOT NULL,
  `capacitacionCertificado` bit(1) NOT NULL DEFAULT b'0',
  `capacitacionPatrocinador` varchar(80) NOT NULL,
  `capacitacionModalidad` enum('P','S','V') NOT NULL DEFAULT 'P',
  `capacitacionComentario` varchar(145) DEFAULT NULL COMMENT 'Histórico de las capacitaciones que cada maestro de la institución ha hecho.',
  PRIMARY KEY (`idMaestro`,`fechaCapacitaciones`),
  CONSTRAINT `fk_capacitaciones_1` FOREIGN KEY (`idMaestro`) REFERENCES `maestro` (`idmaestro`) ON UPDATE CASCADE
) ENGINE=InnoDB DEFAULT CHARSET=utf8;
/*!40101 SET character_set_client = @saved_cs_client */;

--
-- Dumping data for table `capacitaciones`
--

LOCK TABLES `capacitaciones` WRITE;
/*!40000 ALTER TABLE `capacitaciones` DISABLE KEYS */;
/*!40000 ALTER TABLE `capacitaciones` ENABLE KEYS */;
UNLOCK TABLES;

--
-- Table structure for table `cargo`
--

DROP TABLE IF EXISTS `cargo`;
/*!40101 SET @saved_cs_client     = @@character_set_client */;
/*!40101 SET character_set_client = utf8 */;
CREATE TABLE `cargo` (
  `idcargo` int(30) NOT NULL AUTO_INCREMENT,
  `cargoNombre` varchar(50) NOT NULL COMMENT 'Lista de los cargos que el personal docente puede desempeñar.',
  `cargoTipoPersona` int(30) DEFAULT NULL,
  `cargoComentario` varchar(145) DEFAULT NULL,
  PRIMARY KEY (`idcargo`),
  KEY `fk_cargo_1_idx` (`cargoTipoPersona`),
  CONSTRAINT `fk_cargo_1` FOREIGN KEY (`cargoTipoPersona`) REFERENCES `tipoPersona` (`idtipoPersona`) ON DELETE SET NULL ON UPDATE CASCADE
) ENGINE=InnoDB AUTO_INCREMENT=7 DEFAULT CHARSET=utf8;
/*!40101 SET character_set_client = @saved_cs_client */;

--
-- Dumping data for table `cargo`
--

LOCK TABLES `cargo` WRITE;
/*!40000 ALTER TABLE `cargo` DISABLE KEYS */;
REPLACE INTO `cargo` VALUES (1,'Director',2,''),(2,'Subdirector',3,''),(3,'Coordinador de área bibliográfica',5,''),(4,'Coordinador de área Informática',6,''),(5,'Psicólogo',14,''),(6,'Coordinador de laboratorio de CC.NN',7,NULL);
/*!40000 ALTER TABLE `cargo` ENABLE KEYS */;
UNLOCK TABLES;

--
-- Table structure for table `categoria`
--

DROP TABLE IF EXISTS `categoria`;
/*!40101 SET @saved_cs_client     = @@character_set_client */;
/*!40101 SET character_set_client = utf8 */;
CREATE TABLE `categoria` (
  `idcategoria` int(30) NOT NULL,
  `categoriaNombre` varchar(50) NOT NULL,
  `categoriaComentario` varchar(45) DEFAULT NULL,
  PRIMARY KEY (`idcategoria`)
) ENGINE=InnoDB DEFAULT CHARSET=utf8;
/*!40101 SET character_set_client = @saved_cs_client */;

--
-- Dumping data for table `categoria`
--

LOCK TABLES `categoria` WRITE;
/*!40000 ALTER TABLE `categoria` DISABLE KEYS */;
REPLACE INTO `categoria` VALUES (0,'Generalidades s',NULL),(100,'Filosofías y Disciplinas afines',NULL),(300,'Ciencias Sociales',''),(400,'Leguas',''),(500,'Ciencias Puras',''),(600,'Ciencias Aplicadas',''),(700,'Bellas Artes',''),(800,' Literatura',''),(900,'Geografia e Historia','');
/*!40000 ALTER TABLE `categoria` ENABLE KEYS */;
UNLOCK TABLES;

--
-- Table structure for table `citaPsicologia`
--

DROP TABLE IF EXISTS `citaPsicologia`;
/*!40101 SET @saved_cs_client     = @@character_set_client */;
/*!40101 SET character_set_client = utf8 */;
CREATE TABLE `citaPsicologia` (
  `estudiante` int(30) NOT NULL,
  `fechaSolicitada` datetime NOT NULL,
  `fechaSolicitud` datetime NOT NULL,
  `estado` enum('S','A','P','C','T') NOT NULL DEFAULT 'S',
  `motivo` varchar(145) DEFAULT NULL,
  `comentarios` varchar(140) DEFAULT NULL,
  PRIMARY KEY (`estudiante`,`fechaSolicitada`),
  KEY `fk_citaPsixologia_1_idx` (`estudiante`),
  CONSTRAINT `fk_citaPsixologia_1` FOREIGN KEY (`estudiante`) REFERENCES `estudiante` (`idestudiante`) ON DELETE CASCADE ON UPDATE CASCADE
) ENGINE=InnoDB DEFAULT CHARSET=utf8;
/*!40101 SET character_set_client = @saved_cs_client */;

--
-- Dumping data for table `citaPsicologia`
--

LOCK TABLES `citaPsicologia` WRITE;
/*!40000 ALTER TABLE `citaPsicologia` DISABLE KEYS */;
/*!40000 ALTER TABLE `citaPsicologia` ENABLE KEYS */;
UNLOCK TABLES;

--
-- Table structure for table `constancias`
--

DROP TABLE IF EXISTS `constancias`;
/*!40101 SET @saved_cs_client     = @@character_set_client */;
/*!40101 SET character_set_client = utf8 */;
CREATE TABLE `constancias` (
  `idConstancias` int(30) NOT NULL,
  `fechaSolicitud` date NOT NULL,
  `tioPermiso` int(30) NOT NULL,
  `fechaInicio` date NOT NULL,
  `documento` longblob NOT NULL,
  `extención` varchar(100) NOT NULL,
  `comentario` varchar(140) DEFAULT NULL,
  PRIMARY KEY (`idConstancias`,`fechaSolicitud`,`tioPermiso`,`fechaInicio`),
  KEY `fk_constancias_1_idx` (`idConstancias`),
  CONSTRAINT `fk_constancias_1` FOREIGN KEY (`idConstancias`, `fechaSolicitud`, `tioPermiso`, `fechaInicio`) REFERENCES `permisos` (`ipPersona`, `permisoFechaSolicitud`, `tipoPermiso`, `permisoFechaInicio`) ON DELETE NO ACTION ON UPDATE NO ACTION
) ENGINE=InnoDB DEFAULT CHARSET=utf8;
/*!40101 SET character_set_client = @saved_cs_client */;

--
-- Dumping data for table `constancias`
--

LOCK TABLES `constancias` WRITE;
/*!40000 ALTER TABLE `constancias` DISABLE KEYS */;
REPLACE INTO `constancias` VALUES (16020,'2020-01-27',4,'2020-01-27','PNG\r\n\Z\n\0\0\0\rIHDR\0\0\0\0e\0\0\0]f\0\0\0sBIT|d\0\0\0tEXtSoftware\0gnome-screenshot>\0\0 \0IDATxw\\SO{UPĽ\'*fՎ_Uk[Z:pj_g\"p\"@@	܄xޯW_ܓs3yI$	8HKOk+oU@sBARu#\'Du5RFj!B!m	!B#(B!FQ$B!hH!BFB!0\"!BaDEB!7`\rN		!B~Z4G>K24Rg\ZB!.=B!T`h0m	!B#(B!FQ$B!hH!B:\0RZ\ZGfIp	+0)\02p)Y}Bnl5@1\r.\0ň?(_n~\0nqPڮl	o}3D01ٛ$N(o+*\0x+wwPO<\0-G[\n0i;H\nS%F٘xVibUc>\0`fejn\n\'D<yNe#_6!MbP͆016l31.c+s?̰gN;Z707K36ŌML\"X<ڮ!&\r)IǲUOC!;\rʒsoG[r[1+sF<m\rf&8q)\nJm@2V<0*kkC0Z[!$if	!&Qcހg\074ƏmѾ160\0#AS|;F\\>s4X|ԪcCd\0ČjW\'C(]N@X[~Z>lCGv6GPgS|V+3lSML840+Ӿ\0`97g+S\"e0u\rZyc?9ػK91*+ }#a>LLy[с!]I\n\0ًXf&\0?bx|7l	Æ\0Wsƺ9ܿ)rZ0cӦAm~^ȇX(#\"L۷3UWqoOulaAG ȑcSME+cl;\"B\nD@TZ²b7?V;!*:Jދ<e\0`O#k]sS:k(9+nW%{QrQ}DOk5	KkS7B|bn-\\}Nq\\pv(уN!:XdJpRc}kx<rſJ+>KYPNFJA\\ZuC|Ko]KSiUc42aa1Jՙ1k#B(1.		Bj:oP\Z\Z}Kn©^}&S.F<8\ZÛ3qN;Eqާ˷pu2Dچxr_us5ޣب	揲ȾV~\0c\ra0k:4ž˶8w{g|EUv6G#ܾJp&Rb%qo\n$@__sZ~:uFc\0+x419u\ZcԀ³an2ghkbQKK/kskX`r)>]½\\~Vb\0s-Ч\0((j.\rQӑyyרf\ZuՊㄸr/},Qqr2΄hz͌adCČ\"s{BHYJ\\#F&E\0cEnmW\'C,d+?gJ^G$x Ii]\\ƕ\0{9*okS4t3or%ӥ7WEv9C?}#X}k3ħ\nՎQR\09vaK?O䒱Te>)jU74BEg+CE&ʞUgK8 A~Aab}`L䋙oΓH\n}ǟ_>@峹e!ʑ KPú,ܻCY/*@Xg\"FSTu\'?p:ٱ[^ˑ+{]Ę/?>̔cl`dc-6B	_39x_/*y/љEB!Zj@!B4M8=2CUCg	!B#(B!FQ$B!hH!BuB!DM<κO\"QG\nյAE*9!uCwz:ӑg\"X\nJ.=B!FQ$B!hH!BFB!0\"!BaDEB!6B!m	!B#(B!FQ$B!hH!BFB!0\"!BaDEB!6B!m	!B#(B!FQ$B!hH!B񞤥IX!B\ZXz\\]9}-\0ҟ+oU@sB!uTxuUarpRccJax?W-ުBgIY=B!m	!B\0:AEB!\0u!?PJ(B!TVLuz6Bc[\0uHOxjv/j<O}ϩ%e!f|,\0CXYȕ\0C=6f4x+suǨ!P-ffPl|	c\0PƍDFN\0_bKH\\pO*KPFEB!H)ڠ}j쌹OT|]Lџc޼rUucanՐr5jwnKj\n{3<}Z.6XzEZi^fa[Xgհnigd!tnx<\'6,FĔ}x^|hMWA:ݣH!x8\0^y<GMJMr>B(e\0\0-Z| bReh\0\0i\0@@\0lu\r|1\\B8ؚ+l!`bbU/}\0^zE\Zadx[BQjXõ^2Yujm	!T\0U_HKiP\rHhld_]bf5pKʕ30oڸ\r_z{)o62\0\0iE߽cPvij\0J؝\0@ɕ07F;Է-Eujm	!\"uX}I$5]1}Tl[=1[PS3p3iCi^<-Uλ;L\rqL\0>uel\0\0<Xn4E\\c?lB߃w]XŅ1-KQ$0zl믏:\ZB,E}x+EI\0\ZWGHb=ejtL<`ocWKYt9j\'FzJZ\0y/g053F:~G;sX٘\"}6\0ʺp63TyAf6N]LE^!nQv:u:Hc$g`˹9[\0!͐\"?wD5,>~=ymՀ\0 ~c\0\06ؾ9#+lg\0-\\5n\0Xtlg.F@EB^Xc\"֬<\'MaA/}GFF&\0tF?w%\r\Z8ܕRǺ}Q<\"ɳݺ\0ls$\Z&\Zkڢ}eK5c5읭0a\'Dy\Zs9)w_{!,-cש	zqVGXٙc<dÒ*y?l\\_c fY\\us7RsB1y?\\ե,\'z;.㨉f\0bT]O\0k@;cjUVQ\0Ѥ:Ə\\:&WoMc}yS?.NxqYSDc\\<k7\\\0ot̙۹pVF=9{6΁_\0:N 25؝בz\rw#x^5.c6\r\0<ΊǄQuQ\0	~2-Sv\'/8MјŦ͜q^7\Z5s/u3uj:=T\0y~X2qIefrZ~zTk=.XfSw=)z\rs2u\\]\\VQnnY0ҟ}Ɋ=~Y0FL\')c%q{N<ll\"(WϲTWet6Uwٟ#0m:^HJk̜yHswC{s4Qgy\ZpX}\0|̉X]#*@$\\_49*(\\9_Hy((r7ZiXRQm)Iŵ%9XO^L\'kWm`jl5/}\ZaffC\nNUe)*!D!n_<))r&E̖uB<_x\0\0M~\\\0RXFM]RX۶!}KN*.թ3\\rCL5tvyi^8&woˌɭ1iR&pk;uu}_%0gCxԶHN{Na1*Asas\n\0OI\nS%wu+*ZSNF+M5:qTt/˷?ĄWL\0\".Iģ;Sg=+ٞ͡XEmSgel4&¢1V/ǚލVg2SyV}NEHy⏨fcboLp$v2rZT$+z33sqIť:q,K3Ur^:c..cͷh8&oމJIowrOJյ%[{l2Ϫ)B;^zV@.8sb,qX~O+iS8մQXNM\\.Iz/,kN*eerCLDUwlo?(G1vӥ\n7s\0էok3^eyJyVgMBFq8y?\\p>~pt\nf/<u<+,N&u˲wa퐓-ErI:uǑK3ureZ@RjLrrmקc\0\0oSKc\0l{e{WVS}L痞7r¯+\0Z4vuuf\\#{4W)n&.u;sb,r>,4לT!2eaN1U}_s=*$\";`p\0@WX.ˮa``>`Āx!5gqm%^&lyh3k?.@暯*I$70=\Z\0p8AE*9!D[B-K!NNA:l4?WCzFM\\^L~\\Nv޵\0i9N^{_|Wn=KEoΞ)9uH\'!DO\0з)T=7,w0|U\rBڿ&\'=^Mq8vDTv7%w0|UQ$,OK\'a!Dn@撯\"!Btb7%w0|U\r]z&B^TaUs嫭jhH!|\\ssW[FB!z8/7n0vn|9߰)k`Sn.µg3\'Ĵ1^H8?GK=t\"!BSu{3TW0zm9oY8k[U\rQ$B!hH!BFB!0\"!Ba{&Rc!B!jRw3cF5rsu\\8\0?\\TxB..>:0H90yT߱Q)=c\"hV4\']>KʊQ$B!hH!BFB!0\"!Z	tVTBHUŏ|){iX63|55{t|u8,|cc/0;{<5/a*0mb~3l)q \"dcFˣ|hSE{RY(žҋq`in{;Q?m[бyN-Zۤ޼[A,V\nB\")rݰhܲ6#*,Ʊ3Š\r\\o_*oGt\rwLqs-WW*kʀZJ/6Nb\0ml0N]6]]}}Yw`Ѹ	₽O8?8#3+KXɳ%F^xa!.Ѕ99h\Z2ϗu]EyRyy8|\\qc#/O|n-\0 erX3_rX8j-G)b1\\a?\0x\rzN\nL>_i=\0DW3\\{GzLv~zIp/&O@\0nAz4uv>qhqPg]T9n}{YjqWY9b1jǏ½0܂l8:ַ\\lf߉h>$f0v@ZT4^lBر}Vb_QYF41$Um>N.\0\0W\'ggdHM	Sb/(\0\0H$ONmlУClM8,{{g$߇\0ziOGPx6h\0Y+c\"`bڊ_8U۔kUwbv;dglH\n\n\Zw\00chG{]Ƙ>Zi=\0^Mz e>Q˗25h׸1-0/z\r\0))=&GMK=_uoע7nĵyK\\lejlP[,2sWƽTQSb`_6+->CbU\0JƘ֢bZJ/6|RzuČ~z\\\0\0LL VFnQ[\n?$Du;;4uSBB [cJ( 0<\'\0`X`OO\n>tu6	f&&zү+w`܀!K<|\0sׯcFPX[XbjH\\VZ>>I^D߮ac_ݸ)aāq19Y\Zg@YC}||T)T]l|.kKDfr#A Jŋׯ0gxcl֦s\n߼F?f\\\nKz	!b_QYY\nz%Q iafl́y\n	 7o9?K\r4uwǁoٷ-[əCHIKMǷ$p}_̏^gO]\rqW@j6\0\07gRu88HDp\r\n.{([=lVi_2Yp\0T+u]1Sccs`/_ t,jIyOY\\la\"&\08dlf쒟-2atR:n0ٵ6^KQNJ/65W_(PxPm: U\Z!-#k(S}]۴\rZ;,EvʘC##|N!?+xl}{t¶6:B:a٘O6E.\\ƌEOg\0}tUk8٫gdhg\'qamaY[=lcocµk_lm63xiDuﳲdokOVy-.z\0\0 \0IDATYgX7{.$	;Q\nۑ]ljtsoou>mNthBmvؤDd	MJD@29i`l!]Uá3	|vX|ijysz0֑x2-6S\0\rvV֌k£\0xԬn1;Pmگ\0YB!~߽ήcysr`FI6>ڷǲېcOIضOXg\"TPVcCEBlIm%wbOY/[Ǐ5ke:(\Z+m%GJ/6B?N]5fḐ|\rC>DzS\rOٟEw|޼9}ѝ_bo+4<-Ճ܇ԐPz0>\0@Hw?c!G|2{-AٳPPkO~ϸԲN#9Q[1cH\rw˖u.37>ǀX#aE\'\"SKnŪ}v2\rǢ/˺PccwR\"uF27gܐwbOY/[\"FbM~Z,w{IX~[>ux|x<jF^s郊Xg[&$;g.z*BXzCY]Aʁ\'{A]Ugq5^\nߏpڠysWt~Yvn@hB!_f\\{-%ID ^;^{&X7k֣M.!\Zm㉺ձFd&ZBt.=B!F\'iiRMB,+L*ZU	!hVbԗY̌\nJLtB\\uз	!BH\"!BaDEB!6B!m	\"HDߧP/BtO/6[?m{t\nDYA ;VZ\']xZC0Dq6Ek1h[\\O\\EƸ~ubr]ѿ^TY;UbgywEՏ_<_$8G/GdDW9F1%A=zh%۶c+Z;Iy=X<S{vFqpl<Zϴ6p헾aJ/pMSTWk,Ť>˓/_>-Ym8_ A/6fe];lπxv%vqq8Փ%{O%=ppGfV6,4\rAv.AӰy+-ϓ [:4yyuk\0W.mpTeQO/l9rN~H$\'6	\0?\07osT8_$dJuf&\0?xFF;c+EMK\0|1yR_\0\0p֣	?GK:낭wpϞ{l?.q5G?nA~6Cp[㠬w\"	w1]Pɴ#)#U_+bgTgUc:Rvl!~~6ffÓ/9C6AjV@M\'\0332ǦTpf\0\0$	~\'%66ѡ&{|=򂽂3`d`	aKm(<`x\01c~0SBB1m/m5w*;1p`flQN6$H;\0W4qwǣѮqc_}|f^u=\0Ku\Zkw\0`jlHe㦍κ`7kcvڃ\nǿ%.0QvejlP[,2sWƽTQSJ_+->CbU\0J>1zd?EskEQL45j^Gʎ:2̊*͉˗кa\nћ [ؤ$LZ.rsa^LL VFnQ[\n߸$Du;;4uSBB [cJ( 0<\'\0`X`OO\n>tu6	f&&OR9=O۸;7` l0yp>)\0>\Z+OҿW0ep(-,߷+.lؗs7n`Jh-,1q`\\LNƙ%`֐aD_<G,U[/߻q\',.e(jA J_a>WG[;yp?yCɴ#̑*+GTgUc:R~>IżX2aCt@f`gm].Y![,)ss`en^BB1%͛btϭRMq?kwVpsb;!%-\r6]|ߒpCÕ1?z-R=Ev6Țƥ_Y!\0ܜ]J Y 5(PlO[[}g\0PήԥvL΁낭|@zұm&?eq$.kG\0E㠬\\\Z\'uLg{{,έ(SvG>)#Ub|*{\Zבq3ϛ_LC\rtN7CΡoWhꆴԮQLum66j03mە*cnnq~>L;cÇݲE\nt nMKAsgcZH\"1c\0`߭*]\Z.\0x,O1G;;<;kRa{[|՝X`kpvpLN/&e}\'{{dX{ʻlq$khC\Za칐H$~F-^*,/#[׊*kj>Gq]_={\ZQSӫé)hQI\n^esҠɃCTCgN/byckӠ!\ZծA根`#eX[} @CW7YY3^qU#7/\0Q\ZFn^>@M<zn5k{x`Cd	}.:k1; q\Z%=Vtk˶oC&=I\'6b8c>Zc՞]dbg[RyL\0BY[կ\r	1>&E]Tc?c\rǏ5keI(,m=I9bkK|**{)s֬BH<a7Ō7oYjެq!\Zĵ1#|l.GU:;>ox|/1h\ZRMwjH(^iaC\0 㱐~#tZ=Y?5\'LD_ghtj\n_Fё-\\Ø~$͇eK:c@_clϢ)\r%[bY\n>;ce](;)MBкa#X3~wb,khüXyjǄݚRYzT6~\\mb/USYU]}VMJĢM3?Óp|xҼ`F^s郊Xg&$;g.z*BXzCY]Aʁ\'{A]U7gq5^\nߏpڠysWt~Yvn\rʚGh]B52KUlmm(/O\"za;49_muA!DhOuF4\'4U6Ѻ ktB!0=IKennTb\\SKUE*9!٪C,2XAiзNМBvѷ3!B)wQ$B!hH!BFB!0\"!Z	t\n!(^\0>cGù?|ƎƵf&޳FP zϚ5	=p;Yi}:&ML*C1p 5^e:,deK]h_kmZNʲvzmOq2N\\HShHSsIh\rҋ⸟cdx/{h%۶c+Z;}gbtmatp?DLi}XYc\\q?-Ƭ!`.n܂Fnnr]Sʟ~k\"Zhj4>d,uShD\"#GtFO\"G\0,0<Rӵ汋1kWXZoxAz,Æa~~xk]W?[\'EAɷu7)ii07\0\\Fۈ-LU//ϷLLPZ50f-Y7osT8_$d\0nAz4uv>qepS\0yyf)tbzIp/&O@,T9n}{3B1CBmFékWvbV4.+\0OFP Ʋ6Lϋʜvd<M?{m\Z6u^l=5dxh6@M\'\033>]ތl\'._B농XZ#L0.?\0\n`x\01c~0SBB1m/e[Eu\'?䭴܌;ݏvch\01\"SRpk{M6*}1D9ِ 5\0yz%@ʾ3|/e5h׸1-0/z\r8K&z-x{vN\\{pXkoᣘ9t(Y@q)\ZB[Xt\nW?c\ZΑʜc;Dk1\Z͇ҋ)ӰhF}o?Mz\\mLL .UT̋^%&*\'0<\'\0`X`OOYY⸺ezu3ă\'wxJ7ع1#|(-,15$W.(AYf\rkKS\0=}\0${S}M9wdNqt]?,߆>9o^#Pe#֘m=;;%k3S?U篬s=UL]^>H4\nuk|P*#]\0\0S~Yy_b?v<I~WkM33dŰ05EvnLy)Ъ~lN84t{|K!L\rW\ZWHyժO2^\0{d7Allng,*{gy U$GX}<($@\0XõO]~ں]&=NBm˲[ƅk=e{u{{\0\r\"ceM9RԞ*s.myz$<f;&0*({6Ez*WhꆴԮQCz,^Yt nMKAsgcZHx<#.c\"ا3\0[2bi\ngp?hg\'qamaRʞ\';Wlbocµk{x	gAﳲdoTꓪf-!Zve,6Fl12.pw,XY2?_SMMQIsssabd%Zk&=wGϝn.kSeԬG E[I\n^cs֬BHRr\\˰2$@CW7YY3^brU#7/\0Q\ZFn^>@M<z/oĎcGxloX8q\\v<f99p0Sݪ[X}2|I:i\Z [;cݲ\nI!\0\"!6	UEc;>~{ZH$c]Um_$DXoԘ͒9*I9cӥZ5:s\Z|wlVk&䟿$w$^l~5ǡNp8f~6g\rɷ0C&%bѦr1i;~tSYfBA7.0fqѩe+|FGjGZ8Jxkgto9f`8xbul,GT*cE\'\"SKnŪwv2\rG_\Z`gxNJDӰnV̀cȼXyjǄcc]e1smiݺh:{P=6K$U-y#Vix(Zԫ+KKXk{ !\'\'[AOK7P*ZU	Z{蟳#/OOy)X\Z[/(B!CEB!6*.;BwQ$B!xO8}45X,KS*ZU	!hVbԗY̌\ZLtB\\uз	!BH\"!BaDEB!6B!m	HDߧP!F蝍aUz\"R˖ׯBSmj#v]e96uL!e@Ew6#*,Ʃ<]aj{ߣWN:F()gRQ$zʽg(p>ؿ|H(͈a8u٘ih9,5#DnAz4uv>qyW.mpTqיjKw0+EMK\0|1yR_\0\0mtI*ڍqc߼AS~Q+ێ&oo1\')5[,k ,\'Xǆ,fJ|5Ubak\r۸&+G,F>Q[p;\rP0( %-\rF^fZƵR~BӰdsr4,ﳲ87!m^Y#L0K\\~ۯsx~(fkV13w*;1p`jlHe㦍Z;~30%$V\"=6{J4끔}0gD-_kЮqc<ܳ[`^\Z\0PvIDEoo܎ىkW4qwǣѮqc_C?FydC\rIAR\rSY.>s+f[kq:056P(­Gps{OW^j*nm)?[s:z=3Ǝg\\+e\rzt耭	_w`oci	!hHF&ׯax`O\08|oe8?k+w`܀!mx0k0X[X/fdHwu6	f&&ORǒ)Cama]qa&ƶݸ)aāq19S%]w%\"{˷q:f%!eDB\Z26^>)023׹boJ,lma7H(/^~9#T^l}V%kEP\"?SBÔ2!D(9R`F^ƣ\'O%Y%?2a>iܲBT\09:^@l_ƌK\08wχ~dZ^\0\0\0 \0IDATh[X5;R]_ \rq,zN1Hנ@yyf\0~5&Ǣ\r\rTg)YV6di\\犭OlkMX\"luPLvփ*럭Ϫ#V4:.5N\0Xo/[f!U ئCq]hR]4;BPgX7{.$	;Q겲\0xJY\".c\"ا3\0[W1{[|՝XpL8;8mf&\r+KKʂ=2oD$ -,ժk<O3ؔ,J4gs\'J,Mq:P[l}V5ٵ~NswV޷qKBHitF+aen!In^<~,v\'@ǏpYKz\0YB!~߽s5k[mcytq\0ncm\'$FgçUkڳlV쌁wVۗժ~}l?\0Hq011ڮ=0\'jZm+h\rM\\m6ƍ@Ul-Zi:r6\r\ZQ:4o{xy]!zQL}~QA3!K(z|>zϚ\ZA=k:>c_</?9n+[?oRN1f 㱐~#0UμXyjǄcaXl?Cݲ%8O~ϸԲN#\0ODʳ7l݊U3g1ֱ`8zÇqx3v<v\'%iXZ7l+ss1pCxձ1R6Tml4ՆuĶTEu*XϞEKo,ĜOT\ZWbZؐ |Vo=P)\'?Ey<47Fj&Z5himNsrӄI\Z)9kV\n}DXXcdtiSB°Ql?Knfm{(x6k7*+~Ð+Vc}4d{6,\nkw	ڳGm:QY-H?5\nI.VܮF^Ru5s^Qt\nA>8~<v\"v\nKK2B0=l,\'/}+V2~5nм;s\Z|bu%y?kz=Fr:iPGUze⛛LL\\/t*63eRDD|%n؈.^͚*w:z}3iVcǡ[9~V;;w{U^D ^;^{&X7k]Dfko#Gዶt)\'>WbٶZv\Zם1?/iMQn.̋n731!M\'zs6}&oPC׫[I1EձSyT5o\':CL_vV[3FV9ťQSq8403zff?+ss7SYX5+l%usB!U11jb\r܌Э]{ΩE22PF\rg_cslZOq͇rJYp{顄uB\">;ӧJlQufFbIQyh,I%=6g*t뎠Nެup\'dN1us	t\n!TJlղ\'o?RЋkp\0sxwǅ[h2ǌOy&%bѦ0ǴyOVɜbX#)GeK]hХy\"F=hdVmhPN;)\\?IEEmhV4\':^l*k#8lyX+J֊8UeϣH>y	\nsa٧9\0?}߼AS~Q\0rba`:\'6	\0?ֲ\0:3_̀S<##p13$O__$\n\' NqtI*ڍqcBsssl;\0Qw@_Ĝ84nUƉ,fMCBmFékWՊx,E1a-X&3%\"sWB?.܁ ;[_s_Gƍ1}4\0}UUH쭠(vi&,QAH_n3s)Wj0We栜\\^zN||ޟq9|Nb\"\'Vf!||*Qs~ya63\0ʕ#v<-3.֨IɐY3tEx9v_ظ1=-)[9N7\'WWKmN;ה)o~j$mn`^b6ra&iPZ~%P{\n!J(bSDΎP._3K7ml\ZYP2edTؤWO7z+KKnًTǥ+m`ﱣDw섽-!Z:Dwꌽ-C;rIvDbocKAeic2յ;5m7Lvҵ)mS7	\')%.>9	Q^X0T^A)l=%KXp[,\\-M63/<ґx_1aB^P(LZ)MX\\aR8-kCrPlYmj;iX\n:OƴoyT$4o3;mƂ\nJagccDQrDQvgfU899qqfmlʳO$>ן&Mp~Fȿ7R\\7&-22[\ZiymCmj;ikN\n:ըXcCVNĔƭ3;S*(ڰǳ1\"(9ֳ(6^Y⋸o5Z]YWu6K7o!&i:}~}f\\ABڽVxy4&~KfN6uխ]PdglF,s_7	yoC̉;kSFA~3Tg7wߧge/:4WWp\0EvVNm2[Yև!EQl|ү?+oni\\Fڤ~?w1?>	LӜu*\r;y@^Vh0Sy#GcRHyZ!~`| n^ƛ/j׶0XquOs(o4>1˩ךiS=tF\n/:z3tl^҉7jVՆ=e}X!(zj*»su֧B<;dCQBؘ{lꕼB!DYDy_p#5Wjd:$!T(6w:!B[B!B2/]2a^^%*Jr]I4>B%gKR,Vz6<,B.yB!S\'E!BLB!N2QB!:DQ(h\'Eu(B<U2(d(ƻooZjp c&q֭\Zw\'\r9%28(Ly-|E)8+豟XOLEwdFtʕa0a§\Ze{J[cL]蟤I]iBGd(֬fLx+KK*3g9GJ`\0E_\0RR>624BߞGx+[N.<*-9-#C>>}J~ʍ/\r¿\0T7;Q-$ڵCoN_۽zծ-A#P];ֺ%zv~ۋg?u{v߉foHt	L̝m@VA Xs;K7oZH^j>,66w|:ݻ۷RׇK*_P3^Wcy\\Vh,VC犮2ܸM\0 =3q59٬$(6N]f[+G>x[\01s^^6/3a\"~\'sy6:1lg1j$O`l5Cg,Z/̹h_\0˕#3;Xezch!3\Zimj$mn`}YZZ3^G-UZSԷ߁EKGW&`Nϗ+GVV6\'Ο珕=qׅXYC5Pj+66w?f9[:EfNeʔs*_P3^u1G^Emя2*Wjq4?GNⵚ5,_ެ$(6RҨ7L2+m3K7ml\Z֙=G7z+KKnًTi{%c\'ml	iւ_.YOǏݩ36ȡ\'Uddf2kwml	lҌ+ׯ_	Ɩ>m40PmnN$dS*D`kK`~;w<)[_ʔ)Cfv*-I3%`lphD;Ǝ>EdP1R+Lm;jwsƫsQ[Ac^뫯4_8v/Zf%EQ ;p5%<\rM6Tz	x\n999\Zyd(8:\Z)M\0NNʽQ=Q:Ef&ιcJOƴoyT$4o3ZΏ&dfe9ezv;\ZCm`Q^z376ՙS}y\\V+\\cȮ\0GH&بKc4=7\'\'.n܌\'Ԥ)\0P9;8oM`,GGnʹ4&r+#\n\\fjT1x!+wn\'bJg`mm=,-,WTE.LOΤ<M-[9u2Pj+6ǘ-陙9:r+V洝vj빨 QC犾2yU.]\\/_z(BWrY#vcηcŎm(ܸui+Z۷Yy#Q̋^UsVÃW.~\\4{:oRM̜lfo5S֮M	(Xi#&A[۳Sݳ	\0WWp\0EvVN5_&l@W7V9cyZvʕ92w5NCmz͚,ݔ@FV_}7sN9c=/z.j+~Tg\\WF2exf-M\Z5U!DqU5¦Y\')5mh;j8陙^2ϐA~,۲	,JDuqʹnX>CǯJ[?\Z	ŋ>R1Er9jox&RM\ZH4˻u;-IzZL7Vh;ǧkkRëxŗVMA^._kMazfټڥoԪ->Z[j\Zԩ#I#MԲNJQbv1ԇ\nx[g\Zש7sNWjD>ԏ+nΟMF\Z.|g._H۴aD/+~?w&ך&j|/[C}w,SF.w?矘uy]0G;;(ɧ+^CeLz̪;X)_\Z,q\Z\Z?}1,3.ϊCB\'SSޝu(B\0`Ӭ1,0\nC݈ر8k\0\ZF_`Zb,ۼJ\"IWc5$\"x)&GFLy-Z`kKfe`ͭ2TF;wʊ>>\\fx]FACP޽\'tk9sB/Əcc-̙W/uHB\Z~Zҵ$UWХ/VVhOe_uDqXXgiI7YU*seLa>X~/füKZa=wj߁%:n?Y_LQ0~|jS̊V!	Qjt{֭4z?\Z\Z۶ͪ~\"d+O=g߹uDҒ<.2N_EYɧzIS(8o]6~|f732p5t<Z_?][_ŋwvB1wRreϞ6+z>2h*^N T,z\"\'wڜ;~ex15d(uk뿝m.м	\ro֘/-&űc/_*n\n	!PΏ֩MQml{{>Ӌ0XN{p9wMKׯSbŧZd:|0n/\0okêeeFĀ9vWl_BRbV*)W,=8y*ة?珝\r][Ᏻs^ˉb\r߻,S-cyߒw\\GݞGj5X\';{^3͜ńBȶ?3\'dݾ;JȾsջvPr\"d+wFu/\'ObX(9È.]|Ceۻ˗nsdca-}t҇/7m|bi/SB!!Fa?Q#8e[6զT\n˄\r9#-يlŧ[\ZH!DzQ=(\n+Jf6Q58Uv;suw3Пo>$GJ`\0EGWzRR>624BO=޵n[RgwWUڕ72_Ņ\r)B<d(˕#3;X+ꏛ?f9[:EfNeʔ\\9o.l|J__~	K>s!I[w0[7-x|/sn:\Z-xz\r B2QN2edTؤWD?zCqcp0)StByy\0~wFt醽-C:k<`DIJIOk;t8ѝ:cocЎ:i}B!ĳF&*< zFf\0x{<qsfv6U`\0O_SSUiSq3=Q\'j9>*ɉ[Z7!$(of;[[33qst\'_XLg7\'\'.n܌ըXcCVNĔƭёiip3-\rG«BQLEQ^&K7%q\ZܷzYotFZJk:?q{vs}{VX I7[2s4S#BW2Q%\'r6^֙uwRH;Gτ^Ὀ]NEDM5;Ijs|@G!(dEQ$\nOR/;W7m-!(j:bꕼEBLYDy_p#5Wjd:$!$EQ7zFuB!3On=!B\\tɤYzyaii	RT}.	JZB.=[z(\'f*,gQ$OpSϥ<,B!:(\n!Bd(B!tB!I&B!B\'(b{V4AE\Zw\')x+?Tk\0\0 \0IDAT{\ZSnQ\\65J+ɱ!EQl\\OMX4֨m<}{,.]D͘ΰΝ;|dDTԑBDԾSO<(~ؘj}1,j[vfQBZWiZEBOբA\0G!J(]~Uw>G8F@yC~g^kGOjp }>;wYZE3_S4F\rk6\"bJBjזĭ\0޿O@;r{PuKʮÇ99-cGSߗ;wd}\Z-~^	-׳;z۶~^^_G\r\')%W{/]»c&];WУ˷nV];T\ZcuwߗbX(\'`0qhN=P\ZΔ@W?\Z[ƹ</LkCksǦ)7C\nQXd(d\r$oiaAvNkagsmN\0-+bWpv:<\\]Lu\\tkӆq8v>\rޡߔUsyFM\'0GO̚KloϱX*LXre˒򭛉</(sfτS6ıg68-c6||5C`dn[0`{f=go-.|pypO4Zre˒͉cjfEe܂N\\ͬ!|>VWlYrrHؿr>~ޯX:O84\'mk?SCL9t1ƹs^׆MuBLE7JLKc|x/yTѷ\'舽-;i<se\n{[wًU{%c\'ml	iւ_.Y_>W\n	e?JW(5<w@.\\.{!2$g*a4V/mnN$d\'rrr\'*doτ}fmNꗑɈ.ݰ%I3_gL\\XG},_gze\Zc\ZƠc\rq灹ss70MuB|GQU<*ϵ$~*V9#3jA\Z\\UO]3(sBc}nYg77R5%999zKMOA[y-~4}5ͣ\"qwvfƠ!4}JBBav`J;9|r\0?_F\Zc]j5%?qzv6eby`.c=/p_v_cS]~-y!EQl6lȦ<1QرO\'}Nb7hqQ2v4!|1bnNNQ*qiBȿ7KZ..Q\rSR(bV=9;knkXըXcCVNĔƭZTb{ҍ\'x\\MIf%O\0Jci(oScfn1Ǻ\\IA	@[\Zq8Ky=P;uzh36sm}^6%?Ϋ9En=bcd}	\";ջw\Z52xl&MX)[(f#ҳsrxWqutK|t	^*x\n\0ׯ̕+HS(X;\n6ލvn2sIdn|m\rfHuY)4b/.zik:?q{vs}{VǷzxuJĸpW[[[3Xݼ\";l潷6)oScpvpνRfn1,--k7oPm]?k:NM=26εyar\Z~3 Dqwi촂Pvp*gfϐA~I-۲	,JDo~l37ӰO80>#G`؉#HJN~О&&2J>u`zO*m<kA(7\0$j3o7rr>D^ԑ7wVFGs\'ONh10M&K^._kMa᪴Cp}<2v4bgk=޿5~\ri10s|7ҤMQ2:S1ڔJ%~\ryo\0js?5(k:NM=/_C\\Wy^L=K}s0hZj0;Z=<4$eʔQ-\Zj qӿ}\"/Ciy+ޱhgX>Ev61\0*z0#:3v`k\"hkx\'U/ŰP|:t1GikfcQQhmX?גۭb^|<..Hw$j~E\ZW1U]Q<rPZAy-Z`kKfuUZ;wʊ>>\\4*ѿNf!(:k\ZO%=ZsN.TC!+}qvp>$DQ	*ܹA@՗w9̛/d03},{X3EKGMʽz9j|ү?7o#:f	!:Cs/q;}9}SYSjfɾsɠ%Y:28}-dj@)7z{?<M=oA+o.Vtm݆2x*JJQd*87\'Vw#FC*J86VV(<<9wncgmGy:gm.мmax.F1&,ZH+B!i燽-:uN:^Qܵ.]NՊUiWXfȒ˷l5raտ?ݲ٤Lb@[+[RB!|yYY\0<|reqD%W(iؐ{\"~|z.G-	x<{چWUb/sT\\W.^8_ӳ2/zU{Z\nO_\\\05B!JfN33?\ZFQTbD»j}A\nʨn=	^3gѥ*m=L^LUw%k3>|iNJQMȾ[.n>T˒/?}_8>W424W֩3$%Q;4U%^4xKS$?}WwX4;fWUMQ|<(Ǟu(IZ!UcBQ4d(4ڏME_^ܑi+>T%jTw=\"bJBjז-%pkݒz=oXӽj1\0ݷշk};wVуߗ#9|\0wߧjp 9Zn:|HolyBgLE1aBԮͩ5q왻`%puX\nή]+c%pX\nN\\Cww&`j$mn`޼š/+Vt[6~bS֦\rgqn:|\ZC)1\0+[̬,oL)\\ظ~A3[olyBgLE\"CBqvp@Tҷ舽-;p`Iy QCqupΎPvy=?7G\'ORJ2]|ZsKPcq1D/[++ml޹+g/^T+L\ZDJZYѻm iS!DTjOjz:=kgdfR-(@cIyLKó|nn~:i|MHܝ1hM߬3/cq1Dݩ0qB~={EVw}bRU񗛭,-\r.4)x(65wbt\\nߠ1q2UyRҨ))wqQרXcCVNĔƭә8ښJn\\H7&BƎ&28/Fɉ;J%.-[ߘBIn=bIݺ,ݔ@BARJ\n1˗i|m&,ٔYZLʻw#ݳ̜l33G4П={>=+|8+{[p[kI[0G{{D]vNo*|.R%^1cO=B<d(ySZ$iS쬭\0{GL=ݡ=LLdIyїҩ#ot­>JދTkMԴ):\\o^0F3d/tl!CY>m;^mEyImn1U1x\"QDoH;S!ĳAEBD!\n,]zȂB!⩓B!I&B!B\'(\n!B\\tɤYzyv,B!\"f*-^RgQPOpSϥw\'33Dn=!Bd(B!tB!I&B!B\'(\n!Bd(\'WP\0mZѸ_	iL&SdgVx64͋~o[\\<.*OxHgLEq=5aѼZGcW׷t\'\"f-t-5c::wfE~,9;,:Ì(nݑDU΁(s?ĳϢ?3VOP;uVm.Ԍt;JH0:M+>Cȷ;LY\0%ͳph+sgĳO(bcס_h\'μP޻G ׺}-S\ZHE_Oݻ<~;wVуߗ#9|*=9-#C>\Zi귐2C ڵq+#S58oݒ=!uNNKTYFzi/VcޅKn@IF\rwUigsz}<}Y/}FzjjCG7Ĝc:~WQcas޸A@R5gfR};UB$(b#)9/wwXZXڽ{\\۶qʱ]WW&.S5}*ڴl:έ]Ow7%F>f\\^Q	ѓ!f,E8s,v\'V;/\\ٲdfe|f&O-\nfĜz3aBԮͩ5q왻`iiJ7V/}r|je\'\Z-KWwkêigsZlYrrHؿr>~ޯTE82!q30\rtAM8ae[7ӮYsLng!LUÇ&L2\n?Q`t[$KgSӳj[ ~X%+T\0VFF~kQ*qyOzj!AZwʎϿzJ\0\\q\rl:վo܌WGJ%}}P@N!+*8;t3^\ZEݍ[s^zfjV )%#{]I誏ctŠk8Ok:)1d\r\nr<V%&]7z0\'WqQQc_y_aw=P.\\(\0U<*ϵ$~r\'#3jA\Z\\UO]3(s.Jg(\Zs3-\rT?{u_\0V/5=]*[ye9RvkO;祮UDBar,c1Xsq~P{9ǐ6(Xdլɛ/ʝȶZ$\nQPd(\r߆\rÁ\'&;dնi~kՍz	;1\n7\'\'(lJwvpԛTQeKyRҨ))q5TNdde#4VdJY-?휗^IAV[\Z\ZEW}L9&uq3^Euh+1d\r\n2ufa;zaFyKc;ٵ;qfE$b6F۶IlJVF,fYEa~U\\9{-]WJ$^3s\n\n{,w#ݳ̜l33GoñҤn]nJ M )%4h^+{ O;[%csM\nbmίK^OMa\r~ګm99Q\\oP*R^x1y	aLN|f$|ݯ5{?Oxi\nmG\rb@ڎ\ZNzff_e\rX4\nrg4N,gф<vb߻\';gRO4ޓ>J[?ϚAD`4\rIzZL#r21W:u]}\\ySZ$iS쬭Iʏ/Fg ^ؾO;[Rį7\r\Z@`\'SK^OMa\r~i*/1d\rω{ CN+yDiQdqӿ}\"Vуi^aYsK7%p<+ޱhgX>Ev61\"hkx\'Ro\\g<`$KƐyK{%v$m..mPm\r9doӳ0ӜGw0K]Q<r\\-axZYǇ׮x;\"Elmi׬9u\ZEN6\rAy.Oй_~u&.YuwaZB=>YaX{{(>WGE07	T}}0oRt:<GO]~=/ް;`sD\rxXюGYkfƩzBQ,O:_k\\;nhITҢX?|/ZȚO>-:+KKt,E`Ji\n~9Ə֬fFIVC~zsmSuYB|Z6kOQP<(?q8>fҺz沱\"Gɹs;k<m.мmax.F1&,ZH+f5&B\n{QZq&\'ჱ]h֫{pƣ͗_jǋS-cͷט;x?ݲS3sn:ly_B!5OcQZˉ{%>{AiӰ!{E=66=G`gm+ժklNv9zcW+U/Yr=f^\\.\Z\n!ӘGE6QnZKK3{|jw<փ_NŰP~;s]]	љXKܴk\'O%x(jw`J@ǌId_ޭSmyoefhVc+-(يzQZ:OSI4x\Z}R8&x6<(ǞuB!D&EQ,(ݣzHk]pm>\0,Ojp }>UN4F\rs)U-{nn:ݑW~;wVуߗ#UqBFFVSbWt#ned[rZ\Zǎ//w4ҍQ\ZwGjۣ+R떪6}][\nc33jזFow[ٝUo=<}Y/}FzjIkܽʁڵ!Ax=|fUv&.:!DI$EQ,XZXڽ{\\۶qʱ]WW&.S7f\\^Q	ѓ!fҞ{˷lfݔi\\޼3[5}*ڴl:έ]Ow7%-3gbgo~dΨtJ\0\0 \0IDAT]k΄72aBԮͩ5q왻`)uTWlY2Xu3qpa3B^+FݶEcح[kWu>s!I[w0[7-Y99$y9`Ex)W,9ٜ8?VfVP-ϩ\ZͧuBQDQ7ދjx֟w ep0WQ;vƖf-erUZFf&Sf%Ol6T\\F_?lex箜xQ#;wq7n^2AڇQ!>{!2$g*aJ*X+L\ZQfPy:l&oЎ&щߓLR \'\'\"Y<o~qExdDnؤIׯ3{OWPYg!(iۢtVT\n8]Y[\nT,-55?u&.ZȯgϠݻ\Zw4Ogz7tVެ:U񗔵e^^J+!ZӐŕk=~4}5ͣ\"qwvfƠ!4}Xɉtަx(=7˕N.:!DI\"EQ}N\"7hL9;8oM!7UDňQ99qGĥeUiFwq\\yRҨ))wq[YYW:^d:ښJ%V/мf\\ocUiJ3V\Z+x8>|ʝۉٸuzc|\Z[4b2]K^,%zZ&MX)[(f#߯_+WPvw伳srxWqutK|t	^*x\n//<1Ih݈o&3\'LMe\nRRYL;hnm%1n<M.\\KIf\\vXݛOܞܽꞕ\rҒɱ˹v&i\n۶]1wAY!J\Z(#`|IfNլɬ!CU$|Q+4+1o(:h0\'}̭t^U#GloOLK`\ZlbGeySG<iȬ!z˙<` &3{j< ?(sFhC2f\\&,Z@ef\ZǏwK}93Ϙ6$Z㪝y_0`T<+T`zT*5AHNMq|5CUzA!.:!DI#n\"!}\"dQdCB!OLB!N2QB	,şLB!Ne.^d,U\n;!BXS<^U<,\nB.yn6swȭg!BLB!N2QB!:DQ!B$E!BLEr\n\nM+\Z \"Id,\nf>[T1tšMc57<JrBDQSSͫ5jp4v}Ow?\"b&~\"K2>Q33sgY?.u;,#2~4,&J2@X>AY`R3{(!-+4D\'jQ \n\\QƮCЪ;Ol#y#Gw!Al?3u	õ[QӧR58DMʝwUyv,菇/Fr)UzrZ\ZAGPׇ}5oede1%j!AxkK?VF\0wߧjp 9[=(ߺ%u{teCz뜜F˝;~>tcow[ٝUg=m[o//w/bvӽ.a݀1T`ծT	+[7ծrx1,V0rSSMO84\'mk?Sm}gy-c\\[AtcӔc(,2QFRr2^ ;\'{Ϲm\'\0Օc+8vL]:.jTiٸu[oJ*}Z&ۣ\'CfY%pX\nN\\Cww&,^@ebM[̈9gԩ]Sk3wRn^چ&|H֍qlOu֬=ŕ7;o}_\ZxtnFWlYs9q<\\ͬ行[0SÉ5$Oʕ-KVN	wBo7V\'CĠc\rqj)灮~487wsSP~ܱ.?[(V<0iiE5XZ<֟w ep0`~~ZYaoc]9{*}ﱣDw섽-!Z:AڇQ!>G\nSQ\'VVnȅke#D@%77>RщߓLRR[NNDPBл?͉X223ѥ66iFSU\Zc](/@/WBc,?]ԙ{v66N1<0qnX~ڜ.?[(bGED/ݷZJ\Z?gdfR-(@c0qB~={EVwÓPhʹ4<WPFjz>^_$\'\'Go~8;8~t+oVOƴoyT$4o3\\)5U=Tݝ]HS(ۜL_y\'\'\0/W\0˕h[c}Krsr\"]=C^5ΦS]L=elkSk0}lO\"/d(\r߆\rÁ\'&;dնi^pu|?.BƎ&28/Fɉ;J%.-[ҝ7&U~IRŅ4*oJ\n]\\̪:\'{2p͍ͪ\Z+x8>|ʝۉٸu[˷Jro])Ԭ	[\Z,\rmj̭!X+7;HuK#Sy!\Zj缎SSmƖq0צy~3ȭgQlڝv3a\"RRPdgzNO_Fmۤ	K6%p+#Ev֬\"`0UzvNo*|.R%^ri\nk~[=tƻMfN6陙̍iR.K7%PBe\Z2V/mM\'nn޿Ou<|V~UbnRג`tkkk|˵7Qdgͼ&mjr۹W̭!X%csM\nbmί9c\rs^ǩv?\Z[ƹ>/uACcoB\"(n6\Z?kI_k/,\nڎ\ZNŀ65|l&,(aiOc:8}\\.߸N>jxM_c\' )9{RC{(UA=ccD@\0L0īW\ZoaQ:8/\'ySGޅ[|7u<` ?:uH6ښT/m{~6CfTnGo-{{>5HjwhIH65/Fg ^>O3XkS*5A\Z̑?dJԠ<czv85<GCc|\rs]qyar\Z~3,MrQZyhIʔ)Z4»Al\'D^Ӽ^=:jnJWy.KWcΎ;`}<lbsEO^a6>uyV\"?dm5&{EFy»g5B\rëȮ(9}z]\r<5W;\"Elmi׬9u\ZEN6\rAy.Oй_~&?{wԵ\r0$\nvr[AGDA28Z:E@p֡[{E3\rjLB ZEr䜼~AΕg5$ B|^GZ[(J~>s>~_vhi2PG1dnIKg\08cW[ҭ[M5!i{R,߽;~F\'QCC<@|>s\0\Z犋r߂ 6314qȿ{GB/ET4-Wc#Z\n}<Ο<\nCTzڶiH᳧hodTg=z,,:1s_Ŋ(|@!^G:yFai)&\rCGheu66j?)+/^+%Y*=`n\Z̟4	Aq:E!&YG:PLQ17q!57<\09pv9W.Q[|ة=;ô1r\\OPu@O{<y`gmBH눖BkE}\'G%$3}7yKP]G33z}FwǎypL<-E^\0ؠ\\!_>}?~>bn\'9/t>[te6$]uDK(6w-ޖ@1iӕvNs/@w-Ks\"yY>GvCm@1\r1ghBEE3J\\L>6y礶ZOwظ h]\'  6\Z<`?qf^\'5*r.c8R,5pt˗S;/\03kkT[17{~:-鎲J+eDy챣0><%*S9:{yxcG1ƪ,Ly?nclBعJ2L*/5>NDg/{9);SܗO˿J$/)ʝQ{e}7Q~p||UVU~x\n!\"+v&Oq(9[py~%\0D%l58\rl6bԻvWChe1\0mߊtEaz\"}g#$~JJ @Rv&Rbbqhyxbɷ\0\0n{To݌W|9Q	bcPHzOv&&3K}==Bd!w[\"\nRWoDJԭ,.C}}T8Q|crΔ7\0Z!?%\ra㧘`HcW|1C\Z\n]q6?P+\\TONv(ʽ>ʛwy:x0gIŒfBHEE3r\\F7X,r8zn\0D\"x{_?m}q>\"&yb}{yy巟G˽zS¸m;x\r_w\'K%ؠ`tC6m?w|S}SdRL㌋_ NLY/)>rB\nv0c0m$\02Ubt>cL9gڴqvX<mUWIL2^UL	>dJJll$I8s_OcRJ)\0Ǎ|ISQY)uˎc!WUN371w}\\.,,ů9TH\\\nW%{˷$nchLƭbxP ̰>8C?WvwwdmS%䘚R*dc+ZYL9ƝX#_ \ZŜ2L2\005\0g`\0\0{JWչ8!]`kaӗ~p%XѫKW\0!y\",_[\"}5#u.ַ>ssqp\0\0`an.n2rtYX0;E˗b&lTxGF`dۼ)1qJ~P]^/8J<A~굖0,V3@,Y\n)D0=Ae/MAq^yM1~?x\0&i:nw]z&:cH߾},\\>EeeN#	C`ױ< w}ǜ3V\n[SS0N	Ćq8,;Yf,\ng{:KAMm-:uP?Dף²INBqy9|>ga䀁\ZSYL9gR-bmbj.ڢe/MAYd<L}TVgnq1&|kI57BȻDg__O1t(\0J\0blt<	\'.^@t`P[[XNAY//|\0ݼ=TMXdmY\Z1!1eJ-$ظ:#hm,6-Z>vX4ur\"02x>y{_!6(X~*)Ljt?L)(˝윑k\Z_xxbo1:[B]m4&kO1<߾OVZƁr	!*=ܫWw*`!򎣛YiFl\\61\n\0g!h4#s*O	!(C	!B\\޻,!BٛYeL;vT0L\Z\n	!4.wr:;e3!BB!D.Z(B!hH!B䢅\"!BD-ya5n,>yZIdjb\rMҞ<g`<#O85i]Mj~w.DE3J**t}ߏꆀ5H?=\'h:Mõbሞ\'-m=ވj;B~Dg?s=&\"g/\'zWܫW5bojm \n?0Q\0Q$:obuޏö\0sttǎRpк88xAF\\16t!`q\\.<\"eImDN^8V\0PS[Ow|	|a<\Z}}gŤظiSwNj;SDwrĽ\";9cwy{Tya\Zy?U]ASq~g?~sMm-\\w=};\nPRQR:yS?(YQxFa_J\rq&c	\0e\\5c*N_\r.cP}%B茢R[Y)-cjssq3\0D%l58\rl6bZ!?%\ra㧘-޾lV|ԥ+\n3;!嶿rj>\\bg\"\0@OU3;G0Kݤ?+v&Oq(9[py\Z\Z3\r#CC%/tyVx*/LS1իi߯\ZE\'>s&)̵@(DF^r% zFDye*M$_wygJ}U:GȄmۣnN\r*z[kWB\ZZ/_]ϭZ#\rFޘpG0-&3{35]:,-\0Ox<_(#$K(=f:yyI27W\ZkOoܼml\0?OIh&-_-xDp~rO/\0!zNnd*/ϒ1ūȎlo~fSYpqr¼dm#6WIH\0\0 \0IDATM|L;v\02|e\0IP9iYLQR\\t[پ҆8d,NąƠ9U>TE_r;9]xQз{Ʋ^}WUN371|mܑo/YM\rD_+RRښAEeT7!B**+ab_q,WCPoSi|aS?5n-Ãaef!3%r15E%r@yn4OBC@ݾ҆\"qi2Ox U&}%BAp,37<ň{s\rk6G~J@,Y\n)D0=B݌eG(Yssqp\0\0`!LY	`nOE\"y}o0\"LcWweQx%:hg}>F\'OU%^ݼi2ͅ>.}դ84KB|փ\rWB\Z\Z}FrV܁28x\\;a:\'<:aB!|&&ȿv-\n=j@lؿ\\>sϢv9\rƏ9gP%FeU`ؔҷ/v\0GQYH}v_L\").BT6Si|aS/s5l>chh$#xFQGl.h:f,\nS%gC5i3Mrpވݛʪ*=D+!\rDgY,v+?.~6?J]R\'o^5q+ƯGcp?\0 f>|nޞl_*_࿅p5Ox<}\0\\ޟ:#cP72/&B!1=&+2s&}v=r|MQ2D\'\'AkcibD\"rؠ`r>\'esA߲4cBc$e4i3Mr킅(x=LHOnf4&9|4Xӹ~`ut3KKҘ7EB!	\r_4>ţ\'ؑ{k;,B䢅\"!҄6-Zrsf#}l[z&&@M=5!qEB!\"-	!B\\P$B!rB4}\'Gm7f?ͯ/nh6ḿ\Z?\Z\Zh;:S\\1!ru@j!41P2Muーv֯Cشiغ8Ibhu*w^o!?BEBA}Vc8mA4M]b|Ϙ1X<mڵiicnqqG|BR.\"#`MAz9j6n.Zg55*ǭ|\r];w7X`@\\X<\"eI	F\'/OYW	\0;^~p3po\0>=;9?z\rDϟN\\=viS`QTV&&ﲚ{\"YN~ɪΡ7cGa|xJ**T\ZEyQw%)\0ASq~g?~WX:qqMm-:ǁ\'~NtI~滺_eRWVUˤRS&3Mᶹy|	|jvhHtƊӽ;nJA=t\0Jk6W!p\Zl$Quq9nSpp\Z8~y\n/۾uDFHz񶕻vWChe;\0zzX9yX&\0}gJZ(dm܌bddpm;+s6JܮR\"I~2Ӄ@(DF^r% zFd6qec(/ꎣn+FQIϜ(Xe\'==Tq\0?EJ؎o	ſge]yPgX2;3ҥߓÆÌŪg]K=߽;@ۡ軞Vˮaif\0(,z<:{y;CKK\0(B1#~j\'/;	Vu[\0c4q̈́|*eyrwrtt 7v}\'G\0wKaԂ(H=)d9M%iG\0PTVϿ?irˎ0I͞\'\'̛N6\nT5vy/Q|4,LM~G\'πcbg558i;\ZE=#30@7{&u}zV4`(l\r`-Dt\ZYΨ:#aǱΫB\'RT;rG\"~Ͽ	@g55r?\0-nWXw9;Kkk26\nJ\"V⟭󕖗/\Z_%sLMQ)*c\"uQƭbxP ̰>8C?\'.M05\0g`\0\0|Wg<\Z]mI	~Anݕ..uih/yw<,-\"/]z&:Ԙ@ ~}DGlJO<R^\'yn<:Ǖ7cQEm(růB:uV~(>,+\\Bj`dd=.WY_$5F>\\Tټ;;EvZ\'OAˑġ*M<\rPXEۼaӦ+m[ASѾȄm5\Z?Z(1o_>.2D\'!CXxW\0ƇTwP~	êݻ`ok5p 6.ùgWm`sUjTVUakj\nƩ?V3K-122Bd_-ެL0@\ZYx*\"D%lJ}id\Z\Z\"&9	H>;&G\r%RrΠ:@٧r4CUw<k֫7z88;*;ڣ_\n<h#MCQ|\0=QྶB}ѥg3b/@l:t&#f~N^/^@ukW16B|ܵ+CTw\\BY\'[7l1iݼ=`cmKV|E7éSЪuk8:!?n		FlMm-uF,^cY̆EX}+VH@kkl׮A9E%:	#磴W|-ޮwUo\"mqĦE֥IduYC\0B\'`W޼Ei9]M1vi(%|6,D+hL?\ZmO1<߾OVZYHB	!L9r^7ªy3!ٸ:mbt7)!-\0-	!.76Os*Ow]z&B!rBB!EEB!\"-	ibfwKypxH9NiXP$͆KXRHXAx}R]Fw=fvCmNUUa\'FG\"j6n.Zg55\0^};^~p3po\0>=;9?z\rDϟN\\=vc\0PVY	eKq^3`2/^\0\0ak7_KPاR.\"#`MAz9,KzocћBNWT$<\00k*<\0@n>kjk}<>^xsRvߞdk17{~:}-鎲J+eDqoy챣0><%2LcZgy4Dϟ3	SemC!r^#b	,]qTNY[TB4CE3Ú}?k61{\0\0zzX9yX&\0}gJZ(dm܌\0ȄmۣnN\r*z_*A0s8䧤4qbiD7 gk?CCC.adh(%+w퀙1&\n+v&|\ZZXsAć.BTvܸ}D|H(/L}]f|keD̙JVlCbgF{31qpXur\"\nm(H=^)Q7Әؙݻ㿇Rpvvd<OP_2-;o*OTײ[Q(L@lįoS6Wd)o}Sur@-Ⱦ\'xcbp2牷W\r\nFW[;kqXa}\\.A\'ku6]@I`Xbcs!/~.hצ\r۶i3r\\F7X,r8znT}LKI:EMłIƙo?(/*,>m}0`٬JJT+y?8w̡S!9+S|$ge\"dBX,q<3PLc{xNYX`9RcD1n<iZW+2mk;IiHbo}Sur@}F^U:yzD굽/9ochPN6jW)uV}7=&(]4TTJgǱP+P7GospP!sW6\0`aj\n\0x\0\0y{Rm355n-Ãaef!*3]mI	~AnFa:JcjJ>_iL+*+ⴷeʓu|q2WPQ8U\'Bk6G\\>ěKƪaܾ=WT?<@O/lYSS<`>zMY	`nn#edd\"ڼ|}q	07G[\0RedveQx%:h䧤-3ޑ\06oDJLҶ>F׋\'Ob`\ZS1| s1Qw2Oe2rtX\\yCcFTB4CΘ0dvj07cP>*9޽7	UU(,zؽRWG` =ڽ(|\0e磨I{>n\").BT6!9\rƏ9gP%FeU``_\"%jjkٮ^|zFxGE{G{SaYCCC$\'\\>ǳ0r@v1ҷ/veai)V###LcoyېyҤQb}8{|ԙ+3\rBfhHtJ\0blt<	\'.^@t`oY\Z1!1eRX`!\n>D)09*^5q+ƯGcpb//Nƈ:퍌wQ\r!\\9nо];X[XNAY/4\r.$ظ:#hm,6-Z>vX4ur\"02x>y{_!6(XiLc/{HKLcoyېyҤPy{\"-|x:sEc!r@&zZj%;RQ]%xWƤýLmBd:GJ5\\{W/iy?k;qPM=X)(:Hӧx;S1womE$?G+]X0OBHF7\"aӢXe3n\'{=|֧6-vXD3&&X\0%!hHO@mA(?VƸDL	!-]z&B!r{J787v,B!dofic7H)o߱ʅk.\00woK@cB!!omAO뼧N>تU+?޵x[\ZBi\\{h>H!B䢅\"!BB!D.Z(B!hHtݒGo`1Vy8՘ǯ/n$5MV.\"ߡvuw^}\'G]R7QRQPruÆ0CJnEm-FJ\\#h:M̑KX(NnV&6B\Z^DuTftBd-X`zLD4{_NDWhm(ϾUκ]P!BZ@L`MW%y{KDgWu(_?l\0\0?Gg/xO{(\0.;l\\.jjuq+cC\rn. !^#b	,]q6K<\00k*<\0\05pt˗ΣwN_R`R.\"#`MAz9Lz.fLy4͞]n?~.Lk7/]23k:\n݃#0{W?\'egs|Iq;LU~9WVU~xRVKesi_BZɓ\nxf\Z6n.%%B茢R[Y)-cjssq3\0D%l58\rl6bZ!?%\ra㧘-޾lV|ԥ+\n3;!嶿rj>\\bg\"\0@OU3;G0Kݤ?+v&Oq(9[py\Z\Z3Ko7_($gDT6dddpm;+s6JܮV2+`ja5Q	qm\\!W(}6|<K|rv\\Œz_Y.1UǁnĀX2}&WnXiCzgB/zr9dmCWȾ\'xcbpM0_Wkmaȿ{W=N\n5l~ݝ$퓿^D$oY,o /og|>bڴw).Vؗ+\r3 y~☘\"#\'bg\\NGP(ʹ`i	Scc🋟G㺙3aܶ܇CQI	͚-~D\\ie5t~<{2˷s8);ԩGY.&cLHK`d0nqj;w}F茎6]\\{0dc+WUN371|mܑo/YMԂKW˅5J2oϊ14P(TX_Ee%$6q,ꗬԸX^\n`\'wJg+3sK[>X\030\0\0p^o@*L(;w%N_\rΟ˗`eF.]ԣ,LsL1&%V>zw֭BGE3\\\r±PwR#~Opk6G\"#-Kcjg\"Go7cQE9:Je\\.l9\02XOI,I0KV[\\/_bF~J\ZWDh%uXV*KIԢIYʨeQVC痩 Ip`?~`$(%8Ғ_ic1kh;w]z&:#|,=;wj9/u`N2e	~\0`|xx{P~	êݻ`ok\0\0Ćq8,mg`sUjTVUakj\n9)M!}bp|!:ig%k/s5lA25T$?EJw\Z:\n\0\0 \0IDAT!vo2`oV&FRݒX,<ϴeQVC痩}>GqY)7bL|zi:4wo(3\0l\r_NdsC;(fpۭX#HaÕ?\0_%n@٨\nq׮Y$kVIe%>\r#`fl(9q\Z1o7	[l_*_`Mpj\ZΟB|Hh3`ӡ0i1p/}z[3Kr9ض-o˶oŊ	`m\r!5?GV0bA |>ˢT[Җ/p/#S>(4_ZXy#ֆ9J.8;93IlOn`V/UhVă\"zm	hL!q9~v	;9fGkztQUѥgB!\"-	!B\\P$B!rBB!{*`oرB!z/#P}ǎ*IC1!Ew=ϐ|C2tB!EEB!\"-	!B\\P$B!rBB!EES<}{\Z7@<$n2~\0|p&i)hҮbnhͥ!GE3J**t}ߏꆀ5H?=\'h:MõQQG.a	yrMi7؇3Mޗ=QD+\Z1RI۷jCx\'.zZ5!!E3N+:~Z(_?l\0\0?Gg/xO{(\0.;l\\.jjuq+cC\rn. !^#b	,]q6_<\00k*<\0\05pt˗ΣwN_MaK\\L>6y礶3KV17{~wP^\\|0m\n\\t1Ԯ[Q>=;9?z\rcjjk}<>^xsRv8N4=ӼvsAz9{(CIEJ;&͵,UbRoEǩc$I}	!GE3JKaoe>BA(>~\n\0l6&C4XوI#/h]f4:1b^lx[Q(L@lį];`flp}!t\0\0==T	HDJL,<O,vؙ>ݻơlMahh(/Y݌W|9Q	۔S~o0*qu+*wmA\0.SYzzVzA7n%>Ʋ2LF \"#/QzNz#RZ*1)˷T1ɾ\")/^0x9~s>=}O\0mad`.~.hצ\r۶i3x{+2mk;In\'I`X0iA^8s*|ڵi	S\\/W.#f,l9|=7\0\"d,)2~BQY)q/ld	B056\nԮ[ǫ3aܶ܇CQI	͚-~D\\ie5eP(Ī/`ga3s& O$	us-)&|ˋI1ɾ(з{Ʋll^c{&&oܹ;{M<Z|spPQY)UY6\n\n뫨%~mǱP_Rb{1<(VffXS)	V⟭ծ[T韅)\0=\0\0r4Ʋ2̛cjJܫ1!K0ŤJecRw\Zj_BHBAp,37<ňk-}2ܚAA?\"#-Kcjg\"Go7cQE9:J1e\\.l9\02XOI,_}Z;E˗bե\"ڼzqI\0IBBYݪ K)4Ʋ2̛ªvU_U\\+I|Ƥ5ԾKDgϘgb_-3Xt	C`ױ< o\n1Ï61A{X{mmQ\0`ذ|>E?_s\ZsΠJXʪ*lMM8\')3o_>.2D\'Sd\r%RrΠ:˷\").BT6!vo2`oV&FRݪ`b}<}}&H)4Ʋ2L1I(./G,0P4L1B(fpۭX#HaÕ?\0_%n@٨\nq׮Y$kVIe%>\r#`fl(9q\Z1o7	[l_*_`Mpj\ZΟB|HW3`ӡ0i1p/}z[3Kr9ض-o˶oŊ	`m\r!5?GV0bA |>ˢT[,`Ծx{jO1Քg7\"02x>J+*y~*/fI|wؗR^*:- [U+CuU~.xm	hLyK]Q M@7?>ӣ򧈨.=B!hH!B䢅\"!h.^Ř!MB!D.Z(B!hH!B䢅\"iBӻJ^.[M5ΒՒ:{\Zm}^ǐ/3|Z(K뻄\Z\\_iӰuq\"Ү4dٖ?zA\\9&usCк8-D<Bj;@Zidt̶ y\0Ǻ]68D\'y챣0><%2j6n.Zg55\0\0/>`\0H=^3<\ZfO.Orr}fMG{wr\Z8jjk鎳//,GR.K`2sprcV>Ɔ.\\0|ATYeCY&^cST\'  6\Z<`?qf^\'<8v1{ǃ;*+ޯBIuJ*r1)26n.`睓4&*97VYVY	eKq^3`2/^ԩ>$U5ZtpO=^);NT9\\4?ǳQ%ƁS\'ԻwFּB==Bd!w[\"\nRWoD&lJk6W!p\Zl$\0Z(dm܌\0\0݌W|9QIRTھ\0^]ڳ|%czzX9yX&q[˶oG]0=^nLA0s8䧤4qbUʧ|(]d51@xW3cc\\MއVL4foY,xRaabgD7 gk?CCC(\\6#oy8G7lDbZ*BVOSWg|\0Ǭ:mUq\0?EJ؎o	ſޖeʿyG\ZW|hbtp|;\rvH,Z(!\n*YX	ȓ8}O\0maddo/ro:YP_\011EFO(*+1θ?VS%J>Ajkvm;^)Saܶs=uqE6m`ܶOwUK|0Ůjl41@xOzAf`Ҿ=qϭ1ЩӐ)>U22Gn+\r3 *(L9WsW s,boWg|4WU%g¸m;,5[AI,Si<ܟ\0oXYI-~9|5\n<K771zVujZa/C0~uUqK!B:q6VH7F?@|0Ůjl41@x˹\\YX_[s8|l$u\'=S\'0w;_uG\'k+*+4q,3in*˹\"Lm>Ic_OCfaj\n\0x\0\0y=:*˿*47adhv3D>Z(1^,>y\"ʚAAސ4;E˗bVg?U˩\Z2f,<(GG? xEF [,D\"V[`]YlFFFx*˦)ǔUsian2.\0QY,͕LTxGF`dۼ)145f\'wKImgTsE4n+*U^o=x i.{hzLRwDuqpCgNKE044DLr|<#o0dvj0u%RrΠ:˗j3cP>>U8$\Z8ܳ+\\P~	êݻ`okWSbsFrvDQ	`bl,ǔUs9i0~9*a5*55+\0Y\0Hth~=z*,;o_>.2D\'\"S^M+޽7	UU(,zؽR3uZcJ1Xm1忡(QIg\0Hǎx|q#;(!:	#磴W|-޾?\0_%n@٨\nq׮Y~sm母%6-Zv-K#0&$/^^Ff3|nޞpŶr/xRYucp?JNꗣ:ψc]YlBaX#!8?_0ocʁ\\mބNA֭ ćh|>U$7oQZ.fCaҾ=b_PZf̋ɔsE\\`!F)`ga͋sVi.;֚Sdj)1[~\rx>cMkR)قZE?N\Z\'a_ev(\0Z:GZr^\\^OYtt>y?k;qPc-=X)(L;*b@m∞?G+]X0O4ӧx;S1CGHD	yGBd	V~lӢXe3n\'{=|֧6-vX-\"|	0k)W~:G!5V?[\Z椥yҲѥgB!\"-	!B\\P$B!rB4k`m\roSn#|6/\0Σlku:ַ_R>!--	i\\¤+|pDu5@GBi\nt3!\n0~M\r/eH!( z<p|<챣\0\0j6n.Zg55ak7_KPR.\"#`MAz9Lm+W17{~wg/_B?_X8F_8}7q@޽EY\0`^fPϐ\\+QPe75)M[xҲ5JsbnZj#\" 3\\5/<|93y3큱r\0\"&=LwӯpRjx=:/r|ƥA8%V\'wer;w{s8X8,~R(0ݍǡ۸?.Xw|ȳ1QfA퍊+W}\0 !|9jf~\r~Ig?iPK6oBDh(N}}omğJ\\nm9J~s=[9ٍ=n|[6܂r|]H[*kL 漹μ?Uǎqbǒ͛\0\0?˛/^j>V|ڏG$/-_|ONF5OXKr;w{s8~p4[Iͣ\\<mnW*p_˶Xp;8uNlێI4爈<Ej6\n/_ħJwEqtꄎGW4Qh߶-:kO̅GN)SQ]]m.׶{qi:uWӑSp	Ǐ[l\'%F#^9th߶-݇̇/:u耙7Gxt:kCpOXKbw{s878^<eeѱ]{$DEN~>Ol6爈<Qf%viYBƍS\'Sa黛ә0Z@khj[>{u_I\"s`.mJ\\rż]x2]\Z\rJJSNh\'w%Gb뻽9rfhH<Ν\0>m\0\047}ڴ5gcH-^Orig_ni<xl3ΝQU]\r}jsG_fj[zvaB`۞aꫯLN\0Z\Z/C\0\0\n\nU]˒ʷ\nlհ?c2v{s878>X爈</=S66:\ZKKa(ڏ?/+\\ATX?u3z,Otȼh[wtd$Rw~F#r\n\n׺\'^r5dtW_G !{ɾoPv%eex4=r/~5d3Dqw݅?nF|[ܙ;֙7GΌscCn?yO<9\"\"3Ԭ-}z*mzw==eW W/Mz\\ʗP\\R~{㝹)Pu{>항{ՌYxUXvtfCu	xym[\'>7`!K{>1zi3x~:Mx\n// Mwmٸn2A.]5cW?]ux{<\'w3co|?8\Z~Xx99{ ROe(\n\ZpN\ZWQqwAM8Yv>=m^z&\"\"\"\"ILHE\"\"\"\"D$).-fޭ[cBDDDD.^ҶM|iw`wwQAUUà&P(L~\'HE\"\"\"\"D$1Q$\"\"\"\"ILHE\"\"P(>\Z=OvU̙3>>>}7ƅ4ip¦EcHDD^eMf1b|種vyl۶\r999k>LL,wЬѣ6-3g@RG18p\0\0?nܠ=E\"\"&VRR~\Z\n\nO<\"\0@xx8233P(\08v>@bȐ!8r{д}hZ1c\0`׮^\n\00LС\0 ##LLҥKRpq<oc\0\'Oql֭\0ӧcҤIBVV)S+f+--\rSO=w\08p .\0˗b]>B?GDDߡ{7|=z\0\0bbb믿Jo:u2>=O,P\Zׯ#22/^DFFegϞEbb\"222裏oJKKQ\\\\d7&BQo=oco\"Q+,,D͡3V\0\0qIDATPPyk׮(,,S[nPTP./T~-N<ZI\"\0;n:CѸ)Җ\"Qjty;77WqaС<V5SƍW,!!HOOGjj*F#!HLبQc5j\\RٳK8p 4\Z\rN>˗[nK՞{\0DFF9^!\'\'Æ\rCRRJyvw\0DDDʕ+>}#Fuo6`2`0zjL<EEEǦMRNukw,kpppUV!??=:wE!&&#lyb,DDDD($&DDDD$\"Igg;Rt\"\"\"j{r&g}v6\\rn%hir7Dggk\\LDDDD\"IbHDDDD($&DDDD$\"IbHDDDD($&DDDD$\"IbHDDDD($&DDDD$\"IbHDDDD($&DDDD$\"IbHDDDDz 1L0әy۶nz;>;5Z>o	ZZ焜%/AUUà&P(Pcy陈$1Q$\"\"\"\"ILHE\"\"\"\"D$1Q$Ij́3YۜT\rկ<>\r1͹͉d¬Yhзo_߿!y&DDȾ͛7]v8s^|E,[!y&Dj\0*++b\nj\0}пjcϞ=zJHlS90`\0sZegڵkjرcѷo_8q¥v%3j\ZQQQ8rCљq\'\'\'#GP\\\\l.G[[\ZK9S}}\'4ij5&L~!y&D,X(deeaXh_D\\^^Ʉ/\0̙+_Fnn.d\'99[noy!%%frYhc~w(//ǉ\'믿b	XpKccm޼y^1k,3&WOrr2pDEEaɒ%lͣCj|lWǩ>N>FTT222gK>o	ZZ焜e2,\065w.rssB剐ZHUUUU1|q9bGGnPPBa0:κ~k}:\\ĚgV|r}t_rt:syyy\"44\\<J͛xXoKrϙyS*4۷.bҥbĈ\03j=\Z\n(Q%T\\\\V\0h4(**U`~~\Z4ZΥ/FTTڌI9%%%kbnt\0P0\ZםXOKNB\0\\t\\&7ڷm{c)qϼy:`ر#رc#0Q$\"燂\0@AAA޿D̚5YYY˫_Ϟ=ez$%%a)6۔Gq_(3ccMV#77Lj(--5Ey׾xXnK)S}3$	n30Q$\"5dlذXv-mۻwoUUUXz5pY\0c\\v\rzdr9زeʐ\nRYJ%6oш7\"**ʥv}a͚5(..\'|;\\\\=Xf\r***xs<:okc8g<]BB>#\\\\{qwHkԼG\Z焜%u\r6lh4\">>^=zTPw^l2VB޽[O0s.q##o:N|BR	T8)J&m&222\\\Zk.]ܹr(>>:/zرcFwqHO?h>Nn7mGy3Q,++			BR!Cϻ;&FGQq\\yKm\r8\',!NP(VUUUBڷ) u3IbHDDDD(y(^v&bHDDDDz=Ʉ!!Y^ҶMuSz9!g\\FT\"ps!E\r;HE\"\"\"\"D$1Q$\"\"\"\"ILHE\"fHPx衇?;,Y+/Va:[3F;vwH\"Q3%#<<#F\'Q4m4Bc={CL1////f̘+Wrrr0rH!..沴4AR!22}PǞ={\0\0tXbjum\00VELLΟ?o0\0AAAعsWl%cAcĉ;w.ڵk\':$(<:dNNNFXX.\\(,YV֭[oa޼yHII1͙3+W\\$\'\'#))	/h.//dŋl,<-\0`ѢEHHH@FFqڒձ 1e\0\0݋9\"!tA|x[	9d2	\'~dxR}rرy[Ӊ!yyy\"44\\!ϟ/Ν;\'NUUU\0޽5\"n/((H!0eWCQ*-N:%BCCűcJ Ngz4Q$\"j!233hF:\nt钹/@aa!`РAjKlnC\04\Z\r-^IIzm2.Wǂ</[#0Q$\"j!}:ԼjQZZ\n!ٳ\'l^$L:\\Yf!++yyyuڱ^yl燂\0@AA-מ9.זe\\y/bxu=zL9_~q{cccf\ZTTT 55cǎv\Zzd.ݻ7틪*^\ZAAA8{C26l@yy9֮]hȵ-[P*.XHII	0vwYF{!qNYŚ5jk퓟/Ǝ+4\Z;DzAsݻE~;w2=zTPw^l2VZa`0aÆ	F#`\\{Ǐ~t/*JL&ڪXxvR Μ9\ZEgg[pp-AK5?Z=TUU;j\n3kߺѧKDDDD$\"IbHDDDD($wQg2#$a5K֋Yڶnz]yUԐ8\'䬚\\Lzn=$@g\"\"\"\"D$1Q$\"\"\"\"ILHE\"\"\"\"DHD{>Quw2܏fzVVhpwn30Q$\"je\Ze_O`j~/}ӦMCll,z=Oٳg!BDȍj\0*++b\nj\0}пjcϞ=zJHKw\"33\n/Aj_,`ȑC\\\\ڵkjرcѷo_8q¥ ((;wUfyFR;r^{5ɲ\'bܹh׮&Nh~o.[ok9!gL&ďfV?\"%%Eŋ\'\n!nW,_\\TTT!v}-*++{\'c\'00Pb۶m⮻r8.[1H+徏=xh)))b̙.z뭷ER|r1zh< /_.JKKŋ/X+vrmJCh~.|g\">>q\0tf^GL!qNY-5Qѽ{w+\"//O:>\'\'G:	Źs˒lN3Ǟ\'BCC]|	!DPPBa0lCE!N:%BCCűcǚ0ט\"/=5\"q?j\0\ZEEE8AAֹ_шBzAc%,Ft:(\nҥK.ڥK\0Zht8n˱VRRb)_~			Xn=\"##NDȍPPP\0\0(((_r1k,dee!//~={Ė-[둔S4XbjQZZjN-Qt6֚$-zלXRrE?oGrw8-\ZE\"\"7\Z2d6l؀r]6ݻ7틪*^\ZAAA8{,\0`رc]^zd2٬G8{y\\`)66k֬AEERSSo.s&VR͛7h4bƍriEDD`˖-(++Cjj*J~L0cǎqw(-רy\"5$	9ޣhu \r&4\ZG\"44TݻW,[Lj!w\",,Lܹf\\ǎvr1Xƛ/Ǝ+4\Z;DzAs3*J&m&222\\\Z;kǏ~t/*JL:{!sRSv7F۸Ј(*n6`>;݂<o	ZZ焜%㮕Q(saPP(8Yֈ>=n^z&\"\"\"\"ILHE\"\"jxٙȽ($]#fd2GH \"jmS z;򔫞!qNY5 *N\"Gd#x}Pcy陈$1Q$\"\"\"\"ILHE\"\"\"\"Dl11vwADn\0yp46oX5o}Pjv*]i7η!̛ Ok	E\"\"}$HZJwO33m\r҆:qRu<5|j\n,/+i<(ɨ9Q8sF⇃iiC8LU뎕kcdNh,Rľhd_<HD䢫UX\rP]U	FbyKsgt=1t;u+T`ݫ/`5$Mj	ϒQ<7uFcԐ@0}4za=WVcP\ZK}\rҶ`nxPߥJAhşYgkyĈXc(/+m=(M6bۻ\r^^2\r:v¬Vɪ:g!_i󟟱1u/e%xnP{/Nlիu/mZ|K^\0%ԭ7R}_)?wi_@b̙=o76j~H3\0ˌhonɧ\n/-w7,59u|\r5r%q>\0oB@ aZ7G\"#6!p?}DD{\0\0Ow\05\0`Ə\09O+z$1!#<q`1\0?һs{\Z֞C8|\nOV\0}QL<HDK\0|!poQ_..CbE0P}32\Z龬ƾ-ڳTz<V\0-9x{|]|]h`vk1fbÖ*C[jwˍF{\Za\0\0/s]DEj%(/+ŵe5.6$g⽏GC:;^N(+3(yϞֿ+|(}ֻ>gwh;t4ϟŷ{>^»J&\r[\nC[*3@L;u5}oPÚ>)7?EiI\0K@7G23b?\08H;\0\0+W\0\0>mⳏ7B\0T̕~w\0;׽ \0iw18\0v>krOzcQ^V7.\'o$ggc?}_\0\Z57~Yo\r돢BL21Ri!(b%Hݸ=1o.Oxitg\'\0<3{9tHq㞵Ͻ>)ơMZbŸZ]N7j]v\08m&NN^ƒ㎈Ax~]Ϛ\\-@P<?cfL]blMqv65Uj`ӛKq[XxnCKޠ5=i>$uv	g/;I!jαۡF:[ok9!g	!﫣fɕllCtw?9vZA>8W>=nQ$\"\"\0.]9D&<;UDDD0v<($ޡ,DDd2#$a5K֋Yڶg9Ur7Dggk\\LDDDD\"IbHDDDD($&DDDD$\"IO8\\eM\0\0\0\0IENDB`','Captura de pantalla de 2019-10-21 18-46-36.png¿¿image/png',NULL);
/*!40000 ALTER TABLE `constancias` ENABLE KEYS */;
UNLOCK TABLES;

--
-- Table structure for table `consulta`
--

DROP TABLE IF EXISTS `consulta`;
/*!40101 SET @saved_cs_client     = @@character_set_client */;
/*!40101 SET character_set_client = utf8 */;
CREATE TABLE `consulta` (
  `idestudiante` int(30) NOT NULL,
  `fechaHoraConsulta` datetime NOT NULL,
  `idPsicologo` int(30) NOT NULL,
  `consultaRemitidoPor` varchar(45) DEFAULT NULL,
  `consultaMotivo` varchar(80) NOT NULL,
  `consultaAntecedentePersonal` varchar(140) DEFAULT NULL,
  `consultaAntecedenteFamiliar` varchar(140) DEFAULT NULL,
  `consultaAntecedentesMorbidos` varchar(140) DEFAULT NULL,
  `consultaConductaObcerbada` varchar(140) DEFAULT NULL,
  `consultaProblema` varchar(250) DEFAULT NULL,
  `consultaDiagnostico` varchar(150) DEFAULT NULL,
  `consultaEvaluacionPsicologica` varchar(250) DEFAULT NULL,
  `consultaRemitir` varchar(100) DEFAULT NULL,
  `consultaExpediente` int(30) DEFAULT NULL,
  `consultaCoemntario` varchar(45) DEFAULT NULL,
  PRIMARY KEY (`idestudiante`,`fechaHoraConsulta`),
  KEY `fk_consulta_2_idx` (`consultaExpediente`),
  CONSTRAINT `fk_consulta_1` FOREIGN KEY (`idestudiante`, `fechaHoraConsulta`) REFERENCES `citaPsicologia` (`estudiante`, `fechaSolicitada`) ON UPDATE CASCADE,
  CONSTRAINT `fk_consulta_2` FOREIGN KEY (`consultaExpediente`) REFERENCES `expedientePS` (`idEstudiante`) ON UPDATE CASCADE
) ENGINE=InnoDB DEFAULT CHARSET=utf8;
/*!40101 SET character_set_client = @saved_cs_client */;

--
-- Dumping data for table `consulta`
--

LOCK TABLES `consulta` WRITE;
/*!40000 ALTER TABLE `consulta` DISABLE KEYS */;
/*!40000 ALTER TABLE `consulta` ENABLE KEYS */;
UNLOCK TABLES;

--
-- Table structure for table `contenidoLibro`
--

DROP TABLE IF EXISTS `contenidoLibro`;
/*!40101 SET @saved_cs_client     = @@character_set_client */;
/*!40101 SET character_set_client = utf8 */;
CREATE TABLE `contenidoLibro` (
  `contenidoLibroPagina` int(30) NOT NULL,
  `contenidoLibroNombre` varchar(145) NOT NULL,
  `contenidoLibroIndice` int(30) NOT NULL AUTO_INCREMENT,
  `idLibro` int(30) NOT NULL,
  `contenidoLibroComentario` varchar(140) DEFAULT NULL,
  PRIMARY KEY (`contenidoLibroIndice`),
  KEY `fk_contenidoLibro_1_idx` (`idLibro`),
  CONSTRAINT `fk_contenidoLibro_1` FOREIGN KEY (`idLibro`) REFERENCES `recurso` (`idrecurso`) ON UPDATE CASCADE
) ENGINE=InnoDB AUTO_INCREMENT=86 DEFAULT CHARSET=utf8;
/*!40101 SET character_set_client = @saved_cs_client */;

--
-- Dumping data for table `contenidoLibro`
--

LOCK TABLES `contenidoLibro` WRITE;
/*!40000 ALTER TABLE `contenidoLibro` DISABLE KEYS */;
REPLACE INTO `contenidoLibro` VALUES (49,'Di no a los vicios.',68,1,NULL),(1,'El poder del aire',69,1,NULL),(17,'Aprende a alimentarte',70,1,NULL),(65,'El poder de la comunicación.',71,1,NULL),(33,'Recargar Fuerzas a través del descanso',72,1,NULL),(59,'Relaciones humanas efectivas.',73,1,NULL),(25,'La riqueza del agua',74,1,NULL),(9,'La importancia del ejercicio',75,1,NULL),(73,'Confianza en el Dios Todopoderoso.',76,1,NULL),(41,'Actitud mental positiva',77,1,NULL),(9,'Los hermanos de Mowgli',83,7663,NULL),(16,'Las lecciones de Mowgli',84,7663,NULL),(22,'Los Bandar-log',85,7663,NULL);
/*!40000 ALTER TABLE `contenidoLibro` ENABLE KEYS */;
UNLOCK TABLES;

--
-- Table structure for table `contribuciones`
--

DROP TABLE IF EXISTS `contribuciones`;
/*!40101 SET @saved_cs_client     = @@character_set_client */;
/*!40101 SET character_set_client = utf8 */;
CREATE TABLE `contribuciones` (
  `idEstudiante` int(30) NOT NULL,
  `año` int(4) NOT NULL,
  `enero` date DEFAULT NULL,
  `febrero` date DEFAULT NULL,
  `marzo` date DEFAULT NULL,
  `abril` date DEFAULT NULL,
  `mayo` date DEFAULT NULL,
  `junio` date DEFAULT NULL,
  `julio` date DEFAULT NULL,
  `agosto` date DEFAULT NULL,
  `septiembre` date DEFAULT NULL,
  `octubre` date DEFAULT NULL,
  `comentario` date DEFAULT NULL,
  PRIMARY KEY (`idEstudiante`,`año`),
  CONSTRAINT `fk_contribuciones_1` FOREIGN KEY (`idEstudiante`) REFERENCES `estudiante` (`idestudiante`) ON UPDATE CASCADE
) ENGINE=InnoDB DEFAULT CHARSET=utf8;
/*!40101 SET character_set_client = @saved_cs_client */;

--
-- Dumping data for table `contribuciones`
--

LOCK TABLES `contribuciones` WRITE;
/*!40000 ALTER TABLE `contribuciones` DISABLE KEYS */;
/*!40000 ALTER TABLE `contribuciones` ENABLE KEYS */;
UNLOCK TABLES;

--
-- Table structure for table `delagacionCargo`
--

DROP TABLE IF EXISTS `delagacionCargo`;
/*!40101 SET @saved_cs_client     = @@character_set_client */;
/*!40101 SET character_set_client = utf8 */;
CREATE TABLE `delagacionCargo` (
  `iddelagacionCargo` int(30) NOT NULL,
  `idTipoPersona` int(30) NOT NULL,
  `idpersona` int(30) NOT NULL,
  `fechaInicio` date NOT NULL,
  `fechaFin` date NOT NULL,
  `delagacionCargoComentario` varchar(45) DEFAULT NULL,
  PRIMARY KEY (`iddelagacionCargo`),
  KEY `fk_delagacionCargo_1` (`idpersona`),
  KEY `fk_delagacionCargo_2` (`idTipoPersona`),
  CONSTRAINT `fk_delagacionCargo_1` FOREIGN KEY (`idpersona`) REFERENCES `persona` (`idpersona`) ON DELETE CASCADE ON UPDATE CASCADE,
  CONSTRAINT `fk_delagacionCargo_2` FOREIGN KEY (`idTipoPersona`) REFERENCES `tipoPersona` (`idtipoPersona`) ON UPDATE CASCADE
) ENGINE=InnoDB DEFAULT CHARSET=utf8;
/*!40101 SET character_set_client = @saved_cs_client */;

--
-- Dumping data for table `delagacionCargo`
--

LOCK TABLES `delagacionCargo` WRITE;
/*!40000 ALTER TABLE `delagacionCargo` DISABLE KEYS */;
/*!40000 ALTER TABLE `delagacionCargo` ENABLE KEYS */;
UNLOCK TABLES;

--
-- Table structure for table `diasEstudio`
--

DROP TABLE IF EXISTS `diasEstudio`;
/*!40101 SET @saved_cs_client     = @@character_set_client */;
/*!40101 SET character_set_client = utf8 */;
CREATE TABLE `diasEstudio` (
  `idDias` int(30) NOT NULL,
  `diasEstudioNombre` varchar(45) NOT NULL,
  `diasEstudioComentario` varchar(140) DEFAULT NULL,
  PRIMARY KEY (`idDias`)
) ENGINE=InnoDB DEFAULT CHARSET=utf8;
/*!40101 SET character_set_client = @saved_cs_client */;

--
-- Dumping data for table `diasEstudio`
--

LOCK TABLES `diasEstudio` WRITE;
/*!40000 ALTER TABLE `diasEstudio` DISABLE KEYS */;
REPLACE INTO `diasEstudio` VALUES (1,'Lunes',NULL),(2,'Martes',''),(3,'Miércoles',NULL),(4,'Jueves',NULL),(5,'Viernes',NULL);
/*!40000 ALTER TABLE `diasEstudio` ENABLE KEYS */;
UNLOCK TABLES;

--
-- Table structure for table `documentos`
--

DROP TABLE IF EXISTS `documentos`;
/*!40101 SET @saved_cs_client     = @@character_set_client */;
/*!40101 SET character_set_client = utf8 */;
CREATE TABLE `documentos` (
  `iddocumentos` int(30) NOT NULL,
  `estudianteDocPartida` longblob,
  `estudianteDocCertificado` longblob,
  `estudianteDocConducta` longblob,
  `estudianteDocDui` longblob,
  `estudianteDocNotas` longblob,
  `estudianteExtencionPartida` varchar(100) DEFAULT NULL,
  `estudianteExtencionCertificado` varchar(100) DEFAULT NULL,
  `estudianteExtencionConducta` varchar(100) DEFAULT NULL,
  `estudianteExtencionNotas` varchar(100) DEFAULT NULL,
  `estudianteExtencionDui` varchar(100) DEFAULT NULL,
  `documentosComentario` varchar(140) DEFAULT NULL,
  PRIMARY KEY (`iddocumentos`),
  CONSTRAINT `fk_documentos_1` FOREIGN KEY (`iddocumentos`) REFERENCES `estudiante` (`idestudiante`) ON UPDATE CASCADE
) ENGINE=InnoDB DEFAULT CHARSET=utf8;
/*!40101 SET character_set_client = @saved_cs_client */;

--
-- Dumping data for table `documentos`
--

LOCK TABLES `documentos` WRITE;
/*!40000 ALTER TABLE `documentos` DISABLE KEYS */;
REPLACE INTO `documentos` VALUES (16018,NULL,NULL,NULL,NULL,NULL,NULL,NULL,NULL,NULL,NULL,NULL),(16019,NULL,NULL,NULL,NULL,NULL,NULL,NULL,NULL,NULL,NULL,NULL),(16020,NULL,NULL,NULL,NULL,NULL,NULL,NULL,NULL,NULL,NULL,NULL);
/*!40000 ALTER TABLE `documentos` ENABLE KEYS */;
UNLOCK TABLES;

--
-- Table structure for table `editorial`
--

DROP TABLE IF EXISTS `editorial`;
/*!40101 SET @saved_cs_client     = @@character_set_client */;
/*!40101 SET character_set_client = utf8 */;
CREATE TABLE `editorial` (
  `ideditorial` int(30) NOT NULL AUTO_INCREMENT,
  `editorialNombre` varchar(50) NOT NULL,
  `editorialComentarios` varchar(140) DEFAULT NULL,
  PRIMARY KEY (`ideditorial`)
) ENGINE=InnoDB AUTO_INCREMENT=9 DEFAULT CHARSET=utf8;
/*!40101 SET character_set_client = @saved_cs_client */;

--
-- Dumping data for table `editorial`
--

LOCK TABLES `editorial` WRITE;
/*!40000 ALTER TABLE `editorial` DISABLE KEYS */;
REPLACE INTO `editorial` VALUES (1,'rousoes',NULL),(2,'lessss ',NULL),(3,'Delsas',NULL),(4,'NSUM',NULL),(5,'Diakonia',NULL),(6,'Herder',NULL),(7,'UCA Editores',NULL),(8,'Alfaguara',NULL);
/*!40000 ALTER TABLE `editorial` ENABLE KEYS */;
UNLOCK TABLES;

--
-- Table structure for table `editorialLibro`
--

DROP TABLE IF EXISTS `editorialLibro`;
/*!40101 SET @saved_cs_client     = @@character_set_client */;
/*!40101 SET character_set_client = utf8 */;
CREATE TABLE `editorialLibro` (
  `ideditorial` int(30) NOT NULL,
  `idLibro` int(30) NOT NULL,
  `editorialLibroComentario` varchar(145) DEFAULT NULL,
  PRIMARY KEY (`ideditorial`,`idLibro`),
  KEY `fk_editorialLibro_2_idx` (`idLibro`),
  CONSTRAINT `fk_editorialLibro_1` FOREIGN KEY (`ideditorial`) REFERENCES `editorial` (`ideditorial`) ON UPDATE CASCADE,
  CONSTRAINT `fk_editorialLibro_2` FOREIGN KEY (`idLibro`) REFERENCES `recurso` (`idrecurso`) ON UPDATE CASCADE
) ENGINE=InnoDB DEFAULT CHARSET=utf8;
/*!40101 SET character_set_client = @saved_cs_client */;

--
-- Dumping data for table `editorialLibro`
--

LOCK TABLES `editorialLibro` WRITE;
/*!40000 ALTER TABLE `editorialLibro` DISABLE KEYS */;
REPLACE INTO `editorialLibro` VALUES (5,1,''),(5,1140,''),(6,1890,''),(7,98,''),(8,7663,'');
/*!40000 ALTER TABLE `editorialLibro` ENABLE KEYS */;
UNLOCK TABLES;

--
-- Table structure for table `ejemplar`
--

DROP TABLE IF EXISTS `ejemplar`;
/*!40101 SET @saved_cs_client     = @@character_set_client */;
/*!40101 SET character_set_client = utf8 */;
CREATE TABLE `ejemplar` (
  `idRecurso` int(30) NOT NULL,
  `ejemplarCorrelativo` int(30) NOT NULL,
  `ejemplarAnioDeIngreso` int(4) NOT NULL,
  `ejemplarActivo` bit(1) NOT NULL DEFAULT b'1',
  `ejemplarComentario` varchar(145) DEFAULT NULL,
  PRIMARY KEY (`idRecurso`,`ejemplarCorrelativo`),
  CONSTRAINT `fk_ejemplar_1` FOREIGN KEY (`idRecurso`) REFERENCES `recurso` (`idrecurso`) ON UPDATE CASCADE
) ENGINE=InnoDB DEFAULT CHARSET=utf8;
/*!40101 SET character_set_client = @saved_cs_client */;

--
-- Dumping data for table `ejemplar`
--

LOCK TABLES `ejemplar` WRITE;
/*!40000 ALTER TABLE `ejemplar` DISABLE KEYS */;
REPLACE INTO `ejemplar` VALUES (1,1,2020,'',NULL),(2,566,2020,'',NULL),(2,2568,2020,'',NULL),(2,5687,2020,'',NULL),(6,236,2020,'',NULL),(6,8955,2020,'',NULL),(98,98,2020,'',NULL),(1140,1140,2020,'',NULL),(1890,0,2020,'',NULL),(1890,1890,2020,'',NULL),(7663,7663,2020,'',NULL);
/*!40000 ALTER TABLE `ejemplar` ENABLE KEYS */;
UNLOCK TABLES;

--
-- Table structure for table `entregaUtiles`
--

DROP TABLE IF EXISTS `entregaUtiles`;
/*!40101 SET @saved_cs_client     = @@character_set_client */;
/*!40101 SET character_set_client = utf8 */;
CREATE TABLE `entregaUtiles` (
  `idEstudiante` int(30) NOT NULL,
  `año` int(4) NOT NULL,
  `idEntregante` int(30) NOT NULL,
  `idRepresentante` int(30) NOT NULL,
  `zapatos1` bit(1) NOT NULL DEFAULT b'0',
  `uniforme1` bit(1) NOT NULL DEFAULT b'0',
  `utiles1` bit(1) NOT NULL DEFAULT b'0',
  `zapatos2` bit(1) NOT NULL DEFAULT b'0',
  `uniforme2` bit(1) NOT NULL DEFAULT b'0',
  `utiles2` bit(1) NOT NULL DEFAULT b'0',
  `comentario` varchar(100) DEFAULT NULL,
  PRIMARY KEY (`idEstudiante`,`año`),
  KEY `fk_entregaUtiles_2_idx` (`idEntregante`),
  KEY `fk_entregaUtiles_3_idx` (`idRepresentante`),
  CONSTRAINT `fk_entregaUtiles_1` FOREIGN KEY (`idEstudiante`) REFERENCES `estudiante` (`idestudiante`) ON UPDATE CASCADE,
  CONSTRAINT `fk_entregaUtiles_2` FOREIGN KEY (`idEntregante`) REFERENCES `persona` (`idpersona`) ON UPDATE CASCADE,
  CONSTRAINT `fk_entregaUtiles_3` FOREIGN KEY (`idRepresentante`) REFERENCES `estudiante` (`idestudiante`) ON UPDATE CASCADE
) ENGINE=InnoDB DEFAULT CHARSET=utf8;
/*!40101 SET character_set_client = @saved_cs_client */;

--
-- Dumping data for table `entregaUtiles`
--

LOCK TABLES `entregaUtiles` WRITE;
/*!40000 ALTER TABLE `entregaUtiles` DISABLE KEYS */;
/*!40000 ALTER TABLE `entregaUtiles` ENABLE KEYS */;
UNLOCK TABLES;

--
-- Table structure for table `estudiante`
--

DROP TABLE IF EXISTS `estudiante`;
/*!40101 SET @saved_cs_client     = @@character_set_client */;
/*!40101 SET character_set_client = utf8 */;
CREATE TABLE `estudiante` (
  `idestudiante` int(30) NOT NULL,
  `estudiantePartidaNac` bit(1) NOT NULL DEFAULT b'0',
  `estudianteTipoCalle` int(1) NOT NULL,
  `estudianteRiesgoVulnerabilidad` varchar(100) DEFAULT NULL,
  `estudianteMedioTransporte` int(1) DEFAULT NULL,
  `estudianteDistanciaAlCentro` decimal(5,2) DEFAULT NULL,
  `estudianteTrabaja` bit(1) DEFAULT b'1',
  `estudianteDependenciaEconomica` varchar(45) DEFAULT NULL,
  `estudianteParvularia` bit(1) DEFAULT b'0',
  `estudianteEnfermedades` varchar(100) DEFAULT NULL,
  `estudianteMedicamentos` varchar(250) DEFAULT NULL,
  `estudianteParentescoRepresentante` varchar(45) DEFAULT NULL,
  `estudianteEsEstudiante` bit(1) NOT NULL DEFAULT b'0',
  `estudianteEscolaridad` varchar(45) NOT NULL,
  `estudianteFormaTrabajo` varchar(45) DEFAULT NULL,
  `estudianteCentroProcedencia` varchar(45) DEFAULT NULL,
  `estudianteNoPartida` varchar(45) DEFAULT NULL,
  `estudianteRepresentanteFamiliar` bit(1) DEFAULT b'0',
  `estudianteRepresentante` int(30) DEFAULT NULL,
  `estudiantePadre` int(30) DEFAULT NULL,
  `estudianteMadre` int(30) DEFAULT NULL,
  `estudianteComentario` varchar(145) DEFAULT NULL COMMENT 'Detalle de la información de los estudiantes y sus representates.',
  PRIMARY KEY (`idestudiante`),
  KEY `fk_estudiante1_2_idx` (`estudiantePadre`),
  KEY `fk_estudiante1_3_idx` (`estudianteMadre`),
  KEY `fk_estudiante1_4_idx` (`estudianteRepresentante`),
  CONSTRAINT `fk_estudiante1_1` FOREIGN KEY (`idestudiante`) REFERENCES `persona` (`idpersona`) ON UPDATE CASCADE,
  CONSTRAINT `fk_estudiante1_2` FOREIGN KEY (`estudiantePadre`) REFERENCES `persona` (`idpersona`) ON UPDATE CASCADE,
  CONSTRAINT `fk_estudiante1_3` FOREIGN KEY (`estudianteMadre`) REFERENCES `persona` (`idpersona`) ON UPDATE CASCADE,
  CONSTRAINT `fk_estudiante_1` FOREIGN KEY (`estudianteRepresentante`) REFERENCES `estudiante` (`idestudiante`) ON DELETE CASCADE ON UPDATE CASCADE
) ENGINE=InnoDB DEFAULT CHARSET=utf8;
/*!40101 SET character_set_client = @saved_cs_client */;

--
-- Dumping data for table `estudiante`
--

LOCK TABLES `estudiante` WRITE;
/*!40000 ALTER TABLE `estudiante` DISABLE KEYS */;
REPLACE INTO `estudiante` VALUES (16018,'',1,'',4,2.00,'\0','Padre#Madre¿ ','\0','','','Padre','','Noveno Grado','','dssaaaaaaaaaaaaaaa','','',1045367070,1045367070,1045367071,''),(16019,'',1,'',0,2.00,'\0','Padre#Madre¿ ','\0','','','madre','','Noveno Grado','','centro escolar','','',1045367072,1045367074,1045367072,''),(16020,'',1,'',4,20.00,'\0','Padre#Madre#Hermano/a¿ ','\0','','','hermano','','Noveno Grado','','65cñjxj xf o uz uhzl zllzi','','',1045367075,1045367076,1045367077,''),(1045367070,'',0,'',NULL,NULL,'\0',NULL,NULL,NULL,NULL,'Padre','\0','6','padre',NULL,'','',NULL,NULL,NULL,''),(1045367072,'',1,'',NULL,NULL,'\0',NULL,NULL,NULL,NULL,'madre','\0','5','Domésticos',NULL,'','',NULL,NULL,NULL,''),(1045367075,'',0,'',NULL,NULL,'\0',NULL,NULL,NULL,NULL,'hermano','\0','8','opǘfh ṕfci',NULL,'','',NULL,NULL,NULL,'');
/*!40000 ALTER TABLE `estudiante` ENABLE KEYS */;
UNLOCK TABLES;

--
-- Table structure for table `evaluacionMaestro`
--

DROP TABLE IF EXISTS `evaluacionMaestro`;
/*!40101 SET @saved_cs_client     = @@character_set_client */;
/*!40101 SET character_set_client = utf8 */;
CREATE TABLE `evaluacionMaestro` (
  `idMaestro` int(30) NOT NULL,
  `fechaHora` datetime NOT NULL,
  `grado` int(30) NOT NULL,
  `seccion` enum('A','B','C') NOT NULL,
  `año` int(4) NOT NULL,
  `materia` int(30) NOT NULL,
  `turno` enum('M','v') NOT NULL,
  `Estudiantes` int(30) NOT NULL,
  `horaInicio` time NOT NULL,
  `horaFin` time NOT NULL,
  `unidad` varchar(45) NOT NULL,
  `objetivo` varchar(80) NOT NULL,
  `evaluador` int(30) NOT NULL,
  `faceIniciacion` longtext CHARACTER SET utf8mb4 COLLATE utf8mb4_bin NOT NULL,
  `faceDesarrollo` longtext CHARACTER SET utf8mb4 COLLATE utf8mb4_bin NOT NULL,
  `FaceCulminación` longtext CHARACTER SET utf8mb4 COLLATE utf8mb4_bin NOT NULL,
  `actitudicionales` longtext NOT NULL,
  `resumen` varchar(250) DEFAULT NULL,
  `propuestaMejora` varchar(145) DEFAULT NULL,
  `evaluacionMaestroComentario` varchar(145) DEFAULT NULL,
  `gradoModalidad` enum('C','S','G') NOT NULL,
  PRIMARY KEY (`idMaestro`,`fechaHora`,`gradoModalidad`),
  KEY `fk_evaluacionMaestro_1_idx` (`idMaestro`),
  KEY `fk_evaluacionMaestro_2` (`grado`,`seccion`,`año`,`gradoModalidad`),
  CONSTRAINT `fk_evaluacionMaestro_1` FOREIGN KEY (`idMaestro`) REFERENCES `maestro` (`idmaestro`) ON UPDATE CASCADE,
  CONSTRAINT `fk_evaluacionMaestro_2` FOREIGN KEY (`grado`, `seccion`, `año`, `gradoModalidad`) REFERENCES `grado` (`idgrado`, `gradoSeccion`, `gradoAño`, `gradoModalidad`) ON UPDATE CASCADE
) ENGINE=InnoDB DEFAULT CHARSET=utf8;
/*!40101 SET character_set_client = @saved_cs_client */;

--
-- Dumping data for table `evaluacionMaestro`
--

LOCK TABLES `evaluacionMaestro` WRITE;
/*!40000 ALTER TABLE `evaluacionMaestro` DISABLE KEYS */;
/*!40000 ALTER TABLE `evaluacionMaestro` ENABLE KEYS */;
UNLOCK TABLES;

--
-- Table structure for table `expedientePS`
--

DROP TABLE IF EXISTS `expedientePS`;
/*!40101 SET @saved_cs_client     = @@character_set_client */;
/*!40101 SET character_set_client = utf8 */;
CREATE TABLE `expedientePS` (
  `idEstudiante` int(30) NOT NULL,
  `ExpedientePsPersonasVivien` varchar(300) NOT NULL,
  `expedientePSComentario` varchar(140) DEFAULT NULL,
  PRIMARY KEY (`idEstudiante`),
  KEY `fk_expedientePS_1_idx` (`idEstudiante`),
  CONSTRAINT `fk_expedientePS_1` FOREIGN KEY (`idEstudiante`) REFERENCES `estudiante` (`idestudiante`) ON UPDATE CASCADE
) ENGINE=InnoDB DEFAULT CHARSET=utf8;
/*!40101 SET character_set_client = @saved_cs_client */;

--
-- Dumping data for table `expedientePS`
--

LOCK TABLES `expedientePS` WRITE;
/*!40000 ALTER TABLE `expedientePS` DISABLE KEYS */;
/*!40000 ALTER TABLE `expedientePS` ENABLE KEYS */;
UNLOCK TABLES;

--
-- Table structure for table `financiamiento`
--

DROP TABLE IF EXISTS `financiamiento`;
/*!40101 SET @saved_cs_client     = @@character_set_client */;
/*!40101 SET character_set_client = utf8 */;
CREATE TABLE `financiamiento` (
  `idfinanciamiento` int(30) NOT NULL AUTO_INCREMENT,
  `financiamientoNombre` varchar(45) NOT NULL,
  `financiamientoComentario` varchar(145) DEFAULT NULL COMMENT 'Lista de las formas en las que se fiancea el pago de los cargos de los docentes.',
  PRIMARY KEY (`idfinanciamiento`)
) ENGINE=InnoDB AUTO_INCREMENT=5 DEFAULT CHARSET=utf8;
/*!40101 SET character_set_client = @saved_cs_client */;

--
-- Dumping data for table `financiamiento`
--

LOCK TABLES `financiamiento` WRITE;
/*!40000 ALTER TABLE `financiamiento` DISABLE KEYS */;
REPLACE INTO `financiamiento` VALUES (1,'MINED',NULL),(2,'CDE',NULL),(3,'Alcaldía',NULL),(4,'ONG2',NULL);
/*!40000 ALTER TABLE `financiamiento` ENABLE KEYS */;
UNLOCK TABLES;

--
-- Table structure for table `grado`
--

DROP TABLE IF EXISTS `grado`;
/*!40101 SET @saved_cs_client     = @@character_set_client */;
/*!40101 SET character_set_client = utf8 */;
CREATE TABLE `grado` (
  `idgrado` int(30) NOT NULL,
  `gradoModalidad` enum('C','S','G') NOT NULL,
  `gradoSeccion` enum('A','B','C') NOT NULL,
  `gradoAño` int(4) NOT NULL,
  `aulaGrado` int(30) NOT NULL,
  `gradoActivo` bit(1) NOT NULL,
  `gradoMaestroGuia` int(30) DEFAULT NULL,
  `gradoCoemntario` varchar(145) DEFAULT NULL COMMENT 'Historico de los grados y secciones junto a los maestros que han sido sus maestros guías.',
  PRIMARY KEY (`idgrado`,`gradoSeccion`,`gradoAño`,`gradoModalidad`),
  KEY `fk_grado_1` (`gradoMaestroGuia`),
  KEY `fk_grado_2` (`aulaGrado`),
  CONSTRAINT `fk_grado_1` FOREIGN KEY (`gradoMaestroGuia`) REFERENCES `maestro` (`idmaestro`) ON UPDATE CASCADE,
  CONSTRAINT `fk_grado_2` FOREIGN KEY (`aulaGrado`) REFERENCES `aula` (`idaula`) ON UPDATE CASCADE
) ENGINE=InnoDB DEFAULT CHARSET=utf8;
/*!40101 SET character_set_client = @saved_cs_client */;

--
-- Dumping data for table `grado`
--

LOCK TABLES `grado` WRITE;
/*!40000 ALTER TABLE `grado` DISABLE KEYS */;
REPLACE INTO `grado` VALUES (1,'C','A',2020,1,'',NULL,NULL),(1,'G','A',2020,11,'',NULL,NULL),(1,'C','B',2020,2,'',NULL,NULL),(1,'G','B',2020,10,'',NULL,NULL),(2,'C','A',2020,3,'',NULL,NULL),(2,'G','A',2020,9,'',NULL,NULL),(2,'C','B',2020,4,'',NULL,NULL),(2,'G','B',2020,8,'',NULL,NULL),(3,'C','A',2020,5,'',NULL,NULL),(3,'C','B',2020,6,'',1045367087,NULL);
/*!40000 ALTER TABLE `grado` ENABLE KEYS */;
UNLOCK TABLES;

--
-- Table structure for table `gradoEvaluacion`
--

DROP TABLE IF EXISTS `gradoEvaluacion`;
/*!40101 SET @saved_cs_client     = @@character_set_client */;
/*!40101 SET character_set_client = utf8 */;
CREATE TABLE `gradoEvaluacion` (
  `idGrado` int(30) NOT NULL,
  `gradoSeccion` enum('A','B','C') NOT NULL,
  `gradoAño` int(4) NOT NULL,
  `gradoModalidad` enum('C','S','G') NOT NULL,
  `fechaEvaluacion` date NOT NULL COMMENT 'histórico de evaluaciones a cada grado del instituto.',
  `evaluador` int(30) NOT NULL,
  `organizadorLimpieza` bit(1) NOT NULL,
  `organizadorClase` bit(1) NOT NULL,
  `normas` bit(1) NOT NULL,
  `mision` bit(1) NOT NULL,
  `vision` bit(1) NOT NULL,
  `mapasRiesgo` bit(1) NOT NULL,
  `comites` bit(1) NOT NULL,
  `bienvenidos` bit(1) NOT NULL,
  `valores` bit(1) NOT NULL,
  `directiva` bit(1) NOT NULL,
  `material` bit(1) NOT NULL,
  `observacionesPositivas` varchar(145) DEFAULT NULL,
  `observacioneNegativas` varchar(145) DEFAULT NULL,
  `Recomendaciones` varchar(145) DEFAULT NULL,
  `evaluacionGradoComentario` varchar(145) DEFAULT NULL COMMENT 'Historico de evaluaciones de cada grado.',
  PRIMARY KEY (`idGrado`,`gradoSeccion`,`gradoAño`,`gradoModalidad`),
  KEY `fk_gradoEvaluacion_2_idx` (`evaluador`),
  CONSTRAINT `fk_gradoEvaluacion_1` FOREIGN KEY (`idGrado`, `gradoSeccion`, `gradoAño`, `gradoModalidad`) REFERENCES `grado` (`idgrado`, `gradoSeccion`, `gradoAño`, `gradoModalidad`) ON UPDATE CASCADE,
  CONSTRAINT `fk_gradoEvaluacion_2` FOREIGN KEY (`evaluador`) REFERENCES `persona` (`idpersona`) ON UPDATE CASCADE
) ENGINE=InnoDB DEFAULT CHARSET=utf8;
/*!40101 SET character_set_client = @saved_cs_client */;

--
-- Dumping data for table `gradoEvaluacion`
--

LOCK TABLES `gradoEvaluacion` WRITE;
/*!40000 ALTER TABLE `gradoEvaluacion` DISABLE KEYS */;
/*!40000 ALTER TABLE `gradoEvaluacion` ENABLE KEYS */;
UNLOCK TABLES;

--
-- Table structure for table `horario`
--

DROP TABLE IF EXISTS `horario`;
/*!40101 SET @saved_cs_client     = @@character_set_client */;
/*!40101 SET character_set_client = utf8 */;
CREATE TABLE `horario` (
  `idhorario` int(30) NOT NULL,
  `horaInicio` time NOT NULL,
  `horaFin` time NOT NULL,
  `horarioComentario` varchar(145) DEFAULT NULL COMMENT 'Listado de las horas en las que se dan clases durate la semana',
  PRIMARY KEY (`idhorario`)
) ENGINE=InnoDB DEFAULT CHARSET=utf8;
/*!40101 SET character_set_client = @saved_cs_client */;

--
-- Dumping data for table `horario`
--

LOCK TABLES `horario` WRITE;
/*!40000 ALTER TABLE `horario` DISABLE KEYS */;
REPLACE INTO `horario` VALUES (1,'07:15:00','08:05:00',NULL),(2,'08:05:00','08:55:00',NULL),(3,'08:55:00','09:15:00',NULL),(4,'09:15:00','10:05:00',NULL),(5,'10:05:00','23:10:00',NULL),(6,'11:10:00','12:00:00',NULL),(7,'13:00:00','13:50:00',NULL),(8,'13:50:00','14:40:00',NULL),(9,'14:40:00','15:30:00',NULL),(10,'15:30:00','16:20:00',NULL),(11,'16:20:00','17:10:00',NULL);
/*!40000 ALTER TABLE `horario` ENABLE KEYS */;
UNLOCK TABLES;

--
-- Table structure for table `maestoCargo`
--

DROP TABLE IF EXISTS `maestoCargo`;
/*!40101 SET @saved_cs_client     = @@character_set_client */;
/*!40101 SET character_set_client = utf8 */;
CREATE TABLE `maestoCargo` (
  `idMaesto` int(30) NOT NULL,
  `idCargo` int(30) NOT NULL,
  `idNombramiento` int(30) NOT NULL,
  `idFinanciamiento` int(30) NOT NULL,
  `fechaNombramiento` date NOT NULL,
  `fechaDestitucion` date DEFAULT NULL,
  `razondestitucion` varchar(145) DEFAULT NULL,
  `maestoCargoComentario` varchar(145) DEFAULT NULL COMMENT 'Histórico de los cargos que los maestros tienen o han tenido dentro de la institucion.',
  PRIMARY KEY (`idMaesto`,`idCargo`,`idNombramiento`,`idFinanciamiento`,`fechaNombramiento`),
  KEY `fk_maestoCargo_2_idx` (`idCargo`),
  KEY `fk_maestoCargo_3_idx` (`idNombramiento`),
  KEY `fk_maestoCargo_4_idx` (`idFinanciamiento`),
  CONSTRAINT `fk_maestoCargo_1` FOREIGN KEY (`idMaesto`) REFERENCES `maestro` (`idmaestro`) ON UPDATE CASCADE,
  CONSTRAINT `fk_maestoCargo_2` FOREIGN KEY (`idCargo`) REFERENCES `cargo` (`idcargo`) ON UPDATE CASCADE,
  CONSTRAINT `fk_maestoCargo_3` FOREIGN KEY (`idNombramiento`) REFERENCES `tipoNombramiento` (`idtipoNombramiento`) ON UPDATE CASCADE,
  CONSTRAINT `fk_maestoCargo_4` FOREIGN KEY (`idFinanciamiento`) REFERENCES `financiamiento` (`idfinanciamiento`) ON UPDATE CASCADE
) ENGINE=InnoDB DEFAULT CHARSET=utf8;
/*!40101 SET character_set_client = @saved_cs_client */;

--
-- Dumping data for table `maestoCargo`
--

LOCK TABLES `maestoCargo` WRITE;
/*!40000 ALTER TABLE `maestoCargo` DISABLE KEYS */;
REPLACE INTO `maestoCargo` VALUES (1045367084,2,1,1,'2020-01-24',NULL,NULL,NULL),(1045367085,2,1,1,'2020-01-24',NULL,NULL,NULL);
/*!40000 ALTER TABLE `maestoCargo` ENABLE KEYS */;
UNLOCK TABLES;

--
-- Table structure for table `maestro`
--

DROP TABLE IF EXISTS `maestro`;
/*!40101 SET @saved_cs_client     = @@character_set_client */;
/*!40101 SET character_set_client = utf8 */;
CREATE TABLE `maestro` (
  `idmaestro` int(30) NOT NULL,
  `maestroNip` int(30) NOT NULL,
  `maestroNup` int(30) NOT NULL,
  `maestroCodigo` int(30) NOT NULL,
  `maestroPartidas` int(30) NOT NULL,
  `maestroSubnumeros` int(30) NOT NULL,
  `maestroNivel` int(30) NOT NULL,
  `maestroCategoria` int(30) NOT NULL,
  `maestroAfp` varchar(45) NOT NULL,
  `maestroBienestar` int(30) NOT NULL,
  `maestrocolTelefonoResidencia` varchar(9) NOT NULL,
  `maestroEspecialidad` int(30) NOT NULL,
  `maestroFechaMagisterio` date NOT NULL,
  `maestroFechaInstitucion` date NOT NULL,
  `maestroFechaProximoAsenso` date DEFAULT NULL,
  `maestroTurno` enum('M','V','T') NOT NULL,
  `maestroTiempoCategoria` varchar(10) NOT NULL,
  `maestroSinEscalafon` bit(1) NOT NULL DEFAULT b'1',
  `maestroTipoSalario` int(30) NOT NULL,
  `maestroUtilidadTecnologica` bit(1) NOT NULL DEFAULT b'1',
  `maestroHorasUsoTecnologia` int(30) NOT NULL DEFAULT '0',
  `maestroUsoVideoconferencias` bit(1) NOT NULL DEFAULT b'0',
  `maestroRecursosWeb` bit(1) NOT NULL DEFAULT b'1',
  `maestroCapacitacionesVirtuales` bit(1) NOT NULL DEFAULT b'1',
  `maestroComentario` varchar(45) DEFAULT NULL COMMENT 'Detalle de la información de todos los docentes de la institución.',
  PRIMARY KEY (`idmaestro`),
  KEY `fk_maestro_2_idx` (`maestroTipoSalario`),
  KEY `fk_maestro_3_idx` (`maestroEspecialidad`),
  CONSTRAINT `fk_maestro_1` FOREIGN KEY (`idmaestro`) REFERENCES `persona` (`idpersona`) ON UPDATE CASCADE,
  CONSTRAINT `fk_maestro_2` FOREIGN KEY (`maestroTipoSalario`) REFERENCES `tipoSueldos` (`idtipoSueldo`) ON UPDATE CASCADE,
  CONSTRAINT `fk_maestro_3` FOREIGN KEY (`maestroEspecialidad`) REFERENCES `tipoEspecialidades` (`idtipoEspecialidades`) ON UPDATE CASCADE
) ENGINE=InnoDB DEFAULT CHARSET=utf8;
/*!40101 SET character_set_client = @saved_cs_client */;

--
-- Dumping data for table `maestro`
--

LOCK TABLES `maestro` WRITE;
/*!40000 ALTER TABLE `maestro` DISABLE KEYS */;
REPLACE INTO `maestro` VALUES (1045367084,124596,884545,544548,2131331,315388,2,3,'Confía',2356546,'4444-4444',1,'1986-01-24','2020-01-24',NULL,'M','2','',1,'',6,'\0','','\0',''),(1045367085,8778878,78787,78787,787,787,1,1,'Confía',784555485,'3333-3333',2,'2020-01-24','2020-01-24','2020-01-24','V','1','',1,'',5,'','','',''),(1045367086,7899646,65456456,56464,456456,65464,2,3,'Crecer',87945613,'2222-2222',7,'2020-01-24','2020-01-24','2020-01-24','T','2','',1,'',3,'\0','','\0',''),(1045367087,31132321,321312231,312123123,321231123,123312312,1,3,'Crecer',354563,'1111-1111',5,'2020-01-24','2020-01-24','2020-01-24','T','1','',2,'',15,'','','','');
/*!40000 ALTER TABLE `maestro` ENABLE KEYS */;
UNLOCK TABLES;

--
-- Table structure for table `materia`
--

DROP TABLE IF EXISTS `materia`;
/*!40101 SET @saved_cs_client     = @@character_set_client */;
/*!40101 SET character_set_client = utf8 */;
CREATE TABLE `materia` (
  `idmateria` int(30) NOT NULL AUTO_INCREMENT,
  `materiaNombre` varchar(60) NOT NULL,
  `tipoMateria` int(30) NOT NULL COMMENT 'Listado de las materias que se imparten en la institucion.',
  `materiaComentario` varchar(145) DEFAULT NULL,
  PRIMARY KEY (`idmateria`),
  KEY `fk_materia_1_idx` (`tipoMateria`),
  CONSTRAINT `fk_materia_1` FOREIGN KEY (`tipoMateria`) REFERENCES `tipoMateria` (`idtipoMateria`) ON UPDATE CASCADE
) ENGINE=InnoDB AUTO_INCREMENT=23 DEFAULT CHARSET=utf8;
/*!40101 SET character_set_client = @saved_cs_client */;

--
-- Dumping data for table `materia`
--

LOCK TABLES `materia` WRITE;
/*!40000 ALTER TABLE `materia` DISABLE KEYS */;
REPLACE INTO `materia` VALUES (1,'Matemática',1,'c0d6c8'),(2,'Lenguaje',1,'bfc4de'),(3,'Inglés',1,'9dc4ae'),(4,'Informática',1,'c4b0c4'),(5,'Estudios Sociales',1,'8e8cb3'),(6,'Educación Físiaca',1,'e6ddaf'),(7,'Ciencias Naturales',1,'cae3cb'),(8,'Moral, Urbanidad y Cívica',1,''),(9,'Orientación Para La Vida',2,''),(10,'Seminario',2,''),(11,'Curso de Habilidad Laboral',2,''),(12,'Tecnología I',3,''),(13,'Tecnología II',3,''),(14,'Tecnología III',3,''),(15,'Práctica Profesional I',3,''),(16,'Práctica Profesional II',3,''),(17,'Práctica Profesional III',3,''),(18,'Laboratorio de Creatividad I',3,'f0b8f0'),(19,'Laboratorio de Creatividad II',3,''),(20,'Laboratorio de Creatividad III',3,''),(21,'Contaduría',4,''),(22,'General',4,'e8d0e8');
/*!40000 ALTER TABLE `materia` ENABLE KEYS */;
UNLOCK TABLES;

--
-- Table structure for table `matricula`
--

DROP TABLE IF EXISTS `matricula`;
/*!40101 SET @saved_cs_client     = @@character_set_client */;
/*!40101 SET character_set_client = utf8 */;
CREATE TABLE `matricula` (
  `idmatricula` int(30) NOT NULL,
  `matriculaAnyo` int(4) NOT NULL,
  `matriculaNivel` int(30) NOT NULL,
  `gradoModalidad` enum('C','S','G') NOT NULL,
  `matriculaSeccion` enum('A','B','C') NOT NULL DEFAULT 'A',
  `matriculaRepite` bit(1) NOT NULL,
  `matriculaComentario` varchar(140) DEFAULT NULL,
  PRIMARY KEY (`idmatricula`,`matriculaAnyo`),
  KEY `fk_matricula_1` (`matriculaNivel`,`matriculaSeccion`,`matriculaAnyo`,`gradoModalidad`),
  CONSTRAINT `fk_matricula1_1` FOREIGN KEY (`idmatricula`) REFERENCES `estudiante` (`idestudiante`) ON UPDATE CASCADE,
  CONSTRAINT `fk_matricula_1` FOREIGN KEY (`matriculaNivel`, `matriculaSeccion`, `matriculaAnyo`, `gradoModalidad`) REFERENCES `grado` (`idgrado`, `gradoSeccion`, `gradoAño`, `gradoModalidad`) ON DELETE NO ACTION ON UPDATE CASCADE
) ENGINE=InnoDB DEFAULT CHARSET=utf8;
/*!40101 SET character_set_client = @saved_cs_client */;

--
-- Dumping data for table `matricula`
--

LOCK TABLES `matricula` WRITE;
/*!40000 ALTER TABLE `matricula` DISABLE KEYS */;
REPLACE INTO `matricula` VALUES (16018,2020,1,'C','A','\0','N'),(16019,2020,1,'G','A','\0','N'),(16020,2020,2,'C','A','\0','N');
/*!40000 ALTER TABLE `matricula` ENABLE KEYS */;
UNLOCK TABLES;

--
-- Table structure for table `mestroHorarioMaterias`
--

DROP TABLE IF EXISTS `mestroHorarioMaterias`;
/*!40101 SET @saved_cs_client     = @@character_set_client */;
/*!40101 SET character_set_client = utf8 */;
CREATE TABLE `mestroHorarioMaterias` (
  `idMaestro` int(30) NOT NULL,
  `idMateria` int(30) NOT NULL COMMENT 'Detalle de las materias y horarios que cada docente imparte en la institución.',
  `idHorario` int(30) NOT NULL,
  `diaSemana` int(30) NOT NULL,
  `idGrado` int(30) NOT NULL,
  `gradoModalidad` enum('C','S','G') NOT NULL,
  `seccionGrado` enum('A','B','C') NOT NULL,
  `añoGrado` int(4) NOT NULL,
  `mestroHorarioMateriasComentarios` varchar(145) DEFAULT NULL,
  PRIMARY KEY (`idMaestro`,`idMateria`,`idHorario`,`diaSemana`,`idGrado`,`seccionGrado`,`añoGrado`,`gradoModalidad`),
  KEY `fk_mestroHorarioMaterias_2_idx` (`idMateria`),
  KEY `fk_mestroHorarioMaterias_4` (`idGrado`,`seccionGrado`,`añoGrado`,`gradoModalidad`),
  KEY `fk_mestroHorarioMaterias_3_idx` (`idHorario`),
  KEY `fk_mestroHorarioMaterias_5_idx` (`diaSemana`),
  CONSTRAINT `fk_mestroHorarioMaterias_1` FOREIGN KEY (`idMaestro`) REFERENCES `maestro` (`idmaestro`) ON UPDATE CASCADE,
  CONSTRAINT `fk_mestroHorarioMaterias_2` FOREIGN KEY (`idMateria`) REFERENCES `materia` (`idmateria`) ON UPDATE CASCADE,
  CONSTRAINT `fk_mestroHorarioMaterias_3` FOREIGN KEY (`idHorario`) REFERENCES `horario` (`idhorario`) ON UPDATE CASCADE,
  CONSTRAINT `fk_mestroHorarioMaterias_4` FOREIGN KEY (`idGrado`, `seccionGrado`, `añoGrado`, `gradoModalidad`) REFERENCES `grado` (`idgrado`, `gradoSeccion`, `gradoAño`, `gradoModalidad`) ON UPDATE CASCADE,
  CONSTRAINT `fk_mestroHorarioMaterias_5` FOREIGN KEY (`diaSemana`) REFERENCES `diasEstudio` (`idDias`) ON UPDATE CASCADE
) ENGINE=InnoDB DEFAULT CHARSET=utf8;
/*!40101 SET character_set_client = @saved_cs_client */;

--
-- Dumping data for table `mestroHorarioMaterias`
--

LOCK TABLES `mestroHorarioMaterias` WRITE;
/*!40000 ALTER TABLE `mestroHorarioMaterias` DISABLE KEYS */;
REPLACE INTO `mestroHorarioMaterias` VALUES (1045367087,1,1,1,1,'G','B',2020,NULL),(1045367087,1,2,1,1,'C','B',2020,NULL),(1045367087,1,3,1,1,'C','A',2020,NULL),(1045367087,1,4,1,1,'C','A',2020,NULL),(1045367087,5,1,5,3,'C','B',2020,NULL),(1045367087,8,1,2,1,'C','A',2020,NULL),(1045367087,8,2,2,1,'C','A',2020,NULL),(1045367087,10,10,2,2,'G','B',2020,NULL),(1045367087,10,11,2,2,'G','B',2020,NULL),(1045367087,18,9,1,2,'C','A',2020,NULL),(1045367087,18,10,1,2,'C','A',2020,NULL);
/*!40000 ALTER TABLE `mestroHorarioMaterias` ENABLE KEYS */;
UNLOCK TABLES;

--
-- Table structure for table `notificaciones`
--

DROP TABLE IF EXISTS `notificaciones`;
/*!40101 SET @saved_cs_client     = @@character_set_client */;
/*!40101 SET character_set_client = utf8 */;
CREATE TABLE `notificaciones` (
  `idnotificacion` int(30) NOT NULL AUTO_INCREMENT,
  `fechaHora` datetime NOT NULL,
  `destinatario` int(30) NOT NULL,
  `remitente` int(30) NOT NULL,
  `notificacionTitulo` varchar(140) NOT NULL,
  `notificacionCuerpo` varchar(300) NOT NULL,
  `vista` bit(1) NOT NULL,
  `notificacionComentario` varchar(145) DEFAULT NULL,
  PRIMARY KEY (`idnotificacion`),
  KEY `fk_notificaciones_1_idx` (`destinatario`,`remitente`),
  KEY `fk_notificaciones_2_idx` (`remitente`),
  CONSTRAINT `fk_notificaciones_1` FOREIGN KEY (`destinatario`) REFERENCES `persona` (`idpersona`) ON UPDATE CASCADE,
  CONSTRAINT `fk_notificaciones_2` FOREIGN KEY (`remitente`) REFERENCES `persona` (`idpersona`) ON UPDATE CASCADE
) ENGINE=InnoDB AUTO_INCREMENT=705 DEFAULT CHARSET=utf8;
/*!40101 SET character_set_client = @saved_cs_client */;

--
-- Dumping data for table `notificaciones`
--

LOCK TABLES `notificaciones` WRITE;
/*!40000 ALTER TABLE `notificaciones` DISABLE KEYS */;
REPLACE INTO `notificaciones` VALUES (690,'2020-01-27 15:41:35',1045367084,16020,'Solicitud de permiso nueva','Andrea Johana Pleitez Alcántara ha solicitado un nuevo permiso.','\0',' '),(691,'2020-01-27 15:41:35',1045367085,16020,'Solicitud de permiso nueva','Andrea Johana Pleitez Alcántara ha solicitado un nuevo permiso.','',' '),(692,'2020-01-27 15:42:18',16020,1045367085,'Rechado de permiso','Francisco Javier Magaña Arriola ha rechazado su solicitud de permiso. Motivo del rechazo: el motivo no es válido ','',' '),(693,'2020-01-27 15:42:59',16020,16020,'Modificación de solicitud de permiso','Su permiso se ha solicitado para entre las fechas: 27/01/2020 y 27/01/2020','',' '),(694,'2020-01-27 15:42:59',1045367084,16020,'Modificaciones en una solicitud de permiso','Andrea Johana Pleitez Alcántara ha cambiado su solicitud de permiso.','\0',' '),(695,'2020-01-27 15:43:00',1045367085,16020,'Modificaciones en una solicitud de permiso','Andrea Johana Pleitez Alcántara ha cambiado su solicitud de permiso.','',' '),(696,'2020-01-27 15:44:24',16020,1045367085,'Rechado de permiso','Francisco Javier Magaña Arriola ha rechazado su solicitud de permiso. Motivo del rechazo:  debe anexar una constancia válida','',' '),(697,'2020-01-27 15:45:15',16020,16020,'Modificación de solicitud de permiso','Su permiso se ha solicitado para entre las fechas: 27/01/2020 y 27/01/2020','',' '),(698,'2020-01-27 15:45:16',1045367084,16020,'Modificaciones en una solicitud de permiso','Andrea Johana Pleitez Alcántara ha cambiado su solicitud de permiso.','\0',' '),(699,'2020-01-27 15:45:16',1045367085,16020,'Modificaciones en una solicitud de permiso','Andrea Johana Pleitez Alcántara ha cambiado su solicitud de permiso.','',' '),(700,'2020-01-27 15:46:34',16020,1045367085,'Aceptación de permiso','Francisco Javier Magaña Arriola ha aceptado su solicitud de permiso. ','',' '),(701,'2020-01-27 15:48:49',1045367087,1045367073,'Se ha agregado una nueva hora clase al horario','Agregación: Viernes 07:15 AM - 08:05 AM Materia: Estudios Sociales. Profesor: María Pineda. Grado: 2° General Sección A','',' '),(702,'2020-01-27 15:50:14',1045367087,1045367073,'Seha editado el horario','Modificación: Miércoles 07:15 AM - 08:05 AM Materia: Estudios Sociales. Profesor: María Pineda. Grado: 2° General Sección A','',' '),(703,'2020-01-27 15:50:38',1045367087,1045367073,'Seha editado el horario','Modificación: Miércoles 07:15 AM - 08:05 AM Materia: Estudios Sociales. Profesor: María Pineda. Grado: 1° TVC Contador Sección A','',' '),(704,'2020-01-27 15:51:07',1045367087,1045367073,'Seha editado el horario','Modificación: Viernes 07:15 AM - 08:05 AM Materia: Estudios Sociales. Profesor: María Pineda. Grado: 3° TVC Contador Sección B','',' ');
/*!40000 ALTER TABLE `notificaciones` ENABLE KEYS */;
UNLOCK TABLES;

--
-- Table structure for table `pais`
--

DROP TABLE IF EXISTS `pais`;
/*!40101 SET @saved_cs_client     = @@character_set_client */;
/*!40101 SET character_set_client = utf8 */;
CREATE TABLE `pais` (
  `idpais` int(30) NOT NULL,
  `paisNombre` varchar(50) NOT NULL,
  `paisComentarios` varchar(140) DEFAULT NULL,
  PRIMARY KEY (`idpais`)
) ENGINE=InnoDB DEFAULT CHARSET=utf8;
/*!40101 SET character_set_client = @saved_cs_client */;

--
-- Dumping data for table `pais`
--

LOCK TABLES `pais` WRITE;
/*!40000 ALTER TABLE `pais` DISABLE KEYS */;
REPLACE INTO `pais` VALUES (1,'Afganistán',''),(2,'Islas Gland',''),(3,'Albania',''),(4,'Alemania',''),(5,'Andorra',''),(6,'Angola',''),(7,'Anguilla',''),(8,'Antártida',''),(9,'Antigua y Barbuda',''),(10,'Antillas Holandesas',''),(11,'Arabia Saudí',''),(12,'Argelia',''),(13,'Argentina',''),(14,'Armenia',''),(15,'Aruba',''),(16,'Australia',''),(17,'Austria',''),(18,'Azerbaiyán',''),(19,'Bahamas',''),(20,'Bahréin',''),(21,'Bangladesh',''),(22,'Barbados',''),(23,'Bielorrusia',''),(24,'Bélgica',''),(25,'Belice',''),(26,'Benin',''),(27,'Bermudas',''),(28,'Bhután',''),(29,'Bolivia',''),(30,'Bosnia y Herzegovina',''),(31,'Botsuana',''),(32,'Isla Bouvet',''),(33,'Brasil',''),(34,'Brunéi',''),(35,'Bulgaria',''),(36,'Burkina Faso',''),(37,'Burundi',''),(38,'Cabo Verde',''),(39,'Islas Caimán',''),(40,'Camboya',''),(41,'Camerún',''),(42,'Canadá',''),(43,'República Centroafricana',''),(44,'Chad',''),(45,'República Checa',''),(46,'Chile',''),(47,'China',''),(48,'Chipre',''),(49,'Isla de Navidad',''),(50,'Ciudad del Vaticano',''),(51,'Islas Cocos',''),(52,'Colombia',''),(53,'Comoras',''),(54,'República Democrática del Congo',''),(55,'Congo',''),(56,'Islas Cook',''),(57,'Corea del Norte',''),(58,'Corea del Sur',''),(59,'Costa de Marfil',''),(60,'Costa Rica',''),(61,'Croacia',''),(62,'Cuba',''),(63,'Dinamarca',''),(64,'Dominica',''),(65,'República Dominicana',''),(66,'Ecuador',''),(67,'Egipto',''),(68,'El Salvador',''),(69,'Emiratos Árabes Unidos',''),(70,'Eritrea',''),(71,'Eslovaquia',''),(72,'Eslovenia',''),(73,'España',''),(74,'Islas ultramarinas de Estados Unidos',''),(75,'Estados Unidos',''),(76,'Estonia',''),(77,'Etiopía',''),(78,'Islas Feroe',''),(79,'Filipinas',''),(80,'Finlandia',''),(81,'Fiyi',''),(82,'Francia',''),(83,'Gabón',''),(84,'Gambia',''),(85,'Georgia',''),(86,'Islas Georgias del Sur y Sandwich del Sur',''),(87,'Ghana',''),(88,'Gibraltar',''),(89,'Granada',''),(90,'Grecia',''),(91,'Groenlandia',''),(92,'Guadalupe',''),(93,'Guam',''),(94,'Guatemala',''),(95,'Guayana Francesa',''),(96,'Guinea',''),(97,'Guinea Ecuatorial',''),(98,'Guinea-Bissau',''),(99,'Guyana',''),(100,'Haití',''),(101,'Islas Heard y McDonald',''),(102,'Honduras',''),(103,'Hong Kong',''),(104,'Hungría',''),(105,'India',''),(106,'Indonesia',''),(107,'Irán',''),(108,'Iraq',''),(109,'Irlanda',''),(110,'Islandia',''),(111,'Israel',''),(112,'Italia',''),(113,'Jamaica',''),(114,'Japón',''),(115,'Jordania',''),(116,'Kazajstán',''),(117,'Kenia',''),(118,'Kirguistán',''),(119,'Kiribati',''),(120,'Kuwait',''),(121,'Laos',''),(122,'Lesotho',''),(123,'Letonia',''),(124,'Líbano',''),(125,'Liberia',''),(126,'Libia',''),(127,'Liechtenstein',''),(128,'Lituania',''),(129,'Luxemburgo',''),(130,'Macao',''),(131,'ARY Macedonia',''),(132,'Madagascar',''),(133,'Malasia',''),(134,'Malawi',''),(135,'Maldivas',''),(136,'Malí',''),(137,'Malta',''),(138,'Islas Malvinas',''),(139,'Islas Marianas del Norte',''),(140,'Marruecos',''),(141,'Islas Marshall',''),(142,'Martinica',''),(143,'Mauricio',''),(144,'Mauritania',''),(145,'Mayotte',''),(146,'México',''),(147,'Micronesia',''),(148,'Moldavia',''),(149,'Mónaco',''),(150,'Mongolia',''),(151,'Montserrat',''),(152,'Mozambique',''),(153,'Myanmar',''),(154,'Namibia',''),(155,'Nauru',''),(156,'Nepal',''),(157,'Nicaragua',''),(158,'Níger',''),(159,'Nigeria',''),(160,'Niue',''),(161,'Isla Norfolk',''),(162,'Noruega',''),(163,'Nueva Caledonia',''),(164,'Nueva Zelanda',''),(165,'Omán',''),(166,'Países Bajos',''),(167,'Pakistán',''),(168,'Palau',''),(169,'Palestina',''),(170,'Panamá',''),(171,'Papúa Nueva Guinea',''),(172,'Paraguay',''),(173,'Perú',''),(174,'Islas Pitcairn',''),(175,'Polinesia Francesa',''),(176,'Polonia',''),(177,'Portugal',''),(178,'Puerto Rico',''),(179,'Qatar',''),(180,'Reino Unido',''),(181,'Reunión',''),(182,'Ruanda',''),(183,'Rumania',''),(184,'Rusia',''),(185,'Sahara Occidental',''),(186,'Islas Salomón',''),(187,'Samoa',''),(188,'Samoa Americana',''),(189,'San Cristóbal y Nevis',''),(190,'San Marino',''),(191,'San Pedro y Miquelón',''),(192,'San Vicente y las Granadinas',''),(193,'Santa Helena',''),(194,'Santa Lucía',''),(195,'Santo Tomé y Príncipe',''),(196,'Senegal',''),(197,'Serbia y Montenegro',''),(198,'Seychelles',''),(199,'Sierra Leona',''),(200,'Singapur',''),(201,'Siria',''),(202,'Somalia',''),(203,'Sri Lanka',''),(204,'Suazilandia',''),(205,'Sudáfrica',''),(206,'Sudán',''),(207,'Suecia',''),(208,'Suiza',''),(209,'Surinam',''),(210,'Svalbard y Jan Mayen',''),(211,'Tailandia',''),(212,'Taiwán',''),(213,'Tanzania',''),(214,'Tayikistán',''),(215,'Territorio Británico del Océano Índico',''),(216,'Territorios Australes Franceses',''),(217,'Timor Oriental',''),(218,'Togo',''),(219,'Tokelau',''),(220,'Tonga',''),(221,'Trinidad y Tobago',''),(222,'Túnez',''),(223,'Islas Turcas y Caicos',''),(224,'Turkmenistán',''),(225,'Turquía',''),(226,'Tuvalu',''),(227,'Ucrania',''),(228,'Uganda',''),(229,'Uruguay',''),(230,'Uzbekistán',''),(231,'Vanuatu',''),(232,'Venezuela',''),(233,'Vietnam',''),(234,'Islas Vírgenes Británicas',''),(235,'Islas Vírgenes de los Estados Unidos',''),(236,'Wallis y Futuna',''),(237,'Yemen',''),(238,'Yibuti',''),(239,'Zambia',''),(240,'Zimbabue','');
/*!40000 ALTER TABLE `pais` ENABLE KEYS */;
UNLOCK TABLES;

--
-- Table structure for table `permisos`
--

DROP TABLE IF EXISTS `permisos`;
/*!40101 SET @saved_cs_client     = @@character_set_client */;
/*!40101 SET character_set_client = utf8 */;
CREATE TABLE `permisos` (
  `ipPersona` int(30) NOT NULL,
  `permisoFechaSolicitud` date NOT NULL,
  `tipoPermiso` int(30) NOT NULL,
  `permisoFechaInicio` date NOT NULL,
  `permisoFechafin` date NOT NULL,
  `tipoPersona` int(30) NOT NULL,
  `permisosMotivo` varchar(250) DEFAULT NULL,
  `permisosEstado` enum('0','1','2','3') NOT NULL DEFAULT '0',
  `permisosSolicitante` int(30) NOT NULL,
  `permisosComentario` varchar(250) DEFAULT NULL,
  PRIMARY KEY (`ipPersona`,`permisoFechaSolicitud`,`tipoPermiso`,`permisoFechaInicio`),
  KEY `fk_permisos_2_idx` (`ipPersona`),
  KEY `fk_permisos_1_idx` (`tipoPersona`),
  KEY `fk_permisos_3_idx` (`permisosSolicitante`),
  KEY `fk_permisos_4_idx` (`tipoPermiso`),
  CONSTRAINT `fk_permisos_1` FOREIGN KEY (`ipPersona`) REFERENCES `persona` (`idpersona`) ON UPDATE CASCADE,
  CONSTRAINT `fk_permisos_2` FOREIGN KEY (`tipoPersona`) REFERENCES `tipoPersona` (`idtipoPersona`) ON DELETE CASCADE ON UPDATE CASCADE,
  CONSTRAINT `fk_permisos_3` FOREIGN KEY (`permisosSolicitante`) REFERENCES `persona` (`idpersona`) ON UPDATE CASCADE,
  CONSTRAINT `fk_permisos_4` FOREIGN KEY (`tipoPermiso`) REFERENCES `tipoPermiso` (`idtipoPermiso`) ON DELETE NO ACTION ON UPDATE NO ACTION
) ENGINE=InnoDB DEFAULT CHARSET=utf8;
/*!40101 SET character_set_client = @saved_cs_client */;

--
-- Dumping data for table `permisos`
--

LOCK TABLES `permisos` WRITE;
/*!40000 ALTER TABLE `permisos` DISABLE KEYS */;
REPLACE INTO `permisos` VALUES (16020,'2020-01-27',4,'2020-01-27','2020-01-27',8,'Muerte de familiar cercano','1',16020,'0¿¿¿¿¿¿ ');
/*!40000 ALTER TABLE `permisos` ENABLE KEYS */;
UNLOCK TABLES;

--
-- Table structure for table `persona`
--

DROP TABLE IF EXISTS `persona`;
/*!40101 SET @saved_cs_client     = @@character_set_client */;
/*!40101 SET character_set_client = utf8 */;
CREATE TABLE `persona` (
  `idpersona` int(30) NOT NULL,
  `PersonaNombre` varchar(45) NOT NULL,
  `personaApellido` varchar(45) NOT NULL,
  `personaNacimiento` date DEFAULT NULL,
  `personaDireccion` varchar(250) DEFAULT NULL,
  `personaTelefono` varchar(9) DEFAULT NULL,
  `personaCodigoResidencia` int(4) DEFAULT NULL,
  `personaZonaVivienda` int(1) DEFAULT NULL,
  `personaLugarNac` varchar(100) DEFAULT NULL,
  `personaContrasenya` varchar(60) DEFAULT NULL,
  `personaOCupacion` varchar(50) DEFAULT NULL,
  `tipoPersona` int(30) DEFAULT NULL,
  `personaActivo` bit(1) NOT NULL DEFAULT b'0',
  `personaNit` varchar(20) DEFAULT NULL,
  `personaSexo` bit(1) DEFAULT b'0',
  `personaEstadoFamiliar` int(1) DEFAULT NULL,
  `personaNacionalidad` varchar(45) DEFAULT NULL,
  `personaEmail` varchar(45) DEFAULT NULL,
  `personaDiscapacidades` varchar(250) DEFAULT NULL,
  `personaComentarios` varchar(250) DEFAULT NULL COMMENT 'Detalle de la información relevante de todo el recurso humano de la institución.',
  PRIMARY KEY (`idpersona`),
  KEY `fk_persona_1_idx` (`tipoPersona`),
  CONSTRAINT `fk_persona_1` FOREIGN KEY (`tipoPersona`) REFERENCES `tipoPersona` (`idtipoPersona`) ON UPDATE CASCADE
) ENGINE=InnoDB DEFAULT CHARSET=utf8;
/*!40101 SET character_set_client = @saved_cs_client */;

--
-- Dumping data for table `persona`
--

LOCK TABLES `persona` WRITE;
/*!40000 ALTER TABLE `persona` DISABLE KEYS */;
REPLACE INTO `persona` VALUES (16018,'Francisco Antonio','Regalado Cruz','1999-01-16','savvvvvvvv','',0,1,'02#13','8d2a5f7d4afa5d0530789d3066945330','',8,'','','\0',0,'Salvadoreña','','',''),(16019,'Rigoberto Alexander','Cárcamo Murga','1998-08-13','santa ana texistepeque','',0,2,'02#13','5218f316b3f85b751c613a06aa18010d','',8,'','','\0',0,'Salvadoreña','','',''),(16020,'Andrea Johana','Pleitez Alcántara','2000-09-23','santa ana metapán','',0,2,'02#07','ac2a728f9f17b5d860b6dabd80a5162f','',8,'','','',0,'Salvadoreña','','',''),(1045367070,'Jorge Agustín','Pereira cruz','1988-12-04','6666666666666666','7888-8888',0,0,'01#01','ab8a338aa2b1da6d97c11ba6e67be768','',9,'','','\0',0,'Salvadoreña','666666666666666','',''),(1045367071,'Sandra Andaya','Cruz Fuentes',NULL,NULL,'4564-5656',NULL,NULL,NULL,'cd9187113425eae93d8116205d03bdde',NULL,NULL,'\0',NULL,NULL,NULL,NULL,NULL,NULL,NULL),(1045367072,'Ana Lidia','Cárcamo Flores','1975-07-15','texistepeque santa ana','6666-6666',0,1,'02#13','7845e7b45be70d2391a2b16c2ffb68e3','',9,'','','',1,'Salvadoreña','','',''),(1045367073,'Guillermo Aldolfo','Delsas Murcia','1991-01-17',NULL,NULL,0,NULL,NULL,'02951a6cb9595ef475fed783e59c687e','Ingeniero de Sistemas Informáticos',1,'','0213-170191-102-9','\0',NULL,'Salvadoreña','guillermox020@gmail.com',NULL,NULL),(1045367074,'Adán Rigoberto','Flores Colsí',NULL,'','4555-5555',0,0,' # ','630abdfb00098f16ba48450363d8d64d','',11,'\0',NULL,'',0,'Salvadoreña',NULL,'',''),(1045367075,'Pablo José','Martínez Córdova','1985-11-22','santa ana texistepeque','9999-9999',0,0,'02#13','13f93ad73a8401c8735cc30fd70c7698','',9,'','','\0',0,'Salvadoreña','','',''),(1045367076,'Juan Sigfredo','Arriola Sagastume',NULL,'','6444-4444',0,0,' # ','ea519761c0e00b5ae877cbfce9ce697a','',11,'\0',NULL,'',0,'Salvadoreña',NULL,'',''),(1045367077,'Venancia María','Rosales Mata',NULL,'','7856-4666',0,0,' # ','2161b146f79c6a1b733b60a8e0ef7175','',10,'\0',NULL,'',0,'Salvadoreña',NULL,'',''),(1045367080,'María Carmen','Peña Cárcamo','1990-06-20','santa ana santa ana santa ana','9999-9999',0,1,'02#10','6e80cf219e79bc8a8d83ce9a5b757f64','Licenciada en administración de Empresas',6,'','9999-999999-999-9','',0,'Salvadoreña','99999999999@gmail.com','',''),(1045367081,'Hugo Daniel','Flores Diaz','1989-08-12','ahuachapan ahuachapan','8888-8888',0,1,'01#01','ad9f88eb26394a8ad9f46975cf79a133','Abogado',5,'','8888-888888-888-8','\0',0,'Salvadoreña','888888888@gmail.com','',''),(1045367082,'José Antonio','Murcia Pérez','1979-07-15','sonsonate sonsonate','7777-7777',0,1,'03#01','5f04b909d4b1bca2e6e57dbbf7208c51','profesor',7,'','7777-777777-777-7','\0',1,'Salvadoreña','77777777@gmail.com','',''),(1045367083,'Laura María','López Suñiga','1960-04-15','santa ana el porvenir','5555-5555',0,1,'02#05','a6ba5f99ff9616298b2212c76ea111dc','profesora',2,'','6666-666666-666-6','',1,'Salvadoreña','555555555@gmail.com','',''),(1045367084,'María Pilar','Dolores ALvarado','1956-01-13','santa ana texistepeque','4444-4444',213,1,'02#13','0c979466ac54e4b96f3f5c832e126941','profesora en matemáticas',4,'','4444-444444-444-4','',1,'Salvadoreña','444444444@gmail.com','',''),(1045367085,'Francisco Javier','Magaña Arriola','1988-05-25','santa ana coatepeque','3333-3333',206,0,'02#03','ff0c210fd0f86b21bc0497faef184c7b','profesor',4,'','3333-333333-333-3','\0',0,'Salvadoreña','333333333@gmail.com','',''),(1045367086,'Juan Manuel','Bartanes Pilar','1990-11-15','cuscatlan monte san juan','2222-2222',780,1,'05#05','f59bc51b847690dce791fce5f7179e04','Administrador de empresas',4,'','2222-222222-222-2','\0',1,'Salvadoreña','222222222@gmail.com','',''),(1045367087,'María Dolores','Pineda Mata','1983-07-15','santa ana metapán','1111-1111',210,1,'02#07','ee17cb731e48303aafe44cfe78c25853','profesora',4,'','1111-111111-111-1','',1,'Salvadoreña','111111111@gmail.com','',''),(1045367088,'Laura Isabel','Pneda Rosell','1981-05-10','santa ana santa ana','0000-0000',0,1,'02#10','c95b8be4befbee1a550a06fd19ed251a','Psicóloga',14,'','0000-000000-000-0','',1,'Salvadoreña','00000000@gmail.com','',''),(1045367089,'Álvaro Mateo','Cienfuegos Altamirano','1970-12-12','santa ana Texistepeque','4444-4444',0,0,'02#13','d5367241b0f4893393b6bc984029e999','Jornalero',15,'','4444-444444-444-4','\0',1,'Salvadoreña','444444444@gmail.com','',''),(1045367090,'Pablo Alejandro','Martínez Santos','1960-03-01','sonsonate acajutla','9999-8888',0,0,'03#01','8912074c9b782911ff4f5585c747c132','Técnico en reparación de computadoras',12,'','9999-999888-888-8','\0',1,'Salvadoreña','999988888@gmail.com','',''),(1045367091,'Alba Lucía','Aybara Campos','1988-12-30','cuscatlán cuscatlán','8888-8999',0,1,'05#02','f0ee269fcf3f4b1f8883aab03e6a7919','Secretaria',13,'','8888-888888-999-9','',1,'Salvadoreña','888888899999999@gmail.com','','');
/*!40000 ALTER TABLE `persona` ENABLE KEYS */;
UNLOCK TABLES;

--
-- Table structure for table `personasReserva`
--

DROP TABLE IF EXISTS `personasReserva`;
/*!40101 SET @saved_cs_client     = @@character_set_client */;
/*!40101 SET character_set_client = utf8 */;
CREATE TABLE `personasReserva` (
  `idReserva` int(30) NOT NULL,
  `idpersona` int(30) NOT NULL,
  `personasReservaComentario` varchar(145) DEFAULT NULL,
  PRIMARY KEY (`idReserva`,`idpersona`),
  KEY `fk_personasReserva_1_idx` (`idpersona`),
  CONSTRAINT `fk_personasReserva_1` FOREIGN KEY (`idpersona`) REFERENCES `persona` (`idpersona`) ON UPDATE CASCADE,
  CONSTRAINT `fk_personasReserva_2` FOREIGN KEY (`idReserva`) REFERENCES `reserva` (`idreserva`) ON UPDATE CASCADE
) ENGINE=InnoDB DEFAULT CHARSET=utf8;
/*!40101 SET character_set_client = @saved_cs_client */;

--
-- Dumping data for table `personasReserva`
--

LOCK TABLES `personasReserva` WRITE;
/*!40000 ALTER TABLE `personasReserva` DISABLE KEYS */;
REPLACE INTO `personasReserva` VALUES (1,16018,''),(2,16018,'');
/*!40000 ALTER TABLE `personasReserva` ENABLE KEYS */;
UNLOCK TABLES;

--
-- Table structure for table `proyectoPedagogico`
--

DROP TABLE IF EXISTS `proyectoPedagogico`;
/*!40101 SET @saved_cs_client     = @@character_set_client */;
/*!40101 SET character_set_client = utf8 */;
CREATE TABLE `proyectoPedagogico` (
  `idproyectoPedagogico` int(30) NOT NULL AUTO_INCREMENT,
  `nombreProyecto` varchar(100) NOT NULL,
  `beneficiarios` varchar(300) DEFAULT NULL,
  `duracion` varchar(30) DEFAULT NULL,
  `diagnostico` text,
  `objetivoGeneral` varchar(100) NOT NULL,
  `objetivoEspecifico` varchar(100) DEFAULT NULL,
  `justificacion` text,
  `metodologia` text NOT NULL,
  `actividades` text NOT NULL,
  `recursoHumano` varchar(300) DEFAULT NULL,
  `recursoMaterial` varchar(300) DEFAULT NULL,
  `recursoFinanciero` varchar(300) DEFAULT NULL,
  `seguimiento` text,
  `productoEsperado` text,
  `proyectoPedagogicoComentario` varchar(300) DEFAULT NULL,
  PRIMARY KEY (`idproyectoPedagogico`)
) ENGINE=InnoDB DEFAULT CHARSET=utf8;
/*!40101 SET character_set_client = @saved_cs_client */;

--
-- Dumping data for table `proyectoPedagogico`
--

LOCK TABLES `proyectoPedagogico` WRITE;
/*!40000 ALTER TABLE `proyectoPedagogico` DISABLE KEYS */;
/*!40000 ALTER TABLE `proyectoPedagogico` ENABLE KEYS */;
UNLOCK TABLES;

--
-- Table structure for table `recurso`
--

DROP TABLE IF EXISTS `recurso`;
/*!40101 SET @saved_cs_client     = @@character_set_client */;
/*!40101 SET character_set_client = utf8 */;
CREATE TABLE `recurso` (
  `idrecurso` int(30) NOT NULL,
  `nombre` varchar(100) NOT NULL,
  `categoria` int(30) DEFAULT NULL,
  `idTipoRecurso` int(30) NOT NULL,
  `tipoCargo` int(30) NOT NULL,
  `pais` int(30) DEFAULT NULL,
  `activo` bit(1) DEFAULT NULL,
  `valorUnitario` float DEFAULT NULL,
  `estadoFisico` enum('R','B') NOT NULL,
  `tipoValor` enum('REAL','ESTIMADO') NOT NULL,
  `modelo` varchar(45) DEFAULT NULL,
  `recursoComentarios` varchar(140) DEFAULT NULL,
  PRIMARY KEY (`idrecurso`),
  KEY `fk_recurso_1_idx` (`idTipoRecurso`),
  KEY `fk_recurso_3_idx` (`pais`),
  KEY `fk_recurso_4_idx` (`categoria`),
  KEY `fk_recurso_2_idx` (`tipoCargo`),
  CONSTRAINT `fk_recurso_1` FOREIGN KEY (`idTipoRecurso`) REFERENCES `tipoRecurso` (`idtipoRecurso`) ON UPDATE CASCADE,
  CONSTRAINT `fk_recurso_2` FOREIGN KEY (`tipoCargo`) REFERENCES `tipoCargo` (`idtipoCargo`) ON UPDATE CASCADE,
  CONSTRAINT `fk_recurso_3` FOREIGN KEY (`pais`) REFERENCES `pais` (`idpais`) ON UPDATE CASCADE,
  CONSTRAINT `fk_recurso_4` FOREIGN KEY (`categoria`) REFERENCES `categoria` (`idcategoria`) ON UPDATE CASCADE
) ENGINE=InnoDB DEFAULT CHARSET=utf8;
/*!40101 SET character_set_client = @saved_cs_client */;

--
-- Dumping data for table `recurso`
--

LOCK TABLES `recurso` WRITE;
/*!40000 ALTER TABLE `recurso` DISABLE KEYS */;
REPLACE INTO `recurso` VALUES (1,'10 pasos para una mejor calidad de vida',100,3,1,68,'',10,'B','REAL','1',NULL),(2,'Cañon multimedia',NULL,1,1,NULL,'',325,'B','ESTIMADO','',NULL),(6,'Microscopio',NULL,2,3,NULL,'',356,'B','ESTIMADO','',NULL),(98,'No me agarran viva',900,3,1,68,'',3,'B','REAL','10',NULL),(1140,'Luciernagas en El Mozote',800,3,1,68,'',12.85,'B','REAL','11',NULL),(1890,'El Arte de amargarse la vida',100,3,1,68,'',20.9,'B','REAL','1',NULL),(7663,'El libro de la selva',700,3,3,73,'',19.99,'B','REAL','2',NULL);
/*!40000 ALTER TABLE `recurso` ENABLE KEYS */;
UNLOCK TABLES;

--
-- Table structure for table `reserva`
--

DROP TABLE IF EXISTS `reserva`;
/*!40101 SET @saved_cs_client     = @@character_set_client */;
/*!40101 SET character_set_client = utf8 */;
CREATE TABLE `reserva` (
  `idreserva` int(30) NOT NULL AUTO_INCREMENT,
  `reservaFecha` datetime NOT NULL,
  `reservaEntrega` datetime NOT NULL,
  `reservaDevolucion` datetime NOT NULL,
  `tipoRecurso` int(30) NOT NULL,
  `tipoReserva` int(30) NOT NULL,
  `TipoProyecto` int(30) DEFAULT NULL,
  `reservaEstado` enum('S','E','D','R','C','A') NOT NULL,
  `reservaDevuelto` datetime DEFAULT NULL,
  `docente` int(30) DEFAULT NULL,
  `maeria` int(30) DEFAULT NULL,
  `tema` varchar(45) DEFAULT NULL,
  `objetivoTema` varchar(300) DEFAULT NULL,
  `observacionEntrega` varchar(250) DEFAULT NULL,
  `observacionDevolucion` varchar(250) DEFAULT NULL,
  `entregante` int(30) DEFAULT NULL,
  `recibe` int(30) DEFAULT NULL,
  `reservaComentario` varchar(300) DEFAULT NULL,
  PRIMARY KEY (`idreserva`),
  KEY `fk_reserva_1_idx` (`tipoReserva`),
  KEY `fk_reserva_2_idx` (`docente`),
  KEY `fk_reserva_3_idx` (`maeria`),
  KEY `fk_reserva_4_idx` (`TipoProyecto`),
  KEY `fk_reserva_5_idx` (`entregante`),
  KEY `fk_reserva_6_idx` (`recibe`),
  KEY `fk_reserva_7_idx` (`tipoRecurso`),
  CONSTRAINT `fk_reserva_1` FOREIGN KEY (`tipoReserva`) REFERENCES `tipoReserva` (`idtipoReserva`) ON UPDATE CASCADE,
  CONSTRAINT `fk_reserva_2` FOREIGN KEY (`docente`) REFERENCES `maestro` (`idmaestro`) ON UPDATE CASCADE,
  CONSTRAINT `fk_reserva_3` FOREIGN KEY (`maeria`) REFERENCES `materia` (`idmateria`) ON UPDATE CASCADE,
  CONSTRAINT `fk_reserva_4` FOREIGN KEY (`TipoProyecto`) REFERENCES `tipoProyecto` (`idtipoProyecto`) ON UPDATE CASCADE,
  CONSTRAINT `fk_reserva_5` FOREIGN KEY (`entregante`) REFERENCES `persona` (`idpersona`) ON DELETE NO ACTION ON UPDATE CASCADE,
  CONSTRAINT `fk_reserva_6` FOREIGN KEY (`recibe`) REFERENCES `persona` (`idpersona`) ON DELETE NO ACTION ON UPDATE CASCADE,
  CONSTRAINT `fk_reserva_7` FOREIGN KEY (`tipoRecurso`) REFERENCES `tipoRecurso` (`idtipoRecurso`) ON UPDATE CASCADE
) ENGINE=InnoDB AUTO_INCREMENT=3 DEFAULT CHARSET=utf8;
/*!40101 SET character_set_client = @saved_cs_client */;

--
-- Dumping data for table `reserva`
--

LOCK TABLES `reserva` WRITE;
/*!40000 ALTER TABLE `reserva` DISABLE KEYS */;
REPLACE INTO `reserva` VALUES (1,'2020-01-25 22:50:12','2020-01-27 22:52:00','2020-01-27 23:50:00',1,1,2,'S',NULL,NULL,NULL,'fgd','ndfndfnd',NULL,NULL,NULL,NULL,'Francisco Regalado¿¿2¿¿0¿¿¿¿0'),(2,'2020-01-25 23:05:49','2020-01-27 21:06:00','2020-01-27 23:05:00',3,1,NULL,'S',NULL,NULL,NULL,'','',NULL,NULL,NULL,NULL,'Francisco Regalado¿¿2¿¿0¿¿¿¿0');
/*!40000 ALTER TABLE `reserva` ENABLE KEYS */;
UNLOCK TABLES;

--
-- Table structure for table `reservaDetalle`
--

DROP TABLE IF EXISTS `reservaDetalle`;
/*!40101 SET @saved_cs_client     = @@character_set_client */;
/*!40101 SET character_set_client = utf8 */;
CREATE TABLE `reservaDetalle` (
  `idRecurso` int(30) NOT NULL,
  `ejemplarCorrelativo` int(30) NOT NULL,
  `reservaDetalleComentario` varchar(145) DEFAULT NULL,
  `idReserva` int(30) NOT NULL,
  PRIMARY KEY (`idRecurso`,`ejemplarCorrelativo`,`idReserva`),
  KEY `fk_reservaDetalle_2_idx` (`idRecurso`,`ejemplarCorrelativo`),
  KEY `fk_reservaDetalle_1_idx` (`idReserva`),
  CONSTRAINT `fk_reservaDetalle_1` FOREIGN KEY (`idReserva`) REFERENCES `reserva` (`idreserva`) ON UPDATE CASCADE,
  CONSTRAINT `fk_reservaDetalle_2` FOREIGN KEY (`idRecurso`, `ejemplarCorrelativo`) REFERENCES `ejemplar` (`idRecurso`, `ejemplarCorrelativo`) ON DELETE NO ACTION ON UPDATE NO ACTION
) ENGINE=InnoDB DEFAULT CHARSET=utf8;
/*!40101 SET character_set_client = @saved_cs_client */;

--
-- Dumping data for table `reservaDetalle`
--

LOCK TABLES `reservaDetalle` WRITE;
/*!40000 ALTER TABLE `reservaDetalle` DISABLE KEYS */;
/*!40000 ALTER TABLE `reservaDetalle` ENABLE KEYS */;
UNLOCK TABLES;

--
-- Table structure for table `reservaXpedagogia`
--

DROP TABLE IF EXISTS `reservaXpedagogia`;
/*!40101 SET @saved_cs_client     = @@character_set_client */;
/*!40101 SET character_set_client = utf8 */;
CREATE TABLE `reservaXpedagogia` (
  `idProyectoPedagogico` int(30) NOT NULL,
  `idReserva` int(30) NOT NULL,
  `reservaXpedagogiaComentario` varchar(145) DEFAULT NULL,
  PRIMARY KEY (`idProyectoPedagogico`,`idReserva`),
  KEY `fk_reservaXpedagogia_2_idx` (`idReserva`),
  CONSTRAINT `fk_reservaXpedagogia_1` FOREIGN KEY (`idProyectoPedagogico`) REFERENCES `proyectoPedagogico` (`idproyectoPedagogico`) ON UPDATE CASCADE,
  CONSTRAINT `fk_reservaXpedagogia_2` FOREIGN KEY (`idReserva`) REFERENCES `reserva` (`idreserva`) ON UPDATE CASCADE
) ENGINE=InnoDB DEFAULT CHARSET=utf8;
/*!40101 SET character_set_client = @saved_cs_client */;

--
-- Dumping data for table `reservaXpedagogia`
--

LOCK TABLES `reservaXpedagogia` WRITE;
/*!40000 ALTER TABLE `reservaXpedagogia` DISABLE KEYS */;
/*!40000 ALTER TABLE `reservaXpedagogia` ENABLE KEYS */;
UNLOCK TABLES;

--
-- Table structure for table `solicitudReserva`
--

DROP TABLE IF EXISTS `solicitudReserva`;
/*!40101 SET @saved_cs_client     = @@character_set_client */;
/*!40101 SET character_set_client = utf8 */;
CREATE TABLE `solicitudReserva` (
  `idRecurso` int(30) NOT NULL,
  `idReserva` int(30) NOT NULL,
  `solicitudReservaComentario` varchar(145) DEFAULT NULL,
  PRIMARY KEY (`idRecurso`,`idReserva`),
  KEY `fk_solicitudReserva_2_idx` (`idRecurso`),
  KEY `fk_solicitudReserva_1_idx` (`idReserva`),
  CONSTRAINT `fk_solicitudReserva_1` FOREIGN KEY (`idReserva`) REFERENCES `reserva` (`idreserva`) ON UPDATE CASCADE,
  CONSTRAINT `fk_solicitudReserva_2` FOREIGN KEY (`idRecurso`) REFERENCES `recurso` (`idrecurso`) ON UPDATE CASCADE
) ENGINE=InnoDB DEFAULT CHARSET=utf8;
/*!40101 SET character_set_client = @saved_cs_client */;

--
-- Dumping data for table `solicitudReserva`
--

LOCK TABLES `solicitudReserva` WRITE;
/*!40000 ALTER TABLE `solicitudReserva` DISABLE KEYS */;
REPLACE INTO `solicitudReserva` VALUES (2,1,'1'),(1890,2,'1'),(7663,2,'1');
/*!40000 ALTER TABLE `solicitudReserva` ENABLE KEYS */;
UNLOCK TABLES;

--
-- Table structure for table `tema`
--

DROP TABLE IF EXISTS `tema`;
/*!40101 SET @saved_cs_client     = @@character_set_client */;
/*!40101 SET character_set_client = utf8 */;
CREATE TABLE `tema` (
  `idPersona` int(30) NOT NULL,
  `temaNombre` varchar(140) NOT NULL,
  `temaComentario` varchar(145) DEFAULT NULL,
  PRIMARY KEY (`idPersona`),
  CONSTRAINT `fk_tema_1` FOREIGN KEY (`idPersona`) REFERENCES `persona` (`idpersona`) ON DELETE CASCADE ON UPDATE CASCADE
) ENGINE=InnoDB DEFAULT CHARSET=utf8;
/*!40101 SET character_set_client = @saved_cs_client */;

--
-- Dumping data for table `tema`
--

LOCK TABLES `tema` WRITE;
/*!40000 ALTER TABLE `tema` DISABLE KEYS */;
REPLACE INTO `tema` VALUES (16018,'humanity',''),(1045367073,'dot-luv',''),(1045367074,'luna-pink',''),(1045367083,'pepper-grinder',''),(1045367084,'eggplant',''),(1045367087,'cupertino','');
/*!40000 ALTER TABLE `tema` ENABLE KEYS */;
UNLOCK TABLES;

--
-- Table structure for table `tipoCargo`
--

DROP TABLE IF EXISTS `tipoCargo`;
/*!40101 SET @saved_cs_client     = @@character_set_client */;
/*!40101 SET character_set_client = utf8 */;
CREATE TABLE `tipoCargo` (
  `idtipoCargo` int(30) NOT NULL AUTO_INCREMENT,
  `nombre` varchar(100) NOT NULL,
  `tipoCargoComentario` varchar(145) DEFAULT NULL,
  PRIMARY KEY (`idtipoCargo`),
  UNIQUE KEY `idtipoCargo_UNIQUE` (`idtipoCargo`)
) ENGINE=InnoDB AUTO_INCREMENT=4 DEFAULT CHARSET=utf8;
/*!40101 SET character_set_client = @saved_cs_client */;

--
-- Dumping data for table `tipoCargo`
--

LOCK TABLES `tipoCargo` WRITE;
/*!40000 ALTER TABLE `tipoCargo` DISABLE KEYS */;
REPLACE INTO `tipoCargo` VALUES (1,'Fondos Propios',NULL),(2,'Actividades de la institución',NULL),(3,'Donación',NULL);
/*!40000 ALTER TABLE `tipoCargo` ENABLE KEYS */;
UNLOCK TABLES;

--
-- Table structure for table `tipoEspecialidades`
--

DROP TABLE IF EXISTS `tipoEspecialidades`;
/*!40101 SET @saved_cs_client     = @@character_set_client */;
/*!40101 SET character_set_client = utf8 */;
CREATE TABLE `tipoEspecialidades` (
  `idtipoEspecialidades` int(30) NOT NULL AUTO_INCREMENT,
  `tipoEspecialidadesNombre` varchar(70) NOT NULL,
  `tipoEspecialidadesComentario` varchar(145) DEFAULT '',
  PRIMARY KEY (`idtipoEspecialidades`)
) ENGINE=InnoDB AUTO_INCREMENT=10 DEFAULT CHARSET=utf8;
/*!40101 SET character_set_client = @saved_cs_client */;

--
-- Dumping data for table `tipoEspecialidades`
--

LOCK TABLES `tipoEspecialidades` WRITE;
/*!40000 ALTER TABLE `tipoEspecialidades` DISABLE KEYS */;
REPLACE INTO `tipoEspecialidades` VALUES (1,'Matemáticas',''),(2,'Ciencias Naturales',''),(3,'Educación Física',''),(4,'Ciencias de la Educación',''),(5,'Lenguaje',''),(6,'Ciencias Sociales',''),(7,'Administración y Ciencias Comerciales',''),(8,'Inglés',''),(9,'Informática','');
/*!40000 ALTER TABLE `tipoEspecialidades` ENABLE KEYS */;
UNLOCK TABLES;

--
-- Table structure for table `tipoMateria`
--

DROP TABLE IF EXISTS `tipoMateria`;
/*!40101 SET @saved_cs_client     = @@character_set_client */;
/*!40101 SET character_set_client = utf8 */;
CREATE TABLE `tipoMateria` (
  `idtipoMateria` int(30) NOT NULL AUTO_INCREMENT,
  `tipoMateriaNombre` varchar(50) NOT NULL COMMENT 'Listado de los tipos de materias que se imparten en la institución.',
  `tipoMateriaComentario` varchar(145) DEFAULT NULL,
  PRIMARY KEY (`idtipoMateria`)
) ENGINE=InnoDB AUTO_INCREMENT=5 DEFAULT CHARSET=utf8;
/*!40101 SET character_set_client = @saved_cs_client */;

--
-- Dumping data for table `tipoMateria`
--

LOCK TABLES `tipoMateria` WRITE;
/*!40000 ALTER TABLE `tipoMateria` DISABLE KEYS */;
REPLACE INTO `tipoMateria` VALUES (1,'Área Básica',NULL),(2,'Área Aplicada',NULL),(3,'Área Técnica',NULL),(4,'Modalidad y Opciones',NULL);
/*!40000 ALTER TABLE `tipoMateria` ENABLE KEYS */;
UNLOCK TABLES;

--
-- Table structure for table `tipoNombramiento`
--

DROP TABLE IF EXISTS `tipoNombramiento`;
/*!40101 SET @saved_cs_client     = @@character_set_client */;
/*!40101 SET character_set_client = utf8 */;
CREATE TABLE `tipoNombramiento` (
  `idtipoNombramiento` int(30) NOT NULL AUTO_INCREMENT,
  `tipoNombramientoNombre` varchar(60) NOT NULL COMMENT 'Listado de las formas en las que se uede nombrar el cargo de un docente dentro de la institución.',
  `tipoNombramientoCoemntario` varchar(145) DEFAULT NULL,
  PRIMARY KEY (`idtipoNombramiento`)
) ENGINE=InnoDB AUTO_INCREMENT=4 DEFAULT CHARSET=utf8;
/*!40101 SET character_set_client = @saved_cs_client */;

--
-- Dumping data for table `tipoNombramiento`
--

LOCK TABLES `tipoNombramiento` WRITE;
/*!40000 ALTER TABLE `tipoNombramiento` DISABLE KEYS */;
REPLACE INTO `tipoNombramiento` VALUES (1,'Propietario',NULL),(2,'Interino',NULL),(3,'Suplente',NULL);
/*!40000 ALTER TABLE `tipoNombramiento` ENABLE KEYS */;
UNLOCK TABLES;

--
-- Table structure for table `tipoPermiso`
--

DROP TABLE IF EXISTS `tipoPermiso`;
/*!40101 SET @saved_cs_client     = @@character_set_client */;
/*!40101 SET character_set_client = utf8 */;
CREATE TABLE `tipoPermiso` (
  `idtipoPermiso` int(30) NOT NULL AUTO_INCREMENT,
  `tipoPermisoNombre` varchar(45) NOT NULL,
  `tipoPermisoDiasMes` int(2) NOT NULL,
  `tipoPermisoComentarios` varchar(250) DEFAULT NULL,
  PRIMARY KEY (`idtipoPermiso`)
) ENGINE=InnoDB AUTO_INCREMENT=8 DEFAULT CHARSET=utf8;
/*!40101 SET character_set_client = @saved_cs_client */;

--
-- Dumping data for table `tipoPermiso`
--

LOCK TABLES `tipoPermiso` WRITE;
/*!40000 ALTER TABLE `tipoPermiso` DISABLE KEYS */;
REPLACE INTO `tipoPermiso` VALUES (1,'Enfermedad',8,NULL),(2,'Materindad',0,NULL),(3,'Paternidad',0,NULL),(4,'Faltar a clases',0,NULL),(5,'Salir temporalmente de la institución',0,NULL),(6,'Retirarse de la institución',0,NULL),(7,'No portar uniforme',5,NULL);
/*!40000 ALTER TABLE `tipoPermiso` ENABLE KEYS */;
UNLOCK TABLES;

--
-- Table structure for table `tipoPersona`
--

DROP TABLE IF EXISTS `tipoPersona`;
/*!40101 SET @saved_cs_client     = @@character_set_client */;
/*!40101 SET character_set_client = utf8 */;
CREATE TABLE `tipoPersona` (
  `idtipoPersona` int(30) NOT NULL AUTO_INCREMENT,
  `tipoPersonaNombre` varchar(45) NOT NULL,
  `tipoPersonaComentario` varchar(145) DEFAULT NULL,
  PRIMARY KEY (`idtipoPersona`)
) ENGINE=InnoDB AUTO_INCREMENT=16 DEFAULT CHARSET=utf8;
/*!40101 SET character_set_client = @saved_cs_client */;

--
-- Dumping data for table `tipoPersona`
--

LOCK TABLES `tipoPersona` WRITE;
/*!40000 ALTER TABLE `tipoPersona` DISABLE KEYS */;
REPLACE INTO `tipoPersona` VALUES (1,'Administrador','fa fa-diamond'),(2,'Director','pi pi-circle-on'),(3,'Subdirector','pi pi-circle-off'),(4,'Maestro','fa fa-street-view'),(5,'Bibliotecario','fa fa-forumbee'),(6,'Administrador CRA','fa fa-transgender-alt'),(7,'Laboratorista','fa fa-android'),(8,'Estudiante','fa fa-child'),(9,'Representante','fa fa-user-secret'),(10,'Madre de familia',''),(11,'Padre de familia',''),(12,'Colector','fa fa-cc-mastercard'),(13,'Secretaria','fa fa-database'),(14,'Psicologo',''),(15,'Ordenanza','');
/*!40000 ALTER TABLE `tipoPersona` ENABLE KEYS */;
UNLOCK TABLES;

--
-- Table structure for table `tipoProyecto`
--

DROP TABLE IF EXISTS `tipoProyecto`;
/*!40101 SET @saved_cs_client     = @@character_set_client */;
/*!40101 SET character_set_client = utf8 */;
CREATE TABLE `tipoProyecto` (
  `idtipoProyecto` int(30) NOT NULL AUTO_INCREMENT,
  `tipoProyectoNombre` varchar(45) NOT NULL,
  `tipoProyectoComentario` varchar(140) DEFAULT NULL,
  PRIMARY KEY (`idtipoProyecto`)
) ENGINE=InnoDB AUTO_INCREMENT=4 DEFAULT CHARSET=utf8;
/*!40101 SET character_set_client = @saved_cs_client */;

--
-- Dumping data for table `tipoProyecto`
--

LOCK TABLES `tipoProyecto` WRITE;
/*!40000 ALTER TABLE `tipoProyecto` DISABLE KEYS */;
REPLACE INTO `tipoProyecto` VALUES (1,'Proyecto Planificado',''),(2,'Exposición De Alumnos',''),(3,'Clase De Docente Con Tecnología','');
/*!40000 ALTER TABLE `tipoProyecto` ENABLE KEYS */;
UNLOCK TABLES;

--
-- Table structure for table `tipoRecurso`
--

DROP TABLE IF EXISTS `tipoRecurso`;
/*!40101 SET @saved_cs_client     = @@character_set_client */;
/*!40101 SET character_set_client = utf8 */;
CREATE TABLE `tipoRecurso` (
  `idtipoRecurso` int(30) NOT NULL AUTO_INCREMENT,
  `tipoRecursoNombre` varchar(50) NOT NULL,
  `tipoRecursoComentario` varchar(140) DEFAULT NULL,
  PRIMARY KEY (`idtipoRecurso`)
) ENGINE=InnoDB AUTO_INCREMENT=4 DEFAULT CHARSET=utf8;
/*!40101 SET character_set_client = @saved_cs_client */;

--
-- Dumping data for table `tipoRecurso`
--

LOCK TABLES `tipoRecurso` WRITE;
/*!40000 ALTER TABLE `tipoRecurso` DISABLE KEYS */;
REPLACE INTO `tipoRecurso` VALUES (1,'Tecnológico CRA',NULL),(2,'Laboratorio de Ciencias Naturales',NULL),(3,'Bibliográfico',NULL);
/*!40000 ALTER TABLE `tipoRecurso` ENABLE KEYS */;
UNLOCK TABLES;

--
-- Table structure for table `tipoReserva`
--

DROP TABLE IF EXISTS `tipoReserva`;
/*!40101 SET @saved_cs_client     = @@character_set_client */;
/*!40101 SET character_set_client = utf8 */;
CREATE TABLE `tipoReserva` (
  `idtipoReserva` int(30) NOT NULL AUTO_INCREMENT,
  `tipoReservaNombre` varchar(30) NOT NULL,
  `tipoReservaComentario` varchar(100) DEFAULT NULL,
  PRIMARY KEY (`idtipoReserva`)
) ENGINE=InnoDB AUTO_INCREMENT=5 DEFAULT CHARSET=utf8;
/*!40101 SET character_set_client = @saved_cs_client */;

--
-- Dumping data for table `tipoReserva`
--

LOCK TABLES `tipoReserva` WRITE;
/*!40000 ALTER TABLE `tipoReserva` DISABLE KEYS */;
REPLACE INTO `tipoReserva` VALUES (1,'Uso en sala',NULL),(2,'Uso dentro de la institución',NULL),(3,'Uso en aula',NULL),(4,'Uso fuera de la institución',NULL);
/*!40000 ALTER TABLE `tipoReserva` ENABLE KEYS */;
UNLOCK TABLES;

--
-- Table structure for table `tipoReservaRecurso`
--

DROP TABLE IF EXISTS `tipoReservaRecurso`;
/*!40101 SET @saved_cs_client     = @@character_set_client */;
/*!40101 SET character_set_client = utf8 */;
CREATE TABLE `tipoReservaRecurso` (
  `tipoReserva` int(30) NOT NULL,
  `tipoRecurso` int(30) NOT NULL,
  `tipoReservaRecursoComentario` varchar(145) DEFAULT NULL,
  PRIMARY KEY (`tipoReserva`,`tipoRecurso`),
  KEY `fk_tipoReservaRecurso_2_idx` (`tipoRecurso`),
  CONSTRAINT `fk_tipoReservaRecurso_1` FOREIGN KEY (`tipoReserva`) REFERENCES `tipoReserva` (`idtipoReserva`) ON UPDATE CASCADE,
  CONSTRAINT `fk_tipoReservaRecurso_2` FOREIGN KEY (`tipoRecurso`) REFERENCES `recurso` (`idrecurso`) ON UPDATE CASCADE
) ENGINE=InnoDB DEFAULT CHARSET=utf8;
/*!40101 SET character_set_client = @saved_cs_client */;

--
-- Dumping data for table `tipoReservaRecurso`
--

LOCK TABLES `tipoReservaRecurso` WRITE;
/*!40000 ALTER TABLE `tipoReservaRecurso` DISABLE KEYS */;
REPLACE INTO `tipoReservaRecurso` VALUES (1,1,''),(1,2,''),(1,6,''),(1,98,''),(1,1140,''),(1,1890,''),(1,7663,''),(2,98,''),(2,1140,''),(2,1890,''),(3,2,''),(3,98,''),(3,1140,''),(3,1890,''),(4,98,''),(4,1140,''),(4,1890,'');
/*!40000 ALTER TABLE `tipoReservaRecurso` ENABLE KEYS */;
UNLOCK TABLES;

--
-- Table structure for table `tipoSueldos`
--

DROP TABLE IF EXISTS `tipoSueldos`;
/*!40101 SET @saved_cs_client     = @@character_set_client */;
/*!40101 SET character_set_client = utf8 */;
CREATE TABLE `tipoSueldos` (
  `idtipoSueldo` int(30) NOT NULL AUTO_INCREMENT,
  `tipoSueldoNombre` varchar(50) NOT NULL,
  `tipoSueldosComentario` varchar(145) DEFAULT NULL,
  PRIMARY KEY (`idtipoSueldo`)
) ENGINE=InnoDB AUTO_INCREMENT=4 DEFAULT CHARSET=utf8;
/*!40101 SET character_set_client = @saved_cs_client */;

--
-- Dumping data for table `tipoSueldos`
--

LOCK TABLES `tipoSueldos` WRITE;
/*!40000 ALTER TABLE `tipoSueldos` DISABLE KEYS */;
REPLACE INTO `tipoSueldos` VALUES (1,'Sueldo Base',''),(2,'Horas Clase',''),(3,'Ad Honorem','');
/*!40000 ALTER TABLE `tipoSueldos` ENABLE KEYS */;
UNLOCK TABLES;

--
-- Table structure for table `tipopersonaPermiso`
--

DROP TABLE IF EXISTS `tipopersonaPermiso`;
/*!40101 SET @saved_cs_client     = @@character_set_client */;
/*!40101 SET character_set_client = utf8 */;
CREATE TABLE `tipopersonaPermiso` (
  `idtipopersona` int(30) NOT NULL,
  `idtipoPermiso` int(30) NOT NULL,
  `tipopersonaPermisoComentario` varchar(45) DEFAULT NULL,
  PRIMARY KEY (`idtipopersona`,`idtipoPermiso`),
  KEY `fk_tipopersonaPermiso_2_idx` (`idtipoPermiso`),
  CONSTRAINT `fk_tipopersonaPermiso_1` FOREIGN KEY (`idtipopersona`) REFERENCES `tipoPersona` (`idtipoPersona`) ON DELETE CASCADE ON UPDATE CASCADE,
  CONSTRAINT `fk_tipopersonaPermiso_2` FOREIGN KEY (`idtipoPermiso`) REFERENCES `tipoPermiso` (`idtipoPermiso`) ON DELETE CASCADE ON UPDATE CASCADE
) ENGINE=InnoDB DEFAULT CHARSET=utf8;
/*!40101 SET character_set_client = @saved_cs_client */;

--
-- Dumping data for table `tipopersonaPermiso`
--

LOCK TABLES `tipopersonaPermiso` WRITE;
/*!40000 ALTER TABLE `tipopersonaPermiso` DISABLE KEYS */;
REPLACE INTO `tipopersonaPermiso` VALUES (1,1,''),(1,2,''),(1,3,''),(2,1,''),(2,2,''),(2,3,''),(3,1,''),(3,2,''),(3,3,''),(4,1,''),(4,2,''),(4,3,''),(5,1,''),(5,2,''),(5,3,''),(6,1,''),(6,2,''),(6,3,''),(7,1,''),(7,2,''),(7,3,''),(8,4,''),(8,5,''),(8,6,''),(8,7,''),(9,4,''),(9,5,''),(9,6,''),(9,7,''),(12,1,''),(12,2,''),(12,3,''),(13,1,''),(13,2,''),(13,3,''),(14,1,''),(14,2,''),(14,3,''),(15,1,''),(15,2,''),(15,3,'');
/*!40000 ALTER TABLE `tipopersonaPermiso` ENABLE KEYS */;
UNLOCK TABLES;

--
-- Table structure for table `zona`
--

DROP TABLE IF EXISTS `zona`;
/*!40101 SET @saved_cs_client     = @@character_set_client */;
/*!40101 SET character_set_client = utf8 */;
CREATE TABLE `zona` (
  `idzona` int(30) NOT NULL AUTO_INCREMENT COMMENT 'La Identificación de la zona geográfica (1°, 2° y 3°) en la que está dividido el instituto.',
  `zonaNombre` varchar(45) NOT NULL,
  `zonaCoementario` varchar(145) DEFAULT NULL,
  PRIMARY KEY (`idzona`)
) ENGINE=InnoDB AUTO_INCREMENT=5 DEFAULT CHARSET=utf8;
/*!40101 SET character_set_client = @saved_cs_client */;

--
-- Dumping data for table `zona`
--

LOCK TABLES `zona` WRITE;
/*!40000 ALTER TABLE `zona` DISABLE KEYS */;
REPLACE INTO `zona` VALUES (1,'Zona 1',NULL),(2,'Zona 2',NULL),(3,'Zona 3',NULL),(4,'zona 4',NULL);
/*!40000 ALTER TABLE `zona` ENABLE KEYS */;
UNLOCK TABLES;

--
-- Dumping events for database 'intex'
--

--
-- Dumping routines for database 'intex'
--
/*!40103 SET TIME_ZONE=@OLD_TIME_ZONE */;

/*!40101 SET SQL_MODE=@OLD_SQL_MODE */;
/*!40014 SET FOREIGN_KEY_CHECKS=@OLD_FOREIGN_KEY_CHECKS */;
/*!40014 SET UNIQUE_CHECKS=@OLD_UNIQUE_CHECKS */;
/*!40101 SET CHARACTER_SET_CLIENT=@OLD_CHARACTER_SET_CLIENT */;
/*!40101 SET CHARACTER_SET_RESULTS=@OLD_CHARACTER_SET_RESULTS */;
/*!40101 SET COLLATION_CONNECTION=@OLD_COLLATION_CONNECTION */;
/*!40111 SET SQL_NOTES=@OLD_SQL_NOTES */;

-- Dump completed on 2020-01-27 16:54:00
