CREATE DATABASE  IF NOT EXISTS `intex` /*!40100 DEFAULT CHARACTER SET utf8 */;
USE `intex`;
-- MySQL dump 10.16  Distrib 10.1.41-MariaDB, for debian-linux-gnu (x86_64)
--
-- Host: 127.0.0.1    Database: intex
-- ------------------------------------------------------
-- Server version	10.1.41-MariaDB-0+deb9u1

/*!40101 SET @OLD_CHARACTER_SET_CLIENT=@@CHARACTER_SET_CLIENT */;
/*!40101 SET @OLD_CHARACTER_SET_RESULTS=@@CHARACTER_SET_RESULTS */;
/*!40101 SET @OLD_COLLATION_CONNECTION=@@COLLATION_CONNECTION */;
/*!40101 SET NAMES utf8 */;
/*!40103 SET @OLD_TIME_ZONE=@@TIME_ZONE */;
/*!40103 SET TIME_ZONE='+00:00' */;
/*!40014 SET @OLD_UNIQUE_CHECKS=@@UNIQUE_CHECKS, UNIQUE_CHECKS=0 */;
/*!40014 SET @OLD_FOREIGN_KEY_CHECKS=@@FOREIGN_KEY_CHECKS, FOREIGN_KEY_CHECKS=0 */;
/*!40101 SET @OLD_SQL_MODE=@@SQL_MODE, SQL_MODE='NO_AUTO_VALUE_ON_ZERO' */;
/*!40111 SET @OLD_SQL_NOTES=@@SQL_NOTES, SQL_NOTES=0 */;

--
-- Table structure for table `acceso`
--

DROP TABLE IF EXISTS `acceso`;
/*!40101 SET @saved_cs_client     = @@character_set_client */;
/*!40101 SET character_set_client = utf8 */;
CREATE TABLE `acceso` (
  `idacceso` int(11) NOT NULL AUTO_INCREMENT,
  `accesoNombre` varchar(30) NOT NULL,
  `accesoIndice` int(11) DEFAULT '0',
  `accesourl` varchar(100) NOT NULL,
  `accesoComentario` varchar(140) DEFAULT NULL,
  PRIMARY KEY (`idacceso`),
  UNIQUE KEY `accesoNombre_UNIQUE` (`accesoNombre`),
  UNIQUE KEY `idacceso_UNIQUE` (`idacceso`),
  KEY `fk_acceso_1_idx` (`accesoIndice`),
  CONSTRAINT `fk_acceso_1` FOREIGN KEY (`accesoIndice`) REFERENCES `acceso` (`idacceso`) ON UPDATE CASCADE
) ENGINE=InnoDB AUTO_INCREMENT=33 DEFAULT CHARSET=utf8;
/*!40101 SET character_set_client = @saved_cs_client */;

--
-- Dumping data for table `acceso`
--

LOCK TABLES `acceso` WRITE;
/*!40000 ALTER TABLE `acceso` DISABLE KEYS */;
INSERT INTO `acceso` VALUES (9,'Configuración',NULL,'#','pi pi-key'),(10,'Administración',9,'tipopp.intex','pi pi-folder-open'),(11,'Permisos y Licencias',9,'lictp.intex','pi pi-th-large'),(12,'Académica',9,'academico.intex','fa fa-leaf'),(13,'Perfil',NULL,'#','pi pi-user'),(14,'Permisos',NULL,'#','pi pi-eye'),(15,'Solicitar Permiso',14,'permisoE.intex','pi pi-briefcase'),(16,'Personal',NULL,'#','pi pi-users'),(17,'Agregar Maestro',27,'agregacion.intex','pi pi-user-plus'),(18,'Agregar Administrador',16,'agAdm.intex','pi pi-plus'),(19,'Plantel Institucional',16,'plantel.intex','pi pi-table'),(20,'Inventario',23,'inventario.intex','fa fa-thumb-tack'),(21,'Libros',23,'libros.intex','fa fa-tint'),(22,'Nuevo Ingreso',16,'inscripcion.intex','pi pi-user'),(23,'Recursos',9,'#','fa fa-tint'),(24,'Nomina de Alumnos',16,'nominaA.intex','pi pi-user'),(25,'Administración de Recursos',23,'recurso.intex','pi pi-list'),(26,'Lista de Representantes',16,'listaRepresentantes.intex','pi pi-list'),(27,'Maestros',16,'#','pi pi-list'),(28,'Asignación de materias',27,'horario.intex','pi pi-plus'),(29,'Administración de permisos',14,'permiso.intex',''),(30,'Solicitud de permisos',14,'permisoM.intex',''),(31,'Administrador de anuncios',9,'anuncios.intex','pi pi-list'),(32,'MAtricula',NULL,'matricula.intex','');
/*!40000 ALTER TABLE `acceso` ENABLE KEYS */;
UNLOCK TABLES;

--
-- Table structure for table `accesoTipoPersona`
--

DROP TABLE IF EXISTS `accesoTipoPersona`;
/*!40101 SET @saved_cs_client     = @@character_set_client */;
/*!40101 SET character_set_client = utf8 */;
CREATE TABLE `accesoTipoPersona` (
  `idacceso` int(11) NOT NULL,
  `idTipoPersona` int(11) NOT NULL,
  `accesoTipoPersonaComentario` varchar(140) DEFAULT NULL,
  PRIMARY KEY (`idacceso`,`idTipoPersona`),
  KEY `fk_accesoTipoPersona_2_idx` (`idTipoPersona`),
  CONSTRAINT `fk_accesoTipoPersona_1` FOREIGN KEY (`idacceso`) REFERENCES `acceso` (`idacceso`) ON DELETE NO ACTION ON UPDATE CASCADE,
  CONSTRAINT `fk_accesoTipoPersona_2` FOREIGN KEY (`idTipoPersona`) REFERENCES `tipoPersona` (`idtipoPersona`) ON UPDATE CASCADE
) ENGINE=InnoDB DEFAULT CHARSET=utf8;
/*!40101 SET character_set_client = @saved_cs_client */;

--
-- Dumping data for table `accesoTipoPersona`
--

LOCK TABLES `accesoTipoPersona` WRITE;
/*!40000 ALTER TABLE `accesoTipoPersona` DISABLE KEYS */;
INSERT INTO `accesoTipoPersona` VALUES (9,1,''),(9,2,''),(9,6,''),(10,1,''),(10,2,''),(11,1,''),(12,1,''),(12,2,''),(13,8,''),(14,1,''),(14,8,''),(15,8,''),(16,1,''),(17,1,''),(18,1,''),(19,1,''),(20,1,''),(21,1,''),(22,1,''),(23,1,''),(23,6,''),(24,1,''),(25,1,''),(25,6,''),(26,1,''),(27,1,''),(28,1,''),(29,1,''),(30,1,''),(31,1,''),(32,1,'');
/*!40000 ALTER TABLE `accesoTipoPersona` ENABLE KEYS */;
UNLOCK TABLES;

--
-- Table structure for table `anuncio`
--

DROP TABLE IF EXISTS `anuncio`;
/*!40101 SET @saved_cs_client     = @@character_set_client */;
/*!40101 SET character_set_client = utf8 */;
CREATE TABLE `anuncio` (
  `idanuncio` int(11) NOT NULL AUTO_INCREMENT,
  `anuncioTitulo` varchar(45) NOT NULL,
  `anuncioFechaFin` datetime NOT NULL,
  `anuncioTexto` text NOT NULL,
  `anuncioAnunciante` int(11) NOT NULL,
  `anuncioTipoPersona` int(11) DEFAULT '0',
  `anuncioComentario` varchar(140) DEFAULT NULL,
  PRIMARY KEY (`idanuncio`,`anuncioFechaFin`),
  KEY `fk_anuncio_1_idx` (`anuncioAnunciante`),
  KEY `fk_anuncio_2_idx` (`anuncioTipoPersona`),
  CONSTRAINT `fk_anuncio_1` FOREIGN KEY (`anuncioAnunciante`) REFERENCES `persona` (`idpersona`) ON UPDATE CASCADE,
  CONSTRAINT `fk_anuncio_2` FOREIGN KEY (`anuncioTipoPersona`) REFERENCES `tipoPersona` (`idtipoPersona`) ON UPDATE CASCADE
) ENGINE=InnoDB AUTO_INCREMENT=5 DEFAULT CHARSET=utf8;
/*!40101 SET character_set_client = @saved_cs_client */;

--
-- Dumping data for table `anuncio`
--

LOCK TABLES `anuncio` WRITE;
/*!40000 ALTER TABLE `anuncio` DISABLE KEYS */;
INSERT INTO `anuncio` VALUES (2,'Home','2019-10-10 00:00:00','Raw denim you probably haven\'t heard of them jean shorts Austin. Nesciunt tofu stumptown aliqua, retro synth master cleanse. Mustache cliche tempor, williamsburg carles vegan helvetica. Reprehenderit butcher retro keffiyeh dreamcatcher synth. Cosby sweater eu banh mi, qui irure terry richardson ex squid. Aliquip placeat salvia cillum iphone. Seitan aliquip quis cardigan american apparel, butcher voluptate nisi qui.',1045367073,NULL,''),(3,'Profile','2019-09-29 00:00:00','Food truck fixie locavore, accusamus mcsweeney\'s marfa nulla single-origin coffee squid. Exercitation +1 labore velit, blog sartorial PBR leggings next level wes anderson artisan four loko farm-to-table craft beer twee. Qui photo booth letterpress, commodo enim craft beer mlkshk aliquip jean shorts ullamco ad vinyl cillum PBR. Homo nostrud organic, assumenda labore aesthetic magna delectus mollit.',1045367073,8,''),(4,'qwwqwq','2019-09-30 00:00:00','wqwq\r\nwq\r\nqw\r\nqw\r\nqw\r\n\r\nwq',1045367073,NULL,NULL);
/*!40000 ALTER TABLE `anuncio` ENABLE KEYS */;
UNLOCK TABLES;

--
-- Table structure for table `aula`
--

DROP TABLE IF EXISTS `aula`;
/*!40101 SET @saved_cs_client     = @@character_set_client */;
/*!40101 SET character_set_client = utf8 */;
CREATE TABLE `aula` (
  `idaula` int(11) NOT NULL AUTO_INCREMENT,
  `zonaAula` int(11) NOT NULL,
  `aulaComentario` varchar(145) DEFAULT NULL COMMENT 'Contiene la lista de las aulas del instituto',
  PRIMARY KEY (`idaula`),
  KEY `fk_aula_1_idx` (`zonaAula`),
  CONSTRAINT `fk_aula_1` FOREIGN KEY (`zonaAula`) REFERENCES `zona` (`idzona`) ON UPDATE CASCADE
) ENGINE=InnoDB AUTO_INCREMENT=8 DEFAULT CHARSET=utf8;
/*!40101 SET character_set_client = @saved_cs_client */;

--
-- Dumping data for table `aula`
--

LOCK TABLES `aula` WRITE;
/*!40000 ALTER TABLE `aula` DISABLE KEYS */;
INSERT INTO `aula` VALUES (1,2,''),(2,1,''),(3,1,''),(4,1,''),(5,1,''),(6,2,''),(7,2,'');
/*!40000 ALTER TABLE `aula` ENABLE KEYS */;
UNLOCK TABLES;

--
-- Table structure for table `autor`
--

DROP TABLE IF EXISTS `autor`;
/*!40101 SET @saved_cs_client     = @@character_set_client */;
/*!40101 SET character_set_client = utf8 */;
CREATE TABLE `autor` (
  `idautor` int(11) NOT NULL AUTO_INCREMENT,
  `autorNombre` varchar(30) NOT NULL,
  `autorComentario` varchar(140) DEFAULT NULL,
  PRIMARY KEY (`idautor`)
) ENGINE=InnoDB AUTO_INCREMENT=4 DEFAULT CHARSET=utf8;
/*!40101 SET character_set_client = @saved_cs_client */;

--
-- Dumping data for table `autor`
--

LOCK TABLES `autor` WRITE;
/*!40000 ALTER TABLE `autor` DISABLE KEYS */;
INSERT INTO `autor` VALUES (1,'Rusou 1',''),(2,'loosss','8'),(3,'Delsas','');
/*!40000 ALTER TABLE `autor` ENABLE KEYS */;
UNLOCK TABLES;

--
-- Table structure for table `autorLibro`
--

DROP TABLE IF EXISTS `autorLibro`;
/*!40101 SET @saved_cs_client     = @@character_set_client */;
/*!40101 SET character_set_client = utf8 */;
CREATE TABLE `autorLibro` (
  `idautor` int(11) NOT NULL,
  `idLibro` int(11) NOT NULL,
  `autorLibrocComentario` varchar(145) DEFAULT NULL,
  PRIMARY KEY (`idautor`,`idLibro`),
  KEY `fk_autorLibro_2_idx` (`idLibro`),
  CONSTRAINT `fk_autorLibro_1` FOREIGN KEY (`idautor`) REFERENCES `autor` (`idautor`) ON UPDATE CASCADE,
  CONSTRAINT `fk_autorLibro_2` FOREIGN KEY (`idLibro`) REFERENCES `recurso` (`idrecurso`) ON UPDATE CASCADE
) ENGINE=InnoDB DEFAULT CHARSET=utf8;
/*!40101 SET character_set_client = @saved_cs_client */;

--
-- Dumping data for table `autorLibro`
--

LOCK TABLES `autorLibro` WRITE;
/*!40000 ALTER TABLE `autorLibro` DISABLE KEYS */;
INSERT INTO `autorLibro` VALUES (1,22,''),(1,23,''),(1,555,''),(1,1258965,''),(1,14706554,''),(2,22,'');
/*!40000 ALTER TABLE `autorLibro` ENABLE KEYS */;
UNLOCK TABLES;

--
-- Table structure for table `capacitaciones`
--

DROP TABLE IF EXISTS `capacitaciones`;
/*!40101 SET @saved_cs_client     = @@character_set_client */;
/*!40101 SET character_set_client = utf8 */;
CREATE TABLE `capacitaciones` (
  `idMaestro` int(11) NOT NULL,
  `fechaCapacitaciones` date NOT NULL,
  `capacitacionCategoria` varchar(50) NOT NULL,
  `capacitacionArea` varchar(50) NOT NULL,
  `capacitacionNombre` varchar(50) NOT NULL,
  `capacitacionCertificado` bit(1) NOT NULL DEFAULT b'0',
  `capacitacionPatrocinador` varchar(80) NOT NULL,
  `capacitacionModalidad` enum('P','S','V') NOT NULL DEFAULT 'P',
  `capacitacionComentario` varchar(145) DEFAULT NULL COMMENT 'Histórico de las capacitaciones que cada maestro de la institución ha hecho.',
  PRIMARY KEY (`idMaestro`,`fechaCapacitaciones`),
  CONSTRAINT `fk_capacitaciones_1` FOREIGN KEY (`idMaestro`) REFERENCES `maestro` (`idmaestro`) ON UPDATE CASCADE
) ENGINE=InnoDB DEFAULT CHARSET=utf8;
/*!40101 SET character_set_client = @saved_cs_client */;

--
-- Dumping data for table `capacitaciones`
--

LOCK TABLES `capacitaciones` WRITE;
/*!40000 ALTER TABLE `capacitaciones` DISABLE KEYS */;
/*!40000 ALTER TABLE `capacitaciones` ENABLE KEYS */;
UNLOCK TABLES;

--
-- Table structure for table `cargo`
--

DROP TABLE IF EXISTS `cargo`;
/*!40101 SET @saved_cs_client     = @@character_set_client */;
/*!40101 SET character_set_client = utf8 */;
CREATE TABLE `cargo` (
  `idcargo` int(11) NOT NULL AUTO_INCREMENT,
  `cargoNombre` varchar(50) NOT NULL COMMENT 'Lista de los cargos que el personal docente puede desempeñar.',
  `cargoComentario` varchar(145) DEFAULT NULL,
  PRIMARY KEY (`idcargo`)
) ENGINE=InnoDB AUTO_INCREMENT=7 DEFAULT CHARSET=utf8;
/*!40101 SET character_set_client = @saved_cs_client */;

--
-- Dumping data for table `cargo`
--

LOCK TABLES `cargo` WRITE;
/*!40000 ALTER TABLE `cargo` DISABLE KEYS */;
INSERT INTO `cargo` VALUES (1,'Director',''),(2,'Profesor',''),(3,'Subdirector',''),(4,'Coordinador de área bibliográfica',''),(5,'Coordinador de área Informática',''),(6,'Psicólogo','');
/*!40000 ALTER TABLE `cargo` ENABLE KEYS */;
UNLOCK TABLES;

--
-- Table structure for table `categoria`
--

DROP TABLE IF EXISTS `categoria`;
/*!40101 SET @saved_cs_client     = @@character_set_client */;
/*!40101 SET character_set_client = utf8 */;
CREATE TABLE `categoria` (
  `idcategoria` int(11) NOT NULL,
  `categoriaNombre` varchar(50) NOT NULL,
  `categoriaComentario` varchar(45) DEFAULT NULL,
  PRIMARY KEY (`idcategoria`)
) ENGINE=InnoDB DEFAULT CHARSET=utf8;
/*!40101 SET character_set_client = @saved_cs_client */;

--
-- Dumping data for table `categoria`
--

LOCK TABLES `categoria` WRITE;
/*!40000 ALTER TABLE `categoria` DISABLE KEYS */;
INSERT INTO `categoria` VALUES (0,'Generalidades s',NULL),(100,'Filosofías y Disciplinas afines',NULL),(300,'Ciencias Sociales',''),(400,'Leguas',''),(500,'Ciencias Puras',''),(600,'Ciencias Aplicadas',''),(700,'Bellas Artes',''),(800,' Literatura',''),(900,'Geografia e Historia','');
/*!40000 ALTER TABLE `categoria` ENABLE KEYS */;
UNLOCK TABLES;

--
-- Table structure for table `citaPsicologia`
--

DROP TABLE IF EXISTS `citaPsicologia`;
/*!40101 SET @saved_cs_client     = @@character_set_client */;
/*!40101 SET character_set_client = utf8 */;
CREATE TABLE `citaPsicologia` (
  `estudiante` int(11) NOT NULL,
  `fechaSolicitada` datetime NOT NULL,
  `fechaSolicitud` datetime NOT NULL,
  `comentarios` varchar(140) DEFAULT NULL,
  PRIMARY KEY (`estudiante`,`fechaSolicitada`),
  KEY `fk_citaPsixologia_1_idx` (`estudiante`),
  CONSTRAINT `fk_citaPsixologia_1` FOREIGN KEY (`estudiante`) REFERENCES `estudiante` (`idestudiante`) ON DELETE CASCADE ON UPDATE CASCADE
) ENGINE=InnoDB DEFAULT CHARSET=utf8;
/*!40101 SET character_set_client = @saved_cs_client */;

--
-- Dumping data for table `citaPsicologia`
--

LOCK TABLES `citaPsicologia` WRITE;
/*!40000 ALTER TABLE `citaPsicologia` DISABLE KEYS */;
/*!40000 ALTER TABLE `citaPsicologia` ENABLE KEYS */;
UNLOCK TABLES;

--
-- Table structure for table `consulta`
--

DROP TABLE IF EXISTS `consulta`;
/*!40101 SET @saved_cs_client     = @@character_set_client */;
/*!40101 SET character_set_client = utf8 */;
CREATE TABLE `consulta` (
  `idestudiante` int(11) NOT NULL,
  `fechaHoraConsulta` datetime NOT NULL,
  `idPsicologo` int(11) NOT NULL,
  `consultaRemitidoPor` varchar(45) DEFAULT NULL,
  `consultaMotivo` varchar(80) NOT NULL,
  `consultaAntecedentePersonal` varchar(140) DEFAULT NULL,
  `consultaAntecedenteFamiliar` varchar(140) DEFAULT NULL,
  `consultaAntecedentesMorbidos` varchar(140) DEFAULT NULL,
  `consultaConductaObcerbada` varchar(140) DEFAULT NULL,
  `consultaProblema` varchar(250) DEFAULT NULL,
  `consultaDiagnostico` varchar(150) DEFAULT NULL,
  `consultaEvaluacionPsicologica` varchar(250) DEFAULT NULL,
  `consultaRemitir` varchar(100) DEFAULT NULL,
  `consultaExpediente` int(11) DEFAULT NULL,
  `consultaCoemntario` varchar(45) DEFAULT NULL,
  PRIMARY KEY (`idestudiante`,`fechaHoraConsulta`),
  KEY `fk_consulta_2_idx` (`consultaExpediente`),
  CONSTRAINT `fk_consulta_1` FOREIGN KEY (`idestudiante`, `fechaHoraConsulta`) REFERENCES `citaPsicologia` (`estudiante`, `fechaSolicitada`) ON UPDATE CASCADE,
  CONSTRAINT `fk_consulta_2` FOREIGN KEY (`consultaExpediente`) REFERENCES `expedientePS` (`idEstudiante`) ON UPDATE CASCADE
) ENGINE=InnoDB DEFAULT CHARSET=utf8;
/*!40101 SET character_set_client = @saved_cs_client */;

--
-- Dumping data for table `consulta`
--

LOCK TABLES `consulta` WRITE;
/*!40000 ALTER TABLE `consulta` DISABLE KEYS */;
/*!40000 ALTER TABLE `consulta` ENABLE KEYS */;
UNLOCK TABLES;

--
-- Table structure for table `contenidoLibro`
--

DROP TABLE IF EXISTS `contenidoLibro`;
/*!40101 SET @saved_cs_client     = @@character_set_client */;
/*!40101 SET character_set_client = utf8 */;
CREATE TABLE `contenidoLibro` (
  `idLibro` int(11) NOT NULL,
  `contenidoLibroNombre` varchar(145) NOT NULL,
  `contenidoLibroPagina` int(11) NOT NULL,
  `contenidoLibroIndice` int(11) NOT NULL,
  `contenidoLibroComentario` varchar(140) DEFAULT NULL,
  PRIMARY KEY (`idLibro`,`contenidoLibroNombre`,`contenidoLibroPagina`),
  CONSTRAINT `fk_contenidoLibro_1` FOREIGN KEY (`idLibro`) REFERENCES `recurso` (`idrecurso`) ON UPDATE CASCADE
) ENGINE=InnoDB DEFAULT CHARSET=utf8;
/*!40101 SET character_set_client = @saved_cs_client */;

--
-- Dumping data for table `contenidoLibro`
--

LOCK TABLES `contenidoLibro` WRITE;
/*!40000 ALTER TABLE `contenidoLibro` DISABLE KEYS */;
INSERT INTO `contenidoLibro` VALUES (22,'1',1,0,NULL),(22,'2',1,0,NULL),(22,'3',1,0,NULL),(23,'lop',1,0,NULL),(23,'lop',2,0,NULL),(555,'89',1,0,NULL),(14706554,'blavla',0,0,'');
/*!40000 ALTER TABLE `contenidoLibro` ENABLE KEYS */;
UNLOCK TABLES;

--
-- Table structure for table `contribuciones`
--

DROP TABLE IF EXISTS `contribuciones`;
/*!40101 SET @saved_cs_client     = @@character_set_client */;
/*!40101 SET character_set_client = utf8 */;
CREATE TABLE `contribuciones` (
  `fechaHora` datetime NOT NULL,
  `mes` int(2) NOT NULL,
  `año` int(4) NOT NULL,
  `idEstudiante` int(11) NOT NULL,
  `idColector` int(11) NOT NULL,
  `contribucionesComentario` varchar(140) DEFAULT NULL,
  PRIMARY KEY (`fechaHora`),
  KEY `fk_contribuciones_1` (`idEstudiante`),
  KEY `fk_contribuciones_2` (`idColector`),
  CONSTRAINT `fk_contribuciones_1` FOREIGN KEY (`idEstudiante`) REFERENCES `estudiante` (`idestudiante`) ON UPDATE CASCADE,
  CONSTRAINT `fk_contribuciones_2` FOREIGN KEY (`idColector`) REFERENCES `persona` (`idpersona`) ON UPDATE CASCADE
) ENGINE=InnoDB DEFAULT CHARSET=utf8;
/*!40101 SET character_set_client = @saved_cs_client */;

--
-- Dumping data for table `contribuciones`
--

LOCK TABLES `contribuciones` WRITE;
/*!40000 ALTER TABLE `contribuciones` DISABLE KEYS */;
/*!40000 ALTER TABLE `contribuciones` ENABLE KEYS */;
UNLOCK TABLES;

--
-- Table structure for table `delagacionCargo`
--

DROP TABLE IF EXISTS `delagacionCargo`;
/*!40101 SET @saved_cs_client     = @@character_set_client */;
/*!40101 SET character_set_client = utf8 */;
CREATE TABLE `delagacionCargo` (
  `iddelagacionCargo` int(11) NOT NULL,
  `idTipoPersona` int(11) NOT NULL,
  `idpersona` int(11) NOT NULL,
  `fechaInicio` date NOT NULL,
  `fechaFin` date NOT NULL,
  `delagacionCargoComentario` varchar(45) DEFAULT NULL,
  PRIMARY KEY (`iddelagacionCargo`),
  KEY `fk_delagacionCargo_1` (`idpersona`),
  KEY `fk_delagacionCargo_2` (`idTipoPersona`),
  CONSTRAINT `fk_delagacionCargo_1` FOREIGN KEY (`idpersona`) REFERENCES `persona` (`idpersona`) ON DELETE CASCADE ON UPDATE CASCADE,
  CONSTRAINT `fk_delagacionCargo_2` FOREIGN KEY (`idTipoPersona`) REFERENCES `tipoPersona` (`idtipoPersona`) ON UPDATE CASCADE
) ENGINE=InnoDB DEFAULT CHARSET=utf8;
/*!40101 SET character_set_client = @saved_cs_client */;

--
-- Dumping data for table `delagacionCargo`
--

LOCK TABLES `delagacionCargo` WRITE;
/*!40000 ALTER TABLE `delagacionCargo` DISABLE KEYS */;
/*!40000 ALTER TABLE `delagacionCargo` ENABLE KEYS */;
UNLOCK TABLES;

--
-- Table structure for table `diasEstudio`
--

DROP TABLE IF EXISTS `diasEstudio`;
/*!40101 SET @saved_cs_client     = @@character_set_client */;
/*!40101 SET character_set_client = utf8 */;
CREATE TABLE `diasEstudio` (
  `idDias` int(11) NOT NULL AUTO_INCREMENT,
  `diasEstudioNombre` varchar(45) NOT NULL,
  `diasEstudioComentario` varchar(140) DEFAULT NULL,
  PRIMARY KEY (`idDias`)
) ENGINE=InnoDB AUTO_INCREMENT=6 DEFAULT CHARSET=utf8;
/*!40101 SET character_set_client = @saved_cs_client */;

--
-- Dumping data for table `diasEstudio`
--

LOCK TABLES `diasEstudio` WRITE;
/*!40000 ALTER TABLE `diasEstudio` DISABLE KEYS */;
INSERT INTO `diasEstudio` VALUES (1,'Lunes',NULL),(2,'Martes',''),(3,'Miércoles',NULL),(4,'Jueves',NULL),(5,'Viernes',NULL);
/*!40000 ALTER TABLE `diasEstudio` ENABLE KEYS */;
UNLOCK TABLES;

--
-- Table structure for table `documentos`
--

DROP TABLE IF EXISTS `documentos`;
/*!40101 SET @saved_cs_client     = @@character_set_client */;
/*!40101 SET character_set_client = utf8 */;
CREATE TABLE `documentos` (
  `iddocumentos` int(11) NOT NULL,
  `estudianteDocPartida` longblob,
  `estudianteDocCertificado` longblob,
  `estudianteDocConducta` longblob,
  `estudianteDocDui` longblob,
  `estudianteDocNotas` longblob,
  `estudianteExtencionPartida` varchar(100) DEFAULT NULL,
  `estudianteExtencionCertificado` varchar(100) DEFAULT NULL,
  `estudianteExtencionConducta` varchar(100) DEFAULT NULL,
  `estudianteExtencionNotas` varchar(100) DEFAULT NULL,
  `estudianteExtencionDui` varchar(100) DEFAULT NULL,
  `documentosComentario` varchar(140) DEFAULT NULL,
  PRIMARY KEY (`iddocumentos`),
  CONSTRAINT `fk_documentos_1` FOREIGN KEY (`iddocumentos`) REFERENCES `estudiante` (`idestudiante`) ON UPDATE CASCADE
) ENGINE=InnoDB DEFAULT CHARSET=utf8;
/*!40101 SET character_set_client = @saved_cs_client */;

--
-- Dumping data for table `documentos`
--

LOCK TABLES `documentos` WRITE;
/*!40000 ALTER TABLE `documentos` DISABLE KEYS */;
INSERT INTO `documentos` VALUES (11022,'PNG\r\n\Z\n\0\0\0\rIHDR\0\0r\0\0\0\0\0!\0\0\0sBIT|d\0\0\0tEXtSoftware\0gnome-screenshot>\0\0 \0IDATxyXcX5R.$Q)R\n,T$*	dfb1ϙ3s񘇹|׹G=,gm^TMZv\0\0è\0\0j|@\0\0\0\0\0<` \0\0\0\0\0&\0\0\0\0\0	r\0\0\0\0\0\0l\0\0\0\0\0\0` \0\0\0\0\0&\0\0\0\0\0	r\0\"jkK\0\0x5@v\0ܱ5fK\0\0x5@v\0\0M?,q#N4å:w.ֵSV2mw WAｷpiy\0\0dj|bAzdjݢ筿u*\0\0ZEC-o^>yjW&*<\'B\0\095~tgvXP{rr`.\05mS;\'ӱQQ-L͵|KR}ZYSV~,@STiS}\0\0\0wq=]Cꮾ%I\r;1\0p1Nl_-Ij׺YrpJ_QR%JͮӸ\'ef*:\0\05wts^ھ*\03\0^ťU\0`#IZb>{JZ5wM\0\0r/?k|P\"zj`I1R\0&a \0WɄLשQ#LO\Zڵ\"TО/\0\00S~\"T:m}\Z)\0װdcAZ$˲1\0\06_5~3Y:|FKz&`\0F9\0`\05jTWO<:@\r[+$S]x\r\0\0X~:-mn$:{{3r\0@)V!IK.YGPP͟,SgUl}xwmM[@\0\0 3]>tY&~3r\0PeDi}r\r1A.eDiDKޜQu\0\0#?k|!6\0C8ay;kI\0\0x5\0\0ߔ]\0\0\0\0\0\009iM|g{7d~F$&&궻ӮuCJkŒwe\'NkO[4c:w.5LRzպE\r)(rf͝XL\0\0\0\0\0?#\'  @;N5S֮AT(ucw+Yykz쬊)00P*=wv7W<\0\0\0\0\0\09#\'3o.3/(%uN|,y;ۻSguE*RH8T5=yh~kY{+je>rL^=WjjU=<T}zݮ9s?v+~\0\0\0\0\03r6jJںzuVPE۔ N2˒\nrs%$$nDho;u!S$M˦;\0\0\0\0\0qFNnM3t\n*U?mu[vu[vUkjw?~ZI}ǞTl۾[\0\0\0\0\0|I:uZZ5SpHiuh{9߶v4cg&];?<\0\0\0\0\0[νtHF|XK?w/\'}訮YM֯7{$9\0\0\0\0\0\09be$]撤oVE溭\"Y9@\ZUbAjP\Z\Z9@j͆<\n\0\0\0\0\0[^6Rg8pX;v\\_ѣQ~ͅPv7F0͚6)ղ={Ԣ%_yRo\0\0\05\0\0ߔU@NN|{ս*}yjBE\r|d-lpE<oԼ+>\"&-{x;yRrbrbrbrbrbrbrbrbrbrb@NfI;ߝ{]Ͽgv%)&^}]ƻn\0\0\0\0\0	~q\0\0\0\0\0\0_@\0\0\0\0\0M0\0\0\0\0\0`\0\0\0\0\0\09\0\0\0\0\0\06@\0\0\0\0\0M~Xw*UBV\\`Eǜ7jֻ*>R$<tbbnkN<&8V,yG$áRtt\'!!AGk7iKu\\lʔ)[[4Qِ2:y\"mO޳u&>?M߬Zn[w\0\0\0\0\0|W3~puǭTU6MC/ms֩u5V:WbrxQeCJ~Z*zzTdqײ%띷WΪXUbysg~y/Q,&Iݕ\0\0\0\0\0\03reuH&\r%IM5ZbsrItIݻ}&˲$IwiRUHT۴iLGkCԦe3mWSh׫gUjan3cIR{+je>rL^=WjjU=<T}zZ73c?Pv7:+\0\0\0\0\0@ʧ3rΜ$uhB%KКȍ\Zyj7hnV뮭+IWjUUMq$mf\\>\\LUp82l8m޲M}}$]fe[4$9N]+#IjӲiMJ(y,\0\0\0\0\0\\laIfPS,oݒB\niU䏒ۺs5ӭ_VMU\\Q?br}MD{$IU+_>(j%I{RmnIRXdIƾYl\0\0\0\0\0%_NXM7R＿XWkQ5lP/u\"ڵj&>r,˥/Zϒ6KZhnݔ\nr-	)n˸\rF%ܓhx_2,\0\0\0\0\0NG\n\'Ҝߠ1\Z󒪮>$Zm)#VבԮMsI䉏kK4e(IRͳ|\rH<kNnH<mٽgV|󽂂CS=apqG?]fY(]wm]8u~N:WTz]+7\"ӭQ3\\U2>j%EDTӾ}RPģ$IZ]Of59@c/h\Z\Z52i5)t>JxzdvSjn\n2˻\'wc=п~_끜:Er8tڷnj?n˥ra^s~ٺCGF[M y{SCVR\rݟ?OpM/\\:Q5iִIݳO-ZUqgP߻ā٣\0#]@\'|9#g܏ڡ*/jzc{{/W|\\/>.\\)u?!z]zgޢT,R3ZF\"]Zv!>2NRMT6N7jwc&Iq4gz=nAk{wRG{,˿|o(Mx~&<BʖQ}ZY#?uV`@~ݾ[S_#GOH*ѡԠ5*\\8P۶֫+\Zo?RL975rX?/Uk6Wf(ҿySN\rޭVU\'OiμEv:Iߏ^gS¿4qTFskܤ״{>п|\rp	 j.cB5*G=<s^iڥjҲGqO~״\nphXŜ;ʕ*=yի{\n*~ݮ#\'J{TO/[whӽ^$&&*>\rr-B͛i-O$\'߭sFZǲ,\r1A[z?b/^T|%)]JtêTH~m?:cyoIJv_~D?AVxcWv}[*\'	]Nx,r$GM4cj}ko,ӽJ,cպcoItcۻմUO3LԠ5U*I\Z:b꩖ʹ\0%N@@-X{덙%I#{*IzldhKO\"á{~?-~N$Ui3wM׺fa\'Uv9Qscw٥;	삁xT\ZᒤşЅqZJIRtN{}=㺄F0͙֯^ΐ$.|Oִ\Z<JqE~o%I+UHf0IkSѺՋ4uXIR+k[U?hRLuM/V4ʃ?3#	 j8v\'|G|Wf#&s88\n3z<S3D\rrISЯTVԨAm=طxL,K&=˿鞗xI?!sn<2/F?D]nO`\ZȁGߒ:X I?i~JiL\"#ǹ+Ѿ˾#=$5i\\?xEAEn%IHho~5I7KM[TV=*{2̴\'pL/79ñl/E?/vp6GܯGyGe\'T=<Tg,˲tY+[F_.]Uڳ?65^\Z>k+z$^_4o<IMek^\\\\~g\\K<ô\'#Uތjȇyv.ֿ`P3rQ7lIcJHHЁG4fK/ny:uZ17Di;|t8?\r?g\'O˲DM|\r:oɧ=/Z~L}[K>W˯S3L_~bmZ6v>Ŵc}&g8vʹ\'5޸Ǐh8I*SnnDeC3\\Ys/Vt?MǣvϚ=cŦpųT|9:=(1JР*W6X1ͪ7CQr-y<o9	$=wޓzth?5w\nԶ:pp5mSa5rC_j59:rB\nicԥCk:sV3^O]{oWJt<`X\'߂l[?I>o915)[NrB?I\Z=}xɒ[SԫggUPNTf(Z1 ղ:uR{ʆVzR-?vVUX^*RZ}zݦߗ/	\0\026icjq*}EI/VT\ZcrOSU+JD⺹u\Z0޽mTDU*UıkM7CZEZ3T}\0Qf{ªV#4~պ&>=\\Cէ3T$*TH77^ͯONS>s\rzڴl߶r-oޤ$~#ua>>XUT\0\0ߺƬZ#&nO^FhJZ5wk^-%Io̜˾Q{n{jOn?ս[GV~>\n\0?miݢ$鿯vBEmm^yIRMܾPsccS?&mf\\>\\LUR=̙hIRv-Td	ܨ[=O}g$eEOrg$59-h譒)n晑\Z54gZz~8CT*W IZŷp1N,Y5%I?[˕ay)>c\0d~;{FNv\0ZI}ǞTm-I\nKZ]}xNjTu--UܵW4݅\Z#zoO=x_ܳW_|X]{\0\0)ovmfjԠSW]Y]O<B<=f\Zq^6mYV/k2\n\0\0mQf&e_tM\'_Vǟ%Ikm$jq+ԽFk{U\Z;j\r9\0\0K	Z=سo(IRӭWZ\nq~wU+$S]xQIѤ\"ѭ\rR;k?$HZgNI\0@Pf9=*߇ʚtmZak~k<i#SoSjOjצ$i]wkҜk܏ԵS[M9?7L{\"Zj$sc,H9͡rnߚ/\Z5aVgbԵlo`ed\nIz酧tuU\"ũֻw{(E󧹶;zjeYN:resԾK_Z\"kĐ5bp1_LS֣CףC<ҭLc;Ȋ?jg3rI4z\05jXWŊAk4jZ!m/]DKIO*Z\"\"I&?7J_/V-*00@\'On\0\n3cZX*TH窍wܚ&K}@/Xm=;yksl?tIOy:uZ17Di;Åw>\'xIR`Bht1%$$#\Z3%m~\0\05>kƞPv7F0͚6)ղ={Ԣ%_e푣\'jݢE6g̞Hk~}{jȀjӲ;C}z1;arCr_PbyIRӹjMfٯdPv1fϞNNkghgߤiVvé^K	0T[roW~ިW\'G?ƛ\Zwȹ{Qzu&*\\FQ\'Ok5Ŋ-ɒj9nSvy4gGRnBʗ?bvf1U[4ۻ}ޮ**x)};IRP\"ZB;	OӄQH2]Ǝڵk&MySǎGIB+kT\nЯwkst$B\nicԥCk:sV3^kN<~a@C;n(Cv:͘5_2\\_r?yɭyumkoГڵywܪ1#}^oYZ%<O\r]mn:}H)Rg_,~[=`6R4v%{[VN<9U<IE.j<5>x¸K2{<[Fcb7U;vԽ9kΟ[۩zꖮjڪ;j}VV=u#%I		=cwnnK?)LM7CZEZ3T,Ih+U{QVE_Q^zIպ-ƍ]rpJ_QR%JͮӸ\'M=n렠\"R&}$]ٵa\'x?rkwBPp+tϝ];3]ݜ5&*Ց<5iZE%I}!}r2icjq*}EI/VT\Zct=4\'+Rc+kVSPPU@/XxSs5Ÿ>IfPoz_tם%]~Xŵs^uZw_hQg|^yc$k8|nl{}q-ԡ$鍙պcTw\r;V%IO?;UKtM3]ݜ5&*ȵdYnlWh\Z_WOӞv{w߷	Ͽ.I|wn\'yTVU4tD5mS-;ܫc[YR`np\'{~m\0\0 \0IDATΧ+<6vZ\'N=;\0r\Z_E\rj<\nm/j$-l.\\Ӳ/WjT=,4ݺz_gĤ?罏u}|F=Jcy\ZazzծJR$IKV.%5^Ϯ\r;VXUͿmYqtsI[e\'cWj\ZԽFE\nַ)uwz$O\Z}q}OOޤ=Ci՚e:w.6yoS9Mf0IkSI5֕5rE.j<5>mP㑟>r¶GBΓ,JSŸt˞3D\rr\'7mGZr~$̭	yTպe.>\094v+妿L~mڶjF\rj=uՕS/dZ&ߠ\'ri@nP5޻ܶAG~*?[ԣ[G+\Z;I\'O)٩Tw3/V$h\rHz^wvqv#GJZD^iܩe_L]߯IԼuCڷowa+kh+| ˥-]yY7`$InozP.6kwoR\Z>jnjwV{] \Z]xjDyAp$!+ۏ4ahG_펣ǝEi5{:y$s$I37\"{}[۰Oi}*I䉏ݷp@qK{*vKv1;Hz]]cwǝI;xnmaI\'\"Dy酧f}\Z]{Irؤ/?MW-U;o3_[M?,ڕh,jwQ5a b-\Z?5>rL			:pƌ{I~#:}NDVL9;z͹:uZǒ.\\o[KtQ==;OC\r,\\ȭ6GZ˾X.RL99?]/4O܎yq\'Uk6H5IO\'˻8?\r?g\'OH-xsG.i\rw]~L}[K>W˯n,jwQxѤe\nؼv쑯Q\\/q@gxV9AΐPC?1919191Ov9Yg	\0\0$j<\0\0UȳKt16No^P\0\0Q\009ȳv\0\0 P\00V\0\0\0\0\09\0\0\0\0\0\06@\0\0\0\0\0M0\0\0\0\0\0`\0\0\0\0\0\09\0\0\0\0\0\06@\0\0\0\0\0M0\0\0\0\0\0`\0\0\0\0\0\09\0\0\0\0\0\06dy; oTDNLCNCNCNCNCNCNCNCN̓MN\0LyȉyȉyȉyȉyȉyȉyȉyȉyI(X\0\0\0\0\0\0{#\0\0\0\0\0&\0\0\0\0\0	r\0\0\0\0\0\0l\0\0\0\0\0\0𫁜3g;B9\r@I?R~5G?)GC?1915Q]((Νٳ5o\0IZI$&NIћA~b{{i~=\nG~brb6j\'+9#gʔ)޽@nWҽW$$C/$̓OA?G?1915/r<Ev(ȍIs%=@ I&7HXp,Hy\Zsu9&JN/)ERUI%\"lOv{%UTGi$E?1915,Ϡ_7NTR\nrQI㴛P\'f\'kӊ4]RS/%\rtXqI!.+K<;._]{#~LN9x\r<LxOCW˲|*_~E={Ԏ;Txq9.p8}a9;ޤi?\nI1iK:X<9~R/t>JI[i_vI%\ru$bYlR<YS=~brb\Zogڣg-y\'5zh/^ۡ 7I JxH~bI(f:6<\ru	Iqnߦ]{\'ӴcF^PC?իWkذar8G;ծ]ˑ-%Q{-\"49:N~bIIRIշx)=!9l/hO\'!\'ƛ~R@eY~ڵˑ-Vy{-\"^\Z\'桟r~rH:!iߔb}. if(OCNC7Q	,n4LrO	\0O\nl9O>).y{\rIQl36iF{3%)Y90SҒ<o\'!\'@\'\ZfǾ7xE<<<<<<<<~c\0\0\0\0\0\0_@\0\0\0\0\0M0\0\0\0\0\0`\0\0\0\0\0\0D`PPPk֊vH)^4<<<<<DNCNñ,xjs8&F)91919191%91<y\Zyȉy8v\'cV\0\0\0\0\09\0\0\0\0\0\06@\0\0\0\0\0M0\0\0\0\0\0`\0\0\0\0\0\0؄|G{QnTJU\\Y={ԡC!Gt]RP}f͓ގs,J*ɣ\"ߔvd6֐?(\\_.n/U++un/=*K#),駷^)-)\\~\Z_|r gՊT|||e<ڶm;wiΝR(=͇͇Uz;*w?K\'Q7YZRK~me6ZH5==/3WKNImHCȝWq2PWIM$Li*W#BJy;\0sPò,{bI4~x(;{6ZW_}N8Q@,ÑdhIUv$Wڑ7u\"\r{FF_,n\\yaE?\"% v_7yI~46c$5߿;,ef\'6FuN[J\nfPydcWJpJC?. )S2g\'vIJ*\"qgL0A{q;vT+V)ǏKx;\ngԨMݿy/G?\'Ge~v5&{	jWst\rKm7~QJS\'IorN_T?J7ԓFb$\r*թ.].\r/IIKTԪ#iHg<o\nH7]/^ߏҭ=.O;dA_@$bzg$͕j@4x`3ۡ\rqO\Z#og[\r	O{/F?1)k%%}y̓#f뫤㇥\nK:Nii\'ʔ%m[ZM!RҎK]^6qbiiq/M|@iiiiDi#eq闟u#*/9G:>s\0g\Z_5\'/Jp82̙3;եK=B_ꬤJh]WB:#JNT#X:h㯕힓d3d/C~N\n+ᜎ^B:~>omzJry^Z盥jӇ/H]&}+WW5;Ŝg$uj(9}RnRRus.\n:)=;]*\\Ew5]oҲU$J\Z4=O>Kn잓ÒZIڛ4m\n*j|UժU+uɧq|R[nN}AO]Jd>\nl% I=tiQRҗ+NxZR9+)~h_~\rͥ[]RNzdT9H*3Sze^ű@uyGb I=Q=rԩS\'_Fv8IKFPQ.f\r_6^yT:o+퇝r).vs^2c|XE+9V4}/iГ#wf-i.I%Jz/p2ҿٯ\\G\'_{-\"5rƎnM#Fv(póå[{JC~ghi8@Y	ގʿOG1K;U>/Sf蜗u\'iڳ~1cwI;O>\'鍙R)n#-YtIURbo?%0ZwJ:%lގʿq2Эr^NqI4?~ZDH_jO#\'\'V%fut骫\nSDƧrR([xݯJSHҸR;Q=\'3N_zR\'v3z^Ӯ\'H}Gۤ)oJ4Z)<BzuԤsYco8oX4eT?ܹ|FirܛRnN=r$@{TqЇQؕݏUi94@Ҫ;HX<r/5^95>y߲Ɂ\\f_|\r919191\Zy|b אp27;\0\0\0\0\0\0\0\0\0\0\09\0\0\0\0\0\06@\0\0\0\0\0My;E\"\'!\'!\'!\'!\'!\'\"\'!\'e\"Y䄧V8!Rlrbrbrbrb˲@NC?191.3O̓ӧ\n\0\0\0\0\0&\0\0\0\0\0	r\0\0\0\0\0\0l\0\0\0\0\0\0` \0\0\0\0\0&\0\0\0\0\0	r\0\0\0\0\0\0l\0\0\0\0\0\0` \0\0\0\0\0&\0\0\0\0\0	r\0\0\0\0\0\0l\0\0\0\0\0\0` \0\0\0\0\0&|~ g׮]ҥ*UJ*s.?r`銈PDDfΜp rb\"rbjOJ*m۶p8rfNuwݼ.P3G/8>?ӿuE{O{O_XvXpҥKh\"ZJZpKoȉyȉy=Є	eyt=.P3G/@`oQ`[n]˗:uň򎜘9IjrRT)kּy<־/SbbCNk9cWZ˨}h+?#\'Wn&o7ڵK7vM7n|oň@NCNFIСC\'u̙׉C=0O>:}tm\'$$(,,LWVFkʕuR]*$$D_6oޜzڷoJ*|jٲeuԽ{wUPAW_},Y*WCNCNFO\Z_p5ޯr7v(pٳg.[Ξ=ň@NCNFI/  @Ǐĉ3\\>~8k֭ھ}3dn``bbb4w\\}:t#GfѣU^=\Z;v\rz\rR߾}~߿_:tP]˟~i5lPwVdd-[\"Eerbrb6j|zvB||&M?C-v8p\ZRJٳ*T$Hlٲer9IWjrjРAjܸqW^yVZ\Z5jH:֭[k޽ٶp8tKt놅i˖-Xbŋ*]$I5kO?\n*Hۧ+sò,غp291])Q3o\Z\Zct)3r)cj͚5n*SN:>y򤂃ȉyȉ٨=<y&LЩS\Z\Zꚮ\\r$ ]p!Ull۹swp+$$DMy_q291915>s9gϦ,KER4ȩ矷7nܨ\r\Zx1\"P{S|yuEsQRR͏rM=zT˗뇄ѣٮwUVڸq?GZ+G+]!\'!\'ƻ\Z|~ m6:ucM6nzz?~\Z>|k<<\r<X}Iܹ>c?^gFkڴiܹ_}zu-ZH\Z5pX5iDʕӞ={4qNoٲ̙3gȑ#WCNCNCw5>slǎVǎ`rֽkEEEy;)={UJ+444ݣ순9㩜dƍ\"Ecbb~oĸfFg<**ԩULaÆֆ\r2\\oVDDlhھ}Z!!!eYÇΝ;[ʕ\"\"\"O>\n_\r_y/.RN|EY;Q6#X>vP_A?191.3O͎\0\0\0\0\0|9\0\0\0\0\0\06@\0\0\0\0\0M0\0\0\0\0\0`\0\0\0\0\0\09\0\0\0\0\0\06@\0\0\0\0\0M0\0\0\0\0\0`\0\0\0\0\0\09\0\0\0\0\0\06@\0\0\0\0\0M0\0\0\0\0\0`\0\0\0\0\0\0D`PPc@>#!\'!\'!\'!\'!\'!\'!\'!\'!\')_4eDBAAPbb@\n<<<,ePB0p2<$p`8rlrbrbrbrbrbrbrbrbrbr=r\0\0\0\0\0\0l\0\0\0\0\0\0` \0\0\0\0\0&\0\0\0\0\0	r\0\0\0\0\0\0l\0\0\0\0\0\0` \0\0\0\0\0&\0\0\0\0\0	r\0\0\0\0\0\0l\0\0\0\0\0\0` \0\0\0\0\0&\0\0\0\0\0	TzumV6mv8ȡӧ+\"\"B9sÁȉȉy=+Umۖnu9u\'CNCNC5@άYj*mٲE3gԓO>~XথKjѢEZj\"##pB}ŗ˯P{2	&x-z=]!\'!\'g\Z_,n8q5j*S^`=ŷr_/_auɋ9191s⋵S9)U5}tk޼ykĿ)11	]!\'±\Z9j|ϟcYVSOvڥƍ7N۷obD \'!\'dСC\'u̙׉C=0O>:}tm\'$$(,,LWVFkʕuR%**J]vUHHzm޼9~Wo^*URղeTFEE{Pj-Y$U\\m8v\Z9j|xyꩧ4zh<yR+gz;,ٳ\n		qM-[y9191\'k\Z?~&N)88X[n;gy&vsO?աC4x`92Gzرc5lذ4hkСZOaÆڽ{\"##l2)R.PF/\Z7ް*T`թSZ`\nS\\dI+!!5}%+bDyGNCNcXO$e;?e˖t#\"\"<hEDDզ$/ZŊpPرcٶօ\"EkԨa?~5wmpy.ZN|eYxwڡMv93r$i:~vءڵkbŊ	n*SN:>y򤂃ȉyȉ=ٛ<y&LNRhhkrʩƳ=((H.\\ph-[6vܩݻ+<<\\\n		Q|||xS~c2vwWj05\0\0 \0IDATCNCND5>@ΡCꫯt\r7x1\"D[\\7nT\rȉyȉy=)_t9sTRGEE={CBBtl׻ժU+mܸQǏѣR-Vttkcyȉyȉy<cMZ/kYƪTi&oU`WX7x~k߾}V&M+Wz;<!\'!\'{N|x*\'i[o*Skވ#SZΝΜ9k\Z5\Z1b[mfgfo\r>:}[\r6p*UXׯ.^hm۶\Z1bneYV߾})SXO>l\'impy.ZN|Ewj|e{\"7Vͭ2eXjղ>CoT~,˚={UJ+444ݣ순9ړ_,˲6nܘCQLLկ_?tɇ(SNV2e\rZ6lpXVppբEkֳ>kXeY:wl+WΊ>+88>7|?CűD<_8vQs5>wˉ#i%(ÑDx91919191eY\n \'c\'.\'>\0\0\0\0\0\0_@\0\0\0\0\0M0\0\0\0\0\0`\0\0\0\0\0\09\0\0\0\0\0\06@\0\0\0\0\0M0\0\0\0\0\0`\0\0\0\0\0\09\0\0\0\0\0\06@\0\0\0\0\0M0\0\0\0\0\0`\0\0\0\0\0\09\0\0\0\0\0\06ȱyȉyȉyȉyȉyȉyȉyȉyȉyȉyʉ#11*XP091919191eY*T91<,D?1Ov9	t8\'p\0\0\0\0\0\0` \0\0\0\0\0&\0\0\0\0\0	r\0\0\0\0\0\0l\0\0\0\0\0\0` \0\0\0\0\0&\0\0\0\0\0	r\0\0\0\0\0\0l\0\0\0\0\0\0` \0\0\0\0\0&\0\0\0\0\0	r\0\0\0\0\0\0lor>#y;͜9@DLԞJ*m۶p8rfNuwݼ.3Qӣ@oPV^H{;ҥKh\"ZJV>}Tjuۡ-rbrb&jO4a-[+oYGCq291915>cglذAo@.̚5KƍS͚5\ZY&ȉyȉ=,K{wUy{;D2HLR%l=ZB	AV@I{ZrH\"(m-xbP-\rCA`[#Jx0qB!#2$0Cֵ|޾x\\7Z5+s9]\nƹ>db2s|˘NL4r\n	n׮]/ggUIILC&vbiّ#G4c]ZܦVSLQZZRSS5qD>|8O<4m޼YYYY\nƍ4$\ni\n\Z6lmvF+))I#Fhm(҄	Էo_]qZn]\"8wهLC&vbos|1ȁ{UWW+T]]`E 	롇k-\nzTRF<nU[[UV饗^RYYOYf9s4h 8p@wvӦMӤITZZR;V<>H[l+=zDe2mf/|@,J>nqqqVn$5vbTSSpemG&!=Z:u4=ԩS5m4egg7{|ڴi.rIRYYF\ZO?41}>߯tIR}}=zζiiiڱcwAӧ%I֭[շo_IҞ={4poc~8wهLLpj_1ǟaF+r`xUVV+**db2[-^XQTjjjx999x$IRϞ=uرQBBBܹS&LPzz`\\VVV6yڣ?Vq؇LVFw5x`+؇LVIIIʕ+P(^.//WRRR?0Tyyyn9R:t˿h>4}.hXŹ>db2[1w.\Z9̙ZdݫR-]TN>d7>}^~$)77O/T]]\'xByܣG#<*)++=Ç+11QwւJOO_>b\\RUUUϵhѢfe2͘;+ZybRSSͳ>t9F&!x!=UK)..6=z/֚ɓ\'MmmmTlBfܸq&>>2ļ[-nzjaMIIYp	c<hrssMbb0k׮5@:u*ۢSpKxq&R&1uXpy	؇LC&!0+\'!p>\0\0\0\0\0#h\0\0\0\0\0\0\0\0\0\0\0\0\0\0\0\0\04r\0\0\0\0\0\0\\F\0\0\0\0\0K\0\0\0\0\0p	\Z9\0\0\0\0\0\0.A#\0\0\0\0\0%h\0\0\0\0\0\0\0\0\0\0\0\0\0\0\0\0\04r\0\0\0\0\0\0\\{Ϟ=C&!}>db2؇LC&9_&>cZ|>.db2؇Lb\'0NC&ve\'Ɖ}\"eG\0\0\0\0\0\0\\F\0\0\0\0\0K\0\0\0\0\0p	\Z9\0\0\0\0\0\0.A#\0\0\0\0\0%h\0\0\0\0\0\0\0\0\0\0\0\0\0\0\0\0\04r\0\0\0\0\0\0\\F\0\0\0\0\0K\0\0\0\0\0p	\Z9\0\0\0\0\0\0.A#\0\0\0\0\0%<ٵkԿ_yO.`PFFVXt9؈LӺ8<|7mSOG+8wهLC&vaos||#\'??_yyyڽc\rɓ.QZ~i&mٲEk֬kb\Z؇L:߯BǞӡۡ8wهLC&aos|21ȑ#&8]Fq{cƌ1zx`ƍ`EG&!=yaLͳ>aǷkjhhu_]!x-/s|=iԩSztu9]\nk.egg@&!14w͘1Ck׾Ք)STM8Qx\'O*--M7oVVV233q6M/B\Z?~\rm۶ݻﾫѣGJJJ҈#m\n4aWW\\q֭[׬H*]!ݘc9[Id222̾}.˸=޽{\'O8+j?24啹29}zx3{lSQQaܹsӣK.1~OM]]y\'UW]?ܹs͑#GK/d\rv\\syL]]5-2\r\nO~b,X`*++wazmjskxs|aov-}QL8q~a}\'***r.\\8UWW[n\Z;			q#}ܞIS^{:*Ǚ:uMf8P6m_.I*++ӨQ駟F<.IW ѣG6--M;vP~.?~\\}Q}}$iںu+Iڳgmaw8e22¹)֏9>RR츩=zh޼yz7.QWeeexB@@&!1n*,,<JeeRSS;#9Ozcǎ]MM\"oΝ0auĉfrڣ?Vq؇L:FNuun1Fzr\Z\\Lm߾#\\\\\\;X>db$%%)//O+WT\\\\\\CPx\\III`P[4rHСC*/@ c.}>a\\oܠG}T55իu\r78]4sf,Y{TK.UAAe42؇\'zӧO/؀$^P]]kO(77ß{zGTUU\"eeeѣG5|p%&&jZPG+WJ-Z=zDe2؇9>zw܇~hnFLrrM(r.ㅈybRSSSvnD&!=/=IK)..nvZ3yt~~-PȌ7Ǜ!CzV^m222L 0_)))1.4`cMnnILL4fڵ&SNE[x冡C&R&^8w1_q&R&1uXy؇LC&!0+\'!p>\0\0\0\0\0#h\0\0\0\0\0\0\0\0\0\0\0\0\0\0\0\0\04r\0\0\0\0\0\0\\F\0\0\0\0\0K\0\0\0\0\0p	\Z9\0\0\0\0\0\0.A#\0\0\0\0\0%h\0\0\0\0\0\0\0\0\0\0\0\0\0\0\0\0\04r\0\0\0\0\0\0\\{Ϟ=t	8؇LC&!}>db2|\Z\Z\ZLւ.%Odb2؇LC&!}>dbt\0\0\0\0\0\0\0\0\0\0p	\Z9\0\0\0\0\0\0.A#\0\0\0\0\0%h\0\0\0\0\0\0\0\0\0\0\0\0\0\0\0\0\04r\0\0\0\0\0\0\\F\0\0\0\0\0K\0\0\0\0\0p	\Z9\0\0\0\0\0\0.A#\0\0\0\0\0%h\0\0\0\0\0\0DL4r֬YZ`P#GtI%\r iZgˁ%]5ׂF0NwM>dbx0NΏ9yuV{zꩧTVV1chNhJ\ZOKъg%VIzъ8$:Mwy}8s|c<R\'MkΜ9$ck|>w3O4TT@>;%J\ZvIޱ0N8|^|Mqb2s}\']<ϲ+rmۦǇ}>_4q</\":3qI5s4b؇q1^|\Z񂡒isIy.OI\"6~w4ǻ]RIWKY.X8؇9>.oB!m߾]W^y_p!WIߖ*r p0N8>;\ZI%mQU&Y>(鐤MW˽GJz<R/xi\ZI=YOa؇LoIt;?Z_K.E]9shԨQ1s*(HZݒn?I/ѹ7HrL\'atntBEMSRy%x+:oQ㸙N\'M󽦦wƉ}>nτ9>9sE\Zz3p@[Nw$5^3tP}gW5\\ȹRo:SNp?Cj(nτqbI/V8oKT7^-~,z5PHkM\'!=x0N:x8pɓ\'ջwo+J5E|ʒ_sz0Nuj{|k_%w5ξ^MK\'!0ۇqF~v\n\'B,YtYփj⑯gHzʹr ijt$hE`؇q\'KI%\ryY7wxcut~-\ZƉ}>at=sPTTd222Lrryǝ.KI2oQuL^Q%Wy!Ɖ}1N<Eؾcqe4ZF!=&K{\'@F}etސQcc&N8?2?xcx\Zz9\".؋>db2؇LC&!}b9\0\0\0\0\0\0^A#\0\0\0\0\0%h\0\0\0\0\0\0\0\0\0\0\0\0\0\0\0\0\04r\0\0\0\0\0\0\\F\0\0\0\0\0K\0\0\0\0\0p	\Z9\0\0\0\0\0\0.A#\0\0\0\0\0%h\0\0\0\0\0\0\0\0\0\0\0\0\0\0\0\0\0{t\rl.\0 }>dbdb\"ې}>dbH\Z\Z\ZLU.thLC&!]1֭ygx2db#)@&a\'R&}>_UG}>db2؇DC&!}>˄{\0\0\0\0\0\0\0\0\0\0\0\0\0\0\0\0\04r\0\0\0\0\0\0\\F\0\0\0\0\0K\0\0\0\0\0p	\Z9\0\0\0\0\0\0.A#\0\0\0\0\0%h\0\0\0\0\0\0\0\0\0\0\0\0\0\0\0\0\04r\0\0\0\0\0\0\\³wٳ9߿_vRRR[oU{uBDkPFFVXt9؈LY\\\\s|m>#/Q&SV;Zw@b?HI}LTGc]_ZQRʎv\\nF͛e8quwys.ܹKCɓHDe***ҦMeYF{ˊidb2sOt~\n{~cLntH*b$v%{Ngm;_6J\']76iXi[|4{R\Z8f\'R%I>w*?z!sވ%&&%IǎSZZ**|~3:vX͞=[7t$iÆ˵a+k;2Ǎx}L.-YD{njm~욌1~줩wIΒѸl$UK\n8YT;\'Mȓ~P\ZsmƿJzDZu381]K{F~ҞC]RZh8q1k%ekV\"KsrrtRUVVN?ƌ\"ZvRvvvx9;{JJJdb2sOt93fhUUU6552eҔ\'}IiR0Tff6nަiFPHǏW0԰aôm۶{w5zh_III\Z1bDmC&L}+кuiXn̲O+vHY=<累˹z8{8tHҩIIW}ʦ]1fIz;cNI>,e_׸75~j_kIi_ZIwϐLoO6*ϷIJF3H5֌~:wӃuä{f]hlϪUqF%&&wzWӿr,Z`0j+؇LӜCׂZ\\C{賓CxݻVVK/2M>]fjq9shРA:p͛ﾻMI&T\Z;vx\r2D}l٢W^yE=zzXUqHzg}u}%VPS%\Z.D1Nܥ^ҿ!ݳJ]Wꧤ76~LΒIwҡb㺋$}%-ɢ?Io.9C?\Z\"}X!|f݂R?Kjgϛ*X\'9,ݳ@*yf]hhi-]<k,%\'\'+??_^Zgoj\"..N֭߶&$$ڎLC&qs&^{:*Ǚ:uMf8P6m_.I*++ӨQ駟F<.IW ѣG6--M;vP~.?~\\}Q}}[o߾={hQ^hUzP\ZE=\Z\\_?Vm?ƓrYvJ\0\0 \0IDAT.Hu毕;38qGN;SI7I7*֥͜e[W|O*JJfroJww+g~!WJnէq1);{__yseҖO=޷/6.FrqC5._7L\Z}?KJBG_]wݥD%%%iʔ|kNVǫ2\\QQ@JD&!1l*,,<QYYrrrrHN7q$gϞ:v?RSS۹s&Ltf7lvU\\ڣ?VROZB_*ç,WMl}{t>Ɖ;|V\'&NW:đw_sᐔroHܒjÖVKW_|*|RyٙxK+{?oGFΩS^>~<6dffjb\r<@&!1,))IyyyZr=\nJJJ*//-ܢ#GXRyfW۷UlL۹zqw,o4hsqFkI3jb\r~RE^8i4H[4c./>\'M+蟷\\#\'\'\'G?TYYB8]Z1sf,Y{TK.UAAe42؏uӧO/h$^P]]kO(77ß{zGTUU\"eeeѣG5|p%&&jZPz1B+WTUU>s-Z=r\"/-#*%-,,s6m|iZzP:b~~ 4^5*{NS_{zic\Z\'=p_oi$=#U_IZB&ǾAZ돝wty9-Ր/3\n{ћo)I\Z9r-[եnLrJ-\\P~_-jj݈LC&qc&^{:9mݺU#G3ȑ#~7o?쪝֎[[_QQ;SźSO9Ղta\r\Z4H+VK/e˖R.m۶M}/~M6Mo/#Gj ?th#gtEHsk_\'GtEL4Nz>N-D\n)%|G#5syG4ҟxߗ~tDoJc_ոI{]㍔\"b\'7K*/%I?R\Z7\"P^\'98Í?y؇LC&!x5^h\Zx\rŭc؇\0\0\0\0\0x\0\0\0\0\0\0\0\0\0\0\04r\0\0\0\0\0\0\\F\0\0\0\0\0K\0\0\0\0\0p	\Z9\0\0\0\0\0\0.A#\0\0\0\0\0%h\0\0\0\0\0\0\0\0\0\0\0\0\0\0\0\0\04r\0\0\0\0\0\0\\F\0\0\0\0\0K$\0\0\0\0\0\0@d\Z\ZB&!}.u֍L,8؅s\'Iwׅ	dl2؇LC&!}>db229\0\0\0\0\0\0.A#\0\0\0\0\0%h\0\0\0\0\0\0\0\0\0\0\0\0\0\0\0\0\04r\0\0\0\0\0\0\\F\0\0\0\0\0K\0\0\0\0\0p	\Z9\0\0\0\0\0\0.A#\0\0\0\0\0%h\0\0\0\0\0\0\0\0\0\0\0\0\0|redd(##C+Vp~vmJIIQJJnVݻ鲬}>_y!Fm{4x0Ƿ9\0[~i&mٲEk֬kbڝwީ,ܹK;wСC5yd˲Waaco\031ۇ9u]g**oT/!=cjٺ馛$I6\'\\\r68\\Y۹=D8p@_|$رcJKKSEEÕ]Ger%hɒ%ݻw79/]1F~ߺl^unks]c\0p]v);;;=T%%%V-]T?1c8]93fhUUU6552eҔ\'}IiR0Tff6nަСPHǏW0԰aôm۶{w5zh_III\Z1bDmC&L}+кui\0h\rs}[us<\0pjrBBVƍ޽{W_O鲬C`?|{*)Piiiz#{ժUK/LӧO׬YZ~Μ9\Z4h8ynqiӦiҤI*--UiiƎx@CG}-[W^Q=\0Zoc9Vy:23Suuu&7			qs{&fRrreի&IL:UӦMSvvvM6/$iԨQO#iJOO$+ѣl;v_~z?>}^4`\0mݺU}$ٳGz./r{&^pb8m#(<O^^D&q{&iii_o>gkgr饗>VW_}<pemoB&O?}嗺袋$INRbbbi&:[[%޽ysN=zwtرc}Qeee8իW~\"xm¹9>0Ƿ=r\0233}rqq`E8u\Z\Z\ZǏs\Z{%%%)//O+WT\\\\\\CPx\\III`P[4rHСC*/@ gi\0h\rs}߹h\0͜Y%Kk޽*--ҥKUPPtY1-\'\'G?TYYB8]O_~9I/:UW\'Pnn^?ѣ#JEEEjqGjJLLݻ`A×1B+WTUU>s-Z#\0as|;}[o$\'\'d3aSZZtY]/[00<SNndb/d3Ϙj}Yi7g_o\\zK/5?яLEEeKGeqM=˵f|S[[1[:~kC7n7C1oVۭ^ddd@ `zSRRb.\\h1Ƙ\\h222ڵkM 0Njhhhp81Fdb/^8w1_q&R&Gȑ#5zhL|2m޼Yksׯc=7袋4qD{|.>nċ>dbL0؇Lټp\"Ɖ}bfǉ:p.bIұcǔ\n+\ZncǎٳuM7I6lx]O>\\6lp#=/\"]}./b\'ovKRuuuz5fBvڥrvP8X\0OC&\0\"端ѣoK7OKk\Z\rN<`0Z+k;23\"2f>yE9׭ުP(/R?us..g!\0@G`>\0}<yu]w)11QIII2%_e!J񪬬/WTT(8X\0OC&\0o:uJ\r\r\rǏ9X\r.Tffo^...d\0\'!\0p7rrrrϫJ*,,TNNe!J3ghɒڻwJKKtR8]VL#\0@G`>\0;twO{ѣ>*I\Z9r-[pUVn8<X}{Zhuad\0\'!\0pժXC&!}.;1NC&ve\'Ɖ}bV\0\0\0\0\0x\0\0\0\0\0\0\0\0\0\0\04r\0\0\0\0\0\0\\\'\Z\0\0\0\0\0@k@\'\"c}>db21Fݺu#0NC&ve\'Ɖ}\"eua9pۇLC&!}>db2؇LsLG\0\0\0\0\0K\0\0\0\0\0p	\Z9\0\0\0\0\0\0.A#\0\0\0\0\0%h\0\0\0\0\0\0\0\0\0\0\0\0\0\0\0\0\04r\0\0\0\0\0\0\\F\0\0\0\0\0K\0\0\0\0\0p	\Z9\0\0\0\0\0\0.A#\0\0\0\0\0%h\0,_\\Њ+.\'ڵKyyy߿<}\'Ͷ!Fqqqzyo۶\0Ncps|\0p׫H6mҖ-[f\Z.++//Owݻ?ְaٚ<yrx=UXXc:t;\0Lcs|/\nyK>ndر={n&I҆\r\'kÆ\rWvn䫯Rzz>,uT&\\r,Y޽{7{#ܞ5c{ݱXL04ss|9\"\0\\n׮]/ggUIIŶSNu]~8rf̘k_TUUUjʔ)JKKSjj&N~|>\'OTZZ6oެ,Aeffjƍm^\n4~xA\r6L۶mkqw}WGV#F46\ni	۷\n[Y]0؅9n\0.W]]`0^NHHPuuŶݻO#~zh,X@ {O%%*--M>`v]Zj^z%i5kVϙ3G\rҁ4o<}-n7m4M4I*--رc^hȐ!裏e+ѣG@k?s||l-֑}ܞI\\\\խ[7IHHHPMMÕ39q~a}\'***䍌:*Ǚ:uMf8P6m_.I*++ӨQ駟F<.IW ѣG6--M;vP~.?~\\}Q}}$iںu+Iڳgmᅏ\'x]^L04ss|aoF+r\0UYY^P p֣G͛7OoF12jŋUXXxJ}\"9Ozcǎ]MM\"oΝ0auĉf6mlڣ\0Za1w.\Z9\0rھ}GxXvS]n+LF-KJJR^^V\\fBryy:#nw-hȑ*..֡CT^E@o^wA@k?6F\0̙ZdݫR-]TNSrrnУ>ZkպɨuӧO/$]rs/N5z\'=zh=#RQQZѣ\Z>|{n-XPe#Fʕ+UUU?\\-jH@k?vxΝ;Mnnׯׯ7.|ͶYl0`0`yꩧkx!bE&B&<III1guvs[&~M 0o7P6nϨ2i8ŦGZ3y+??Fu̖P(dƍg͐!C[ovW6&믿ޔ`0h1&77$&&vZ̩Sڿ-\Z\Z\Z\\7NZ|b2珦xboq&R&^;C\'!Iz_O׿J֯_{LotEiĉ9;Yvq\r޼x؇Lb\\~PFds1N)5rW_)===ǎٳg릛n$m|r6ldҋy}ܞ}.^a>ds1NԩSztuׅ۵kCURRDyyهL\0\0>d\0:Sݕ?OǪUWW;Q@^!\0@G`>\0;xz?}w|>_U@^!\0@G`>\0}<ѣ͛7x#X||*++\nN(}\0OC&\0kTW4[6ƨW^Lm߾#\\\\\\wY}0e2\0t	\0\Z9997GUMMzjp\r3ghɒڻwJKKtR8X1·C&\0|b2\0w͎W^ٳgkիF\Ze˖e\'߯Ei̘1V!/	\0#0؇L\0|?i<؇LC&!c2]8wىqbHxU\0\0\0\0\0\0^E#\0\0\0\0\0%h\0\0\0\0\0\0\0\0\0\0\0\0IF\0\0\0\0\0\0.НS{w ؇LC&!_8؅s\'V\0\0\0\0\0x\0\0\0\0\0\0\0\0\0\0\04r\0\0\0\0\0\0\\F\0\0\0\0\0Kx.SNN~V[b|>_VhwSϞ=y|ݺ曕d?PYYƶ˗+##CZb,Ɖ=߯nM)))JIIѭު{ד8wفs\'κq2])ƍb-5r~imڴI;vЊ+4w\\oW_}gyƁ\n͛e8qu?񏕓;wiΝJIIOS]ׯWQQ6mڤ-[h͚5z;]Va;TVV_]\Z:t&O^O&e]vc8/q2]/K}g8/&30nM̸ql\Z~	qn\Z\Z\Z$%%uAUǍ45f믇\rfܸqV~n̄qbSWW^>zIHHhu{2z^;wE;mùn^\'Ƹ?Ɓ[q봺:se> ƍ31-R&\"R@ >x6}4{.Q(,,2/(W~:\"4k.eggb.999Zt*++UWW\\cƌiu{2zn4Y9ujРA7΋<ȹ5gUTTL/U]]lkԩsJtzM>]wӥĔjrBB9c`tUViƍJLLT޽ꫯd]8q.~qίk˿K7΋<ș1coۺ5~x]tE|M͜9*^UUU7߬I&9]NF{vbt[oU(җ_~lG&ve\'Ɖ]\'hmso߮^ziذae8x#I:t>C]uU.G;w̙/\nȑ#5n8.)u@||*++\nV0N֋/KJJJҔ)zךmC&g1Npq2?6͸q^,fFNYY\Z\Z\Zt5ׄ7oެﾻٟ|ꪫV\\P(q)??_{ĤLm߾#\\\\\\;X8zNj6?~z2q.1N8q^q2y7sd]sfɒ%ѣ707ov{KЌ__K盹s:PMqs&4k5fϞ=ffƍN.n΄qbo<cæL:qd<_8wkerm+ٳǽ0nܚi^l2qwb-w]oJۻ67>I;F?c+0nl<III1guvsc&|o7^zK͏~#SQQ^O&vҹ˭?qƉ1Bǁ^[]`׹}ܸ5ܞ\"ez#xۅLC&!]1d4\0\0\0IDATbƉ}.8OL<w\0\0\0\0\0\0\0\0\0\0\04r\0\0\0\0\0\0\\F\0\0\0\0\0Ktٳ5}>db2؇LC&!}>G?p@JOw4A&!}.32>db]vb\'R&}>_Ev!}>dbG&\"]8wىL)\0\0\0\0\04r\0\0\0\0\0\0\\F\0\0\0\0\0K\0\0\0\0\0pZq\0\0\0\0IENDB`','PNG\r\n\Z\n\0\0\0\rIHDR\0\0\0\0\0\0\0\0\0\0sBIT|d\0\0\0tEXtSoftware\0gnome-screenshot>\0\0 \0IDATx{TU9`@%Mм4KM3TkZ׼~վZȯA~++_f(E r3p0sfu܏ypfku=2td$IPLĐ#$I9~\"I$I*`Q/I$IR,%I$IE$I$I$I$)R$I$Eʢ^ꀶj^xz\")H*rTȢ^7MMMUYwE$UsB\rYw@R^xzʟ/_{?/p׽X`ukn7^\\=}nuبjO$W9`rI_d7w/+&.\\\\Q%eǢ^TCC[ٜ={ɣ/\\9xIm$IZ9\'Eg\0gg5C*lXKu(܉EFes!~OUxgosW~\0\ZY?Uklc6 IE-͓$I>Ǐ:lr߻Vz{\Z߻ڤGmv9R/Yʔ?6\0{VN糃wdnu.\\|޿>FS2!~.]ׯs$Ik9~O\r`ٲ<\'e!\'pŞ/w\Z\07}N9?)d֭+56xpiIԦ?޳;Ν9gÇ7븤\"7?le_.<45_Wa˾CXKTC17.|;\0;nI>$ƞe{.<^ܧw;}.w\Z;l7$)#\0=o$Iek9~\0s|sqm[IY\"а;)ƞy2\0>|\0|o8Lo.xo\'.{X$IОsk\rvYy[SSS}\"]\0?VE$I¬sc#~{ЗW_:;\ZȏnZu(=D$IZգ6+VT\' |^T$|0s?Cv%,^^{|0s-~x̜k[q7/\'rj\"Iӿ[by̛>7z*j 7dN$I2yC̺$\nxߩ$I$)R$I$Eʢ^$IHYK$I)zI$I\"eQ/I$IR,%I$IE$I$I$I$)R9 ɺ$I$|\rC̺3e$$,f3	Lc&1Ix$<x$I$I$I$)R$I$Eʢ^$IHYK$I)zI$I\"eQ/I$IR,%I$IE$I$I$I$)R$I$Eʢ^$IHYK$I)zꅧ\'4ǉKjDhF#+:lTI+288QwPW\'(Rԫc6ǉKjDyQceM7ay=&?<3frsߠ{܈/ѷf9l?h\0\rß*v{\0g>$\rW;xiaΝx?o߽ꇌ9>޳;>;&/O_TJ|!9{3>5？}h?v.\Zw:KM?ޓN?reoT-h\'RBwWh\'(jzN^{o}6ޛqϞ\0,kZǺv;Iޛҥsg\0u|vlmnЅ=wۙ;}eۗ]|6{vۀ.wfq\'K\0c]Φ曲zq1W\r傱_[S{3sY|zAmÏqgУxO.8\\plQ7ތ1O\0Rz8Q\nwswWB_qPU_a}ė>n?\0<@\0>(]xo`a\'c8匋GQRh>~z0Ku(?1._c?Wlgu{&cᖻ\0W1G}/=\'qԨKzO9+\0Eo\'+UWCe|;ǉ:X~9ǯwe+U\'\nUMߩj-\0xf<G\0߷j0,^-7]ɳϤ{oqO\0|wxMzlA6t~%Kl^UoGU\0\\7\"y~\0?j}ѧ^λ>y.NGrg!z8Q\nws|W=r(TU=PVr-NB$-_84v4pۺl\rWim9ˣ{7IG-򟏪zҳƫݶp,X㫙CGRK.Aڈm|%ǉVw0߹;\07oWt+`_9囜r+o_KJײLz|os03O.㨑ѩz~\0ޝ>*82Hv6]bX#V3zWҸ^c,AwWB_qR_bkwMxkvؖ3O\ngU6E$I¬sc#~{ЗeO5pf6?#գ9/7LJ;;8dmK6s[߹v5m|+Im`K\nQϸ1_+$A+lz8\rg#ߺ:7˗;1xS|730w9L~ǛodR.Xʷh}^~3fbɒߟ=TvDkn7ޢG&n]sWrsCw˺Jh3wWB_qzsCǔAkG)\'1dȬQ3搯2Ae8Y])w/]]j]w]=d\Z7?MZ_B>z\'B3I9䫷LbPo8NV߶LjN$I6߽9{!<x8:n¥|c6>aIڗs|K5=^j*|5>^ӋY~kz\' CzٔI>nIcx(xtOIq!#3x<@yٵ~$mQ!.9Nγ?7_ޝ6Gx{~`ѯr˾\\xil;p}Λm	\0~0,\'>ڄ3xO3a0mRchm{s.~$Is/K:R{>49a:7WG|a>aIڗs|K5y>Oul\\gQnYeː]v1_潘|06jn6{yt>uǵ}Ώ>[g:+,Zd	~g9^xqs||^ZqѸ9뮻.Z18)UH~sexo\0mǟi2ޙ>^z5MMM\044}9ǷTw}5+~fh6q\09̞3gݪ٥vo7y7[^Whğm/LyZ{⹕?7-[%]b^Zۏ<l|ҽz.ev_ؗ97݄3g\'SϘ%_%=6bCO\\y\\<}6o!gosW~\0\ZY?U|ĺ˹gAfs{Vs[mĤ\Z0uqGs#Ǟex(=J\rQ>+qOroH_7k侟s}|K/[݌3G}^˫\\{vՐ~@?F48y̚wÏ>S$5sϖs|vWV29~=s7Oc>@zqѸgO\05-c]ΤOMҹۻm1<~bKtgvڎs:ie:t>;xG6]7睾rGȃөzl&\\z7Vc[mĤ\ZAN8wc㍺#hf^i!*Ǟz݆{}v\06_~[Aue^6iA}%ÐT`{e~C`Vi=ތ\\tq=Yi-8זs|i9^%KGMn	\0Gq \0}~%@\rNdǮKL~|;\0yOl3.fŮF1K aO\\\0p]=X~|lV1(4\0\\kbٲgZWm/$	6܉NkǗv6]\0/`YQ~c]^wV?(ڴQJ{Q駴}ь`<\\FXɮ_[rw/\rxL~-\0ŋ/a߷j0~Cq_cy|}v46Oqſ\0m	\0~0,\'>)\'ݢڈI5G7@eoy%نX?`}uv\0֕>IkltJ}ǝq?*jg\'~n;;m:>A,XT^5V+B[u/jqOlYVJ8זs|׶\rxUS&)s\\뮓0$j`5⏀Kqà+,^[Y6BVQh2G9W3Ǟ|>5;]v\0\'++o5pŷǲ9.j.i*f\\6+|~nöQl=ʢ\nQ5V#rv+\rrϖssڶj_\0<dwĨ\0iBhWr7[|*]:~]޼BmĤ\Z;=ݧcs״zr2乄>?9\0|v.wyR9ĖWZeM˙o渓`g/!Y<Cz\rVhOg{{s8v_[rwxe/	pi_ᩇcwy^xv̚=_>p;\06uY?n#&~Gsy3fW_g{ǻcϕR|~w.>Uk1^|xn^xz\"?qz^{<-\\w]ϳ޿Vmwx%<D&?2^zNYQs|m9g99㕽Lg#ߺ:7˗;1xS730w9LodNxexg\\x45*54[R1(/;g|8w>?CZC21Rϳ^c#\0O4Zn9oUcO6K,eE<|Z+7~sexoU;)V^-?oyd2߿ʟT\"rϖsssB2tdǾg<41}e*fS&ObБYwCy$<f3	O-2q/$<f3	0v~d?sև)ITC$e?i2,Zͷޛ$I5/IRڽk/&$IR%I^&\'I$I*gQ/I$IR,%I$IE$I$I$I$)R$I$Eʢ^$IHYK$I)zI$I\"eQ/I$IRrt\"ɺʳu\'ԂLc&1Ix$<f3	OA&9Dc&1Ix$<f3	LSK$I)zI$I\"eQ/I$IR,%I$IE$I$I|q_2Ix̤\\K}hm4Ix$<fRs|5d\nM^\Z~YvΙIx$<fR>^ǯ	$<f3	9~j*`}җ\'lM1IxDj$<f3	(q/]Q_2Ix̤:uO\0=yzhw$\ZXJ{\0֕ӟz8	Lc&_9%ަ1Ix̤4ε+4x\n\rN[p*0\rL:30au%7+Tv?q3	LJ_U9,/mcR-9>Lc&1괗Dz\n]EXJ[>.m-jOjpLc&18?N}5ֽP>3	LGcEy?!=Tn+}XZbǓʞ?ٷެ6\\?q3	Lڇs|Qq;S?CsXT{f3	p\rɶث\0\'^pԟz8	Lc&$/SH؛$,\"aOfޫʖ13	o1GϿ/	5<H؊ik<	;\n	x|aȋ$L[$LӞs|yMg<@`潩|?3	q13r&ߐ0$KL%gh2F		Ixe\'LX\'-fb&-fRy{eø?(#A:\"3	Lc&1Ix$<fAy$I$1zI$I\"eQ/I$IR,%I$ITVc&1Ix$<f3	Lc&O.3	Lc&1Ix$<f?^$I^$IHYK$I)zI$I\"eQ/I$IR/4_&d$<f3).Wjn=mm*$<f3	_u\rnB;F\0{sf3	ik{8	Lc&qߩ\Z\nX+oSv$<f38	Lc&@E.y/f$<f3C!@`g`j@/`?6I1 u^9Nc&1Iu8Ǘ%~Nv$<f3)Ms\nnfc\nLf\0NL\"=Loep]!Cn:\n9*OqLc&18WU$3n0TK0Ix̤:\'4BW`awVF\0KlouS9?\Z\'1Ix$<qSc\ruy/Lc&1Xp}QsHۊt_w񤯲Om7.+OpLc&1_TEN՞Lc&0xt-~>eWܼ*8Nc&1I9I&a1	Hؓ%D$L[̤:oKk? \"\"E\ZO}lN%BB2_}8	o13	o1_>b,~$<yo*_OLB\\$L*o	7$ ;	0kIY-ZL-Q$lB@ G	1,IxIxTޞs|Y0bpLc&1Ix$<f3	C}P$I$Iu̢^$IHYK$I)zI$I\"H$IK2Kx$<f3	Lc&1Ix{I$I:zI$I~\0\0 \0IDAT\"eQ/I$IR,%I$IE$I$I$I$)R$I$Eʢ^$IHYK$I)zI$I\"eQ/I$IR,%I$IE$I$I|q_2Ix̤\\K}hm4Ix$<fRs|5d\nM^\Z~YvΙIx$<fR]Ն$<f3	9~j*`}җ\'lM1IxDj$<f3	(q/]Q_2Ix̤:uO\0=yzhw$\ZXJ{\0֕ӟz8	Lc&_9%ަ1Ix̤4ε+4x\n\rN[p*0\rL:30au%7+Tv?q3	LJ_U9,/mcR-9>Lc&1괗Dz\n]EXJ[>.m-jOjpLc&18?N}5ֽP>3	LGcEy?!=Tn+}XZbǓʞ?ٷެ6\\?q3	Lڇs|Qq;S?CsXT{f3	p\rɶث\0\'^pԟz8	Lc&$/SH؛$,\"aOfޫʖ13	o1GϿ/	5<H؊ik<	;\n	x|aȋ$L[$LӞs|yMg<@`潩|?3	q13r&ߐ0$KL%gh2F		Ixe\'LX\'-fb&-fRy{eø?(#A:\"3	Lc&1Ix$<fAy$I$1zI$I\"eQ/I$IR,%I$IE$I$I$I$)R$I$Eʢ^$IHYK$I)zI$I\"eQ/I$IR,%I$IE$I$II֝$I$Ik/Lc&1Ix$<f3	 $I$)R$I$Eʢ^$IHYK$I)zI$I\"eQ/I$IR,%I$IE$I$I$I$)R$I$Eʢ^$IHYK$I)zI$I\"q	@.N͗	E-9N8).Wjn=mm*$<f3	_u\rn˺`2p\'\0vϲSZqIi\n׷vUIx$<fR\ZpL֝\0WW듾dtemʞ$mIx$<f_/\0κ#e`냁3VqqR\'݇CԼ^~[m;\r,cMAOrLc&1p/KE9YwB+)6Ֆ$,;׮<F)`608!oQ4`p0^$V\\Cts*;U؟z8	Lc&qIgL#\rsDϡ0ඍ3KĞ$<괗Dz\n]EXJ[>.m-jOjpLc&18?Nׁ˲Z豆ۺ׼8	}4\\_C\"]%{<}[*hKJS/\'1Ix̤}8wQ%ZϬG	wZWsqR{{\0Á7H\'b\\f{ͫR$<f3	Ԟs|E}RpYqˬG\08H8Njo!$>\0.&}}A|E{Á[?ۭM$<f3	Ԟs<t#< /	Hx0TtL:qRy{q~C\0/	3IEZ%2F		Ixe\'LX\'-fb&-fRy{eø?(#A:\"3	Lc&1Ix$<fAy$I$1zI$I\"eQ/I$IR,%I$IE$I$I$I$)R$I$Eʢ^$IHYK$I)zI$I\"eQ/I$IR,%I$IE$I$Ijs]j$<f3	Lc&1Ix$<yHHV	Lc&1Ix$<f3	OA&~/I$IR,%I$IE$I$I$I$)R$I$Eʢ^$IHYK$I)zI$I\"eQ/I$IR,%I$IE$I$I$I$)R$I$EcV|q_$,rE.ڣֶ8Nc&1IqUאEҬ;\"\0&w/@?`,;%I`\'I*\\^Um8Nc&1Ii*w˺Zj*`}җlMz\nIH\'R\'1IxDu.yKl9N8C!@`g`j@/`?6I1 u^9Nc&1Iu8Ǘ%^aSmR=sعv72(T`\Z08tB/faz+.XuK[!Cn:\n9*OqLc&18WUYc#/mcR-g<؟:\'4BW`awVF\0KlouS9?\Z\'1Ix$<S걆ۺ׼R\'*Jy<}[*hKJS/\'1Ix̤}8eQ	wZW$q=mWN.?U?q3	Lj9ޢ^Uvp%3I-$dsŤ/(!ho8pK|OqLc&1spy		З~$<yo*_:B&Io\r	HN¾$$ZzikM^B(6!a 	OУI$L[$L*o9}q>(A:\"3	Lc&1Ix$<f?(O$I^$IHYK$I)zI$I\"eQ/I$IR,%I$IE$I$I$I$)R$I$Eʢ^$IHYK$I)zI$I\"eQ/I$IR\Zu	0Ix$<f&\03	Lc&1ed(sM$(f3	g8Lc&1Ix\n2ieLc&1$IRyN$I$I$I$)R$I$Eʢ^$IHYK$I)zI$I\"eQ/I$IR,%I$IE$I$I$I$)R$I$Eʢ^$IHu_;gwۤݝuo$τ/	pܱ0mqֽֆ/jS[I\'»oy@_pQ=˄\"I\'\\SGm#Oyfqtࡗ`Og+9NrH:Sf/gݫK|Fsxu%U\0KZ|1i2p\'\np|=$<$\\׷v;ܼ$_Wøsa\\`ȟa~yn>L|0~U\"LqyνYdUI{d6;EKa˦;Q39إzT3YI\'o/es3?Ay^U?+RvQq3`ͳEؖK:s0	6f>Gz}!<N\r\'OڙQ#_O3&ֽҟa.̟Wkkuo.8ˬ*T\0/f${õ?>\0v8\rjݑ~)C rS%\n˼aAؽɮ?Rgg};d\rpp#p8{1\rnz ],\\\0?&>o6Wg߂egj[΂ù\'Zw9ksxmxqFUWe\"1κ.ƪumm\r\\u\'ܚs8N8)Mnfc\nLf2OaÀJlo5IO\0t?:ḱ?ͻ;aˁ-7w\"~)LuQ\\È_Ϻ7/oR`0caemy6l}m7m^^l~G~PxI}jKx~zCOߥc8ilѭcn:HbϤ!%6&CJb$$괗aoy\0tVF\0KlouS9?\Z:\nFaV]6zB8pgZZQC*|}Qsf0g֪?LBZsaPUGZci\0{;$֥egÉPz69N8i9oE_II/jpnRp%zUն[uv;g)D8bwh8{g/7N_޶F=az+/&*&7_߂8֥ײ\0	wZ;l8N8=uw\nOkiU?WU}p<xk.\\{	ͬ{%g6W6~By޶NOV8H(\rLuIGy\'vY(\0B8?qI-$-sŤ/(ho8pKO?~5|Bvs<Əuց/u*2qW56>ul\"Ps[5mvK=>;\rU{lacg[l\rCM-.~ߠOa-.>\r\rZv9]iyx\nY3pBד\Z3qqRy{moI_E+SI?ܮX{\0G1i$o?PO/;؋Lc&1D_wDf3	LI$I1XK$I)zI$I\"eQ/I$IR,%I$IE$I$I$I$)R$I$Eʢ^$IHYK$I)zI$I\"eQ/I$IR,%I$ITH$I$I*_%}`|%<f3	Lc&1Ix$<x$I$I$I$)R$I$Eʢ^$IHYK$I)zI$I\"eQ/I$IR,%I$IE$I$I$I$)R$I$Eʢ^$IHYK$I͗	E)3	Lߧkv[ۆJ8	Lc&9W]CdN%8\0eꜙLc&I*\\^Um8Nc&1Ii*w\'}y۔3	L9Nc&12wQ2KE)3	L#Pp= 7xvGw)0x`]9WIx$<fReSm3	LJS\\BXGӀz1H[q\\Wb{cHBzNe\nSo\'1Ix̤4U#̂n6>̠/Ւ#s=$<f3N{M/XX%UCx=oݢ{NIx$<f3	s|s|Xmk3Ix̤}4\\_C\"]%{<}[*hKJS/\'1Ix̤}8wQ0%3<Eg&1I lo,pr7J\'Ix$<fR{@2IXL\"$aj潪l;3	q13N{qZ3HHwƓp_+nSI9Щj8N[$L[̤:9Ǘt6;	fޛʗ13	o1+g\r	HN¾$$ZziV.SKh/!a	0\'HQFB$qb&-fb&_>:?#2Ix$<f3	Lc&P\'I$IR$I$)R$I$Eʢ^$IHYK$I)zI$I\"eQ/I$IR,%I$IE$I$I$I$)R$I$Eʢ^$IHYK$I:gLc&1Ix$<f3	LI$h590Ix$<f3	Lc&1d$I$Eʢ^$IHYK$I)zI$I\"eQ/I$IR,%I$IE$I$I$I$)R$I$Eʢ^$IHYK$I)zI$I\"eQ/I$IR/4_&d$<f3).Wjn=mm*$<f3	_u\rnB;F\0{sf3	&p}{mW8	Lc&qߩ\Z\nX+oSv$<f38	Lc&@E.y/f$<f3C!@`g`j@/`?6I1 u^9Nc&1Iu8Ǘ%~Nv$<f3)Ms\nnfc\nLf\0NL\"=Loep]!Cn:\n9*OqLc&18WU$3n0TK0Ix̤:\'4BW`awVF\0KlouS9?\Z\'1Ix$<qSc\ruy/Lc&1Xp}QsHۊt_w񤯲Om7.+OpLc&1_TEN՞Lc&0xt-~>eWܼ*8Nc&1I9I&a1	Hؓ%D$L[̤:oKk? \"\"E\ZO}lN%BB2_}8	o13	o1_>b,~$<yo*_OLB\\$L*o	7$ ;	0kIY-ZL-Q$lB@ G	1,IxIxTޞs|Y0bpLc&1Ix$<f3	C}P$I$Iu̢^$IHYK$I)zI$I\"eQ/I$IR,%I$IE$I$I$I$)R$I$Eʢ^$IHYK$I)zI$I\"eQ/I$IRr@u\'$I$IR\ZZeIX$<f3	Fl3	Lc&)Ȥ!YO\Z3	Lc&$I9$I$Eʢ^$IHYK$I)zI$I\"eQ/I$IR,%I$IE$I$I$I$)R$I$Eʢ^$IHYK$I)zI$I\"eQ/Ձ=~=}Q}{}&|H㎅iU6̵~VN:]T~KRG}>qGH\0w/2KrE.ڣֶz*\\t*\\{m6| 8mTֽoaʻ0e\Zlrֽ޼d͗j97\'_>[hK(\0%-i4x	xx>)i咿%i\\Īb䔯vF`.qPޘuO^Gkjs>STDL3u\'*{&\0\04_0Y*WLjq-szsUs]wD3f&g݋-OJٝJoc3{חs0x;<0A[\'yJ਑Я\'\r\0\0eIDATU\ru^MyoSa{yպ+Im8deV\03KgO\0=yzhw$_J{ǐ6x`]9z5>3(={->v=^លGSIN\\z{o3M\Zw\n`[¿w?Um~4Y0r8U.=zmϾ\r/HjL7Y%XJR.ϺunNջb<\'?\n8 =-e$MaÀJlo5IO\0t?ޝGEuyM4qR\n.mfF##DN&K0&&\Z	ntFdԉvtGv;YH7 \nT!\n[I޻>uk݊}s?9pK xxG~s1=\'\\AHov4S9`W1D46%@dc8uv\0:8˗o͌xzGk;ؼZ^{;Æ6]ۮޥg!v}{X/$	$H-=\'ct^sF[<7VbǪÀI5<>uss\")B0/O3;*9vzA0Ku0};wL7+og<q\0g]еQyv8[ytɬuED*=/dercn?ߺ1751\ZNgA_*~67ЮM<7IEr\\иy1&gèI0eHV{򂱬T8Yŗ	px|ka<VT`\n0@vK0\no?Uw_Q<^M	gcҜɐQ9aHXxp1GX.fJ=8^cX1q_GaE˲x=F8\0Xޘ{]kLŸ(0xE`s8\rb%/>_<}ǋ<17O-پLm!a WWE-]wah$/LNm 75;*j(0;2sU6QdyeBؽzEmXVK^v4Xvs1ѭ`{0K/B 򚿮)+h{H}XtX(*N8A>@29q^~<0OaLd>\'1O^7O-z8x	qcl/9\r`09\rͳ{N|rb=ʉ~~3p<+\n=\'s?coĘj9Eʉ(\'S!\'.Ǎ;{ԫ1Cv0ɳ!O7/̍6_Xrb=/+!{Ni\nPve\"z?y<ˁz_g̋GDD|7;?%~vV[m:5;\")* 1@(:c^<\"\"#ov~s}ƋE\r|υ[wvW&\"\"K\0_&o.!\na\r!`4o͝pJy{hVY\"\"\"5=\0LE+gl]w/TϷwln̋GDDl0kv ނ{1	3aɐzɏhX\nGxfG%\"\"3xmv Rfp\045\"6¹Ty\\8SaHQxb6;*@jg`H:az\rϩEzֳ(\'֣Xrb=>zSNG9zԋ3\"\"\"\"\"\"\"6^DDDDDDĦTԋؔ=@[58kQNG9zH`1zJ(\'֣Xrb=s\"\"\"\"\"\"\"6^DDDDDDĦTԋؔzRQ/\"\"\"\"\"\"bS*EDDDDDDlJEM)\"\"\"\"\"\"\"6^DDDDDDĦTԋؔzRQ/\"\"\"\"\"\"bS*E@ff&QQQDEEev8~\'\'\'DBCC	\r\r%!!}ym6mʗ_~yrqǼ}kmm⩋ED*zk4[Kۗ?\n@\'m3m!a 7\'V4sTSWǼ=$r]v^ǭ[l6n͛Yf\r|\'+III$&&g^K13lrT.  4^vv\"\"XQ	@x؞ۏCXk6|o`X6D8ҼxR.rGM{[\0[W&p8th1vI||<ӦMcРA\0_!Kd~z#yvIqq19sUNnv.\\H&M>br8`QX[A}잓\"W+8phwpA&w3j#,o*S/rrr)kb׮]&F߮\\ʕ+۷o2w}ǤIHaaag!\"\"6mSO}Ar=/_&\"\"M6ѳgON\'ݻwgÆ\rexvcȐ!8Nz+/`ҢEm^^Çe˖tԉkzU\"\"ד{7$0;8u\nZ?=Rv`>\\v}a\nȻB˫1ot@$~\Z	WnxhOxY#֨V_5YD:ooE^Tԋ8˅,krLȿꫯdɒeʑ\0^z)J׿R*AAAܹ]&\"\"ٳgW{@Ξ=ywe	<쳕n?cuѣG5kɕn7~xF\Z9x $%%ѣ|\r7oޣA5_Dz?cBSJ~S/?oƘ5+:s]o<} P|V6~,ך;q?\Znû`\nz<vqZϕХ|6)_>\rZߎSWgpLMuսnmX{N6m\'?	`ܭnsr%Ν˾}|#Gu7㵼cǎlܸ˃>=ȑ#DFFPRRBPPϟfۈ>SZjuCŋi֬%%%\0tЁm۶ѲeK\08@ǎkR{{b_d<?@#}0j<4RƗ/tLQ4S<<H~!.\"és;С	=:ۡm3}$;ޑ6a7h{Foo8۽uoߋ͛SPPP\'(HҠAf͚_ײeQ,X@ZZ5oAAmڴ)kySZ4lؐ.T]QQo>Hp:\\T!\'g5_D*0%(<AB/]8C %\ZBeiiu=@Cbd>ۡ-g%=YtmT;N䖯&o;k^uޝ;>-koݺh#?.wͭZV*עEy7iڴ򼼼\'hѢEĉn7l0֭[9u\'NZ7HU6G{wgn0KwQ`kwlt/u{hܤwݐVcY!p/Z\n(5L0R֖z2p!<HFF\'O6;,;EQTtV^̀+GU0anD~s9\\\"^{5/Laa!ٳΟ?wMHH{!==Ȳ\07ߤoyynTx\"7ϹVM1g2\Z	=a&,\nziGڕpIK3e1SИT£\"v_#{{\0]oLᇚnmپ$**(GPN&!a0cƌL88+W:۷?fe땣^6`޼|WtԉݻQXXȼys322ؿ?:t ##7x~_3zhHNNfر<3s=eٲe:u_~6ƍOxkJb+;V^MvWGɩ0>\rD!l&3}}BؽzEmXVK^v4Xvs1ѭ`{0/B nmzuֱxb~mnz)OСM`HPNG9_(Ԟgy`Ȝޅ0a	͎=\'H9z|jKJ`Y,];fRNDD.-^\0C~;b7ڦ<7[999ĔcbzkI9{7$0;سzWq|#\"\"[.1A\\.#DDD`ThZR\n!c3Θl]WL:Vȍy>͎DsW\"\"c͛SPPP\'((ĈD9SҡفHN8s]=4sV[ݻwgǎO[n%::ĈD9C>GЧq.=[[/CFJd,O׮]pddd0|kʉԅO#7~lvpN]lvT\"\"b>!a0Ǐy󈋋3;,xb6;*qn}m!ZQNG9á;֣Xrb=ʉT̉ԋ3\"\"\"\"\"\"\"6^DDDDDDĦTԋؔд\"\"\"\"\"\"\"6يE3H[rb=ʉ(\'֣Xrb=ʉ(\'֣XOŜM)\"\"\"\"\"\"\"6^DDDDDDĦTԋؔ-w4l{aСȑ#5!BITTQQQdeeyb999$&&\Z\ZJhh(		۷mp8޻ȑ#<#Έ#8ta=\'֢|5Zf\r]vtҿkRlWoڴ͛7sҥk֍=Xva݄3qD_֭#;;7yf֬YkIJJ\"11={g^za̘1lW\\\\̲e?@{={Uzztm۶1}tx\rrssS96{ܹsy饗y.W:ӧ)ڳs 6m\Z\r`Y$כͳcNtX[qq19skٳiРs̱gzBBB8z(\Z5DDDord79yb=:OuըQfƌ\0n\nq:fyC_dԧոkɓ\'hժՏx!&&Ӌ]vyb]W\\aʕkcfڴi&Ee=dddPPPsxW3;,ztXO۷3dȐUA/`JJJ0a?١F21\"\'/00W_}%Kx-OMMeܸq4mԤ޻glذ4iҥ1;,ztXKeUyyyرΝ;o~HɢʨQi/kybq??#eTFA^^OgK*yb.\'QufӦM|G|lݺ+W$ۍ/U؎G2d~iOnBdc1+|gl\'Orras;D5;wvڑ@\\\\#F`ҤI=?;I]Ӻukꫲ;EEgڵǏ79g<\'p몎;vZ.s߫W/;fF7Ŏ9uS=yyy<$[*{iY{֭DGGT\\E^mͭZ޴i8^.]kL]s~ᇲŋLF@<1_uU;vɓe˗/ӤIQOffԩfRR&p:`f%tԿ,ZzjPv{.1+d.뉍eժURPP@ZZ\ZftXUw]5eTطo̜9s6\\Snt޽{M0%Xl;<<ݦM+\'_z!wPP;,,OnmϘ+{>}O[nnݺ\'tV=\'nyb\\WeggaaaW^yhor*Ķc}ƬXrb=ʉ(\'֣Xrb=ʉ(\'֣XO\'*EDDDDDDlJEM?	!S[\0\0\0\0IENDB`','PNG\r\n\Z\n\0\0\0\rIHDR\0\0\0\0\0\0\0!s;\0\0\0sBIT|d\0\0\0tEXtSoftware\0gnome-screenshot>\0\0 \0IDATxy|T `D!Y\\YB|(DpEDUETZO\nբ\"*(UKQ,,!daMXaOI3g(w3{8;z$ݯ\0\'\nc$q\n[j^_@}.?؅~bc|\0@NW`&СCOC&v1EOSx.\0\0\0\0\0\\=\0\0\0\0\0.\0\0\0\0\0cb\0\0\0\01\0\0\0\0Ř\0\0\0\0bL2E_~2__R\0\0@1(=|SN\0\01@aN\0|d~G/;w_˿+-CSU6mhiPy<c`k\0\0%1uǈճyWGNJ?\0`bXllRR:붑~W\rT=3Q)xQ*\0\0(Gv\'x5nr\\ճ\r\Z}ϣڹ+C-H֠\'?9qw}UM5kڨezW>\0\0PTU]:Ց#G5tx]{hIRsή\'1\\<ZFLIo{_zu:uqJ\\S3/5\0UÐtqf\0̽Y}\0?Y/Ij޴qP͓hk/}_Wym\0\0r!IzwǕF\r7G/q-ཷ6YO\0\0ةzj8?|^\rz th^?R:ڟFdx\0\0@U];h]o=r,<p߱\\,66F;Fy$iɿVn!{ծUE\0r1w.e\\$I:=RgÕ\r]ufJ^1ړ\r뽷fWMer\0Pzv2{Ō1ڝWoHIסy%鳵;crs?M>vg]b\0\0%l\0H2]_t\0\0 V-_ x\0\0\"O1O\0\0\0\0p1&\0\0\0\0\0{\0\0\0\0\0\\=\0\0\0\0\0.\0\0\0\0\0cb\0\0\0\01\0\0\0\0Ř\0\0\0\0bL\0\0\0\0p1$t\0\0\0\0\0bb%kAV-_@&!}>db2؇LC&)	\0\0\0\0bL\0\0\0\0p1&\0\0\0\0\0{\0\0\0\0\0\\=\0\0\0\0\0.\0\0\0\0\0cb\0\0\0\01\0\0\0\0Ř\0\0\0\0bL\0\0\0\0p1&\0\0\0\0\0{\0\0\0\0\0\\=\0\0\0\0\0.NX~we-b7y=t;PҎBrю};r\'a#2SF?F컀OL_K7fM\ZiWF^~u]$)VvPӔ5KVrRS}ڝZ11fYenIRJrS9rڷj֌՚?O_֭ۋpZx-uפQCЧ%ϼGU^78*o\\[^u7=5{>\\򩤂S҄G#895Il1hzgNE\Z	:A~\"\r+O);.])IMk#K$%~p7QZ$Izu:uqm?]vagի[GO]n)|IRښ]jެvy4誰.3\\Z8%7oG\'QsΖt[/AG\Z\'6k#_W͛j!l_ю~he>1bw͖\'U\'\'O0Q҉&_$酙7/]t5$IǏIujug-IҰKy=Q}%I#Ly={A\Z{yqbbb4{|s$K/KhuWH\Z?Yz]{Ouk__zSw,I:#{`M֯l-+Oܲb]rKvت?o\"E;С<-|o$\"N{աy-5\'ҹZ5O}ೕ\'Izqڣ\Zq\rSv5}:t8OPԴIZ,Izv}tN/IjӪEu?\\V&hyy`iE?W\'V6CǾn6hD?r)\\#cLvgdX~6ؔͿץ=Wg閛W=<Qb;~`-ǎhҰm*gmOvn1Ƈ\'pZb?INJ6=X7jTo~?>\rPju$,x۽ڕZuW)V$i]a7m<G.:@czTpl_ъ~]jrl1Ɨ.ֿ$iBMmߟwvǮ:3%I|ZV[+&=|otzСCo.Ǐkk}xyXD_\'gϿÏCxֿz6ȆzyW]m Lﲛm+ZOc|U\'X{V٩GjϿҊ/.s?M{_Ooz;cv_}6nުÇt`Ak=2yZm?~\\N2<C{{QXD?[)S\r(??_9zٙjö\'qI.!ضϔ.ֿ=mH2]_t(zN[|)[smAeB?)*פk3iy=y\Z5j޻nSZ.R\r~>mؚCh\r-IQe+Ib\0@uȵ˺\r_[qj֤&H\\o\0_P\0p*[ߨ_][d>>T&ZܷwwIs3^т\r_n@~k\"\rƎY^O?\0h|K4!llijZR/9ԢEv&5p=7mHup_Td/zcG}\0~R1E\0~\"f.zυw?\0Cw\0+k3yFj]w8U\'%|5Wi\r\0POm?c͸X}d${kNŽЩmEh/];׽cf7+WWmxV|+k3<pHO?Ms_خ=/sMј1^.za[Ѵ\nc<JM1~{\0(ńGfQz+./v`j7umgQv>9IR{~퍅ϔ~޾CN|Fؚ5$qa\0pxwc/>ZWIDIҕW޽j燳*o-BǬ_v矚?okPඥ{JwlPYԜ1#\Z1ۋ1=tj֤vedWEIkioh?>M!_-HF䤦Znvʐ$%\'5ѷ٭o_N|oF\Z۔ֻ2_6$Gcb<uU>x~-v})+JyuN_kqZFI?ſ)uP_eTwm5cfu*y!5{Jfy\'*iIJҀ+{ګ.Wrڽ\'SfՇK>\r,xg131NqPnuуݮfU5ۋ%IGHN?]NSI͛vZKSSV-TV-uVw\ZhqtAsTn^.>\\=4nTRWԬI#MG\ZjMzv%\Z:Zu_WsMxM뇚yeQi5/]Bt~׎]YѿV}[E_{.uխڧRgQ\Z$˺k=ժSrztu8=Ycc<c_)Izaky\r$]{M?I^_Q}ܢ}n^V--+]F=KsMa҅^zՃ}_ۻ$gkEOvPVnף$=T\ra9rT_ԩCͼڨ-R]x?V:V۶n.sP_zy=*?KBO\nO9撤c&ս *T`E%Ӓtwn=躁*R\0__6QU})y_i{5v:39Ⱥ^r>7u!cR{J:#bzuVTլ\'/IM6$-xC:yi-h6$Ga͛I>]^_+Jy=\rj{Vk%=]kլs.u=pm\'MGlijZBW<3Y	noӪE*1z1;11m0#Sz<5bc;#6NC\"=xjv@z*҆zVGy2g6(Zi.W%I?׭f\\&?rb(p~?\")K{-7\rԯZ{xǲQ8ރȴ<\Z6~`^bgh\'ǟ$IW_GՊ}%IOA,mR\n-ڵ$I;N\05W\r7	QϿ$u>[:Ws^Zɼ2Fe_H.z.>M6;VnBSKTG9TSwn^IRNB&3T3.Rmi^8G.PQՋ1Yc<7JZ\ZW(v+3kOf$齷fIu+wnףw[\"I<nfX-|u+s7RV;we6(ѧ~^Cq͉K>}g\\EO͗\\~sۤy<pH4il\nj_:t}[Z\rMxw#PՋ1Yc<cj/;uQmSZaiOgkw^S}%ث\':ko,ԇ}#Gzp3[FHmI8^D}irs++;WoH/V5+s7JK>^5%I8ny_i:|8OԊ/#V<5G9~\nj?[)S\r(??_9zٙ@ca$ӵU \rh7TgyDV-_C&!}#؇LC&!ΤZ>?9gɪ\0\0Մ1\0\0UYyzqx8\0\0PM\0p^Lx\0\0P\0pc\'\0\0\0\0\0\0\0\0\0\0cb\0\0\0\01\0\0\0\0Ř\0\0\0\0bL\0\0\0\0p1&\0\0\0\0\0{\0\0\0\0\0\\=\0\0\0\0\0.\0\0\0\0\0H2w\'e>db2؇LC&!}\neA&db2؇LC&!}>2P|\0\0\0\0\0\\=\0\0\0\0\0.\0\0\0\0\0cb\0\0\0\01\0\0\0\0\"kbg^ğ7OA?)?ݒ؇LC&!1Ƈ]f:]\0$I%͖oI5%t,\n;OBS֥u;\\}>d\ZO(iE@􌤧$&8qG?(>db21?*%Iw9]$Ik$uZ\"[j)O#3\rJj \\I_4I%5t-e{J>L0Ij\"lI<D+}>db2	rv\r6T/]\')wH.iLIH\ZtuFH.i?fCRV{cNIJm\'!}$4ad\\=Ĳ۟C]InJrpq{&O^:I%(eZV/!+I;xҞS@?؇LC&a~w\'%=t(A1\n؇~R5jZ>6RtIy!{mjoO6jZL=т~b2؇Lc|?_$i\nαQҪOU{F~OEzK$[o#鷒n+g{z	>db2T?؛BN*xI?䐤%=hE؇~R?z$I_6OWޒf\n~\"D}>db2~߱Hx>ޒQΐBǫO$di\'o@FeQ/eO2jXJ[E-u\rQ#2jPzlĉ}?dbC&o1\\O~HD&!}>db2؇Lq\'\0\0\0\0 1\0\0\0\0Ř\0\0\0\0bL\0\0\0\0pXIt/2\r؇LC&!}>db2O$edr8áUy$2؇LC&!}.FR}2>8+>\0\0\0\0\0=\0\0\0\0\0.\0\0\0\0\0cb\0\0\0\01\0\0\0\0\\?ߐ!ϵR$us퇜\n-+t5H%\\.&M=OoZHCo_ݨZo/h %mtE}\'۫\"c|s~RҪmҪR79]Ut{#i+~%-4eO*O𯯤OKyEl#kB\Z90<jA0B+ҺL4vs*O_9]=V]>GҹM~iҨ	e.iiBggR|F	TEŵ+rc?	6o:JcFlI^\'$g	ܞIHc8i>%5jtmZ;\'oAQgovTYg|:J}zǤI./нşK]J\'%+iH3_H\rc뮖h(8_ZS4vm?̦:K~s꾲7WZȽH>;m;(-4>+qʋ}n<t%-\'K^|R^AA;oJ]ҜW9emWҮo)~W+\'FIKHmIj~]|vw{{r꾉wKImSSN?~4ci4f~ǩzhgRy5+*O]Ґ1RӅX1j9?[MK}t5CՕ~ΕjX>*W;=\'v(H7q^=v|9ORҮkLmHJ:y!)?LiFQl~BZ4r//_Yu4tRe=nyHO<^#=2]V\rW*\0\0 \0IDATܞI$\ns{&O\"Pon%}I-$l#PHΕ.J$;yD+y}T7;9KRa8홅^Rz&\r:tnfKg>	iǶSH}F_C鎇RC4iNWWه~b;\'\'(s~PitNW+O-\\\r7*<6l,	zCNPY?6\Z7:֠w[;qM6*O:zD:s}\'Yt7/ZxO-]>P_O5Gڒ-)]\ZƉCE?._W˓NW->~J/Am_\"!̿q͈\'6eJ&r(G>]-H_u.E7>C4#6z!K{HM_tEL\'v>II&߿+v{7^gqKßo\'MyI2%\r }\\JI_?YJxA2KjJۥ[ңK}~R;S:t\"pʉLܾ*,2~	߱/,clヿc}$i>db2؇LC&vĉ}$\'\"O\0\0\0\0@bb\0\0\0\01\0\0\0\0Ř\0\0\0\0br\0\0\0\0\0$V_`!ː}>db2؇LbQ\Z52(;#XIxJ A&!}>db2؇LC&	N\0\0\0\0bL\0\0\0\0p1&\0\0\0\0\0{\0\0\0\0\0\\=\0\0\0\0\0.\0\0\0\0\0cb\0\0\0\01\0\0\0\0Ř\0\0\0\0bL\0\0\0\0p1&\0\0\0\0\0{\0\0\0\0\0\\,\"&ӧOWjjRSS5cˁFdbu)--MM4Q&Mԯ_6ltYVHHHК5kx*fy\ru.}.%c:/X@sՒ%Kl2z.+}>CUZZ֯֯:w!C8]bbbcº*}}>db1W-f]vˋo`EG&!=g^eTJ2IHH0ӧO7g[6_&wy\'29~3)1>F9د[N:u\n,wt֮]`E ݎ;_~Y]tӥXa߾}\Z9r{KYYYŮ[oUJJJw2>ztRuQ>Oڵŋ>+B>O;w֪U]oQ^ԤI%&&{ЀԨQ#nZ/PWYG+]!b1Pԩc=\ZX>rIHHp#}ܞI0I&55lٲR*%\\lgŊfŶ?zhsw={l3n83bĈj[4hٸq9pyYgU7|7nٷoyMΝ]K._60fҤIm۶o63qDionnF~¾>dbH$>g/{N]%1			V\Z5$SӠA8\\Yy<~C\"ciÆ\r;wTX2	ngذa\Z>|:uTVZiɒ%jѢ$i۶mٳ6nXfG[nUJJ$)//O^W,nrrV^ƍ>|XS^^$e˖/ԨQ#IҦMԪU(]!DZ&ĸ:`%_1>\'!\\(~X޳g^LC&v;]u&O\"cffM6-/_uСbQ\rl׀\"+ϧ|rplwهLC&vc/c|x~b߮];}ʕ+վ}{+؇L쓝]cjժP5JLLTZZf͚gddwءİ?ӎ;\\ѣV\\]viǎz>=۲eKVC&!0Ƈ1>\\?zyf=\Z=zeE52K/ԩS<͙3G\\reYiĈzwJR~iz7ueghڴi/-ݫW/=ܹsձcb;xv\rj81])))wYf)++K&MVC&!0Ƈ1>*}͜94k$%%t}>n3}1^4m\Z4ddd8]V+Yre!CC5!Y\\%ݟakׯo:t`VXQzs1nݺkךGy|>c1۷o73\r64f޼ycǎ}EþFdbH$N_v+FvHD\"2؇LC&!]L</ROq\'\0\0\0\0 1\0\0\0\0Ř\0\0\0\0bL\0\0\0\0p1&\0\0\0\0\0{\0\0\0\0\0\\=\0\0\0\0\0.\0\0\0\0\0cb\0\0\0\01\0\0\0\0Ř\0\0\0\0bL\0\0\0\0p1&\0\0\0\0\0Gq\0\0\0\0\0P1tq@2؇LC&!}.ըQL,C?OLb%8VG&!}>db2؇LC&	΄\0\0\0\0bL\0\0\0\0p1&\0\0\0\0\0{\0\0\0\0\0\\=\0\0\0\0\0.\0\0\0\0\0cb\0\0\0\01\0\0\0\0Ř\0\0\0\0bL\0\0\0\0p1&\0\0\0\0\0{\0\0\0\0\0\\,\"&ӧOWjjRSS5cˁFdbW_}Ugy.R}NcYmgP׭L=>Z؇L_<4w\\-YD˖-ow}鲢\Z؇LEK,ի5c7N|鲬tPqC&!0Ɨ1j7|X^}ӷo_+<2홤ݻw,Yb`ELٳ־]C&L?LK_uO׭[N:;u:Wk׮u\"}>Ƙiy^?EMFȑ#5o[*v\\zJNNVRR{ѣGKcǎ|j׮/^X\'8]q|ܹVZUz|z&M(11Qݻw/nFFF\Zu֚?~>Z؇L_2]?Ζ,7h@V2}ݧ={h۶mzg$HLL~!M8~!y^}Z;%\'\'k	e\\Kzm61Bcǎ-vOm۶O?kԨQŮ7|ptMڼy6oެ޽{kС|AuA?-[*....}>c1Ju1G\r,9rԭ[*LC&q{&sϙF\Z>̙3x^Kpez\"͛7g\ZR֭[ˇ6vZ&%%;wfa2qqq-Z]v7nX+}}>I$oc|(0WNp\'Wfff`yϞ=zV2iڵk;uYjܸ%YgJOO/rL%%%6mZ=^uСbQ\rl׀\"+ϧ\\{(G+]!^طkN_}:rJo@&!l۶MǏ,P.]NJKKӬYP;|ڱcG_=zʕ+k.ر^W999-[khž>db2c|hï҇8iѢͅ^h6ol6mdvj/^tYB&!=;<?6M41_~eUJ2)αc_nׯm̘fԩf&++{f̘!Y\\%?tP3zhw^o:^fg}f>l֬YcƌcRRR̆\r1tMfʔ)f޽ff+kr{?ae2Oe	3Ƈc|~c̙3MfLRRRK\'؇LL.ԯ_ߴiƼkNTiU5cʕ+fȐ!СCMnnnHmg0}57:t0+V(v9sTzMnڵk#<b|>1Ƙ۷~\rT3o<zͱcBھOae#2O$e	{_1\rUp \0*	E&!}>db21F111db}\ng\0\0\0\0͘\0\0\0\0bL\0\0\0\0p1&\0\0\0\0\0{\0\0\0\0\0\\=\0\0\0\0\0.\0\0\0\0\0cb\0\0\0\01\0\0\0\0Ř\0\0\0\0bL\0\0\0\0p1&\0\0\0\0\0{\0\0\0\0\0\\,V㝮}>db2؇LC&!}3H2AGdb2؇LC&!]1!OS8\0\0\0\0Ř\0\0\0\0bL\0\0\0\0p1&\0\0\0\0\0{\0\0\0\0\0\\=\0\0\0\0\0.\0\0\0\0\0cb\0\0\0\01\0\0\0\0Ř\0\0\0\0bL\0\0\0\0p1&\0\0\0\0\0{\0\0\0\0\0\\,\"&ӧOWjjRSS5cˁFdb_]NaYmgP׭L=>Z؇L_c|ՉGhܹZdj֬y$]y.-j}NK.ղe˔t)VQzz.\\cº*}}>db\'1W-f]vˋo`EG&!=cyG#Lٳ־qud.]!DZ&2.21[N:u\n,wt֮]`E 9ȑ#5o[*v\\zJNNVRR{ѣGKcǎ|j׮/^X\'8]q|ܹVZUz|z&M(11Qݻw/nFFF\Zu֚?~>Z؇L_<]?Ζ,7h@V2mbbbiĉoڵ)99Y&L(X꥗^om۶iĈ\Z;vlw}j۶~\'?^F*vÇ릛n͛yf[C\rCl2-\\Pqqq!owهLC&p=KBBUF\rI4h@999WVqǵFdbHy.z6LÇWN\nުU+-YD-Z$m۶M={ƍlh֭JII$EMNNիոqr=Ç^z˓$lR_|\Z5j$IڴiZj.}\"-cbbb\\I0Nb?1ׯ__={:X>d<yӋJJJ\n,7mڴ{,\'|IסC]/\'\'G\r\Z4(^PJJ^|>_&effD-PVC&!c|x~b߮];}ʕ+վ}{+؇LVJKKӬYP;|ڱcG_=zʕ+k.ر^g[l)ъ}}>db/Ocxb~Gm޼YO>FtYQLC&p#Fw	f*I7ԁiӦ_?v^O+++KsUǎ]ڵ\Z6lkt޽f͚,/4iRߕ}be2ë_MfΜi5kf\\:>dbHDR?nkgʕ&...kxO:fqtFF۷_СYbE͙3Ǥ\Zkuf֮]ky1l߾4lФyk;1lD&L\"q_1O\"$LC&!}>dba\'ϋD\0\0\0\0\0fL\0\0\0\0p1&\0\0\0\0\0{\0\0\0\0\0\\=\0\0\0\0\0.\0\0\0\0\0cb\0\0\0\01\0\0\0\0Ř\0\0\0\0bL\0\0\0\0p1&\0\0\0\0\0{\0\0\0\0\0\\=\0\0\0\0\0.+INׁB>db2؇LC&!}>x$Ǐ;W\r؅LC&!}>dbcjԨA&اp&x+#}>db2؇LC&!gw\0\0\0\0p1&\0\0\0\0\0{\0\0\0\0\0\\=\0\0\0\0\0.\0\0\0\0\0cb\0\0\0\01\0\0\0\0Ř\0\0\0\0bL\0\0\0\0p1&\0\0\0\0\0{\0\0\0\0\0\\=\0\0\0\0\0.ӧ+55U1c@db#2˺u딖&MI&/M6lp,+$$$h͚5Enx<n<ۆne	т}}>db1WO,Xsjɒ%Zlx\r{N>dbC*--MWW;wҐ!C.\n111JOOw1a]Ǿ>db2c|㫖q.|E7}u#}ܞIa3^2*%\\$$$ӧٳg}/Qϻ<wهLi?~\nc|=?_n:uX\\]@&!;vL/.\"K¾}4rH͛]\'\'\'Wzk޽e}Q%\'\'kҥر|>ڵkŋ	>|.##CW\\q|>:wUV7|^zI&JLLTQFjݺϟ_VC&!1_c|6*թS=z4|`EG&!=`LjjٲeӥTJ29Ί+ѣm6{1YYfܸqfĈ!Vn]3h qFsϛ:uof3n8o>oΝ;^.]/l8`rssͤIL۶mvmfĉ&33l߾x&...+}}>I}b_|;=\'nTeggF\ZiРrrr<k!nzǴa͝;r*,\\3l0\r>\\:u*p{VdhBm6S7n,Mǣ[*%%E\'׫Y799YWVƍ|>z)//OԲeK}jԨ$iӦMjժUW	.}\"-cbbb\\I0aCׯ={zdb2[\\\\Ə?R3yd333XnڴixYNC^NN\Z4hPf{y^|>kehž>db2c|v髯VW\\;X>db삟cTV-Wbb4k,%$$=###c%&&}>vQzW=rJڵK;v,p-ٖ-[ʵ}be2؇1>4wOL֏?͛7\'ѣ.+}>^zN\\iΜ9K.J#F;8TKӛo(;;GӦMS~ia^z駟VVVΝ;յkW5lPׯĉJII	6ؽ{w͚5KYYY_4i$Ņ}be2؇1>tU/;m̙Yf&))ȥ܈LC&q{&}ӧziӦfРA&##*%\\ʕ+&772$:t\r/ӷo_S~}ӡCbŊbכ3gIMM5^tͬ]<#cپ}ׯiذIMM53^;v,}Iq\0\0 \0IDAT+]6\"DR&p<_1O~HD&!}>db2E\n}\"y\0\0\0\0\0D3&\0\0\0\0\0{\0\0\0\0\0\\=\0\0\0\0\0.\0\0\0\0\0cb\0\0\0\01\0\0\0\0Ř\0\0\0\0bL\0\0\0\0p1&\0\0\0\0\0{\0\0\0\0\0\\=\0\0\0\0\0.\0\0\0\0\0H2N\0\0\0\0\0*&VS{}>db2؇LC&!ʄC\0\0\0\0p1&\0\0\0\0\0{\0\0\0\0\0\\=\0\0\0\0\0.\0\0\0\0\0cb\0\0\0\01\0\0\0\0Ř\0\0\0\0bL\0\0\0\0p1&\0\0\0\0\0{\0\0\0\0\0\\=\0\0\0\0\0.\0\0\0\0\0bI%5[R@ҫZõ~bI<	^\'W\r>db21>?,6;L+$]hEX.iK^KV8Z\'Ɣ\'z\\8~b2؇LBVIOns%\rs0^WJJWHZXEL\'T{6<^$>D?؇LC&ߞ\rsr\'J\"P\ZڑIRI:T\'Gaog\Zv+\'J:_$Ij.$m)ݫUa7HRIgK}\'ZOC&!Ix0Ɨ\';%}.7$uHm>OBSw\nˑ4]2rr!A_\'+%;,P{Hz6Jm\'!}$4aC}4(I}*zb6,j	gB?$<㑔/fK:P$._~32~%iC}OSs\n>\'!}>֏>QĠ$q5(6_W`OFBWZZ.)/vo~Y)FB˕\'ZOC&!I`/\'gC:NV-3B؇~R.RpK-{$V+K	S=ф~b2؇Lc$Y%e{bv-wDB&=etHFkǫO$dB?~T%hѾRښ\"Kx!&rl_]?~ľ2Lc|^Cw#2j-$vDB&o>CF?	ľI+Ϡ}\'^2ʐџd԰J!gd4PFdFF˨A91\'~\'}?dbT=r?y^$r	C\"؇LC&!}>db2Oĝ<\0\0\0\0(\0\0\0\0\0cb\0\0\0\01\0\0\0ۻ{%$<Lҫ%B[@s!\nxYE|\nP)WԪEB]ʩJ[NOnc<@գBx(12	~ȐdkŞ0o~h\0\0\0\0p1\Z{\0\0\0\0\0\\\0\0\0\0\0\0\0\0\0h\0\0\0\0p1\Z{\0\0\0\0\0\\\0\0\0\0\0\0\0\0\0h\0\0\0\0pg#}>dbndb\"ې}>dbx$cSGdb2؇LxTM$VXLb$œu\'i	\0\0\0\0b4\0\0\0\0\0=\0\0\0\0\0.Fc\0\0\0\0\0\0\0\0b4\0\0\0\0\0=\0\0\0\0\0.Fc\0\0\0\0\0\0\0\0b4\0\0\0\0\0=\0\0\0\0\0.Fc\0\0\0\0\0\0\0\0bQ/]TJOO˝.\"~ߨ{g=w^M4IJNNĉ{n*t^\\\\>x<>7ٷvH+^tita3ZYtEXߩ?/:]\r$Ɖ-^tُZ!蟤HK7$89H{\\n~ݺuZf6mڤ\"KZN>db͛7HǏ?kݭުLm^K5l0M:󋴀U~~covh-KΔ|A*\rJJwtU.{Azs>/mNW\'vҟ7J^7s4reԯ4ίiզH3dTJ ͊џ$7\'cǎռy4n8I҆\roiٲڰaÕqF2GC=${V퉉ڷo.IѣGTY鞏]\"IϞ=xbѣ/7:r|^:&7MN~LYFRHɢ:od4!WAiS7#ܞI#)ޅ/{n[Ւv\"\\Y#)ew\'\n/ge\rSIILC&vol*VO=ƌÚ5k^yUUUU5MuuM@ M2Ej\'NP ͛)߯mܸ1MÌ***tukڲeK۽{\Z=z$9Ѷ0azAiڵjmXM:{hD塗Isqbw߷RsZ뜐tg>\\yie%?Ȕ~HYW/]oORુQ#Y%I#UqFyta4ҶOά;,iZybRå?wf]kQoC~x9!!AP@&!ZJ7nTbbz7|S+VzCpf?|>*)H@@>`ڵjjjj*kڿfΜs6=ܣk߾}uw6݌3t-Leee\Z;vx\r:To[nm?VU}GʺUtE|\rWߩbK,ӕt/kH/n_JǼ;~~yj^QZTU]p e_J1CxQzfyRd/{珝YtiZi!鮅R3Z{ގrqqq\nBҥOcT]]peg)؇L\\sU~\'cV^O>U7:T&\r3}t͘1CYYY8p6mڤH߯Z;wlG{Ujj$N>OG9k@ m۶O>=vzꥺ-;wޒ]vim޿~*~_\ZKտٺjtӤON)F	I|\"S\'s{&6Nz*i_t8ډZVuƩ<RɗRuR-1Jig>Jon.U|ਔ_}2ERNw׳Ro/WI\Z?Tz+KJ=~SQw*~||`xR>\' 9LC&{Wu+11QIII6-Oׯw,-ZHg5`P)))~5o^wﮣG=quuZ=5a7Ib0ltL۲\'JHK`<m~3K-osqrIcnp_SߙN7]ұ&Q*^g~K:F5Ug#5&$]r.HϬ7D_ovmݺ-\\\\\\!C8X>db\'OԩScb ))IZr\Z=^QQ^.//WRRRğn\Z5J:x?o5:CfϞ=hX*O;w=[|fy럥Ü74?^.2KNW{6}\'}~[BdiOmМ_/-]*}G1_mގr}c?{-^HwVYY\n5gˊidb2_vv^|EUUU)*??_Ne3g__J\"I99zU[[PZK,QNNnğ{zUUU5k(339#F(11Q;vJMM\r_\Z0rH\\RUUUTPP\ZU3#\nJAIϑ>tUm=Ҟd4m=<G\ZwtG+׋sX:kU\nV?v%_:OsKOR˥\'485\r_]g6>oGp{ׁuW f$m2ء]O)K,]wݥ\'xB4j(=4̤-\\PF\n?VP~hРAzkSOEu뭷*--M]tyfnM|r|>]ve\n*,,߮\'xBzc=\r6ԩSz^!.ntH]\Z{i`<!ep8C_}_6컕RzW{EG\ru\\,ͿC\Z?[vfϖI\'HCRjg^idz.*={KN](</\Z`ъLC&!y7jFdb</Z1Nu7\0\0\0\0 \0\0\0\0b4\0\0\0\0\0=\0\0\0\0\0.Fc\0\0\0\0\0\0\0\0b4\0\0\0\0\0=\0\0\0\0\0.Fc\0\0\0\0\0\0\0\0b4\0\0\0\0\0=\0\0\0\0\0.Fc\0\0\0\0y$\0\0\0\0\0\0UN:the>db2؇LC&v1ƨK.dbƉ}fU<cydb2؇LC&!}>dbp=\0\0\0\0\0.Fc\0\0\0\0\0\0\0\0b4\0\0\0\0\0=\0\0\0\0\0.Fc\0\0\0\0\0\0\0\0b4\0\0\0\0\0=\0\0\0\0\0.Fc\0\0\0\0\0\0\0\0b4\0\0\0\0\0=#.]tkNݫI&)99Yɚ8qvtYV|p&uێ4x0Ƿ9ܡbuf\ZmڴIEEEz饗~o.+zھTÆ\rԩS.\n^W=1&o1ǟ;IƍG3hLƎyiܸq\rҲeKa+k?g}.$=zT@@W~ʤgϞZxzPGoKgd>n$xc^3aos{>b@iiYYTRR`EVaajkkSOi̘1NeÇk֬YzWUUU656mRRR4e:tc8qB@@7oVff~222q6\rOu]\'߯Çk˖-n{i۷4rFVTTh	ݻ\r\Zk6%aos\rB&q{&=z0\'N/7qqqVqn.3$3b\nU;]VD*y͜9s=9s̼yLee\n盙3g={ɓ\';wZl2s7mfϟo>l^{53|fK?ojkkMMM)((0l.\\h9pMnڼ{}D#239ԩSτ90G~T|x:Is{&qqq\nBҥh&$$̝;WS^^1Zz>W(R4<5ceee5z|ڴi Iڿjܹcz<ݻW:|>9rmmۦ>}|رcի$IiiizwԻwoIҮ]4p6^n\'шLLm7Qp*>s|ێ9Bn`3	_\Z~_{qp{&ׇ~(/K.Xp;~EENw|>}:$I\'OTbbb5={СCڵszêѣG{`0>N]]?6^n\'шLLmƞ9ma5@֭\Z2dɓ:uTxرVc$jʕkxEEEx\\III~߯V4j(*/zӳo[\0Zoa,\Z{ ̞=G/ݻUVVB͙3bZvv^|EUUU)*??_Ne3g_f*I99zU[[PZK,QNNnğ{zUUU5k(339#F(11Q;vJMM\r68rH\\RUUUTPPnݺy\0h	s}ێ9>:pɾ~if3<t9F&L}YlRRRs=t9L3ydӿӿsM7JHeq݈L:53gjjjt\n3~xoj~f[zIOO7>\\uU<c9p1&==ݼ+\'Oir81Fdbhy8{u5֭ӓO>^xAwLG_CKk7_E&db23a>\\3Qp}4b\'ꮱ_b,X4wZ½wd\0	\0}iiYYTRR`E \0@$0؇L\0NoCPOIHRBBBL\0\0|b2\0;oq4A&\0H`>\0\\++++d\0	\0}FFn^...֐!Cd\0	\0ةtshѣ䒋eQaa}Qˊid\0	\0}Nx8_W^y^\n\n\n4fˊid\0	\0#4p؅LC&!}>dbc^/Xqb\Z{\0\0\0\0\0b=\0\0\0\0\0.Fc\0\0\0\0\0\0\0\0bI\0\0\0\0\0*;ZNڇLC&!}>dbo\'Ɖ}+>\0\0\0\0\0Q\0\0\0\0\0\0\0\0\0h\0\0\0\0p1\Z{\0\0\0\0\0\\\0\0\0\0\0\0\0\0\0h\0\0\0\0p1\Z{\0\0\0\0\0\\\0\0\0\0\0\0\0\0\0h\0\0\0\0p1\Z{\0\0\0\0\0\\K.Uzzӵ|rˉ9U߾}շo_O?m\rՋ|p&uێ4g1ǷsCcĀui͚5ڴiK/i:]VLSnnvD;v|ó4uz2:*??߱7Dt;\08?vGqc)=cj޼y\Z7n$iÆlRmذ|JMMաC$EGFʤgϞZxzQGoKgd>n$\Z揆1z΄9e9\n/ge\rSIIŶ\'OW\\~8|f͚W^yUUUUnS]]iӦ)(%%ESL	:\'NP ͛)߯mܸ1M***tukڲeK۽{\Z=z$9Ѷ0azAiڵjm\0h	]si\n			\nBVۺv_ZlY12jꡇhͮ|zUR|V۵kWhժUz״~͜9Ssmv{G־}t;lv3f[nQYY4vX?\Z:t>c7Pnڼ?\0.c?7s<[Ib3S(R.]$F3!!AW~nzG駟j͚5#He8ӧO׌3jӦM\Z0`$iꫵsVxw^Jtȑ\rڶmcǎW^$wQ޽%Ivۼ{yD+23!0Gv{ ++++(uM?#-ZHgM`P)))~5k	_wﮣG6]uuZ=5amiM۲?\0.mY4@֭\Z2dŞPo15\0\0	&IDAT:dԼ$jʕkxEEEx\\III~߯V4j(*/z蓙={|%coȢbsx\"޽[eee*,,Ԝ9s.+dg_\'xB5իu5ׄדQfΜ_=|\n$_VmmBj-YD99ѣGWUU֬Yf;rFDرC+555|ȑ#rJUUU>SAAAZ\0Z<c,vO?IKK3iiigq#DC&>INN6)))ss[&}k33\'O6q{FʤnݺkjjԩS_yyyMl-0Ǐ7fСnvիWtUW]eJJJ?l~1Ƙh+b|>9ydo/0؇LSN.9}~y޺uO^y睧)S7q!t20؇Lp</Z1Nu7[b,X4wZbe42\0D}\0ƾTYYY嬬a*))q\"	\0 OC&\0`\'7PџHHHP(r\"	\0 OC&\0`\'7x<N&\0	\'!\0pxree|>L\0\0|b2\0;֭\Z2dL\0\0|b2\0;uu={-zT\\r1*,,ԣ>tY1L\0\0|b2\0;+UAAƌtY1L\0\0|b2\0;y$x<\"}>db2؇Lb%0N4_c\0\0\0\0@,\0\0\0\0h\0\0\0\0p1\Z{\0\0\0\0\0\\# \0\0\0\0\0R]%qCpI}>db2؇L]8w\0\0\0\0 \0\0\0\0b4\0\0\0\0\0=\0\0\0\0\0.Fc\0\0\0\0o~ݻ;t+99YӍ7ި;Pal[tӕ˗;]Nbc޽4i\'jdb^k\'v`4yў+͛7HǏ?kmݦlm^۷+99YwqUƮui͚5ڴiK/i:]Va[oUffW\Z6lN\Z^O&vٍqbƉ]1~_?ax=yqgԩS-WULRRR\'T9n̤1cƘz+o0Ǐwsc&$$$#GLBBBۓIvٍqbh\'mlU[[k.\"qLj+??|ys+BC\n/ge\rSII&Ɖ]UXX`0Z=S\Z3fLۓIvٍqbƉ~_/Ï1no:͜9S{ӥĔP($^NHHP(r\"|IXj6nܨDCoVUے3xrƉ3\'8|ӟcBQWUU)\'\'G_nˉym2:,X@\'NTEEG?}?k;2]vb؅qb\'Iۺu?|\r>m7΋߷oF\Zk޼yNs˕|V0N:׫o]JJJҴiyZ~}mYvYw`8C1nD]c_QQ+//Ow}Ĥmݺ-\\\\\\!C8Xbt\'OԩScǎ6ZO&~1N8qΟ\'egg8yCj3wqs&e/7eeef׮]fĈfƍN!n΄qbɓ\'\'|:tTVVӧo9Lk]x.8N|W~f׮]g=\rƭ\r44W6:[V?+fܘIS>INN6)))ssc&|fɦ榛n2db^k\'΋q>!!|ͮsqk&\r=fޏx<\"}>db2؇Lb%0N4\0\0\0\0XBc\0\0\0\0\0\0\0\0b4\0\0\0\0\0Gw\0\0\0\0\0.u=05:}2db2؇LC&!co#0N4^W؇LC&!}>dbC&\"4̈́k\0\0\0\0p1\Z{\0\0\0\0\0\\\0\0\0\0\0\0\0\0\0?>{\0\0\0\0IENDB`',NULL,NULL,'Captura de pantalla de 2019-09-07 16-12-26.png¿¿image/png','Captura de pantalla de 2019-09-07 16-04-10.png¿¿image/png','Captura de pantalla de 2019-09-07 16-03-03.png¿¿image/png',NULL,NULL,NULL),(16018,'PNG\r\n\Z\n\0\0\0\rIHDR\0\0r\0\0\0\0\0!\0\0\0sBIT|d\0\0\0tEXtSoftware\0gnome-screenshot>\0\0 \0IDATxyXcX5R.$Q)R\n,T$*	dfb1ϙ3s񘇹|׹G=,gm^TMZv\0\0è\0\0j|@\0\0\0\0\0<` \0\0\0\0\0&\0\0\0\0\0	r\0\0\0\0\0\0l\0\0\0\0\0\0` \0\0\0\0\0&\0\0\0\0\0	r\0\"jkK\0\0x5@v\0ܱ5fK\0\0x5@v\0\0M?,q#N4å:w.ֵSV2mw WAｷpiy\0\0dj|bAzdjݢ筿u*\0\0ZEC-o^>yjW&*<\'B\0\095~tgvXP{rr`.\05mS;\'ӱQQ-L͵|KR}ZYSV~,@STiS}\0\0\0wq=]Cꮾ%I\r;1\0p1Nl_-Ij׺YrpJ_QR%JͮӸ\'ef*:\0\05wts^ھ*\03\0^ťU\0`#IZb>{JZ5wM\0\0r/?k|P\"zj`I1R\0&a \0WɄLשQ#LO\Zڵ\"TО/\0\00S~\"T:m}\Z)\0װdcAZ$˲1\0\06_5~3Y:|FKz&`\0F9\0`\05jTWO<:@\r[+$S]x\r\0\0X~:-mn$:{{3r\0@)V!IK.YGPP͟,SgUl}xwmM[@\0\0 3]>tY&~3r\0PeDi}r\r1A.eDiDKޜQu\0\0#?k|!6\0C8ay;kI\0\0x5\0\0ߔ]\0\0\0\0\0\009iM|g{7d~F$&&궻ӮuCJkŒwe\'NkO[4c:w.5LRzպE\r)(rf͝XL\0\0\0\0\0?#\'  @;N5S֮AT(ucw+Yykz쬊)00P*=wv7W<\0\0\0\0\0\09#\'3o.3/(%uN|,y;ۻSguE*RH8T5=yh~kY{+je>rL^=WjjU=<T}zݮ9s?v+~\0\0\0\0\03r6jJںzuVPE۔ N2˒\nrs%$$nDho;u!S$M˦;\0\0\0\0\0qFNnM3t\n*U?mu[vu[vUkjw?~ZI}ǞTl۾[\0\0\0\0\0|I:uZZ5SpHiuh{9߶v4cg&];?<\0\0\0\0\0[νtHF|XK?w/\'}訮YM֯7{$9\0\0\0\0\0\09be$]撤oVE溭\"Y9@\ZUbAjP\Z\Z9@j͆<\n\0\0\0\0\0[^6Rg8pX;v\\_ѣQ~ͅPv7F0͚6)ղ={Ԣ%_yRo\0\0\05\0\0ߔU@NN|{ս*}yjBE\r|d-lpE<oԼ+>\"&-{x;yRrbrbrbrbrbrbrbrbrbrb@NfI;ߝ{]Ͽgv%)&^}]ƻn\0\0\0\0\0	~q\0\0\0\0\0\0_@\0\0\0\0\0M0\0\0\0\0\0`\0\0\0\0\0\09\0\0\0\0\0\06@\0\0\0\0\0M~Xw*UBV\\`Eǜ7jֻ*>R$<tbbnkN<&8V,yG$áRtt\'!!AGk7iKu\\lʔ)[[4Qِ2:y\"mO޳u&>?M߬Zn[w\0\0\0\0\0|W3~puǭTU6MC/ms֩u5V:WbrxQeCJ~Z*zzTdqײ%띷WΪXUbysg~y/Q,&Iݕ\0\0\0\0\0\03reuH&\r%IM5ZbsrItIݻ}&˲$IwiRUHT۴iLGkCԦe3mWSh׫gUjan3cIR{+je>rL^=WjjU=<T}zZ73c?Pv7:+\0\0\0\0\0@ʧ3rΜ$uhB%KКȍ\Zyj7hnV뮭+IWjUUMq$mf\\>\\LUp82l8m޲M}}$]fe[4$9N]+#IjӲiMJ(y,\0\0\0\0\0\\laIfPS,oݒB\niU䏒ۺs5ӭ_VMU\\Q?br}MD{$IU+_>(j%I{RmnIRXdIƾYl\0\0\0\0\0%_NXM7R＿XWkQ5lP/u\"ڵj&>r,˥/Zϒ6KZhnݔ\nr-	)n˸\rF%ܓhx_2,\0\0\0\0\0NG\n\'Ҝߠ1\Z󒪮>$Zm)#VבԮMsI䉏kK4e(IRͳ|\rH<kNnH<mٽgV|󽂂CS=apqG?]fY(]wm]8u~N:WTz]+7\"ӭQ3\\U2>j%EDTӾ}RPģ$IZ]Of59@c/h\Z\Z52i5)t>JxzdvSjn\n2˻\'wc=п~_끜:Er8tڷnj?n˥ra^s~ٺCGF[M y{SCVR\rݟ?OpM/\\:Q5iִIݳO-ZUqgP߻ā٣\0#]@\'|9#g܏ڡ*/jzc{{/W|\\/>.\\)u?!z]zgޢT,R3ZF\"]Zv!>2NRMT6N7jwc&Iq4gz=nAk{wRG{,˿|o(Mx~&<BʖQ}ZY#?uV`@~ݾ[S_#GOH*ѡԠ5*\\8P۶֫+\Zo?RL975rX?/Uk6Wf(ҿySN\rޭVU\'OiμEv:Iߏ^gS¿4qTFskܤ״{>п|\rp	 j.cB5*G=<s^iڥjҲGqO~״\nphXŜ;ʕ*=yի{\n*~ݮ#\'J{TO/[whӽ^$&&*>\rr-B͛i-O$\'߭sFZǲ,\r1A[z?b/^T|%)]JtêTH~m?:cyoIJv_~D?AVxcWv}[*\'	]Nx,r$GM4cj}ko,ӽJ,cպcoItcۻմUO3LԠ5U*I\Z:b꩖ʹ\0%N@@-X{덙%I#{*IzldhKO\"á{~?-~N$Ui3wM׺fa\'Uv9Qscw٥;	삁xT\ZᒤşЅqZJIRtN{}=㺄F0͙֯^ΐ$.|Oִ\Z<JqE~o%I+UHf0IkSѺՋ4uXIR+k[U?hRLuM/V4ʃ?3#	 j8v\'|G|Wf#&s88\n3z<S3D\rrISЯTVԨAm=طxL,K&=˿鞗xI?!sn<2/F?D]nO`\ZȁGߒ:X I?i~JiL\"#ǹ+Ѿ˾#=$5i\\?xEAEn%IHho~5I7KM[TV=*{2̴\'pL/79ñl/E?/vp6GܯGyGe\'T=<Tg,˲tY+[F_.]Uڳ?65^\Z>k+z$^_4o<IMek^\\\\~g\\K<ô\'#Uތjȇyv.ֿ`P3rQ7lIcJHHЁG4fK/ny:uZ17Di;|t8?\r?g\'O˲DM|\r:oɧ=/Z~L}[K>W˯S3L_~bmZ6v>Ŵc}&g8vʹ\'5޸Ǐh8I*SnnDeC3\\Ys/Vt?MǣvϚ=cŦpųT|9:=(1JР*W6X1ͪ7CQr-y<o9	$=wޓzth?5w\nԶ:pp5mSa5rC_j59:rB\nicԥCk:sV3^O]{oWJt<`X\'߂l[?I>o915)[NrB?I\Z=}xɒ[SԫggUPNTf(Z1 ղ:uR{ʆVzR-?vVUX^*RZ}zݦߗ/	\0\026icjq*}EI/VT\ZcrOSU+JD⺹u\Z0޽mTDU*UıkM7CZEZ3T}\0Qf{ªV#4~պ&>=\\Cէ3T$*TH77^ͯONS>s\rzڴl߶r-oޤ$~#ua>>XUT\0\0ߺƬZ#&nO^FhJZ5wk^-%Io̜˾Q{n{jOn?ս[GV~>\n\0?miݢ$鿯vBEmm^yIRMܾPsccS?&mf\\>\\LUR=̙hIRv-Td	ܨ[=O}g$eEOrg$59-h譒)n晑\Z54gZz~8CT*W IZŷp1N,Y5%I?[˕ay)>c\0d~;{FNv\0ZI}ǞTm-I\nKZ]}xNjTu--UܵW4݅\Z#zoO=x_ܳW_|X]{\0\0)ovmfjԠSW]Y]O<B<=f\Zq^6mYV/k2\n\0\0mQf&e_tM\'_Vǟ%Ikm$jq+ԽFk{U\Z;j\r9\0\0K	Z=سo(IRӭWZ\nq~wU+$S]xQIѤ\"ѭ\rR;k?$HZgNI\0@Pf9=*߇ʚtmZak~k<i#SoSjOjצ$i]wkҜk܏ԵS[M9?7L{\"Zj$sc,H9͡rnߚ/\Z5aVgbԵlo`ed\nIz酧tuU\"ũֻw{(E󧹶;zjeYN:resԾK_Z\"kĐ5bp1_LS֣CףC<ҭLc;Ȋ?jg3rI4z\05jXWŊAk4jZ!m/]DKIO*Z\"\"I&?7J_/V-*00@\'On\0\n3cZX*TH窍wܚ&K}@/Xm=;yksl?tIOy:uZ17Di;Åw>\'xIR`Bht1%$$#\Z3%m~\0\05>kƞPv7F0͚6)ղ={Ԣ%_e푣\'jݢE6g̞Hk~}{jȀjӲ;C}z1;arCr_PbyIRӹjMfٯdPv1fϞNNkghgߤiVvé^K	0T[roW~ިW\'G?ƛ\Zwȹ{Qzu&*\\FQ\'Ok5Ŋ-ɒj9nSvy4gGRnBʗ?bvf1U[4ۻ}ޮ**x)};IRP\"ZB;	OӄQH2]Ǝڵk&MySǎGIB+kT\nЯwkst$B\nicԥCk:sV3^kN<~a@C;n(Cv:͘5_2\\_r?yɭyumkoГڵywܪ1#}^oYZ%<O\r]mn:}H)Rg_,~[=`6R4v%{[VN<9U<IE.j<5>x¸K2{<[Fcb7U;vԽ9kΟ[۩zꖮjڪ;j}VV=u#%I		=cwnnK?)LM7CZEZ3T,Ih+U{QVE_Q^zIպ-ƍ]rpJ_QR%JͮӸ\'M=n렠\"R&}$]ٵa\'x?rkwBPp+tϝ];3]ݜ5&*Ց<5iZE%I}!}r2icjq*}EI/VT\Zct=4\'+Rc+kVSPPU@/XxSs5Ÿ>IfPoz_tם%]~Xŵs^uZw_hQg|^yc$k8|nl{}q-ԡ$鍙պcTw\r;V%IO?;UKtM3]ݜ5&*ȵdYnlWh\Z_WOӞv{w߷	Ͽ.I|wn\'yTVU4tD5mS-;ܫc[YR`np\'{~m\0\0 \0IDATΧ+<6vZ\'N=;\0r\Z_E\rj<\nm/j$-l.\\Ӳ/WjT=,4ݺz_gĤ?罏u}|F=Jcy\ZazzծJR$IKV.%5^Ϯ\r;VXUͿmYqtsI[e\'cWj\ZԽFE\nַ)uwz$O\Z}q}OOޤ=Ci՚e:w.6yoS9Mf0IkSI5֕5rE.j<5>mP㑟>r¶GBΓ,JSŸt˞3D\rr\'7mGZr~$̭	yTպe.>\094v+妿L~mڶjF\rj=uՕS/dZ&ߠ\'ri@nP5޻ܶAG~*?[ԣ[G+\Z;I\'O)٩Tw3/V$h\rHz^wvqv#GJZD^iܩe_L]߯IԼuCڷowa+kh+| ˥-]yY7`$InozP.6kwoR\Z>jnjwV{] \Z]xjDyAp$!+ۏ4ahG_펣ǝEi5{:y$s$I37\"{}[۰Oi}*I䉏ݷp@qK{*vKv1;Hz]]cwǝI;xnmaI\'\"Dy酧f}\Z]{Irؤ/?MW-U;o3_[M?,ڕh,jwQ5a b-\Z?5>rL			:pƌ{I~#:}NDVL9;z͹:uZǒ.\\o[KtQ==;OC\r,\\ȭ6GZ˾X.RL99?]/4O܎yq\'Uk6H5IO\'˻8?\r?g\'OH-xsG.i\rw]~L}[K>W˯n,jwQxѤe\nؼv쑯Q\\/q@gxV9AΐPC?1919191Ov9Yg	\0\0$j<\0\0UȳKt16No^P\0\0Q\009ȳv\0\0 P\00V\0\0\0\0\09\0\0\0\0\0\06@\0\0\0\0\0M0\0\0\0\0\0`\0\0\0\0\0\09\0\0\0\0\0\06@\0\0\0\0\0M0\0\0\0\0\0`\0\0\0\0\0\09\0\0\0\0\0\06dy; oTDNLCNCNCNCNCNCNCNCN̓MN\0LyȉyȉyȉyȉyȉyȉyȉyȉyI(X\0\0\0\0\0\0{#\0\0\0\0\0&\0\0\0\0\0	r\0\0\0\0\0\0l\0\0\0\0\0\0𫁜3g;B9\r@I?R~5G?)GC?1915Q]((Νٳ5o\0IZI$&NIћA~b{{i~=\nG~brb6j\'+9#gʔ)޽@nWҽW$$C/$̓OA?G?1915/r<Ev(ȍIs%=@ I&7HXp,Hy\Zsu9&JN/)ERUI%\"lOv{%UTGi$E?1915,Ϡ_7NTR\nrQI㴛P\'f\'kӊ4]RS/%\rtXqI!.+K<;._]{#~LN9x\r<LxOCW˲|*_~E={Ԏ;Txq9.p8}a9;ޤi?\nI1iK:X<9~R/t>JI[i_vI%\ru$bYlR<YS=~brb\Zogڣg-y\'5zh/^ۡ 7I JxH~bI(f:6<\ru	Iqnߦ]{\'ӴcF^PC?իWkذar8G;ծ]ˑ-%Q{-\"49:N~bIIRIշx)=!9l/hO\'!\'ƛ~R@eY~ڵˑ-Vy{-\"^\Z\'桟r~rH:!iߔb}. if(OCNC7Q	,n4LrO	\0O\nl9O>).y{\rIQl36iF{3%)Y90SҒ<o\'!\'@\'\ZfǾ7xE<<<<<<<<~c\0\0\0\0\0\0_@\0\0\0\0\0M0\0\0\0\0\0`\0\0\0\0\0\0D`PPPk֊vH)^4<<<<<DNCNñ,xjs8&F)91919191%91<y\Zyȉy8v\'cV\0\0\0\0\09\0\0\0\0\0\06@\0\0\0\0\0M0\0\0\0\0\0`\0\0\0\0\0\0؄|G{QnTJU\\Y={ԡC!Gt]RP}f͓ގs,J*ɣ\"ߔvd6֐?(\\_.n/U++un/=*K#),駷^)-)\\~\Z_|r gՊT|||e<ڶm;wiΝR(=͇͇Uz;*w?K\'Q7YZRK~me6ZH5==/3WKNImHCȝWq2PWIM$Li*W#BJy;\0sPò,{bI4~x(;{6ZW_}N8Q@,ÑdhIUv$Wڑ7u\"\r{FF_,n\\yaE?\"% v_7yI~46c$5߿;,ef\'6FuN[J\nfPydcWJpJC?. )S2g\'vIJ*\"qgL0A{q;vT+V)ǏKx;\ngԨMݿy/G?\'Ge~v5&{	jWst\rKm7~QJS\'IorN_T?J7ԓFb$\r*թ.].\r/IIKTԪ#iHg<o\nH7]/^ߏҭ=.O;dA_@$bzg$͕j@4x`3ۡ\rqO\Z#og[\r	O{/F?1)k%%}y̓#f뫤㇥\nK:Nii\'ʔ%m[ZM!RҎK]^6qbiiq/M|@iiiiDi#eq闟u#*/9G:>s\0g\Z_5\'/Jp82̙3;եK=B_ꬤJh]WB:#JNT#X:h㯕힓d3d/C~N\n+ᜎ^B:~>omzJry^Z盥jӇ/H]&}+WW5;Ŝg$uj(9}RnRRus.\n:)=;]*\\Ew5]oҲU$J\Z4=O>Kn잓ÒZIڛ4m\n*j|UժU+uɧq|R[nN}AO]Jd>\nl% I=tiQRҗ+NxZR9+)~h_~\rͥ[]RNzdT9H*3Sze^ű@uyGb I=Q=rԩS\'_Fv8IKFPQ.f\r_6^yT:o+퇝r).vs^2c|XE+9V4}/iГ#wf-i.I%Jz/p2ҿٯ\\G\'_{-\"5rƎnM#Fv(póå[{JC~ghi8@Y	ގʿOG1K;U>/Sf蜗u\'iڳ~1cwI;O>\'鍙R)n#-YtIURbo?%0ZwJ:%lގʿq2Эr^NqI4?~ZDH_jO#\'\'V%fut骫\nSDƧrR([xݯJSHҸR;Q=\'3N_zR\'v3z^Ӯ\'H}Gۤ)oJ4Z)<BzuԤsYco8oX4eT?ܹ|FirܛRnN=r$@{TqЇQؕݏUi94@Ҫ;HX<r/5^95>y߲Ɂ\\f_|\r919191\Zy|b אp27;\0\0\0\0\0\0\0\0\0\0\09\0\0\0\0\0\06@\0\0\0\0\0My;E\"\'!\'!\'!\'!\'!\'\"\'!\'e\"Y䄧V8!Rlrbrbrbrb˲@NC?191.3O̓ӧ\n\0\0\0\0\0&\0\0\0\0\0	r\0\0\0\0\0\0l\0\0\0\0\0\0` \0\0\0\0\0&\0\0\0\0\0	r\0\0\0\0\0\0l\0\0\0\0\0\0` \0\0\0\0\0&\0\0\0\0\0	r\0\0\0\0\0\0l\0\0\0\0\0\0` \0\0\0\0\0&|~ g׮]ҥ*UJ*s.?r`銈PDDfΜp rb\"rbjOJ*m۶p8rfNuwݼ.P3G/8>?ӿuE{O{O_XvXpҥKh\"ZJZpKoȉyȉy=Є	eyt=.P3G/@`oQ`[n]˗:uň򎜘9IjrRT)kּy<־/SbbCNk9cWZ˨}h+?#\'Wn&o7ڵK7vM7n|oň@NCNFIСC\'u̙׉C=0O>:}tm\'$$(,,LWVFkʕuR]*$$D_6oޜzڷoJ*|jٲeuԽ{wUPAW_},Y*WCNCNFO\Z_p5ޯr7v(pٳg.[Ξ=ň@NCNFI/  @Ǐĉ3\\>~8k֭ھ}3dn``bbb4w\\}:t#GfѣU^=\Z;v\rz\rR߾}~߿_:tP]˟~i5lPwVdd-[\"Eerbrb6j|zvB||&M?C-v8p\ZRJٳ*T$Hlٲer9IWjrjРAjܸqW^yVZ\Z5jH:֭[k޽ٶp8tKt놅i˖-Xbŋ*]$I5kO?\n*Hۧ+sò,غp291])Q3o\Z\Zct)3r)cj͚5n*SN:>y򤂃ȉyȉ٨=<y&LЩS\Z\Zꚮ\\r$ ]p!Ull۹swp+$$DMy_q291915>s9gϦ,KER4ȩ矷7nܨ\r\Zx1\"P{S|yuEsQRR͏rM=zT˗뇄ѣٮwUVڸq?GZ+G+]!\'!\'ƻ\Z|~ m6:ucM6nzz?~\Z>|k<<\r<X}Iܹ>c?^gFkڴiܹ_}zu-ZH\Z5pX5iDʕӞ={4qNoٲ̙3gȑ#WCNCNCw5>slǎVǎ`rֽkEEEy;)={UJ+444ݣ순9㩜dƍ\"Ecbb~oĸfFg<**ԩULaÆֆ\r2\\oVDDlhھ}Z!!!eYÇΝ;[ʕ\"\"\"O>\n_\r_y/.RN|EY;Q6#X>vP_A?191.3O͎\0\0\0\0\0|9\0\0\0\0\0\06@\0\0\0\0\0M0\0\0\0\0\0`\0\0\0\0\0\09\0\0\0\0\0\06@\0\0\0\0\0M0\0\0\0\0\0`\0\0\0\0\0\09\0\0\0\0\0\06@\0\0\0\0\0M0\0\0\0\0\0`\0\0\0\0\0\0D`PPc@>#!\'!\'!\'!\'!\'!\'!\'!\'!\')_4eDBAAPbb@\n<<<,ePB0p2<$p`8rlrbrbrbrbrbrbrbrbrbr=r\0\0\0\0\0\0l\0\0\0\0\0\0` \0\0\0\0\0&\0\0\0\0\0	r\0\0\0\0\0\0l\0\0\0\0\0\0` \0\0\0\0\0&\0\0\0\0\0	r\0\0\0\0\0\0l\0\0\0\0\0\0` \0\0\0\0\0&\0\0\0\0\0	TzumV6mv8ȡӧ+\"\"B9sÁȉȉy=+Umۖnu9u\'CNCNC5@άYj*mٲE3gԓO>~XথKjѢEZj\"##pB}ŗ˯P{2	&x-z=]!\'!\'g\Z_,n8q5j*S^`=ŷr_/_auɋ9191s⋵S9)U5}tk޼ykĿ)11	]!\'±\Z9j|ϟcYVSOvڥƍ7N۷obD \'!\'dСC\'u̙׉C=0O>:}tm\'$$(,,LWVFkʕuR%**J]vUHHzm޼9~Wo^*URղeTFEE{Pj-Y$U\\m8v\Z9j|xyꩧ4zh<yR+gz;,ٳ\n		qM-[y9191\'k\Z?~&N)88X[n;gy&vsO?աC4x`92Gzرc5lذ4hkСZOaÆڽ{\"##l2)R.PF/\Z7ް*T`թSZ`\nS\\dI+!!5}%+bDyGNCNcXO$e;?e˖t#\"\"<hEDDզ$/ZŊpPرcٶօ\"EkԨa?~5wmpy.ZN|eYxwڡMv93r$i:~vءڵkbŊ	n*SN:>y򤂃ȉyȉ=ٛ<y&LNRhhkrʩƳ=((H.\\ph-[6vܩݻ+<<\\\n		Q|||xS~c2vwWj05\0\0 \0IDATCNCND5>@ΡCꫯt\r7x1\"D[\\7nT\rȉyȉy=)_t9sTRGEE={CBBtl׻ժU+mܸQǏѣR-Vttkcyȉyȉy<cMZ/kYƪTi&oU`WX7x~k߾}V&M+Wz;<!\'!\'{N|x*\'i[o*Skވ#SZΝΜ9k\Z5\Z1b[mfgfo\r>:}[\r6p*UXׯ.^hm۶\Z1bneYV߾})SXO>l\'impy.ZN|Ewj|e{\"7Vͭ2eXjղ>CoT~,˚={UJ+444ݣ순9ړ_,˲6nܘCQLLկ_?tɇ(SNV2e\rZ6lpXVppբEkֳ>kXeY:wl+WΊ>+88>7|?CűD<_8vQs5>wˉ#i%(ÑDx91919191eY\n \'c\'.\'>\0\0\0\0\0\0_@\0\0\0\0\0M0\0\0\0\0\0`\0\0\0\0\0\09\0\0\0\0\0\06@\0\0\0\0\0M0\0\0\0\0\0`\0\0\0\0\0\09\0\0\0\0\0\06@\0\0\0\0\0M0\0\0\0\0\0`\0\0\0\0\0\09\0\0\0\0\0\06ȱyȉyȉyȉyȉyȉyȉyȉyȉyȉyʉ#11*XP091919191eY*T91<,D?1Ov9	t8\'p\0\0\0\0\0\0` \0\0\0\0\0&\0\0\0\0\0	r\0\0\0\0\0\0l\0\0\0\0\0\0` \0\0\0\0\0&\0\0\0\0\0	r\0\0\0\0\0\0l\0\0\0\0\0\0` \0\0\0\0\0&\0\0\0\0\0	r\0\0\0\0\0\0lor>#y;͜9@DLԞJ*m۶p8rfNuwݼ.3Qӣ@oPV^H{;ҥKh\"ZJV>}Tjuۡ-rbrb&jO4a-[+oYGCq291915>cglذAo@.̚5KƍS͚5\ZY&ȉyȉ=,K{wUy{;D2HLR%l=ZB	AV@I{ZrH\"(m-xbP-\rCA`[#Jx0qB!#2$0Cֵ|޾x\\7Z5+s9]\nƹ>db2s|˘NL4r\n	n׮]/ggUIILC&vbiّ#G4c]ZܦVSLQZZRSS5qD>|8O<4m޼YYYY\nƍ4$\ni\n\Z6lmvF+))I#Fhm(҄	Էo_]qZn]\"8wهLC&vbos|1ȁ{UWW+T]]`E 	롇k-\nzTRF<nU[[UV饗^RYYOYf9s4h 8p@wvӦMӤITZZR;V<>H[l+=zDe2mf/|@,J>nqqqVn$5vbTSSpemG&!=Z:u4=ԩS5m4egg7{|ڴi.rIRYYF\ZO?41}>߯tIR}}=zζiiiڱcwAӧ%I֭[շo_IҞ={4poc~8wهLLpj_1ǟaF+r`xUVV+**db2[-^XQTjjjx999x$IRϞ=uرQBBBܹS&LPzz`\\VVV6yڣ?Vq؇LVFw5x`+؇LVIIIʕ+P(^.//WRRR?0Tyyyn9R:t˿h>4}.hXŹ>db2[1w.\Z9̙ZdݫR-]TN>d7>}^~$)77O/T]]\'xByܣG#<*)++=Ç+11QwւJOO_>b\\RUUUϵhѢfe2͘;+ZybRSSͳ>t9F&!x!=UK)..6=z/֚ɓ\'MmmmTlBfܸq&>>2ļ[-nzjaMIIYp	c<hrssMbb0k׮5@:u*ۢSpKxq&R&1uXpy	؇LC&!0+\'!p>\0\0\0\0\0#h\0\0\0\0\0\0\0\0\0\0\0\0\0\0\0\0\04r\0\0\0\0\0\0\\F\0\0\0\0\0K\0\0\0\0\0p	\Z9\0\0\0\0\0\0.A#\0\0\0\0\0%h\0\0\0\0\0\0\0\0\0\0\0\0\0\0\0\0\04r\0\0\0\0\0\0\\{Ϟ=C&!}>db2؇LC&9_&>cZ|>.db2؇Lb\'0NC&ve\'Ɖ}\"eG\0\0\0\0\0\0\\F\0\0\0\0\0K\0\0\0\0\0p	\Z9\0\0\0\0\0\0.A#\0\0\0\0\0%h\0\0\0\0\0\0\0\0\0\0\0\0\0\0\0\0\04r\0\0\0\0\0\0\\F\0\0\0\0\0K\0\0\0\0\0p	\Z9\0\0\0\0\0\0.A#\0\0\0\0\0%<ٵkԿ_yO.`PFFVXt9؈LӺ8<|7mSOG+8wهLC&vaos||#\'??_yyyڽc\rɓ.QZ~i&mٲEk֬kb\Z؇L:߯BǞӡۡ8wهLC&aos|21ȑ#&8]Fq{cƌ1zx`ƍ`EG&!=yaLͳ>aǷkjhhu_]!x-/s|=iԩSztu9]\nk.egg@&!14w͘1Ck׾Ք)STM8Qx\'O*--M7oVVV233q6M/B\Z?~\rm۶ݻﾫѣGJJJ҈#m\n4aWW\\q֭[׬H*]!ݘc9[Id222̾}.˸=޽{\'O8+j?24啹29}zx3{lSQQaܹsӣK.1~OM]]y\'UW]?ܹs͑#GK/d\rv\\syL]]5-2\r\nO~b,X`*++wazmjskxs|aov-}QL8q~a}\'***r.\\8UWW[n\Z;			q#}ܞIS^{:*Ǚ:uMf8P6m_.I*++ӨQ駟F<.IW ѣG6--M;vP~.?~\\}Q}}$iںu+Iڳgmaw8e22¹)֏9>RR츩=zh޼yz7.QWeeexB@@&!1n*,,<JeeRSS;#9Ozcǎ]MM\"oΝ0auĉfrڣ?Vq؇L:FNuun1Fzr\Z\\Lm߾#\\\\\\;X>db$%%)//O+WT\\\\\\CPx\\III`P[4rHСC*/@ c.}>a\\oܠG}T55իu\r78]4sf,Y{TK.UAAe42؇\'zӧO/؀$^P]]kO(77ß{zGTUU\"eeeѣG5|p%&&jZPG+WJ-Z=zDe2؇9>zw܇~hnFLrrM(r.ㅈybRSSSvnD&!=/=IK)..nvZ3yt~~-PȌ7Ǜ!CzV^m222L 0_)))1.4`cMnnILL4fڵ&SNE[x冡C&R&^8w1_q&R&1uXy؇LC&!0+\'!p>\0\0\0\0\0#h\0\0\0\0\0\0\0\0\0\0\0\0\0\0\0\0\04r\0\0\0\0\0\0\\F\0\0\0\0\0K\0\0\0\0\0p	\Z9\0\0\0\0\0\0.A#\0\0\0\0\0%h\0\0\0\0\0\0\0\0\0\0\0\0\0\0\0\0\04r\0\0\0\0\0\0\\{Ϟ=t	8؇LC&!}>db2|\Z\Z\ZLւ.%Odb2؇LC&!}>dbt\0\0\0\0\0\0\0\0\0\0p	\Z9\0\0\0\0\0\0.A#\0\0\0\0\0%h\0\0\0\0\0\0\0\0\0\0\0\0\0\0\0\0\04r\0\0\0\0\0\0\\F\0\0\0\0\0K\0\0\0\0\0p	\Z9\0\0\0\0\0\0.A#\0\0\0\0\0%h\0\0\0\0\0\0DL4r֬YZ`P#GtI%\r iZgˁ%]5ׂF0NwM>dbx0NΏ9yuV{zꩧTVV1chNhJ\ZOKъg%VIzъ8$:Mwy}8s|c<R\'MkΜ9$ck|>w3O4TT@>;%J\ZvIޱ0N8|^|Mqb2s}\']<ϲ+rmۦǇ}>_4q</\":3qI5s4b؇q1^|\Z񂡒isIy.OI\"6~w4ǻ]RIWKY.X8؇9>.oB!m߾]W^y_p!WIߖ*r p0N8>;\ZI%mQU&Y>(鐤MW˽GJz<R/xi\ZI=YOa؇LoIt;?Z_K.E]9shԨQ1s*(HZݒn?I/ѹ7HrL\'atntBEMSRy%x+:oQ㸙N\'M󽦦wƉ}>nτ9>9sE\Zz3p@[Nw$5^3tP}gW5\\ȹRo:SNp?Cj(nτqbI/V8oKT7^-~,z5PHkM\'!=x0N:x8pɓ\'ջwo+J5E|ʒ_sz0Nuj{|k_%w5ξ^MK\'!0ۇqF~v\n\'B,YtYփj⑯gHzʹr ijt$hE`؇q\'KI%\ryY7wxcut~-\ZƉ}>at=sPTTd222Lrryǝ.KI2oQuL^Q%Wy!Ɖ}1N<Eؾcqe4ZF!=&K{\'@F}etސQcc&N8?2?xcx\Zz9\".؋>db2؇LC&!}b9\0\0\0\0\0\0^A#\0\0\0\0\0%h\0\0\0\0\0\0\0\0\0\0\0\0\0\0\0\0\04r\0\0\0\0\0\0\\F\0\0\0\0\0K\0\0\0\0\0p	\Z9\0\0\0\0\0\0.A#\0\0\0\0\0%h\0\0\0\0\0\0\0\0\0\0\0\0\0\0\0\0\0{t\rl.\0 }>dbdb\"ې}>dbH\Z\Z\ZLU.thLC&!]1֭ygx2db#)@&a\'R&}>_UG}>db2؇DC&!}>˄{\0\0\0\0\0\0\0\0\0\0\0\0\0\0\0\0\04r\0\0\0\0\0\0\\F\0\0\0\0\0K\0\0\0\0\0p	\Z9\0\0\0\0\0\0.A#\0\0\0\0\0%h\0\0\0\0\0\0\0\0\0\0\0\0\0\0\0\0\04r\0\0\0\0\0\0\\³wٳ9߿_vRRR[oU{uBDkPFFVXt9؈LY\\\\s|m>#/Q&SV;Zw@b?HI}LTGc]_ZQRʎv\\nF͛e8quwys.ܹKCɓHDe***ҦMeYF{ˊidb2sOt~\n{~cLntH*b$v%{Ngm;_6J\']76iXi[|4{R\Z8f\'R%I>w*?z!sވ%&&%IǎSZZ**|~3:vX͞=[7t$iÆ˵a+k;2Ǎx}L.-YD{njm~욌1~줩wIΒѸl$UK\n8YT;\'Mȓ~P\ZsmƿJzDZu381]K{F~ҞC]RZh8q1k%ekV\"KsrrtRUVVN?ƌ\"ZvRvvvx9;{JJJdb2sOt93fhUUU6552eҔ\'}IiR0Tff6nަiFPHǏW0԰aôm۶{w5zh_III\Z1bDmC&L}+кuiXn̲O+vHY=<累˹z8{8tHҩIIW}ʦ]1fIz;cNI>,e_׸75~j_kIi_ZIwϐLoO6*ϷIJF3H5֌~:wӃuä{f]hlϪUqF%&&wzWӿr,Z`0j+؇LӜCׂZ\\C{賓CxݻVVK/2M>]fjq9shРA:p͛ﾻMI&T\Z;vx\r2D}l٢W^yE=zzXUqHzg}u}%VPS%\Z.D1Nܥ^ҿ!ݳJ]Wꧤ76~LΒIwҡb㺋$}%-ɢ?Io.9C?\Z\"}X!|f݂R?Kjgϛ*X\'9,ݳ@*yf]hhi-]<k,%\'\'+??_^Zgoj\"..N֭߶&$$ڎLC&qs&^{:*Ǚ:uMf8P6m_.I*++ӨQ駟F<.IW ѣG6--M;vP~.?~\\}Q}}[o߾={hQ^hUzP\ZE=\Z\\_?Vm?ƓrYvJ\0\0 \0IDAT.Hu毕;38qGN;SI7I7*֥͜e[W|O*JJfroJww+g~!WJnէq1);{__yseҖO=޷/6.FrqC5._7L\Z}?KJBG_]wݥD%%%iʔ|kNVǫ2\\QQ@JD&!1l*,,<QYYrrrrHN7q$gϞ:v?RSS۹s&Ltf7lvU\\ڣ?VROZB_*ç,WMl}{t>Ɖ;|V\'&NW:đw_sᐔroHܒjÖVKW_|*|RyٙxK+{?oGFΩS^>~<6dffjb\r<@&!1,))IyyyZr=\nJJJ*//-ܢ#GXRyfW۷UlL۹zqw,o4hsqFkI3jb\r~RE^8i4H[4c./>\'M+蟷\\#\'\'\'G?TYYB8]Z1sf,Y{TK.UAAe42؏uӧO/h$^P]]kO(77ß{zGTUU\"eeeѣG5|p%&&jZPz1B+WTUU>s-Z=r\"/-#*%-,,s6m|iZzP:b~~ 4^5*{NS_{zic\Z\'=p_oi$=#U_IZB&ǾAZ돝wty9-Ր/3\n{ћo)I\Z9r-[եnLrJ-\\P~_-jj݈LC&qc&^{:9mݺU#G3ȑ#~7o?쪝֎[[_QQ;SźSO9Ղta\r\Z4H+VK/e˖R.m۶M}/~M6Mo/#Gj ?th#gtEHsk_\'GtEL4Nz>N-D\n)%|G#5syG4ҟxߗ~tDoJc_ոI{]㍔\"b\'7K*/%I?R\Z7\"P^\'98Í?y؇LC&!x5^h\Zx\rŭc؇\0\0\0\0\0x\0\0\0\0\0\0\0\0\0\0\04r\0\0\0\0\0\0\\F\0\0\0\0\0K\0\0\0\0\0p	\Z9\0\0\0\0\0\0.A#\0\0\0\0\0%h\0\0\0\0\0\0\0\0\0\0\0\0\0\0\0\0\04r\0\0\0\0\0\0\\F\0\0\0\0\0K$\0\0\0\0\0\0@d\Z\ZB&!}.u֍L,8؅s\'Iwׅ	dl2؇LC&!}>db229\0\0\0\0\0\0.A#\0\0\0\0\0%h\0\0\0\0\0\0\0\0\0\0\0\0\0\0\0\0\04r\0\0\0\0\0\0\\F\0\0\0\0\0K\0\0\0\0\0p	\Z9\0\0\0\0\0\0.A#\0\0\0\0\0%h\0\0\0\0\0\0\0\0\0\0\0\0\0|redd(##C+Vp~vmJIIQJJnVݻ鲬}>_y!Fm{4x0Ƿ9\0[~i&mٲEk֬kbڝwީ,ܹK;wСC5yd˲Waaco\031ۇ9u]g**oT/!=cjٺ馛$I6\'\\\r68\\Y۹=D8p@_|$رcJKKSEEÕ]Ger%hɒ%ݻw79/]1F~ߺl^unks]c\0p]v);;;=T%%%V-]T?1c8]93fhUUU6552eҔ\'}IiR0Tff6nަСPHǏW0԰aôm۶{w5zh_III\Z1bDmC&L}+кui\0h\rs}[us<\0pjrBBVƍ޽{W_O鲬C`?|{*)Piiiz#{ժUK/LӧO׬YZ~Μ9\Z4h8ynqiӦiҤI*--UiiƎx@CG}-[W^Q=\0Zoc9Vy:23Suuu&7			qs{&fRrreի&IL:UӦMSvvvM6/$iԨQO#iJOO$+ѣl;v_~z?>}^4`\0mݺU}$ٳGz./r{&^pb8m#(<O^^D&q{&iii_o>gkgr饗>VW_}<pemoB&O?}嗺袋$INRbbbi&:[[%޽ysN=zwtرc}Qeee8իW~\"xm¹9>0Ƿ=r\0233}rqq`E8u\Z\Z\ZǏs\Z{%%%)//O+WT\\\\\\CPx\\III`P[4rHСC*/@ gi\0h\rs}߹h\0͜Y%Kk޽*--ҥKUPPtY1-\'\'G?TYYB8]O_~9I/:UW\'Pnn^?ѣ#JEEEjqGjJLLݻ`A×1B+WTUU>s-Z#\0as|;}[o$\'\'d3aSZZtY]/[00<SNndb/d3Ϙj}Yi7g_o\\zK/5?яLEEeKGeqM=˵f|S[[1[:~kC7n7C1oVۭ^ddd@ `zSRRb.\\h1Ƙ\\h222ڵkM 0Njhhhp81Fdb/^8w1_q&R&Gȑ#5zhL|2m޼Yksׯc=7袋4qD{|.>nċ>dbL0؇Lټp\"Ɖ}bfǉ:p.bIұcǔ\n+\ZncǎٳuM7I6lx]O>\\6lp#=/\"]}./b\'ovKRuuuz5fBvڥrvP8X\0OC&\0\"端ѣoK7OKk\Z\rN<`0Z+k;23\"2f>yE9׭ުP(/R?us..g!\0@G`>\0}<yu]w)11QIII2%_e!J񪬬/WTT(8X\0OC&\0o:uJ\r\r\rǏ9X\r.Tffo^...d\0\'!\0p7rrrrϫJ*,,TNNe!J3ghɒڻwJKKtR8]VL#\0@G`>\0;twO{ѣ>*I\Z9r-[pUVn8<X}{Zhuad\0\'!\0pժXC&!}.;1NC&ve\'Ɖ}bV\0\0\0\0\0x\0\0\0\0\0\0\0\0\0\0\04r\0\0\0\0\0\0\\\'\Z\0\0\0\0\0@k@\'\"c}>db21Fݺu#0NC&ve\'Ɖ}\"eua9pۇLC&!}>db2؇LsLG\0\0\0\0\0K\0\0\0\0\0p	\Z9\0\0\0\0\0\0.A#\0\0\0\0\0%h\0\0\0\0\0\0\0\0\0\0\0\0\0\0\0\0\04r\0\0\0\0\0\0\\F\0\0\0\0\0K\0\0\0\0\0p	\Z9\0\0\0\0\0\0.A#\0\0\0\0\0%h\0,_\\Њ+.\'ڵKyyy߿<}\'Ͷ!Fqqqzyo۶\0Ncps|\0p׫H6mҖ-[f\Z.++//Owݻ?ְaٚ<yrx=UXXc:t;\0Lcs|/\nyK>ndر={n&I҆\r\'kÆ\rWvn䫯Rzz>,uT&\\r,Y޽{7{#ܞ5c{ݱXL04ss|9\"\0\\n׮]/ggUIIŶSNu]~8rf̘k_TUUUjʔ)JKKSjj&N~|>\'OTZZ6oެ,Aeffjƍm^\n4~xA\r6L۶mkqw}WGV#F46\ni	۷\n[Y]0؅9n\0.W]]`0^NHHPuuŶݻO#~zh,X@ {O%%*--M>`v]Zj^z%i5kVϙ3G\rҁ4o<}-n7m4M4I*--رc^hȐ!裏e+ѣG@k?s||l-֑}ܞI\\\\խ[7IHHHPMMÕ39q~a}\'***䍌:*Ǚ:uMf8P6m_.I*++ӨQ駟F<.IW ѣG6--M;vP~.?~\\}Q}}$iںu+Iڳgmᅏ\'x]^L04ss|aoF+r\0UYY^P p֣G͛7OoF12jŋUXXxJ}\"9Ozcǎ]MM\"oΝ0auĉf6mlڣ\0Za1w.\Z9\0rھ}GxXvS]n+LF-KJJR^^V\\fBryy:#nw-hȑ*..֡CT^E@o^wA@k?6F\0̙ZdݫR-]TNSrrnУ>ZkպɨuӧO/$]rs/N5z\'=zh=#RQQZѣ\Z>|{n-XPe#Fʕ+UUU?\\-jH@k?vxΝ;Mnnׯׯ7.|ͶYl0`0`yꩧkx!bE&B&<III1guvs[&~M 0o7P6nϨ2i8ŦGZ3y+??Fu̖P(dƍg͐!C[ovW6&믿ޔ`0h1&77$&&vZ̩Sڿ-\Z\Z\Z\\7NZ|b2珦xboq&R&^;C\'!Iz_O׿J֯_{LotEiĉ9;Yvq\r޼x؇Lb\\~PFds1N)5rW_)===ǎٳg릛n$m|r6ldҋy}ܞ}.^a>ds1NԩSztuׅ۵kCURRDyyهL\0\0>d\0:Sݕ?OǪUWW;Q@^!\0@G`>\0;xz?}w|>_U@^!\0@G`>\0}<ѣ͛7x#X||*++\nN(}\0OC&\0kTW4[6ƨW^Lm߾#\\\\\\wY}0e2\0t	\0\Z9997GUMMzjp\r3ghɒڻwJKKtR8X1·C&\0|b2\0w͎W^ٳgkիF\Ze˖e\'߯Ei̘1V!/	\0#0؇L\0|?i<؇LC&!c2]8wىqbHxU\0\0\0\0\0\0^E#\0\0\0\0\0%h\0\0\0\0\0\0\0\0\0\0\0\0IF\0\0\0\0\0\0.НS{w ؇LC&!_8؅s\'V\0\0\0\0\0x\0\0\0\0\0\0\0\0\0\0\04r\0\0\0\0\0\0\\F\0\0\0\0\0Kx.SNN~V[b|>_VhwSϞ=y|ݺ曕d?PYYƶ˗+##CZb,Ɖ=߯nM)))JIIѭު{ד8wفs\'κq2])ƍb-5r~imڴI;vЊ+4w\\oW_}gyƁ\n͛e8qu?񏕓;wiΝJIIOS]ׯWQQ6mڤ-[h͚5z;]Va;TVV_]\Z:t&O^O&e]vc8/q2]/K}g8/&30nM̸ql\Z~	qn\Z\Z\Z$%%uAUǍ45f믇\rfܸqV~n̄qbSWW^>zIHHhu{2z^;wE;mùn^\'Ƹ?Ɓ[q봺:se> ƍ31-R&\"R@ >x6}4{.Q(,,2/(W~:\"4k.eggb.999Zt*++UWW\\cƌiu{2zn4Y9ujРA7΋<ȹ5gUTTL/U]]lkԩsJtzM>]wӥĔjrBB9c`tUViƍJLLT޽ꫯd]8q.~qίk˿K7΋<ș1coۺ5~x]tE|M͜9*^UUU7߬I&9]NF{vbt[oU(җ_~lG&ve\'Ɖ]\'hmso߮^ziذae8x#I:t>C]uU.G;w̙/\nȑ#5n8.)u@||*++\nV0N֋/KJJJҔ)zךmC&g1Npq2?6͸q^,fFNYY\Z\Z\Zt5ׄ7oެﾻٟ|ꪫV\\P(q)??_{ĤLm߾#\\\\\\;X8zNj6?~z2q.1N8q^q2y7sd]sfɒ%ѣ707ov{KЌ__K盹s:PMqs&4k5fϞ=ffƍN.n΄qbo<cæL:qd<_8wkerm+ٳǽ0nܚi^l2qwb-w]oJۻ67>I;F?c+0nl<III1guvsc&|o7^zK͏~#SQQ^O&vҹ˭?qƉ1Bǁ^[]`׹}ܸ5ܞ\"ez#xۅLC&!]1d4\0\0\0IDATbƉ}.8OL<w\0\0\0\0\0\0\0\0\0\0\04r\0\0\0\0\0\0\\F\0\0\0\0\0Ktٳ5}>db2؇LC&!}>G?p@JOw4A&!}.32>db]vb\'R&}>_Ev!}>dbG&\"]8wىL)\0\0\0\0\04r\0\0\0\0\0\0\\F\0\0\0\0\0K\0\0\0\0\0pZq\0\0\0\0IENDB`','PNG\r\n\Z\n\0\0\0\rIHDR\0\0\0\0\0\0\0\0\0\0sBIT|d\0\0\0tEXtSoftware\0gnome-screenshot>\0\0 \0IDATx{TU9`@%Mм4KM3TkZ׼~վZȯA~++_f(E r3p0sfu܏ypfku=2td$IPLĐ#$I9~\"I$I*`Q/I$IR,%I$IE$I$I$I$)R$I$Eʢ^ꀶj^xz\")H*rTȢ^7MMMUYwE$UsB\rYw@R^xzʟ/_{?/p׽X`ukn7^\\=}nuبjO$W9`rI_d7w/+&.\\\\Q%eǢ^TCC[ٜ={ɣ/\\9xIm$IZ9\'Eg\0gg5C*lXKu(܉EFes!~OUxgosW~\0\ZY?Uklc6 IE-͓$I>Ǐ:lr߻Vz{\Z߻ڤGmv9R/Yʔ?6\0{VN糃wdnu.\\|޿>FS2!~.]ׯs$Ik9~O\r`ٲ<\'e!\'pŞ/w\Z\07}N9?)d֭+56xpiIԦ?޳;Ν9gÇ7븤\"7?le_.<45_Wa˾CXKTC17.|;\0;nI>$ƞe{.<^ܧw;}.w\Z;l7$)#\0=o$Iek9~\0s|sqm[IY\"а;)ƞy2\0>|\0|o8Lo.xo\'.{X$IОsk\rvYy[SSS}\"]\0?VE$I¬sc#~{ЗW_:;\ZȏnZu(=D$IZգ6+VT\' |^T$|0s?Cv%,^^{|0s-~x̜k[q7/\'rj\"Iӿ[by̛>7z*j 7dN$I2yC̺$\nxߩ$I$)R$I$Eʢ^$IHYK$I)zI$I\"eQ/I$IR,%I$IE$I$I$I$)R9 ɺ$I$|\rC̺3e$$,f3	Lc&1Ix$<x$I$I$I$)R$I$Eʢ^$IHYK$I)zI$I\"eQ/I$IR,%I$IE$I$I$I$)R$I$Eʢ^$IHYK$I)zꅧ\'4ǉKjDhF#+:lTI+288QwPW\'(Rԫc6ǉKjDyQceM7ay=&?<3frsߠ{܈/ѷf9l?h\0\rß*v{\0g>$\rW;xiaΝx?o߽ꇌ9>޳;>;&/O_TJ|!9{3>5？}h?v.\Zw:KM?ޓN?reoT-h\'RBwWh\'(jzN^{o}6ޛqϞ\0,kZǺv;Iޛҥsg\0u|vlmnЅ=wۙ;}eۗ]|6{vۀ.wfq\'K\0c]Φ曲zq1W\r傱_[S{3sY|zAmÏqgУxO.8\\plQ7ތ1O\0Rz8Q\nwswWB_qPU_a}ė>n?\0<@\0>(]xo`a\'c8匋GQRh>~z0Ku(?1._c?Wlgu{&cᖻ\0W1G}/=\'qԨKzO9+\0Eo\'+UWCe|;ǉ:X~9ǯwe+U\'\nUMߩj-\0xf<G\0߷j0,^-7]ɳϤ{oqO\0|wxMzlA6t~%Kl^UoGU\0\\7\"y~\0?j}ѧ^λ>y.NGrg!z8Q\nws|W=r(TU=PVr-NB$-_84v4pۺl\rWim9ˣ{7IG-򟏪zҳƫݶp,X㫙CGRK.Aڈm|%ǉVw0߹;\07oWt+`_9囜r+o_KJײLz|os03O.㨑ѩz~\0ޝ>*82Hv6]bX#V3zWҸ^c,AwWB_qR_bkwMxkvؖ3O\ngU6E$I¬sc#~{ЗeO5pf6?#գ9/7LJ;;8dmK6s[߹v5m|+Im`K\nQϸ1_+$A+lz8\rg#ߺ:7˗;1xS|730w9L~ǛodR.Xʷh}^~3fbɒߟ=TvDkn7ޢG&n]sWrsCw˺Jh3wWB_qzsCǔAkG)\'1dȬQ3搯2Ae8Y])w/]]j]w]=d\Z7?MZ_B>z\'B3I9䫷LbPo8NV߶LjN$I6߽9{!<x8:n¥|c6>aIڗs|K5=^j*|5>^ӋY~kz\' CzٔI>nIcx(xtOIq!#3x<@yٵ~$mQ!.9Nγ?7_ޝ6Gx{~`ѯr˾\\xil;p}Λm	\0~0,\'>ڄ3xO3a0mRchm{s.~$Is/K:R{>49a:7WG|a>aIڗs|K5y>Oul\\gQnYeː]v1_潘|06jn6{yt>uǵ}Ώ>[g:+,Zd	~g9^xqs||^ZqѸ9뮻.Z18)UH~sexo\0mǟi2ޙ>^z5MMM\044}9ǷTw}5+~fh6q\09̞3gݪ٥vo7y7[^Whğm/LyZ{⹕?7-[%]b^Zۏ<l|ҽz.ev_ؗ97݄3g\'SϘ%_%=6bCO\\y\\<}6o!gosW~\0\ZY?U|ĺ˹gAfs{Vs[mĤ\Z0uqGs#Ǟex(=J\rQ>+qOroH_7k侟s}|K/[݌3G}^˫\\{vՐ~@?F48y̚wÏ>S$5sϖs|vWV29~=s7Oc>@zqѸgO\05-c]ΤOMҹۻm1<~bKtgvڎs:ie:t>;xG6]7睾rGȃөzl&\\z7Vc[mĤ\ZAN8wc㍺#hf^i!*Ǟz݆{}v\06_~[Aue^6iA}%ÐT`{e~C`Vi=ތ\\tq=Yi-8זs|i9^%KGMn	\0Gq \0}~%@\rNdǮKL~|;\0yOl3.fŮF1K aO\\\0p]=X~|lV1(4\0\\kbٲgZWm/$	6܉NkǗv6]\0/`YQ~c]^wV?(ڴQJ{Q駴}ь`<\\FXɮ_[rw/\rxL~-\0ŋ/a߷j0~Cq_cy|}v46Oqſ\0m	\0~0,\'>)\'ݢڈI5G7@eoy%نX?`}uv\0֕>IkltJ}ǝq?*jg\'~n;;m:>A,XT^5V+B[u/jqOlYVJ8זs|׶\rxUS&)s\\뮓0$j`5⏀Kqà+,^[Y6BVQh2G9W3Ǟ|>5;]v\0\'++o5pŷǲ9.j.i*f\\6+|~nöQl=ʢ\nQ5V#rv+\rrϖssڶj_\0<dwĨ\0iBhWr7[|*]:~]޼BmĤ\Z;=ݧcs״zr2乄>?9\0|v.wyR9ĖWZeM˙o渓`g/!Y<Cz\rVhOg{{s8v_[rwxe/	pi_ᩇcwy^xv̚=_>p;\06uY?n#&~Gsy3fW_g{ǻcϕR|~w.>Uk1^|xn^xz\"?qz^{<-\\w]ϳ޿Vmwx%<D&?2^zNYQs|m9g99㕽Lg#ߺ:7˗;1xS730w9LodNxexg\\x45*54[R1(/;g|8w>?CZC21Rϳ^c#\0O4Zn9oUcO6K,eE<|Z+7~sexoU;)V^-?oyd2߿ʟT\"rϖsssB2tdǾg<41}e*fS&ObБYwCy$<f3	O-2q/$<f3	0v~d?sև)ITC$e?i2,Zͷޛ$I5/IRڽk/&$IR%I^&\'I$I*gQ/I$IR,%I$IE$I$I$I$)R$I$Eʢ^$IHYK$I)zI$I\"eQ/I$IRrt\"ɺʳu\'ԂLc&1Ix$<f3	OA&9Dc&1Ix$<f3	LSK$I)zI$I\"eQ/I$IR,%I$IE$I$I|q_2Ix̤\\K}hm4Ix$<fRs|5d\nM^\Z~YvΙIx$<fR>^ǯ	$<f3	9~j*`}җ\'lM1IxDj$<f3	(q/]Q_2Ix̤:uO\0=yzhw$\ZXJ{\0֕ӟz8	Lc&_9%ަ1Ix̤4ε+4x\n\rN[p*0\rL:30au%7+Tv?q3	LJ_U9,/mcR-9>Lc&1괗Dz\n]EXJ[>.m-jOjpLc&18?N}5ֽP>3	LGcEy?!=Tn+}XZbǓʞ?ٷެ6\\?q3	Lڇs|Qq;S?CsXT{f3	p\rɶث\0\'^pԟz8	Lc&$/SH؛$,\"aOfޫʖ13	o1GϿ/	5<H؊ik<	;\n	x|aȋ$L[$LӞs|yMg<@`潩|?3	q13r&ߐ0$KL%gh2F		Ixe\'LX\'-fb&-fRy{eø?(#A:\"3	Lc&1Ix$<fAy$I$1zI$I\"eQ/I$IR,%I$ITVc&1Ix$<f3	Lc&O.3	Lc&1Ix$<f?^$I^$IHYK$I)zI$I\"eQ/I$IR/4_&d$<f3).Wjn=mm*$<f3	_u\rnB;F\0{sf3	ik{8	Lc&qߩ\Z\nX+oSv$<f38	Lc&@E.y/f$<f3C!@`g`j@/`?6I1 u^9Nc&1Iu8Ǘ%~Nv$<f3)Ms\nnfc\nLf\0NL\"=Loep]!Cn:\n9*OqLc&18WU$3n0TK0Ix̤:\'4BW`awVF\0KlouS9?\Z\'1Ix$<qSc\ruy/Lc&1Xp}QsHۊt_w񤯲Om7.+OpLc&1_TEN՞Lc&0xt-~>eWܼ*8Nc&1I9I&a1	Hؓ%D$L[̤:oKk? \"\"E\ZO}lN%BB2_}8	o13	o1_>b,~$<yo*_OLB\\$L*o	7$ ;	0kIY-ZL-Q$lB@ G	1,IxIxTޞs|Y0bpLc&1Ix$<f3	C}P$I$Iu̢^$IHYK$I)zI$I\"H$IK2Kx$<f3	Lc&1Ix{I$I:zI$I~\0\0 \0IDAT\"eQ/I$IR,%I$IE$I$I$I$)R$I$Eʢ^$IHYK$I)zI$I\"eQ/I$IR,%I$IE$I$I|q_2Ix̤\\K}hm4Ix$<fRs|5d\nM^\Z~YvΙIx$<fR]Ն$<f3	9~j*`}җ\'lM1IxDj$<f3	(q/]Q_2Ix̤:uO\0=yzhw$\ZXJ{\0֕ӟz8	Lc&_9%ަ1Ix̤4ε+4x\n\rN[p*0\rL:30au%7+Tv?q3	LJ_U9,/mcR-9>Lc&1괗Dz\n]EXJ[>.m-jOjpLc&18?N}5ֽP>3	LGcEy?!=Tn+}XZbǓʞ?ٷެ6\\?q3	Lڇs|Qq;S?CsXT{f3	p\rɶث\0\'^pԟz8	Lc&$/SH؛$,\"aOfޫʖ13	o1GϿ/	5<H؊ik<	;\n	x|aȋ$L[$LӞs|yMg<@`潩|?3	q13r&ߐ0$KL%gh2F		Ixe\'LX\'-fb&-fRy{eø?(#A:\"3	Lc&1Ix$<fAy$I$1zI$I\"eQ/I$IR,%I$IE$I$I$I$)R$I$Eʢ^$IHYK$I)zI$I\"eQ/I$IR,%I$IE$I$II֝$I$Ik/Lc&1Ix$<f3	 $I$)R$I$Eʢ^$IHYK$I)zI$I\"eQ/I$IR,%I$IE$I$I$I$)R$I$Eʢ^$IHYK$I)zI$I\"q	@.N͗	E-9N8).Wjn=mm*$<f3	_u\rn˺`2p\'\0vϲSZqIi\n׷vUIx$<fR\ZpL֝\0WW듾dtemʞ$mIx$<f_/\0κ#e`냁3VqqR\'݇CԼ^~[m;\r,cMAOrLc&1p/KE9YwB+)6Ֆ$,;׮<F)`608!oQ4`p0^$V\\Cts*;U؟z8	Lc&qIgL#\rsDϡ0ඍ3KĞ$<괗Dz\n]EXJ[>.m-jOjpLc&18?Nׁ˲Z豆ۺ׼8	}4\\_C\"]%{<}[*hKJS/\'1Ix̤}8wQ%ZϬG	wZWsqR{{\0Á7H\'b\\f{ͫR$<f3	Ԟs|E}RpYqˬG\08H8Njo!$>\0.&}}A|E{Á[?ۭM$<f3	Ԟs<t#< /	Hx0TtL:qRy{q~C\0/	3IEZ%2F		Ixe\'LX\'-fb&-fRy{eø?(#A:\"3	Lc&1Ix$<fAy$I$1zI$I\"eQ/I$IR,%I$IE$I$I$I$)R$I$Eʢ^$IHYK$I)zI$I\"eQ/I$IR,%I$IE$I$Ijs]j$<f3	Lc&1Ix$<yHHV	Lc&1Ix$<f3	OA&~/I$IR,%I$IE$I$I$I$)R$I$Eʢ^$IHYK$I)zI$I\"eQ/I$IR,%I$IE$I$I$I$)R$I$EcV|q_$,rE.ڣֶ8Nc&1IqUאEҬ;\"\0&w/@?`,;%I`\'I*\\^Um8Nc&1Ii*w˺Zj*`}җlMz\nIH\'R\'1IxDu.yKl9N8C!@`g`j@/`?6I1 u^9Nc&1Iu8Ǘ%^aSmR=sعv72(T`\Z08tB/faz+.XuK[!Cn:\n9*OqLc&18WUYc#/mcR-g<؟:\'4BW`awVF\0KlouS9?\Z\'1Ix$<S걆ۺ׼R\'*Jy<}[*hKJS/\'1Ix̤}8eQ	wZW$q=mWN.?U?q3	Lj9ޢ^Uvp%3I-$dsŤ/(!ho8pK|OqLc&1spy		З~$<yo*_:B&Io\r	HN¾$$ZzikM^B(6!a 	OУI$L[$L*o9}q>(A:\"3	Lc&1Ix$<f?(O$I^$IHYK$I)zI$I\"eQ/I$IR,%I$IE$I$I$I$)R$I$Eʢ^$IHYK$I)zI$I\"eQ/I$IR\Zu	0Ix$<f&\03	Lc&1ed(sM$(f3	g8Lc&1Ix\n2ieLc&1$IRyN$I$I$I$)R$I$Eʢ^$IHYK$I)zI$I\"eQ/I$IR,%I$IE$I$I$I$)R$I$Eʢ^$IHu_;gwۤݝuo$τ/	pܱ0mqֽֆ/jS[I\'»oy@_pQ=˄\"I\'\\SGm#Oyfqtࡗ`Og+9NrH:Sf/gݫK|Fsxu%U\0KZ|1i2p\'\np|=$<$\\׷v;ܼ$_Wøsa\\`ȟa~yn>L|0~U\"LqyνYdUI{d6;EKa˦;Q39إzT3YI\'o/es3?Ay^U?+RvQq3`ͳEؖK:s0	6f>Gz}!<N\r\'OڙQ#_O3&ֽҟa.̟Wkkuo.8ˬ*T\0/f${õ?>\0v8\rjݑ~)C rS%\n˼aAؽɮ?Rgg};d\rpp#p8{1\rnz ],\\\0?&>o6Wg߂egj[΂ù\'Zw9ksxmxqFUWe\"1κ.ƪumm\r\\u\'ܚs8N8)Mnfc\nLf2OaÀJlo5IO\0t?:ḱ?ͻ;aˁ-7w\"~)LuQ\\È_Ϻ7/oR`0caemy6l}m7m^^l~G~PxI}jKx~zCOߥc8ilѭcn:HbϤ!%6&CJb$$괗aoy\0tVF\0KlouS9?\Z:\nFaV]6zB8pgZZQC*|}Qsf0g֪?LBZsaPUGZci\0{;$֥egÉPz69N8i9oE_II/jpnRp%zUն[uv;g)D8bwh8{g/7N_޶F=az+/&*&7_߂8֥ײ\0	wZ;l8N8=uw\nOkiU?WU}p<xk.\\{	ͬ{%g6W6~By޶NOV8H(\rLuIGy\'vY(\0B8?qI-$-sŤ/(ho8pKO?~5|Bvs<Əuց/u*2qW56>ul\"Ps[5mvK=>;\rU{lacg[l\rCM-.~ߠOa-.>\r\rZv9]iyx\nY3pBד\Z3qqRy{moI_E+SI?ܮX{\0G1i$o?PO/;؋Lc&1D_wDf3	LI$I1XK$I)zI$I\"eQ/I$IR,%I$IE$I$I$I$)R$I$Eʢ^$IHYK$I)zI$I\"eQ/I$IR,%I$ITH$I$I*_%}`|%<f3	Lc&1Ix$<x$I$I$I$)R$I$Eʢ^$IHYK$I)zI$I\"eQ/I$IR,%I$IE$I$I$I$)R$I$Eʢ^$IHYK$I͗	E)3	Lߧkv[ۆJ8	Lc&9W]CdN%8\0eꜙLc&I*\\^Um8Nc&1Ii*w\'}y۔3	L9Nc&12wQ2KE)3	L#Pp= 7xvGw)0x`]9WIx$<fReSm3	LJS\\BXGӀz1H[q\\Wb{cHBzNe\nSo\'1Ix̤4U#̂n6>̠/Ւ#s=$<f3N{M/XX%UCx=oݢ{NIx$<f3	s|s|Xmk3Ix̤}4\\_C\"]%{<}[*hKJS/\'1Ix̤}8wQ0%3<Eg&1I lo,pr7J\'Ix$<fR{@2IXL\"$aj潪l;3	q13N{qZ3HHwƓp_+nSI9Щj8N[$L[̤:9Ǘt6;	fޛʗ13	o1+g\r	HN¾$$ZziV.SKh/!a	0\'HQFB$qb&-fb&_>:?#2Ix$<f3	Lc&P\'I$IR$I$)R$I$Eʢ^$IHYK$I)zI$I\"eQ/I$IR,%I$IE$I$I$I$)R$I$Eʢ^$IHYK$I:gLc&1Ix$<f3	LI$h590Ix$<f3	Lc&1d$I$Eʢ^$IHYK$I)zI$I\"eQ/I$IR,%I$IE$I$I$I$)R$I$Eʢ^$IHYK$I)zI$I\"eQ/I$IR/4_&d$<f3).Wjn=mm*$<f3	_u\rnB;F\0{sf3	&p}{mW8	Lc&qߩ\Z\nX+oSv$<f38	Lc&@E.y/f$<f3C!@`g`j@/`?6I1 u^9Nc&1Iu8Ǘ%~Nv$<f3)Ms\nnfc\nLf\0NL\"=Loep]!Cn:\n9*OqLc&18WU$3n0TK0Ix̤:\'4BW`awVF\0KlouS9?\Z\'1Ix$<qSc\ruy/Lc&1Xp}QsHۊt_w񤯲Om7.+OpLc&1_TEN՞Lc&0xt-~>eWܼ*8Nc&1I9I&a1	Hؓ%D$L[̤:oKk? \"\"E\ZO}lN%BB2_}8	o13	o1_>b,~$<yo*_OLB\\$L*o	7$ ;	0kIY-ZL-Q$lB@ G	1,IxIxTޞs|Y0bpLc&1Ix$<f3	C}P$I$Iu̢^$IHYK$I)zI$I\"eQ/I$IR,%I$IE$I$I$I$)R$I$Eʢ^$IHYK$I)zI$I\"eQ/I$IRr@u\'$I$IR\ZZeIX$<f3	Fl3	Lc&)Ȥ!YO\Z3	Lc&$I9$I$Eʢ^$IHYK$I)zI$I\"eQ/I$IR,%I$IE$I$I$I$)R$I$Eʢ^$IHYK$I)zI$I\"eQ/Ձ=~=}Q}{}&|H㎅iU6̵~VN:]T~KRG}>qGH\0w/2KrE.ڣֶz*\\t*\\{m6| 8mTֽoaʻ0e\Zlrֽ޼d͗j97\'_>[hK(\0%-i4x	xx>)i咿%i\\Īb䔯vF`.qPޘuO^Gkjs>STDL3u\'*{&\0\04_0Y*WLjq-szsUs]wD3f&g݋-OJٝJoc3{חs0x;<0A[\'yJ਑Я\'\r\0\0eIDATU\ru^MyoSa{yպ+Im8deV\03KgO\0=yzhw$_J{ǐ6x`]9z5>3(={->v=^លGSIN\\z{o3M\Zw\n`[¿w?Um~4Y0r8U.=zmϾ\r/HjL7Y%XJR.ϺunNջb<\'?\n8 =-e$MaÀJlo5IO\0t?ޝGEuyM4qR\n.mfF##DN&K0&&\Z	ntFdԉvtGv;YH7 \nT!\n[I޻>uk݊}s?9pK xxG~s1=\'\\AHov4S9`W1D46%@dc8uv\0:8˗o͌xzGk;ؼZ^{;Æ6]ۮޥg!v}{X/$	$H-=\'ct^sF[<7VbǪÀI5<>uss\")B0/O3;*9vzA0Ku0};wL7+og<q\0g]еQyv8[ytɬuED*=/dercn?ߺ1751\ZNgA_*~67ЮM<7IEr\\иy1&gèI0eHV{򂱬T8Yŗ	px|ka<VT`\n0@vK0\no?Uw_Q<^M	gcҜɐQ9aHXxp1GX.fJ=8^cX1q_GaE˲x=F8\0Xޘ{]kLŸ(0xE`s8\rb%/>_<}ǋ<17O-پLm!a WWE-]wah$/LNm 75;*j(0;2sU6QdyeBؽzEmXVK^v4Xvs1ѭ`{0K/B 򚿮)+h{H}XtX(*N8A>@29q^~<0OaLd>\'1O^7O-z8x	qcl/9\r`09\rͳ{N|rb=ʉ~~3p<+\n=\'s?coĘj9Eʉ(\'S!\'.Ǎ;{ԫ1Cv0ɳ!O7/̍6_Xrb=/+!{Ni\nPve\"z?y<ˁz_g̋GDD|7;?%~vV[m:5;\")* 1@(:c^<\"\"#ov~s}ƋE\r|υ[wvW&\"\"K\0_&o.!\na\r!`4o͝pJy{hVY\"\"\"5=\0LE+gl]w/TϷwln̋GDDl0kv ނ{1	3aɐzɏhX\nGxfG%\"\"3xmv Rfp\045\"6¹Ty\\8SaHQxb6;*@jg`H:az\rϩEzֳ(\'֣Xrb=>zSNG9zԋ3\"\"\"\"\"\"\"6^DDDDDDĦTԋؔ=@[58kQNG9zH`1zJ(\'֣Xrb=s\"\"\"\"\"\"\"6^DDDDDDĦTԋؔzRQ/\"\"\"\"\"\"bS*EDDDDDDlJEM)\"\"\"\"\"\"\"6^DDDDDDĦTԋؔzRQ/\"\"\"\"\"\"bS*E@ff&QQQDEEev8~\'\'\'DBCC	\r\r%!!}ym6mʗ_~yrqǼ}kmm⩋ED*zk4[Kۗ?\n@\'m3m!a 7\'V4sTSWǼ=$r]v^ǭ[l6n͛Yf\r|\'+III$&&g^K13lrT.  4^vv\"\"XQ	@x؞ۏCXk6|o`X6D8ҼxR.rGM{[\0[W&p8th1vI||<ӦMcРA\0_!Kd~z#yvIqq19sUNnv.\\H&M>br8`QX[A}잓\"W+8phwpA&w3j#,o*S/rrr)kb׮]&F߮\\ʕ+۷o2w}ǤIHaaag!\"\"6mSO}Ar=/_&\"\"M6ѳgON\'ݻwgÆ\rexvcȐ!8Nz+/`ҢEm^^Çe˖tԉkzU\"\"ד{7$0;8u\nZ?=Rv`>\\v}a\nȻB˫1ot@$~\Z	WnxhOxY#֨V_5YD:ooE^Tԋ8˅,krLȿꫯdɒeʑ\0^z)J׿R*AAAܹ]&\"\"ٳgW{@Ξ=ywe	<쳕n?cuѣG5kɕn7~xF\Z9x $%%ѣ|\r7oޣA5_Dz?cBSJ~S/?oƘ5+:s]o<} P|V6~,ך;q?\Znû`\nz<vqZϕХ|6)_>\rZߎSWgpLMuսnmX{N6m\'?	`ܭnsr%Ν˾}|#Gu7㵼cǎlܸ˃>=ȑ#DFFPRRBPPϟfۈ>SZjuCŋi֬%%%\0tЁm۶ѲeK\08@ǎkR{{b_d<?@#}0j<4RƗ/tLQ4S<<H~!.\"és;С	=:ۡm3}$;ޑ6a7h{Foo8۽uoߋ͛SPPP\'(HҠAf͚_ײeQ,X@ZZ5oAAmڴ)kySZ4lؐ.T]QQo>Hp:\\T!\'g5_D*0%(<AB/]8C %\ZBeiiu=@Cbd>ۡ-g%=YtmT;N䖯&o;k^uޝ;>-koݺh#?.wͭZV*עEy7iڴ򼼼\'hѢEĉn7l0֭[9u\'NZ7HU6G{wgn0KwQ`kwlt/u{hܤwݐVcY!p/Z\n(5L0R֖z2p!<HFF\'O6;,;EQTtV^̀+GU0anD~s9\\\"^{5/Laa!ٳΟ?wMHH{!==Ȳ\07ߤoyynTx\"7ϹVM1g2\Z	=a&,\nziGڕpIK3e1SИT£\"v_#{{\0]oLᇚnmپ$**(GPN&!a0cƌL88+W:۷?fe땣^6`޼|WtԉݻQXXȼys322ؿ?:t ##7x~_3zhHNNfر<3s=eٲe:u_~6ƍOxkJb+;V^MvWGɩ0>\rD!l&3}}BؽzEmXVK^v4Xvs1ѭ`{0/B nmzuֱxb~mnz)OСM`HPNG9_(Ԟgy`Ȝޅ0a	͎=\'H9z|jKJ`Y,];fRNDD.-^\0C~;b7ڦ<7[999ĔcbzkI9{7$0;سzWq|#\"\"[.1A\\.#DDD`ThZR\n!c3Θl]WL:Vȍy>͎DsW\"\"c͛SPPP\'((ĈD9SҡفHN8s]=4sV[ݻwgǎO[n%::ĈD9C>GЧq.=[[/CFJd,O׮]pddd0|kʉԅO#7~lvpN]lvT\"\"b>!a0Ǐy󈋋3;,xb6;*qn}m!ZQNG9á;֣Xrb=ʉT̉ԋ3\"\"\"\"\"\"\"6^DDDDDDĦTԋؔд\"\"\"\"\"\"\"6يE3H[rb=ʉ(\'֣Xrb=ʉ(\'֣XOŜM)\"\"\"\"\"\"\"6^DDDDDDĦTԋؔ-w4l{aСȑ#5!BITTQQQdeeyb999$&&\Z\ZJhh(		۷mp8޻ȑ#<#Έ#8ta=\'֢|5Zf\r]vtҿkRlWoڴ͛7sҥk֍=Xva݄3qD_֭#;;7yf֬YkIJJ\"11={g^za̘1lW\\\\̲e?@{={Uzztm۶1}tx\rrssS96{ܹsy饗y.W:ӧ)ڳs 6m\Z\r`Y$כͳcNtX[qq19skٳiРs̱gzBBB8z(\Z5DDDord79yb=:OuըQfƌ\0n\nq:fyC_dԧոkɓ\'hժՏx!&&Ӌ]vyb]W\\aʕkcfڴi&Ee=dddPPPsxW3;,ztXO۷3dȐUA/`JJJ0a?١F21\"\'/00W_}%Kx-OMMeܸq4mԤ޻glذ4iҥ1;,ztXKeUyyyرΝ;o~HɢʨQi/kybq??#eTFA^^OgK*yb.\'QufӦM|G|lݺ+W$ۍ/U؎G2d~iOnBdc1+|gl\'Orras;D5;wvڑ@\\\\#F`ҤI=?;I]Ӻukꫲ;EEgڵǏ79g<\'p몎;vZ.s߫W/;fF7Ŏ9uS=yyy<$[*{iY{֭DGGT\\E^mͭZ޴i8^.]kL]s~ᇲŋLF@<1_uU;vɓe˗/ӤIQOffԩfRR&p:`f%tԿ,ZzjPv{.1+d.뉍eժURPP@ZZ\ZftXUw]5eTطo̜9s6\\Snt޽{M0%Xl;<<ݦM+\'_z!wPP;,,OnmϘ+{>}O[nnݺ\'tV=\'nyb\\WeggaaaW^yhor*Ķc}ƬXrb=ʉ(\'֣Xrb=ʉ(\'֣XO\'*EDDDDDDlJEM?	!S[\0\0\0\0IENDB`','PNG\r\n\Z\n\0\0\0\rIHDR\0\0\0\0\0\0\0|2q\0\0\0sBIT|d\0\0\0tEXtSoftware\0gnome-screenshot>\0\0 \0IDATxy|TOBXDY%aS`-E(.Z[ uuGj] O}l+hEEQVh\"!@&d|yn瞙{v̩\Z7zvB:HZkb|LǾMNLLLONnnntFdgkl޼3In(wr31o>111Hw$I$IH$I$IR $I$I$)$I$II$I$I\nā$I$I$@$%sx$IJ/@$%öm۸;]I$_H+#${o(}ǎ,_=O<=\r6-;a\0&0_Fi0Q#gE\rX?G_S I¥]7UYI222ܑ_}\n#urQՅg?\r)x4mҘVJp@^ei.ORp IaG\r׎[l:$=,P¿ew/G-|l۶cn`s@<9IuݿH/a?1أII	$II`,S~w#\0+\\Fq!Ң^WS: _7/:Y|dh%	HЩř1e$%H$.Svs~Թ=3~=w\0G~o~5$I\"pgcY{.JdΝ$IR2i z鎝;+\\[l]s)aaAdwHY,Yv$I	!__y+V}s/JS~K$)wѷ.pq^J4lA$	\\?9}3[_u]%IRbubЭK6o|o{qXTZRmHdN߾?+.`Tnnn\0wɘRѴI?x_cUuIRuٿx֯IJ%_/pkNgxN\"ѺUK^z~\Z_.\\{{	HЩE7WeI\"y7ǧy\n׽gcvM\Z5bϰ~\\9|\n֯/w)\rOdǎGPWOE$D]/$%vhS Cun39$IRLط$)=/I$I$I\nƁ$I$I$@$I$Iq I$I$I8$I$I@H$I$IR $I$I$)$I$II$I$I\n$\rĻ$I$I\n˿C\Z\ZoLNn>f>f>f>f>f>f^&I$I@H$I$IR $I$I$)$I$ITiǹ$I$I\nƍ\Z$I$I$\n͛7H$I$IRZ4ߋF:$I$It@$I$I@$I$Iq I$I$I8$I$I@H$I$IR $I\n7f3]\rIJJD~vIU(l2]WaU@s 1FJL~v%W|NhH2)l]Rl\'\n\'gLmYO//@&xgX*	Nfժ%?9;w`}HOr}X{\0r;ps?\Z6rϔGYG}Ϭ/-wѣΧM,c>\0;MUEjI8ԁW32-k|ǽӸQv&v?۴QaF|/~lU9lRpagW	CJ6%\Z@>ƍȠSvpH(\0o@=77\\ANiڤ	\07^7#9bϽr1QEe<*q?Z4ߋ{4ojcm\0լ)x:QF9~\0uJL`Y^=wqFdwon>\0[4ciՂvmZ3{2[6\'SF<];aP0Q|Vg?-,+No$	([E7r;̓\0x9?piع3{5/⸡pqgpgp؀azN`ѻ~Eew	WN?,F_{k,Ozz:=5c;>ώqL`:D\0\Z{G<N\"--3~6iÏ>UcoKN\'&OStK_lUs9`lJVYef슯Di_vxs It/͛2\0tۺ֮g\0tʹngޫә\04lX|U\'~^{5N_?6o̿@bR_ӽk6\0N^ݓw}e|%,nUU0~bQ0~Vg	ϮpcJEśHPuJM7HAF\">/k/E-I\'_p{.8wݕF\"sgwgLi*sy7n.5aæ\neDPF>KlU?}4ۉKJ԰QFk|7\0zqѤ1Æ\0]K*A#:2~%cEh\Z߾m3gˮ_\\|\r\0ܫqƩChܤt\0VI}W^˯#z:\ra12[V>T9hjoS,lUYϮp[JUc|TN9kGʯ@gO<3{W</VU53O<r\'Hhݪ%/=?Cۯ߁?b~hqeܹ#-oƤ\n\'fpm1	Enoύmxs@6*Lnak_vR?<W,HI]4{nJvos;x)}\ZlְrU>jRl\rxɕsN&z?VeV^\nϽrL`ޜIw?̿^¶mX_~;}Vmxs@&6*Lnak_v8vhSFr;ps?\Z6rϔGYrG0}:`_2賅}4~(5hЀk!!:x)nrY\'ӱ}[V3˯%҂7grhSu&(̸bmy;ZF;6UKvRRXLeJJLAeb;ٝbO<r;Eӡ;#WqѢ^4ݣ	}{U.tH{^M9ݨgy|7cL{ne}!s)9;AڑQ1$)uط$)91>.VvdZ.\0yDǟ^y%o֩s{f>\0{W4A̜w3K}Ι\'#O̗zqKN?m0_W*I}Ie 2?{$N\r˾[ɜSΪk\nuf5n\Z6>ty[܌w{\0l޼Y/f_5sj)̧[vV\n7hطI]p0jIc|\\*{<~>p8}{crW͸k/\"iiie5HO/*O$2m$IJNw{$m߶eW/.Cz]ta8Xnn\0wɘRѴ	\0+vݴꔓc&9w+?Sw3l	\0,5_$&HR{$A(_OĞ{5-ZEoڸ{\'&mbtI$au:ZjKOcsqQW^zW^z6omO<3{W</y\'߽a͙׸xUl׻;_o+:wlǚ9qUn~ٷl+*Jc|y]H㟞Kٲe+7lw?&-XW۶og῾)}\ZlְrUt$gfkض};~qb۶m\0d4l\0w>ƛ+ٱcK]εw?W@nv$];ҠAڴάQN9܎PmUľ$\"[ #-.uzWY3^;3^{y-R^Eo۾	7[j?;kg6o1)QnGRoNN55*\'eDa&<<$>JEc|Bm\nN<ā⬓ؾ-y\0hܤo+W1L2Z/(;fٝ;_q߳rU\0ٝ;0udgi,uh\r檋2׮ぇڭUb\Z}_q/䔓#-\r^y-x	mQ}TKuxq`8u|+ ץkG?E|JEeG#ϧwh0O?[=Se5O%_ۿ<0}m/YFX+*`I8ԁW32ؿ@.YE|H̾x%]ڦp;C7Rr:w$##Nqõ#ӣ\0ؾm;\0ܓp;i&Eh^Ghڤ	ɯH{^M9ݨgy|7cL{nuT׸!?dl6qZ}**{^\0ڷhkSAi 6WqѢ^4ݣ	}{U.\Z&X*֟Wg]hܸٝ:ρJ5`~ٿ/s IrΙ\'#Osgs߃sgܫ)_|\rc;h~&Mx9v/G8gp؀azNw0?\0O}c;ǟfbUb\Zu\0wFoQG\\AG}^oG$GD;{4idw+YUn4Øp}\0__T?Mҥ\0#aY꾔T/텯3T_2d_Qgv걓HKKakRHb~ٿ/Dmr\0xſyVf4#Iλ;?nO{Y6n*\\q!J[l]s)a۳\0:`_^a<7e.RWUFk\\Vv\0lۺV~uGy^__K{GѨaC^)q=uױ, zJ׌|ݓXy=\'e߭d?ggaæj#Xe_V\0;RsVIa~ٿ/\'B\'--tImHdu/-[w[6K}@nQeWU}jRFk\\Vjyz^}zh_97\rkxBeѰQt51v]lݲIy|;pޟ>{wot_,Xd_[hR_ė}xWyi?SO:=4f\0Xk~I#:}%cJ~M\0XsX2R],^㲾]GJ˼WԣwW~uGy.7Ce|1zԅw7&n7v}f;]u\Z\0=W\'ֵKg\Z6ʨUUծ|57sOO/:%~qgW\\/e_ v$Zxf\0W\\zs_3#xU_ĊUу#Sneu:\0^z~\Z\0sv}-╻?v.qY/4&?>8\r3x*\\?V#uX*M6Y>v77fhw~=xI{c>7×\"nn6n`7gzZcODr~y{co~[&ZQ\r,E|HxIy|7wWc~k;~a}G>o\r+w}>,^ym۶oV0n]l=m6a@eXe~t:6vz}e\nYGy\Z5l?v}{KuŢ]Olٲ6λrmcRnn\n~`,5*#ho[_/a۶m/fɝ>R\'.d~ٿ/K;?Wuf39\0[guɻvy\'7\r3	>KNLLLGn\'77h3TYq$IRHT6Uhlٴy*U$I}II\'U$I}IꏗI$I$)$I$II$I$I\nā$I$I$@$I$Iq I$I$I8$I$I@H$I$IR $I$I$)$I$IH\ZĻ*a+8ޕP2b|LLLLLLf\'-`Kkݥ$93N-7|$|$|$|$|$|$~6I$I$@$I$Iq I$I$I8$I$I@H$I$IR HJQrX.ʭh\'}w=s]T:5sb2ٷNLLL*12b^bj\n7ǀO	@YsNL}f;	3	3	3	c|xi.`Ùc֩IU@RSK,_:퀟K(T*>5-Hyg7,N}TO~%!^P1`ΉbþMrĆr~ *\0\0s|j\0F\0}+3ibM ziZG[pYsNL}f;	3	3	3	c|yiT}_uҀmD,\'\0[*(OF,o%mUʞSc!kơ.-U2.YC䝪9\'zɘ[3oS{111cE-=\ZT5DOd}Q,DGJPUy˔ѴtmZ3/k`֩\r6v>f>f>fR7<aH̑ k/Be#}%]\rmX1vXPb-J_ëa֩?6v>f>f>fRRD|\Z=0hچJ-r^\rL-ư&Q=n30>5R]1`Ή}c;	3	3	3)u\'HiT~y#¾D\"@\"\",*x|-r\"F}5L牐M.DO*e\\YGHS1d7ru&mI<~l\'1I~̤y!pHIٶj/oꦪqj1fc&c&c&c&c&c&qmK$I$)!8$I$I@H$I$IR $I$I$)FM]\rLNn>f>f>f>f>f>fz|-\03InfZ;oIIIIII,*=m$I$I\nā$I$I$@$I$Iq I$I$I8$I$I@j5\"GQ7X65U=CJ^Oz<纨٦ri<JECNLLL*12j[@A$(F-R\nN	<|4N\0\0?gTlӉLU}:iIIII0k$ԗm3	]\"\0\0 \0IDAT]	թ;=]߾km:>NLLLTt ix}8\n7GFmpHOΌ_\Z	tr`mrVGSKkp8|e?\0GGڣ]m%}pH/ɂ#[/jQxWDuS_CT-t}FȻ}\rZ%t?TQT|}\0oYV*IIIIlx/W*?Ra=< <9̇F/}`we\r\'a;xר-BV0o	\rt7̍}pp&\ZuyKUT|%0u|.+^V~U+_ǻskSM\'g0;`\n0/`\n9Ndef=1KH*o4< zƵO1F\n\"5:EZHjm=[=aڕQ>t*\'wtin39>u]aWKQ7t#:8k~0$h44/mUi$|G|k:U7shNԽ2ISR%TmӉ<}: \\\'i\rK,@`KeqȀĲMSs*},NLLLc|܎-$77h^T8-1YA5ׯ\nn-~д,ibY_|o8W\nnw%T/Z3/yJld\rL!z\ZzwD/5dIM}R$|$|$|̤nxB~ʔxvċrst^aeX:HLtm	SK`up\nCӀ^qJ_`A(}m:1>ߑ kYOh(Q}R$|$|$|̤1>a\Zt\nx<\06:1\'`0oћ\Z|:<6%z0lh3\Zl}`U\"e\Z#z\nf`p}\\k`NLh.\rO/*D;ՠA_K\'Ԥ>v>f>f>fRR_!RӡQr򶫬 -;oY9#LcsGE._!2d\"-2GdVD\\2HNw\"9zyKxiޒHn/\"Ͼ|5zMS\'w*=牐M.DO*J;gXg<X伿a_\"da pZWRVE!0\"%B.AVըO3Ǐ$|?f3	ߏԾ<\"D.\\)V7VͶSNn>f>f>f>f>f>f7qٶ$I$II$I$I\nā$I$I$@$I$Ih*h7f8wr3111111XXz2cΝʕ:DZa)ļOKe\'|$|$|$|$~HKsH/lL$qj1fc&$Iu{$I$I$)$I$II$I$I\nā$I$I$@$I$Iq I$I$I8$I$I@H$I$IR $I$I$)$I$II$I$I\nā$I$I$f͚駟6?--eVg֦۠>^s:v};/Ά6ǻV+=}xFu6؞?h$޵i?bU揺EM+$<x&uQ1IN*Vɣ:_][>PLә0aB,H$TF\ne;	~}nkk0	O`7]+Śm:q>5mwM£ R#e`Wc$>\0މkQry]7Eb0Ҽysnvk/?j<xSmJ})--֝DT\0^ԽiI\":F\0?qtz0cV|U_R-BҦ!^-@3L+s=7:+[7џ$8	\05>0	\Z^gya_cᢅM䌤~#Gsϳvr)(Xυ^Hvv6;wsa͚5UcyW۷/YYYՋٳgS򒳼<N<Dׯ,(w>Ҿ}{ڴiCKСCi۶-/3f(UWZm;ƻ>GO9~~ئuYIa\\G]Z}_f8v~	ٙQ#ီ_\\|eB0p_~\0FֵGJl^G>*^V~SxW@|J?!z6v.(IJ5<h|Xbr`	hXRERuA;h\0:l;==oĉ]~?>\';;nr322X~=>(/˖-cĈ]\'՘1cٳ\'|\rcǎeԨQ7|p=\\/^ŋ4h]tQqѧO.\\ܹs5k\Z5\n\n\\xDu`-d\0ʀǐlJt)ذz\r_y>;x貆\r0Xkke+:u*.Ka>jVe\r:¼wL*^>:^WN	/jRܕ׏o!f;	#U\0L%\0V?\':PTn\0poF \\IgƵO@1%_\\r	Ç.5fΜ9t\re˖q1W_UYfZZ\ZK.%\'\'[ɦMv[7;;>vUZfY[lEl\Z{m;5j=;.ԏd::6oC];nmy;N6L&sKZg {V gOXve~ݳɅ]\0]ZDCwyt@Wؽu_@=k\Z}d?x\\4\Zr޶VWR\\V(YK?DO+)>u.3))YK?Il+N\Z{X\'P|~KeqȀĲMSs*}5ɥm%vmL0a|:w\\4ݡC[8иqc6o.\n\n\nhժU}:233b۶⓾*͕{Uo7g\'?8SU,X\"lJ%Hߖ|[2kc{F,up@Ⳡe˟~5Z#`^گwu[HNF2%k^j֝k\'o>KgDekS*| M62iӦѬYRWXA6mb{XbE|0j*VXYjyff&EK,c8w$\\qikp~oAσW\r۴T{e;e\nl\r++jֹ%:][)~\\vFJq(ykҷ(}/Ix8|Mt3J\Z)P2+;0XPf	 I\0#F_AE³>ƍYɓ\'3x{y睬]ӧӷor۴iz([fѢEL8KϴiXv-˗/[n)uWnVqO	%c\0{&%c]+ŚmZAǣF:|Sҙ)+6\0OaCK];w߯wc^\\\ZIc;ޤ㉞\rm~Kt\Z7Zbk)}\'#лˀ?pW0{l9{KTQ_իWsy1|vʃ>GzO?4\'Nd͚5ٓS/pկ~łhѢ&Mb^*kJ=˿У+Z܇:&]0n8xרJީڦ!ߒ7.)HHaGRu~\0^O~=|y?l0Z荼A]w\nxu>[\n7ou%={_$sJL^\0~MⓉ[$%C&ԾkTr߁+^rvћ_?	UPVE \0N#zY&A)䭪TC{$d I*I,;oI$@R1111mK$I$)99$I$I@H$I$IR $I$I$)$I$II$I$I\nā$I$I$@$I$Iq I$I$I8$I$I@H$I$IR $I$I$)$I$IHFZZZ2ZI3b|LBLLLLLcaɌ;wƧ\"*Wzz:f8wr31IOOg]$޵PI-0111Yg$$?3N-7|$|L$|$|$|$|$G$I$Iq I$I$I8$I$I@H$I$IR $I$I$)$I$II$I$I\nā$I$I$@$I$Iq I$I$I8$I$I@H$I$IR 1Hj֬~nj\\fu\rnmUڔ)Sѣ=z`ԩYsNLO>$]vcދwuBþ\n\r\n-J?:Z}?<vnx2I+-U?]\06Ůat&Lj$t=ս3g2}t̙ܹsyg_^wT:5sbz衇3g|SN7ތwB\nm(+ RX!޵Jm/3}^f<}#޵Jm\0<~k%ߣ%(s]^7t#ŦaH$ycQRC=޽;\\Xz3YsNL&Mu2~x~ŻZ`F6\0{w-T1Aזй)\\u3x*N3]Ԑ̀\'ƻ6u+&I?#GgڵSP/l:w9Ú5k,{ǎdggꫯҷo_իg.Ziyyyxdeeѯ_?,XPz}}iӆZ7//CҶm[w_f̘Q^Um}|E|}Ykb֩S$)ulrTdƾMJZ=xaGZ	f	FwM`.p!Х^ƕyoNo\'zᐞ5\nAq*ti\rU`h]{Ķ/9Ypd?xeU7l;==oĉ]~?>\';;nr322X~=>(/˖-cĈ=ǌCϞ=o;v,F*wÇsxb/^̠A袋7>}pBΝˬYhԨQUu֑U4ݪU+֭[\Zuj0t3fV^Ͳe˸뮻̭6m zŌ?Cxz>5RZ,qO(zWuvN^_	]Hԃl2.\r_cU@C`xI,5js˵в[}Wy㥰|5\\}+\\s~񲉿vaRxU;&/{	L_+\'ˊUߠ\"1>--\ZK.Çs{3gue8cꫯ,3--K֭[dӦM|@v*--[ТEn\n@ywi۶-\0_5{wk:&f͚n:\Z4h\0D:۪U+\n\n\n\\*J!uN՜!)Sp뭷Һukƍ_謚U&mb۷\'_Ig!a8.>75i\'H<ul߮w\02ۚY=$=I|8w 54%9پE\Z|NorUkWGнoɅ]\0]v]fr |̣ܯʕn0,	}ݏG\'E!ymoEV,ZHnnntH*tm1a:%tܹhC.иqc6o\\zjժJNNdeem[	a^AWZlY*իW\Zuj0u嗳j*>sr+R}Spڐ?r>LueotvhU{8\nDS8o`Z3jMt,q_{F϶,up@Ⳡe˟~5Z#`TڴiÐ!C6m\Z͚5+5?//hzŊi&ֻ\'+++VT\'̀?>VbŊgffK%K*׫W/ӻw8HuŬS9\'e˖s΢CcɾMj{_m\n{qp~oAσWNh_|EZ>=e^Z%\ZyZ`K|A][)~\\VfU\'&F/XtCxgٸq#0yd}8;３k2}t[z6mCu,Z\'St:z6m\Zk׮er-#Pe]/^o[.xWKuS9\'N;wl޼_SreUa\no^x~?\0˷K`̤*7S\Z>K`:g\\̈́v>}}APBa)0qH<Bǜ\0ou̿Eo]hؔ%m°%	~3rEbbϟiԨQ#~cǎΝ;G.Y^-ˋp	-[Fyw]逸#9#}Y䦛ndeeE\"Hﾋ<8ҺuH=\"=\\$33375H#<R~x]zJJլ#;sN|F8H˖-#~:UXeb&}H>n!2\"m҃ĿN}$z&\"L}g\"s<|NHS\0?*Ge\rRY!rΈϱsGE._!2d\"-2GdVD\\2HNw\"9zyKxiޒHn/\"Ͼ|=.\\Xm+vƭNn>f>~d7M6f>f>f?u~mI$I$%\'$I$II$I$I\nā$I$I$@$I$Iq I$I$I8$I$I@H$I$IR $I$I$)$I$II$I$I\nā$I$I$@$I$Ihܸq2$qj1fc&ӦIk$|$|$|$>>tZ$ħ**OZZ\ZF8wr3111111YhE^&I$I@H$I$IR $I$I$)$I$II$I$I\nā$I$I$@$I$Iq I$I$I8$I$I@H$I$IR $I$I$)$I$II$I$I\n$&I͚5O?m~ZZZˬζA׭M}bJ2e\n=zGL:5Q2`Ή37w5BžJ-|$|$<c|d )==	&Ģ\ZD\"1]Ouo̙L>9s0w\\y]-N\r朸^}UΝ˶m]PoB~y$E\"?z!ƏOC\"uj0;ǻ\ZcF|3	3	\'_{1H9r$=<k׮-w\\xdggӹsg9a8,\0\0 \0IDAT֬YSe;v ;;W_}}E^={v:%OO$++~`r裏8p ۷M6߿Ժyyy:m۲2cƌRj{U/.>X#N\r朸&LMocߦoc&c&1|kͶӹL878L>c>s,7##裏/l2Fѣ]̘1ٓoc2jԨr>|8{./f\Z4.hqӧ.dܹ̚5F\Z^[nYYYEӭZbݺuqYsV2oc|#3	3Q_c|$J_*6GŋM=z*,]hz˖-=أu;wYreeyHFuYjUW_}Uk*F^{ٱcG#͛7cOd\\(DR\'T9MaƾMd|31ILJJ1X}.\\Xj:fg$ۘ0an7ϧsE:t ???p999E7nܘ͛7^AAZ/CCff&YYYnB_jTd݃lʵlٲTW&3335R]1`JfmRoc&c&JTk&ImڴaȐ!L6f͚W4b\nڴiݓŊ+\\Of̟?UVbR333)(((^dIWzP4=|z\Zuj0g%36Ϸ11%*5$#F/ҠAygeƍ[Wɓ<xH=p@N֮]۷omڴC=֭[h\"&N@NN_}\0gڴi]˗s-ưUGGU\"BHbaZsB V8r@%zP<PJn{Z)ЃPVRXOZN{Jz-!A1	E%?L$;Lg_3{3aڴ͟?O{ݻ`]R/o!	5ׂDӔsWWWg&MdrrrLnn<ys4gDرcMff<xٸqcVXa	o6۶m3s1PcLEE)**2YYY&իW`0hΜ9핤H<aɒ%?˖-sN㧌k+o?J˒U?6\\4n72\'2aw>k|˚~FR\\D L2Nok2؇LC&!{UPP6\0\0\0\0\0\0\ZI\0\0\0\0\0\0pF\0\0\0\0\0\0\0\0\0\0\0\0Gh$\0\0\0\0\0\ZI\0\0\0\0\0\0pF\0\0\0\0\0\0\0\0\0\0\0\0Gh$\0\0\0\0\0\ZI\0\0\0\0\0\0pF\0\0\0\0\0\0\0\0\0\0\0\0Gh$\0\0\0\0\0]v5	2Id/>db2؇LC&!wlݺ5n8{q$ХK={2Bd/>db2؇LC&!ܹSq@ b9HLy7؇LC&!}|F\0\0\0\0\0\0\0\0\0\0\0\0Gh$\0\0\0\0\0\ZI\0\0\0\0\0\0pF\0\0\0\0\0\0\0\0\0\0\0\0Gh$\0\0\0\0\0\ZI\0\0\0\0\0\0pF\0\0\0\0\0\0\0\0\0\0\0\0Gh$\0\0\0\0\0\ZI\0\0\0\0\0\0p$)mݺ@lsۑz|[h/^v9H!r;vX{V޽UTTO>\r\Zf2؅5yFR.]4k֬dL.Ƙ[fVZ_6lʕ+;q,\0Y9{ɓU\\\\*/ߩa\n5i$˲68}>db\'Ih\"lٲ;2}JKΨ;ƌc{wךcǺXQK9kc_sN|M0tIV&\\x5R)odb23i5+++\'I:uV~C	Ӄ><jĉ:rHs>}ZyyyZ~P(jݺu}\Ze+;P(ҰaôiӦ}G\Z=zzl1\"nH$ꫯu]z+֞رCqaPm۶Ŋ*d}gΜuM7]<o!X\'aOFw47n4%%%=n1%%%f馲TWט3f)S:1L0ڵ444^z0 <1c7o6lXnF|r`ܹs\r7Cٳg*SQQa>ӭ[7o$Eb=zӧO_~p㗌s\'oNJ2pݻR:$Ypmõyx~#}Icaw7}GRRI-[\\x86woᰣ9%}\'N0ݻwOonn9x`s6ut~̡Cb]vN\'$ZlzbE/笍O~9=yyͽv)Lc(\'x~#}Ic\ZLJnmkl޼y5kEUUUظO>r<o~~~]v?pZիo߮+??_`PPHN7\nƍkw|,333.JA+B?uMO=>K6>db2k|X\'鍤lkҥȈ{<Pvvv_^PHhuqiȑ*--աCt`P޽{|lڼyKl\\ZZAXR6nl_R58هLC&aw5}H)S%\\{X\Z\Z\ZTSS^xAEEIѣGgUuuVZ!C$رc\Z>|T^^ٳg)??_v$1BK.Uuu͝;Wݺus|lڴ͟?O{ݻ`]RiԨ[sϩN\'OԊ+t-]/o!}Xco7ŵ 4qՙI&k&Ol͙hG\"3vXil6nܘp+Vp8lͶm̜9sL(2SQQaLVV	f&3g8z~{%)OXdICz1)1ۏ9{=ߏ?vm&>}	&H$vYLڦt;}>^τ5mƷg$KDz!c!F!}>db2\\qJnm\0\0\0\0\0@\0\0\0\0\0\0Gh$\0\0\0\0\0\ZI\0\0\0\0\0\0pF\0\0\0\0\0\0\0\0\0\0\0\0Gh$\0\0\0\0\0\ZI\0\0\0\0\0\0pF\0\0\0\0\0\0\0\0\0\0\0\0Gh$\0\0\0\0\0\ZI\0\0\0\0\0\0pF\0\0\0\0\0\0\ZܮMI#c!F!}>db2,nUƥJX@\"4GB|C&!}>db2qOy[\0\0\0\0\0\0$\0\0\0\0\0\08B#	\0\0\0\0\0\0H\0\0\0\0\0#4\0\0\0\0\0\0$\0\0\0\0\0\08B#	\0\0\0\0\0\0H\0\0\0\0\0#4\0\0\0\0\0\0$\0\0\0\0\0\08B#	\0\0\0\0\0\0H\0\0\0\0\0#4\0\0\0\0\0\0HrI\ZKżͽ5IםZr-H-r&rk68NlD&!IXۭkg4ܞׅ] iJTXIJE!%ٛm>db28\Z.woI?]vs!?7:}>dFRZ}E_$\rKPI6bI}%]#i{k&H-zId[[A˶J\Zh|~ٛ-9Io\'!}$9XJ~#HIU4{%MT!鐤(n\ZE&vkCE+zeqܜ8NC&!3Iy~_}N)zyWJjhK:\\M_{$Mu8$}h۱s=5~~28<TB-/%לo:L8}>dbx2FҥM\Zo/)yP8l2Mz%x,U3?7[jpm^8NC&!IjKԒ$*SE-u\Z{TIz5=jT.6DҦF?*^r&r|\\xǉ}>db2|>Zn$5($4Sn@vwōB$IzՊ*dM}>d|ƛ$r2Zٿc:d4ZF-QVsgdtQ>Q6Y?tdtj:2>˯Y+o?[n΄k2qǉ}ľ_db/2|FF4FyC:2Nok2؇LC&!km\0\0\0\0\0\0x$\0\0\0\0\0\08B#	\0\0\0\0\0\0H\0\0\0\0\0#4\0\0\0\0\0\0$\0\0\0\0\0\08B#	\0\0\0\0\0\0H\0\0\0\0\0#4\0\0\0\0\0\0$\0\0\0\0\0\08B#	\0\0\0\0\0\0H\0\0\0\0\0#4\0\0\0\0\0\0Hn]\Z;%Ly7$}>db2îԁĮ\nHd_;}>W$]>db2<~ȭm\0\0\0\0\0\0pF\0\0\0\0\0\0\0\0\0\0\0\0Gh$\0\0\0\0\0\ZI\0\0\0\0\0\0pF\0\0\0\0\0\0\0\0\0\0\0\0Gh$\0\0\0\0\0\ZI\0\0\0\0\0\0pF\0\0\0\0\0\0\0\0\0\0\0\0Gh$\0\0\0\0\0\ZI\0\0\0\0\0\0pC%kί&T\nt@^RhiW!U^Y&}kѯ U8qmI\Z$[%չ[$&s_+]Q\'8iY$R1osB~GRI9kO~{:Z)lLzzUiGtK=2NKUכw*\\ZnWd&rKk-!EV%IwZ iJ.闒6Z8NqiTjMr2g!HJk(?S=!FFREud|bOKcgݺ:_1|1fµM]/H\Z*I\"grYoSIk\\㼞	ǉ}8N:>^/EQV^8tZҀko}cm3D9#rFz_/}K?I7 坻ڭ_[d<Fn,i켰^5|M\Z=Fn\Z&Z{]$$~q@WM\Z7ƃ)սz\ZDnmǵQ?]lՅKҍR-8Ir4U++zPI6bI}%]#i{|$tw}6p#*heuѷ\'r>~M:T!K%5~Mzkܕ\'^3ҿs{ҀǕңHMmt?I9~zaSHߒ>=\"`4kڅm.<$}gz麾/vEHj)*qǴ7[b\\pm砤?I\\I-]Gpm.p8#5U+i\rI߫*$EE-Y[FJz|?TAxPWJ8[ۮ\nHێJyWF\'%_)j؜UIC\\ ztUqq__6쒮z|_\'.WK\Z;XMäwJ(nkV^M©49KE/oUn`/S_\']rn|ZR\'헼zL{=ṱ3nmڦm<k[Hn?:L8Nq\ZP6~fIN43Wq3|_ImmЩwBK6N$)J(~|$\"\\uaܻt<SW}\'D\"u5W\\¯_o$H-.eIfJ}.3ݮ\n0R*&io\"G%n4Tz%xkwq؇$5.m2nQVT_x@w5n\"6_ӵ&ӊNi$B³*P>v^ftkrMg}BJh^_fHuHAmR{ u>,0G醡Ճ&r6\ZmqkMTgq؇$VI*iJ=*2_`mqn+ߊ7({eAvFdWҲEwbEzk[r&=uؔ\'KVEo/S\"~\nLi_FZ8KzqBqL{ٍkK<PԟO{@Sf(z{qI?>\'AM@aI3}7@V]TPg$:I9Y\0>\np9M4{ԥwߑ~qn{GK 凥JD4	oE?OJחJ3\'UI?yI\Z;붕?o-)?ϩ]QS-_)129i߻]QS~<!t-m$IS/$UzQ:d~C&\'8|}Q~-n+%&iH3s5w|,hStᖷiԡF/Rwz#_}Ңn>db2ƕ\0\0\0\0\0H\0\0\0\0\0#4\0\0\0\0\0\0$\0\0\0\0\0\08B#	\0\0\0\0\0\0H\0\0\0\0\0#4\0\0\0\0\0\0$\0\0\0\0\0\08B#	\0\0\0\0\0\0H\0\0\0\0\0#4\0\0\0\0\0\0$\0\0\0\0\0\08B#	\0\0\0\0\0\0t*v	hLy7XLC&!}eîgϞu$ԥKIz#c!F!}>db2gΝq㮁\0-=ېI#c!F!}>db2؁H\0\0\0\0\0#4\0\0\0\0\0\0$\0\0\0\0\0\08B#	\0\0\0\0\0\0H\0\0\0\0\0#4\0\0\0\0\0\0$\0\0\0\0\0\08B#	\0\0\0\0\0\0H\0\0\0\0\0#4\0\0\0\0\0\0$\0\0\0\0\0\08B#	\0\0\0\0\0\0$[^x hmy};RO2\0lѢE\n\nZx}VNNrrrt]wiϞ=nem\0mk|X;.).]h֬Yɘ]1I\06k֬ѪUkÆ\rZry7nV\Z2doߡwhС4ieYk\0p\075&	SW=pvyntFM6~H.2}뭷j%Ik׾^Zk׺\\Yjy=߬,}g+$IǏW^^*++]	6z\r\r뙤u3aok|ە 6N;5uT^S[[|PyyyĉuȑV>}~z\r2DPHԺub4~V$wܡP(aÆiӦM	裏4zh[\Z1bDܾHDǏW_뮻NoV\\]=\0dǎ*,,j۶m.V\'F\ZJ\r\r\rz5f˲6\\\0p\075>	kIlܸє\\1ƔӧJS]]cf̘aLӳgO3ak.`^z%3`>fƌ޼fذa	MCC3s57pClC=dfϞmLEELn?	,F◼{aN>&##Ŋ:󭯯77$#>Ժ]V$+mIgdbg^τ5yX㝯eee߯g7-[\\x86woᰣ9%}\'N0ݻwOonn9x`s6ut~̡C&PYN\0\0*IDATb]vZG◼]@Ŋ:~`,X`\"9|YpaI^Lc(\'LL:뙰;5ޙ7>lٳg4NO>m233͙_:lƍgLff޽E]8qMo/:2䝛x8p\\{IoNNkjjMNNu\\*.2\'LL:뙰;5ޙ|FRc*..ҥKx$8dB8~ƍȑ#UZZCqۃjkkc{\0\'[bR\r\Z4Ŋę3gtĉ.Vc/m\0e\\؇5Iz#IL~[\\rI챢bjhhPMM^x\'Gg}VZjpcǎiRyyfϞ|ڵK4b-]T/4w\\uOM+g޽[,PIIeFkjUUUi֬Y\Z5jeYk\0haw5)--箮L4\\3ydSWWhD7=cǚL3x`qƄXa7lmf̙cB1Ƙ\nSTTdL86W6`М9s+Ix/hoo^~e4~<fm^dIl2^f	o߾o߾tIV&\\pmXcdbt$ݮ	k|aoY[\n%ɚ5kpB꫺K5qD=]Z%俼|C&z&鸎}I:\"{UPP65fΜ+//OO>^yee!\Z\0ec!\0p$bǎ*,,j۶m.VT!k\0هL\0]4\ZBظW^q\"\nY\0u>d\0kK@\'!k\0هL\0H+233UUUWVV*XR\0^:f2\0wH+͛ƥ\Z4h!U\Z\0ec!\0pWW?MVy1F,3<vYH\0x}\0E#	(*\Zo[]tܹs5fB\n5\0XC&\0஀1Ƹ].\"FB|C&!}>db2qOyy\n\n\nbc>#	\0\0\0\0\0\0H\0\0\0\0\0#4\0\0\0\0\0\0$\0\0\0\0\0\085] GB|C&!}>db2qGYYYܸ+zn>>wz#_}>db2؇LS^^76\0\0\0\0\0\08B#	\0\0\0\0\0\0H\0\0\0\0\0#4\0\0\0\0\0\0$\0\0\0\0\0\08B#	\0\0\0\0\0\0H\0\0\0\0\0#4\0\0\0\0\0\0$\0\0\0\0\0\08B#	\0\0\0\0\0\0H\0\0\0\0\0#4\0\0\0\0\0\0$\0\0\0\0\0\08FRFFnz@sNH=x>\0E)+knvءb[{VQQ>䓸}1k\0hw;\ZqIi$uEfJTbI~\0YfVZ_6lʕ+;q,41yd|wjذBM4)/\0cpks0IgϞ?z5sS3jFr%[oUӧO.IZ=\"]R=zT:r䈤1Ypm@ې}I:My=Ʒ]yy\n\n\nb㤼#^SNo:>uz\\M81%OV^^֯_!C(\niZn]loيD\";\n4l0mڴ)~}F޽{+;;[#F7huu魷ފرCqaPm۶ŊК3gh馛b\\pm9Ʒ5>	kIlܸє\\1ƔӧJS]]cf̘aLӳgO3ak.`^z%3`>fƌ޼fذa	MCC3s57pClC=dfϞmLEELn?	,F◼{aN>&##Ŋ:dٻwot1YpmõM:#x=tX?r&awƗق?llrp޽;6޿	Îd8qt=Ᾱ~3wզ緗OXp/y\'8ٳu/{IO{7X:Lc(/\'LLah˙;5ޙؼy4k֬ūRnnnlܧOUUU97???.LǏO_mmz|۷o㕟`0P(SN\nbƵ;y>\0Ifff9R`ŊКnݺ驧|{\0ZaxX\'鍤lkҥȈ{<Pvvv_^PHhuqiȑ*--աCt`P޽{|\0j-qii\r\ZbEH6nl_cb\\\0@X?\Z>F$M2Eo.cEEzРZ***Nk=Z>j*\r2$~ǎÕr͞=Kڵk$iĈZt_hܹ֭LViϞ=ڽ{,XBFݢ{Nu:yVX[n%ǵ\r\04}\ZokAiJKK3&M2999&77L<93mD\"fر&33<lܸ1~+V0pAs7m۶9sP(d1,իM04gΜqJR$/_~r:2>ϯY㯼,Y;/[r:mfӧ0aD\"qx=deµ\r6:F&IL~4LX;6k|˚~FR\\D tf\Z-\\P.RM8Q=;nr~<?g-/o!_}I:cdbg>dr)\rh+3gӓO>W^YvYH\0x}\0E#	رc\nc¡ڶm!U\Z\0ec!\0p$&\'իjjj\\B\0\0/c\0h$\Z@I\Z\0ec!\0<4LUUUƕ\n.VT!k\0هL\0]4j-qii\r\ZbEH\0x}\0OӦh޼gtdт3ϸ]R\0^:f2\0wH+ƪs}V.]4w\\3d\r\021	\0+`1n$wz#_}>db2؇LS^^ؘH\0\0\0\0\0#4\0\0\0\0\0\0$\0\0\0\0\0\08B#	\0\0\0\0\0\0t\rn׀&$wz#_}>db2؇LQVV7ʧۅOOd/>db2؇LC&!Ǎ\r\0\0\0\0\0\0H\0\0\0\0\0#4\0\0\0\0\0\0$\0\0\0\0\0\08B#	\0\0\0\0\0\0xh\"aa-^rЊe]v;>}{BH1-EEE\nq_=zm߷on(\'\'Gwub9qb;-^X@W\\믿^PH#GΝ;]FҚ5kj*ڰaV\\weׯ׆\rtԩ=\Z5joߡ۷+\'\'G\\q8^۷o1&u_C9\r:T&Mr`iov8ǉ=%K\\g=czk̘1,]ƌc{wךcǺXQy<\'?1gϞu=VWטNsƉq7Ǵ7a^zرcW^QZx-LL\Z8ǉ~9s\\T}g~gϞ5UUU]^x5|*++{I;vPaaal\\X8T۶ms\"d֬Y	bt5פ\"t1=GUFFf\Z5J,PUU\Z\Z\Zk̘1X!8gځ8NqbkժU>}E6mڤ;#6\nBYӹӍ?zRMM!N<)S\'p$)8Q__U^WUa-[,n/K[NYYYѣ~_W~R9[8[8N:̙3#(##mHD7oVAA_ӹӍDvaj;??]R?82beddh֭}̙3u]w)G=+9Vqb\'Mp1Fׯ{mݺUZ|yxFRffbJA+BG|g\Z9rƎ&S☶o	&+е^7o^~XYYYփN;b988N:׌3+HW^zGl=U[:<H\Z8p6ojРA.VD\"\Z;v&O{rD1m_W:ydl|I]y啱3gtĉZ8gz7q؏_^br	\Z0`$_<ѣ+UZxݵ[ٽ{Oͺu.C<#ɓ\'3fPMCƍq~Ǵ-..675?7syWc\'L`.\\h9b*++#<b>+n;eT:3I߼1\'8S}w>|ٹsD\"7k֬qz&^>w5_ۼ1fɒ%&\'\'e˖]Nyh޽{;wtH猛ni[s˷7\\}զ_~fҥq>l&L`kkJmeH3I߼IS\'8[WZeӧy]c1=w5m$1jBIz#c!F!}>db2\\?#	\0\0\0\0\0\0F\0\0\0\0\0\0\0\0\0\0\0\0Gh$\0\0\0\0\0@\Z?2Nok2؇LC&!;]Ϟ=R)Hdg|@\nwz#_}>db2؇Lܳsθ^Bw\0\0\0\0IENDB`',NULL,NULL,'Captura de pantalla de 2019-09-07 16-12-26.png¿¿image/png','Captura de pantalla de 2019-09-07 16-04-10.png¿¿image/png','Captura de pantalla de 2019-09-07 16-03-36.png¿¿image/png',NULL,NULL,NULL);
/*!40000 ALTER TABLE `documentos` ENABLE KEYS */;
UNLOCK TABLES;

--
-- Table structure for table `editorial`
--

DROP TABLE IF EXISTS `editorial`;
/*!40101 SET @saved_cs_client     = @@character_set_client */;
/*!40101 SET character_set_client = utf8 */;
CREATE TABLE `editorial` (
  `ideditorial` int(11) NOT NULL AUTO_INCREMENT,
  `editorialNombre` varchar(50) NOT NULL,
  `editorialComentarios` varchar(140) DEFAULT NULL,
  PRIMARY KEY (`ideditorial`)
) ENGINE=InnoDB AUTO_INCREMENT=4 DEFAULT CHARSET=utf8;
/*!40101 SET character_set_client = @saved_cs_client */;

--
-- Dumping data for table `editorial`
--

LOCK TABLES `editorial` WRITE;
/*!40000 ALTER TABLE `editorial` DISABLE KEYS */;
INSERT INTO `editorial` VALUES (1,'rousoes',NULL),(2,'lessss ',NULL),(3,'Delsas',NULL);
/*!40000 ALTER TABLE `editorial` ENABLE KEYS */;
UNLOCK TABLES;

--
-- Table structure for table `editorialLibro`
--

DROP TABLE IF EXISTS `editorialLibro`;
/*!40101 SET @saved_cs_client     = @@character_set_client */;
/*!40101 SET character_set_client = utf8 */;
CREATE TABLE `editorialLibro` (
  `ideditorial` int(11) NOT NULL,
  `idLibro` int(11) NOT NULL,
  `editorialLibroComentario` varchar(145) DEFAULT NULL,
  PRIMARY KEY (`ideditorial`,`idLibro`),
  KEY `fk_editorialLibro_2_idx` (`idLibro`),
  CONSTRAINT `fk_editorialLibro_1` FOREIGN KEY (`ideditorial`) REFERENCES `editorial` (`ideditorial`) ON UPDATE CASCADE,
  CONSTRAINT `fk_editorialLibro_2` FOREIGN KEY (`idLibro`) REFERENCES `recurso` (`idrecurso`) ON UPDATE CASCADE
) ENGINE=InnoDB DEFAULT CHARSET=utf8;
/*!40101 SET character_set_client = @saved_cs_client */;

--
-- Dumping data for table `editorialLibro`
--

LOCK TABLES `editorialLibro` WRITE;
/*!40000 ALTER TABLE `editorialLibro` DISABLE KEYS */;
INSERT INTO `editorialLibro` VALUES (1,22,''),(1,23,''),(1,555,''),(1,1258965,''),(1,14706554,''),(2,22,'');
/*!40000 ALTER TABLE `editorialLibro` ENABLE KEYS */;
UNLOCK TABLES;

--
-- Table structure for table `ejemplar`
--

DROP TABLE IF EXISTS `ejemplar`;
/*!40101 SET @saved_cs_client     = @@character_set_client */;
/*!40101 SET character_set_client = utf8 */;
CREATE TABLE `ejemplar` (
  `idRecurso` int(11) NOT NULL,
  `ejemplarCorrelativo` int(11) NOT NULL,
  `ejemplarAnioDeIngreso` int(4) NOT NULL,
  `ejemplarComentario` varchar(145) DEFAULT NULL,
  PRIMARY KEY (`idRecurso`,`ejemplarCorrelativo`),
  CONSTRAINT `fk_ejemplar_1` FOREIGN KEY (`idRecurso`) REFERENCES `recurso` (`idrecurso`) ON UPDATE CASCADE
) ENGINE=InnoDB DEFAULT CHARSET=utf8;
/*!40101 SET character_set_client = @saved_cs_client */;

--
-- Dumping data for table `ejemplar`
--

LOCK TABLES `ejemplar` WRITE;
/*!40000 ALTER TABLE `ejemplar` DISABLE KEYS */;
INSERT INTO `ejemplar` VALUES (1,1,2019,''),(1,2,2019,''),(1,3,2019,''),(20,20,2019,''),(20,21,2019,''),(22,22,2019,''),(22,23,2019,''),(22,24,2019,''),(22,25,2019,''),(22,26,2019,''),(23,23,2019,''),(23,24,2019,''),(23,25,2019,''),(23,26,2019,''),(23,27,2019,''),(70,70,2019,''),(70,71,2019,''),(70,72,2019,''),(70,73,2019,''),(70,74,2019,''),(70,75,2019,''),(70,76,2019,''),(555,555,2019,''),(555,556,2019,''),(555,557,2019,''),(555,558,2019,''),(555,559,2019,''),(2212,2212,2019,''),(2212,2213,2019,''),(2212,2214,2019,''),(2212,2215,2019,''),(2212,2216,2019,''),(2212,2217,2019,''),(2212,2218,2019,''),(2212,2219,2019,''),(7030,7030,2019,''),(7030,7031,2019,''),(7030,7032,2019,''),(7030,7033,2019,''),(7030,7034,2019,''),(1258965,1258965,2019,''),(14706554,14706554,2019,''),(14706554,14706555,2019,'');
/*!40000 ALTER TABLE `ejemplar` ENABLE KEYS */;
UNLOCK TABLES;

--
-- Table structure for table `entregaUtiles`
--

DROP TABLE IF EXISTS `entregaUtiles`;
/*!40101 SET @saved_cs_client     = @@character_set_client */;
/*!40101 SET character_set_client = utf8 */;
CREATE TABLE `entregaUtiles` (
  `idEstudiante` int(11) NOT NULL,
  `año` int(4) NOT NULL,
  `idEntregante` int(11) NOT NULL,
  `idRepresentante` int(11) NOT NULL,
  `zapatos` bit(1) NOT NULL,
  `uniforme` bit(1) NOT NULL,
  `utiles` bit(1) NOT NULL,
  `comentario` varchar(100) DEFAULT NULL,
  PRIMARY KEY (`idEstudiante`,`año`),
  KEY `fk_entregaUtiles_2_idx` (`idEntregante`),
  KEY `fk_entregaUtiles_3_idx` (`idRepresentante`),
  CONSTRAINT `fk_entregaUtiles_1` FOREIGN KEY (`idEstudiante`) REFERENCES `estudiante` (`idestudiante`) ON UPDATE CASCADE,
  CONSTRAINT `fk_entregaUtiles_2` FOREIGN KEY (`idEntregante`) REFERENCES `persona` (`idpersona`) ON UPDATE CASCADE,
  CONSTRAINT `fk_entregaUtiles_3` FOREIGN KEY (`idRepresentante`) REFERENCES `estudiante` (`idestudiante`) ON UPDATE CASCADE
) ENGINE=InnoDB DEFAULT CHARSET=utf8;
/*!40101 SET character_set_client = @saved_cs_client */;

--
-- Dumping data for table `entregaUtiles`
--

LOCK TABLES `entregaUtiles` WRITE;
/*!40000 ALTER TABLE `entregaUtiles` DISABLE KEYS */;
/*!40000 ALTER TABLE `entregaUtiles` ENABLE KEYS */;
UNLOCK TABLES;

--
-- Table structure for table `estudiante`
--

DROP TABLE IF EXISTS `estudiante`;
/*!40101 SET @saved_cs_client     = @@character_set_client */;
/*!40101 SET character_set_client = utf8 */;
CREATE TABLE `estudiante` (
  `idestudiante` int(11) NOT NULL,
  `estudiantePartidaNac` bit(1) NOT NULL DEFAULT b'0',
  `estudianteTipoCalle` int(1) NOT NULL,
  `estudianteRiesgoVulnerabilidad` varchar(100) DEFAULT NULL,
  `estudianteMedioTransporte` int(1) DEFAULT NULL,
  `estudianteDistanciaAlCentro` decimal(5,2) DEFAULT NULL,
  `estudianteTrabaja` bit(1) DEFAULT b'1',
  `estudianteDependenciaEconomica` varchar(45) DEFAULT NULL,
  `estudianteParvularia` bit(1) DEFAULT b'0',
  `estudianteEnfermedades` varchar(100) DEFAULT NULL,
  `estudianteMedicamentos` varchar(250) DEFAULT NULL,
  `estudianteParentescoRepresentante` varchar(45) DEFAULT NULL,
  `estudianteEsEstudiante` bit(1) NOT NULL DEFAULT b'0',
  `estudianteEscolaridad` varchar(45) NOT NULL,
  `estudianteFormaTrabajo` varchar(45) DEFAULT NULL,
  `estudianteCentroProcedencia` varchar(45) DEFAULT NULL,
  `estudianteNoPartida` varchar(45) DEFAULT NULL,
  `estudianteRepresentanteFamiliar` bit(1) DEFAULT b'0',
  `estudianteRepresentante` int(11) DEFAULT NULL,
  `estudiantePadre` int(11) DEFAULT NULL,
  `estudianteMadre` int(11) DEFAULT NULL,
  `estudianteComentario` varchar(145) DEFAULT NULL COMMENT 'Detalle de la información de los estudiantes y sus representates.',
  PRIMARY KEY (`idestudiante`),
  KEY `fk_estudiante1_2_idx` (`estudiantePadre`),
  KEY `fk_estudiante1_3_idx` (`estudianteMadre`),
  KEY `fk_estudiante1_4_idx` (`estudianteRepresentante`),
  CONSTRAINT `fk_estudiante1_1` FOREIGN KEY (`idestudiante`) REFERENCES `persona` (`idpersona`) ON UPDATE CASCADE,
  CONSTRAINT `fk_estudiante1_2` FOREIGN KEY (`estudiantePadre`) REFERENCES `persona` (`idpersona`) ON UPDATE CASCADE,
  CONSTRAINT `fk_estudiante1_3` FOREIGN KEY (`estudianteMadre`) REFERENCES `persona` (`idpersona`) ON UPDATE CASCADE,
  CONSTRAINT `fk_estudiante_1` FOREIGN KEY (`estudianteRepresentante`) REFERENCES `estudiante` (`idestudiante`) ON DELETE CASCADE ON UPDATE CASCADE
) ENGINE=InnoDB DEFAULT CHARSET=utf8;
/*!40101 SET character_set_client = @saved_cs_client */;

--
-- Dumping data for table `estudiante`
--

LOCK TABLES `estudiante` WRITE;
/*!40000 ALTER TABLE `estudiante` DISABLE KEYS */;
INSERT INTO `estudiante` VALUES (11022,'',0,'',0,2.00,'\0','Padre#Madre#Abuelo/a¿ ','','','','45545454545455','','Noveno Grado','','878787878787878787','','',1045367009,1045367008,1045367007,''),(16018,'',0,'',0,2.00,'\0','Padre#Madre#Abuelo/a#Hermano/a¿ ','','78787','8787878788788778','dddddddd','','Noveno Grado','','Centro de Procedencia','','',1045367072,1045367071,1045367070,''),(1045367009,'',0,'',NULL,NULL,'\0',NULL,NULL,NULL,NULL,'45545454545455','\0','8999898989898','88988998989898',NULL,'','',NULL,NULL,NULL,''),(1045367072,'',1,'78878787878787',NULL,NULL,'\0',NULL,NULL,NULL,NULL,'dddddddd','\0','87877887878787','87878787',NULL,'','',NULL,NULL,NULL,'');
/*!40000 ALTER TABLE `estudiante` ENABLE KEYS */;
UNLOCK TABLES;

--
-- Table structure for table `evaluacionMaestro`
--

DROP TABLE IF EXISTS `evaluacionMaestro`;
/*!40101 SET @saved_cs_client     = @@character_set_client */;
/*!40101 SET character_set_client = utf8 */;
CREATE TABLE `evaluacionMaestro` (
  `idMaestro` int(11) NOT NULL,
  `fechaHora` datetime NOT NULL,
  `grado` int(11) NOT NULL,
  `seccion` enum('A','B','C') NOT NULL,
  `año` int(4) NOT NULL,
  `materia` int(11) NOT NULL,
  `turno` enum('M','v') NOT NULL,
  `Estudiantes` int(11) NOT NULL,
  `horaInicio` time NOT NULL,
  `horaFin` time NOT NULL,
  `unidad` varchar(45) NOT NULL,
  `objetivo` varchar(80) NOT NULL,
  `evaluador` int(11) NOT NULL,
  `faceIniciacion` longtext CHARACTER SET utf8mb4 COLLATE utf8mb4_bin NOT NULL,
  `faceDesarrollo` longtext CHARACTER SET utf8mb4 COLLATE utf8mb4_bin NOT NULL,
  `FaceCulminación` longtext CHARACTER SET utf8mb4 COLLATE utf8mb4_bin NOT NULL,
  `actitudicionales` longtext NOT NULL,
  `resumen` varchar(250) DEFAULT NULL,
  `propuestaMejora` varchar(145) DEFAULT NULL,
  `evaluacionMaestroComentario` varchar(145) DEFAULT NULL,
  `gradoModalidad` enum('C','S','G') NOT NULL,
  PRIMARY KEY (`idMaestro`,`fechaHora`,`gradoModalidad`),
  KEY `fk_evaluacionMaestro_1_idx` (`idMaestro`),
  KEY `fk_evaluacionMaestro_2` (`grado`,`seccion`,`año`,`gradoModalidad`),
  CONSTRAINT `fk_evaluacionMaestro_1` FOREIGN KEY (`idMaestro`) REFERENCES `maestro` (`idmaestro`) ON UPDATE CASCADE,
  CONSTRAINT `fk_evaluacionMaestro_2` FOREIGN KEY (`grado`, `seccion`, `año`, `gradoModalidad`) REFERENCES `grado` (`idgrado`, `gradoSeccion`, `gradoAño`, `gradoModalidad`) ON UPDATE CASCADE
) ENGINE=InnoDB DEFAULT CHARSET=utf8;
/*!40101 SET character_set_client = @saved_cs_client */;

--
-- Dumping data for table `evaluacionMaestro`
--

LOCK TABLES `evaluacionMaestro` WRITE;
/*!40000 ALTER TABLE `evaluacionMaestro` DISABLE KEYS */;
/*!40000 ALTER TABLE `evaluacionMaestro` ENABLE KEYS */;
UNLOCK TABLES;

--
-- Table structure for table `expedientePS`
--

DROP TABLE IF EXISTS `expedientePS`;
/*!40101 SET @saved_cs_client     = @@character_set_client */;
/*!40101 SET character_set_client = utf8 */;
CREATE TABLE `expedientePS` (
  `idEstudiante` int(11) NOT NULL,
  `ExpedientePsPersonasVivien` varchar(300) NOT NULL,
  `expedientePSComentario` varchar(140) DEFAULT NULL,
  PRIMARY KEY (`idEstudiante`),
  KEY `fk_expedientePS_1_idx` (`idEstudiante`),
  CONSTRAINT `fk_expedientePS_1` FOREIGN KEY (`idEstudiante`) REFERENCES `estudiante` (`idestudiante`) ON UPDATE CASCADE
) ENGINE=InnoDB DEFAULT CHARSET=utf8;
/*!40101 SET character_set_client = @saved_cs_client */;

--
-- Dumping data for table `expedientePS`
--

LOCK TABLES `expedientePS` WRITE;
/*!40000 ALTER TABLE `expedientePS` DISABLE KEYS */;
/*!40000 ALTER TABLE `expedientePS` ENABLE KEYS */;
UNLOCK TABLES;

--
-- Table structure for table `financiamiento`
--

DROP TABLE IF EXISTS `financiamiento`;
/*!40101 SET @saved_cs_client     = @@character_set_client */;
/*!40101 SET character_set_client = utf8 */;
CREATE TABLE `financiamiento` (
  `idfinanciamiento` int(11) NOT NULL AUTO_INCREMENT,
  `financiamientoNombre` varchar(45) NOT NULL,
  `financiamientoComentario` varchar(145) DEFAULT NULL COMMENT 'Lista de las formas en las que se fiancea el pago de los cargos de los docentes.',
  PRIMARY KEY (`idfinanciamiento`)
) ENGINE=InnoDB AUTO_INCREMENT=5 DEFAULT CHARSET=utf8;
/*!40101 SET character_set_client = @saved_cs_client */;

--
-- Dumping data for table `financiamiento`
--

LOCK TABLES `financiamiento` WRITE;
/*!40000 ALTER TABLE `financiamiento` DISABLE KEYS */;
INSERT INTO `financiamiento` VALUES (1,'MINED',NULL),(2,'CDE',NULL),(3,'Alcaldía',NULL),(4,'ONG',NULL);
/*!40000 ALTER TABLE `financiamiento` ENABLE KEYS */;
UNLOCK TABLES;

--
-- Table structure for table `grado`
--

DROP TABLE IF EXISTS `grado`;
/*!40101 SET @saved_cs_client     = @@character_set_client */;
/*!40101 SET character_set_client = utf8 */;
CREATE TABLE `grado` (
  `idgrado` int(11) NOT NULL,
  `gradoModalidad` enum('C','S','G') NOT NULL,
  `gradoSeccion` enum('A','B','C') NOT NULL,
  `gradoAño` int(4) NOT NULL,
  `aulaGrado` int(11) NOT NULL,
  `gradoActivo` bit(1) NOT NULL,
  `gradoMaestroGuia` int(11) DEFAULT NULL,
  `gradoCoemntario` varchar(145) DEFAULT NULL COMMENT 'Historico de los grados y secciones junto a los maestros que han sido sus maestros guías.',
  PRIMARY KEY (`idgrado`,`gradoSeccion`,`gradoAño`,`gradoModalidad`),
  KEY `fk_grado_1` (`gradoMaestroGuia`),
  KEY `fk_grado_2` (`aulaGrado`),
  CONSTRAINT `fk_grado_1` FOREIGN KEY (`gradoMaestroGuia`) REFERENCES `maestro` (`idmaestro`) ON UPDATE CASCADE,
  CONSTRAINT `fk_grado_2` FOREIGN KEY (`aulaGrado`) REFERENCES `aula` (`idaula`) ON UPDATE CASCADE
) ENGINE=InnoDB DEFAULT CHARSET=utf8;
/*!40101 SET character_set_client = @saved_cs_client */;

--
-- Dumping data for table `grado`
--

LOCK TABLES `grado` WRITE;
/*!40000 ALTER TABLE `grado` DISABLE KEYS */;
INSERT INTO `grado` VALUES (1,'C','A',2019,1,'',1222222222,NULL),(1,'S','A',2019,5,'\0',1111111111,NULL),(1,'G','A',2019,3,'',1123456798,NULL),(1,'C','B',2019,7,'',NULL,NULL),(2,'C','A',2019,2,'\0',NULL,NULL),(2,'G','A',2019,4,'\0',NULL,NULL),(3,'C','A',2019,6,'',1111111111,NULL);
/*!40000 ALTER TABLE `grado` ENABLE KEYS */;
UNLOCK TABLES;

--
-- Table structure for table `gradoEvaluacion`
--

DROP TABLE IF EXISTS `gradoEvaluacion`;
/*!40101 SET @saved_cs_client     = @@character_set_client */;
/*!40101 SET character_set_client = utf8 */;
CREATE TABLE `gradoEvaluacion` (
  `idGrado` int(11) NOT NULL,
  `gradoSeccion` enum('A','B','C') NOT NULL,
  `gradoAño` int(4) NOT NULL,
  `gradoModalidad` enum('C','S','G') NOT NULL,
  `fechaEvaluacion` date NOT NULL COMMENT 'histórico de evaluaciones a cada grado del instituto.',
  `evaluador` int(11) NOT NULL,
  `organizadorLimpieza` bit(1) NOT NULL,
  `organizadorClase` bit(1) NOT NULL,
  `normas` bit(1) NOT NULL,
  `mision` bit(1) NOT NULL,
  `vision` bit(1) NOT NULL,
  `mapasRiesgo` bit(1) NOT NULL,
  `comites` bit(1) NOT NULL,
  `bienvenidos` bit(1) NOT NULL,
  `valores` bit(1) NOT NULL,
  `directiva` bit(1) NOT NULL,
  `material` bit(1) NOT NULL,
  `observacionesPositivas` varchar(145) DEFAULT NULL,
  `observacioneNegativas` varchar(145) DEFAULT NULL,
  `Recomendaciones` varchar(145) DEFAULT NULL,
  `evaluacionGradoComentario` varchar(145) DEFAULT NULL COMMENT 'Historico de evaluaciones de cada grado.',
  PRIMARY KEY (`idGrado`,`gradoSeccion`,`gradoAño`,`gradoModalidad`),
  KEY `fk_gradoEvaluacion_2_idx` (`evaluador`),
  CONSTRAINT `fk_gradoEvaluacion_1` FOREIGN KEY (`idGrado`, `gradoSeccion`, `gradoAño`, `gradoModalidad`) REFERENCES `grado` (`idgrado`, `gradoSeccion`, `gradoAño`, `gradoModalidad`) ON UPDATE CASCADE,
  CONSTRAINT `fk_gradoEvaluacion_2` FOREIGN KEY (`evaluador`) REFERENCES `persona` (`idpersona`) ON UPDATE CASCADE
) ENGINE=InnoDB DEFAULT CHARSET=utf8;
/*!40101 SET character_set_client = @saved_cs_client */;

--
-- Dumping data for table `gradoEvaluacion`
--

LOCK TABLES `gradoEvaluacion` WRITE;
/*!40000 ALTER TABLE `gradoEvaluacion` DISABLE KEYS */;
/*!40000 ALTER TABLE `gradoEvaluacion` ENABLE KEYS */;
UNLOCK TABLES;

--
-- Table structure for table `horario`
--

DROP TABLE IF EXISTS `horario`;
/*!40101 SET @saved_cs_client     = @@character_set_client */;
/*!40101 SET character_set_client = utf8 */;
CREATE TABLE `horario` (
  `idhorario` int(11) NOT NULL,
  `horaInicio` time NOT NULL,
  `horaFin` time NOT NULL,
  `horarioComentario` varchar(145) DEFAULT NULL COMMENT 'Listado de las horas en las que se dan clases durate la semana',
  PRIMARY KEY (`idhorario`)
) ENGINE=InnoDB DEFAULT CHARSET=utf8;
/*!40101 SET character_set_client = @saved_cs_client */;

--
-- Dumping data for table `horario`
--

LOCK TABLES `horario` WRITE;
/*!40000 ALTER TABLE `horario` DISABLE KEYS */;
INSERT INTO `horario` VALUES (1,'07:15:00','08:05:00',NULL),(2,'08:05:00','08:55:00',NULL),(3,'09:15:00','10:05:00',NULL),(4,'10:05:00','10:55:00',NULL),(5,'11:10:00','12:00:00',NULL),(6,'13:00:00','13:50:00',NULL),(7,'13:50:00','14:40:00',NULL),(8,'14:50:00','15:40:00',NULL),(9,'15:40:00','16:30:00',NULL),(10,'16:30:00','17:20:00',NULL);
/*!40000 ALTER TABLE `horario` ENABLE KEYS */;
UNLOCK TABLES;

--
-- Table structure for table `maestoCargo`
--

DROP TABLE IF EXISTS `maestoCargo`;
/*!40101 SET @saved_cs_client     = @@character_set_client */;
/*!40101 SET character_set_client = utf8 */;
CREATE TABLE `maestoCargo` (
  `idMaesto` int(11) NOT NULL,
  `idCargo` int(11) NOT NULL,
  `idNombramiento` int(11) NOT NULL,
  `idFinanciamiento` int(11) NOT NULL,
  `fechaNombramiento` date NOT NULL,
  `fechaDestitucion` date DEFAULT NULL,
  `razondestitucion` varchar(145) DEFAULT NULL,
  `maestoCargoComentario` varchar(145) DEFAULT NULL COMMENT 'Histórico de los cargos que los maestros tienen o han tenido dentro de la institucion.',
  PRIMARY KEY (`idMaesto`,`idCargo`,`idNombramiento`,`idFinanciamiento`,`fechaNombramiento`),
  KEY `fk_maestoCargo_2_idx` (`idCargo`),
  KEY `fk_maestoCargo_3_idx` (`idNombramiento`),
  KEY `fk_maestoCargo_4_idx` (`idFinanciamiento`),
  CONSTRAINT `fk_maestoCargo_1` FOREIGN KEY (`idMaesto`) REFERENCES `maestro` (`idmaestro`) ON UPDATE CASCADE,
  CONSTRAINT `fk_maestoCargo_2` FOREIGN KEY (`idCargo`) REFERENCES `cargo` (`idcargo`) ON UPDATE CASCADE,
  CONSTRAINT `fk_maestoCargo_3` FOREIGN KEY (`idNombramiento`) REFERENCES `tipoNombramiento` (`idtipoNombramiento`) ON UPDATE CASCADE,
  CONSTRAINT `fk_maestoCargo_4` FOREIGN KEY (`idFinanciamiento`) REFERENCES `financiamiento` (`idfinanciamiento`) ON UPDATE CASCADE
) ENGINE=InnoDB DEFAULT CHARSET=utf8;
/*!40101 SET character_set_client = @saved_cs_client */;

--
-- Dumping data for table `maestoCargo`
--

LOCK TABLES `maestoCargo` WRITE;
/*!40000 ALTER TABLE `maestoCargo` DISABLE KEYS */;
INSERT INTO `maestoCargo` VALUES (1111111111,2,1,1,'2019-07-30',NULL,NULL,NULL),(1111111111,3,2,2,'2019-07-30',NULL,NULL,NULL),(1123456789,1,1,1,'2019-08-24',NULL,NULL,NULL),(1123456798,2,1,2,'2019-08-01',NULL,NULL,NULL),(1222222222,2,1,1,'2019-08-01',NULL,NULL,NULL);
/*!40000 ALTER TABLE `maestoCargo` ENABLE KEYS */;
UNLOCK TABLES;

--
-- Table structure for table `maestro`
--

DROP TABLE IF EXISTS `maestro`;
/*!40101 SET @saved_cs_client     = @@character_set_client */;
/*!40101 SET character_set_client = utf8 */;
CREATE TABLE `maestro` (
  `idmaestro` int(11) NOT NULL,
  `maestroNip` int(11) NOT NULL,
  `maestroNup` int(11) NOT NULL,
  `maestroCodigo` int(11) NOT NULL,
  `maestroPartidas` int(11) NOT NULL,
  `maestroSubnumeros` int(11) NOT NULL,
  `maestroNivel` int(11) NOT NULL,
  `maestroCategoria` int(11) NOT NULL,
  `maestroAfp` varchar(45) NOT NULL,
  `maestroBienestar` int(11) NOT NULL,
  `maestrocolTelefonoResidencia` varchar(9) NOT NULL,
  `maestroEspecialidad` varchar(80) NOT NULL,
  `maestroFechaMagisterio` date NOT NULL,
  `maestroFechaInstitucion` date NOT NULL,
  `maestroFechaProximoAsenso` date DEFAULT NULL,
  `maestroTurno` enum('M','V','T') NOT NULL,
  `maestroTiempoCategoria` varchar(10) NOT NULL,
  `maestroSinEscalafon` bit(1) NOT NULL DEFAULT b'1',
  `maestroTipoSalario` varchar(45) NOT NULL,
  `maestroUtilidadTecnologica` bit(1) NOT NULL DEFAULT b'1',
  `maestroHorasUsoTecnologia` int(11) NOT NULL DEFAULT '0',
  `maestroUsoVideoconferencias` bit(1) NOT NULL DEFAULT b'0',
  `maestroRecursosWeb` bit(1) NOT NULL DEFAULT b'1',
  `maestroCapacitacionesVirtuales` bit(1) NOT NULL DEFAULT b'1',
  `maestroComentario` varchar(45) DEFAULT NULL COMMENT 'Detalle de la información de todos los docentes de la institución.',
  PRIMARY KEY (`idmaestro`),
  CONSTRAINT `fk_maestro_1` FOREIGN KEY (`idmaestro`) REFERENCES `persona` (`idpersona`) ON UPDATE CASCADE
) ENGINE=InnoDB DEFAULT CHARSET=utf8;
/*!40101 SET character_set_client = @saved_cs_client */;

--
-- Dumping data for table `maestro`
--

LOCK TABLES `maestro` WRITE;
/*!40000 ALTER TABLE `maestro` DISABLE KEYS */;
INSERT INTO `maestro` VALUES (1111111111,89,898989,8989898,9898989,898989,89898,1,'9898989',8989898,'2222-2222','Informática','2019-07-30','2019-07-30','2019-07-30','T','98','','Sueldo Base','',0,'','','',''),(1123456789,0,0,0,0,0,0,0,'kgh',0,'6767-6767','Ciencias Naturales','2019-08-24','2019-08-24','2019-08-24','M','1','','Horas clases','\0',0,'\0','\0','\0',''),(1123456798,0,0,0,0,0,0,0,'45466879+658499468',0,'8979-8797','Lenguaje','2019-08-01','2019-08-01','2019-08-01','T','1','','Horas clases','',0,'\0','','',''),(1222222222,0,0,0,0,0,0,0,'0',0,'2222-2222','Educación Física','2019-08-01','2019-08-01','2019-08-01','T','0','\0','Sueldo Base','',0,'','\0','','');
/*!40000 ALTER TABLE `maestro` ENABLE KEYS */;
UNLOCK TABLES;

--
-- Table structure for table `materia`
--

DROP TABLE IF EXISTS `materia`;
/*!40101 SET @saved_cs_client     = @@character_set_client */;
/*!40101 SET character_set_client = utf8 */;
CREATE TABLE `materia` (
  `idmateria` int(11) NOT NULL AUTO_INCREMENT,
  `materiaNombre` varchar(60) NOT NULL,
  `tipoMateria` int(11) NOT NULL COMMENT 'Listado de las materias que se imparten en la institucion.',
  `materiaComentario` varchar(145) DEFAULT NULL,
  PRIMARY KEY (`idmateria`),
  KEY `fk_materia_1_idx` (`tipoMateria`),
  CONSTRAINT `fk_materia_1` FOREIGN KEY (`tipoMateria`) REFERENCES `tipoMateria` (`idtipoMateria`) ON UPDATE CASCADE
) ENGINE=InnoDB AUTO_INCREMENT=23 DEFAULT CHARSET=utf8;
/*!40101 SET character_set_client = @saved_cs_client */;

--
-- Dumping data for table `materia`
--

LOCK TABLES `materia` WRITE;
/*!40000 ALTER TABLE `materia` DISABLE KEYS */;
INSERT INTO `materia` VALUES (1,'Matemática',1,'20b057'),(2,'Lenguaje',1,'7184e3'),(3,'Inglés',1,'c73625'),(4,'Informática',1,'cf9dcf'),(5,'Estudios Sociales',1,'9fc7a3'),(6,'Educación Físiaca',1,''),(7,'Ciencias Naturales',1,''),(8,'Moral, Urbanidad y Cívica',1,''),(9,'Orientación Para La Vida',2,''),(10,'Seminario',2,''),(11,'Curso de Habilidad Laboral',2,''),(12,'Tecnología I',3,''),(13,'Tecnología II',3,''),(14,'Tecnología III',3,''),(15,'Práctica Profesional I',3,''),(16,'Práctica Profesional II',3,''),(17,'Práctica Profesional III',3,''),(18,'Laboratorio de Creatividad I',3,''),(19,'Laboratorio de Creatividad II',3,''),(20,'Laboratorio de Creatividad III',3,''),(21,'Contaduría',4,''),(22,'General',4,'d9b2d9');
/*!40000 ALTER TABLE `materia` ENABLE KEYS */;
UNLOCK TABLES;

--
-- Table structure for table `matricula`
--

DROP TABLE IF EXISTS `matricula`;
/*!40101 SET @saved_cs_client     = @@character_set_client */;
/*!40101 SET character_set_client = utf8 */;
CREATE TABLE `matricula` (
  `idmatricula` int(11) NOT NULL,
  `matriculaAnyo` int(4) NOT NULL,
  `matriculaNivel` int(11) NOT NULL,
  `gradoModalidad` enum('C','S','G') NOT NULL,
  `matriculaSeccion` enum('A','B','C') NOT NULL DEFAULT 'A',
  `matriculaRepite` bit(1) NOT NULL,
  `matriculaComentario` varchar(140) DEFAULT NULL,
  PRIMARY KEY (`idmatricula`,`matriculaAnyo`),
  KEY `fk_matricula_1` (`matriculaNivel`,`matriculaSeccion`,`matriculaAnyo`,`gradoModalidad`),
  CONSTRAINT `fk_matricula1_1` FOREIGN KEY (`idmatricula`) REFERENCES `estudiante` (`idestudiante`) ON UPDATE CASCADE,
  CONSTRAINT `fk_matricula_1` FOREIGN KEY (`matriculaNivel`, `matriculaSeccion`, `matriculaAnyo`, `gradoModalidad`) REFERENCES `grado` (`idgrado`, `gradoSeccion`, `gradoAño`, `gradoModalidad`) ON DELETE NO ACTION ON UPDATE CASCADE
) ENGINE=InnoDB DEFAULT CHARSET=utf8;
/*!40101 SET character_set_client = @saved_cs_client */;

--
-- Dumping data for table `matricula`
--

LOCK TABLES `matricula` WRITE;
/*!40000 ALTER TABLE `matricula` DISABLE KEYS */;
INSERT INTO `matricula` VALUES (11022,2019,1,'C','B','\0',NULL),(16018,2019,1,'C','A','\0',NULL);
/*!40000 ALTER TABLE `matricula` ENABLE KEYS */;
UNLOCK TABLES;

--
-- Table structure for table `mestroHorarioMaterias`
--

DROP TABLE IF EXISTS `mestroHorarioMaterias`;
/*!40101 SET @saved_cs_client     = @@character_set_client */;
/*!40101 SET character_set_client = utf8 */;
CREATE TABLE `mestroHorarioMaterias` (
  `idMaestro` int(11) NOT NULL,
  `idMateria` int(11) NOT NULL COMMENT 'Detalle de las materias y horarios que cada docente imparte en la institución.',
  `idHorario` int(11) NOT NULL,
  `diaSemana` int(11) NOT NULL,
  `idGrado` int(11) NOT NULL,
  `gradoModalidad` enum('C','S','G') NOT NULL,
  `seccionGrado` enum('A','B','C') NOT NULL,
  `añoGrado` int(4) NOT NULL,
  `mestroHorarioMateriasComentarios` varchar(145) DEFAULT NULL,
  PRIMARY KEY (`idMaestro`,`idMateria`,`idHorario`,`diaSemana`,`idGrado`,`seccionGrado`,`añoGrado`,`gradoModalidad`),
  KEY `fk_mestroHorarioMaterias_2_idx` (`idMateria`),
  KEY `fk_mestroHorarioMaterias_3_idx` (`idHorario`),
  KEY `fk_mestroHorarioMaterias_4` (`idGrado`,`seccionGrado`,`añoGrado`,`gradoModalidad`),
  KEY `fk_mestroHorarioMaterias_5_idx` (`diaSemana`),
  CONSTRAINT `fk_mestroHorarioMaterias_1` FOREIGN KEY (`idMaestro`) REFERENCES `maestro` (`idmaestro`) ON UPDATE CASCADE,
  CONSTRAINT `fk_mestroHorarioMaterias_2` FOREIGN KEY (`idMateria`) REFERENCES `materia` (`idmateria`) ON UPDATE CASCADE,
  CONSTRAINT `fk_mestroHorarioMaterias_3` FOREIGN KEY (`idHorario`) REFERENCES `horario` (`idhorario`) ON UPDATE CASCADE,
  CONSTRAINT `fk_mestroHorarioMaterias_4` FOREIGN KEY (`idGrado`, `seccionGrado`, `añoGrado`, `gradoModalidad`) REFERENCES `grado` (`idgrado`, `gradoSeccion`, `gradoAño`, `gradoModalidad`) ON UPDATE CASCADE,
  CONSTRAINT `fk_mestroHorarioMaterias_5` FOREIGN KEY (`diaSemana`) REFERENCES `diasEstudio` (`idDias`) ON UPDATE CASCADE
) ENGINE=InnoDB DEFAULT CHARSET=utf8;
/*!40101 SET character_set_client = @saved_cs_client */;

--
-- Dumping data for table `mestroHorarioMaterias`
--

LOCK TABLES `mestroHorarioMaterias` WRITE;
/*!40000 ALTER TABLE `mestroHorarioMaterias` DISABLE KEYS */;
/*!40000 ALTER TABLE `mestroHorarioMaterias` ENABLE KEYS */;
UNLOCK TABLES;

--
-- Table structure for table `notificaciones`
--

DROP TABLE IF EXISTS `notificaciones`;
/*!40101 SET @saved_cs_client     = @@character_set_client */;
/*!40101 SET character_set_client = utf8 */;
CREATE TABLE `notificaciones` (
  `fechaHora` datetime NOT NULL,
  `idPersona` int(11) NOT NULL,
  `notificacion` varchar(100) NOT NULL,
  `vista` bit(1) NOT NULL,
  `comentario` varchar(150) DEFAULT NULL,
  PRIMARY KEY (`fechaHora`),
  KEY `fk_notificaciones_1_idx` (`idPersona`),
  CONSTRAINT `fk_notificaciones_1` FOREIGN KEY (`idPersona`) REFERENCES `persona` (`idpersona`) ON DELETE NO ACTION ON UPDATE NO ACTION
) ENGINE=InnoDB DEFAULT CHARSET=utf8;
/*!40101 SET character_set_client = @saved_cs_client */;

--
-- Dumping data for table `notificaciones`
--

LOCK TABLES `notificaciones` WRITE;
/*!40000 ALTER TABLE `notificaciones` DISABLE KEYS */;
/*!40000 ALTER TABLE `notificaciones` ENABLE KEYS */;
UNLOCK TABLES;

--
-- Table structure for table `pais`
--

DROP TABLE IF EXISTS `pais`;
/*!40101 SET @saved_cs_client     = @@character_set_client */;
/*!40101 SET character_set_client = utf8 */;
CREATE TABLE `pais` (
  `idpais` int(11) NOT NULL,
  `paisNombre` varchar(50) NOT NULL,
  `paisComentarios` varchar(140) DEFAULT NULL,
  PRIMARY KEY (`idpais`)
) ENGINE=InnoDB DEFAULT CHARSET=utf8;
/*!40101 SET character_set_client = @saved_cs_client */;

--
-- Dumping data for table `pais`
--

LOCK TABLES `pais` WRITE;
/*!40000 ALTER TABLE `pais` DISABLE KEYS */;
INSERT INTO `pais` VALUES (1,'Afganistán',''),(2,'Islas Gland',''),(3,'Albania',''),(4,'Alemania',''),(5,'Andorra',''),(6,'Angola',''),(7,'Anguilla',''),(8,'Antártida',''),(9,'Antigua y Barbuda',''),(10,'Antillas Holandesas',''),(11,'Arabia Saudí',''),(12,'Argelia',''),(13,'Argentina',''),(14,'Armenia',''),(15,'Aruba',''),(16,'Australia',''),(17,'Austria',''),(18,'Azerbaiyán',''),(19,'Bahamas',''),(20,'Bahréin',''),(21,'Bangladesh',''),(22,'Barbados',''),(23,'Bielorrusia',''),(24,'Bélgica',''),(25,'Belice',''),(26,'Benin',''),(27,'Bermudas',''),(28,'Bhután',''),(29,'Bolivia',''),(30,'Bosnia y Herzegovina',''),(31,'Botsuana',''),(32,'Isla Bouvet',''),(33,'Brasil',''),(34,'Brunéi',''),(35,'Bulgaria',''),(36,'Burkina Faso',''),(37,'Burundi',''),(38,'Cabo Verde',''),(39,'Islas Caimán',''),(40,'Camboya',''),(41,'Camerún',''),(42,'Canadá',''),(43,'República Centroafricana',''),(44,'Chad',''),(45,'República Checa',''),(46,'Chile',''),(47,'China',''),(48,'Chipre',''),(49,'Isla de Navidad',''),(50,'Ciudad del Vaticano',''),(51,'Islas Cocos',''),(52,'Colombia',''),(53,'Comoras',''),(54,'República Democrática del Congo',''),(55,'Congo',''),(56,'Islas Cook',''),(57,'Corea del Norte',''),(58,'Corea del Sur',''),(59,'Costa de Marfil',''),(60,'Costa Rica',''),(61,'Croacia',''),(62,'Cuba',''),(63,'Dinamarca',''),(64,'Dominica',''),(65,'República Dominicana',''),(66,'Ecuador',''),(67,'Egipto',''),(68,'El Salvador',''),(69,'Emiratos Árabes Unidos',''),(70,'Eritrea',''),(71,'Eslovaquia',''),(72,'Eslovenia',''),(73,'España',''),(74,'Islas ultramarinas de Estados Unidos',''),(75,'Estados Unidos',''),(76,'Estonia',''),(77,'Etiopía',''),(78,'Islas Feroe',''),(79,'Filipinas',''),(80,'Finlandia',''),(81,'Fiyi',''),(82,'Francia',''),(83,'Gabón',''),(84,'Gambia',''),(85,'Georgia',''),(86,'Islas Georgias del Sur y Sandwich del Sur',''),(87,'Ghana',''),(88,'Gibraltar',''),(89,'Granada',''),(90,'Grecia',''),(91,'Groenlandia',''),(92,'Guadalupe',''),(93,'Guam',''),(94,'Guatemala',''),(95,'Guayana Francesa',''),(96,'Guinea',''),(97,'Guinea Ecuatorial',''),(98,'Guinea-Bissau',''),(99,'Guyana',''),(100,'Haití',''),(101,'Islas Heard y McDonald',''),(102,'Honduras',''),(103,'Hong Kong',''),(104,'Hungría',''),(105,'India',''),(106,'Indonesia',''),(107,'Irán',''),(108,'Iraq',''),(109,'Irlanda',''),(110,'Islandia',''),(111,'Israel',''),(112,'Italia',''),(113,'Jamaica',''),(114,'Japón',''),(115,'Jordania',''),(116,'Kazajstán',''),(117,'Kenia',''),(118,'Kirguistán',''),(119,'Kiribati',''),(120,'Kuwait',''),(121,'Laos',''),(122,'Lesotho',''),(123,'Letonia',''),(124,'Líbano',''),(125,'Liberia',''),(126,'Libia',''),(127,'Liechtenstein',''),(128,'Lituania',''),(129,'Luxemburgo',''),(130,'Macao',''),(131,'ARY Macedonia',''),(132,'Madagascar',''),(133,'Malasia',''),(134,'Malawi',''),(135,'Maldivas',''),(136,'Malí',''),(137,'Malta',''),(138,'Islas Malvinas',''),(139,'Islas Marianas del Norte',''),(140,'Marruecos',''),(141,'Islas Marshall',''),(142,'Martinica',''),(143,'Mauricio',''),(144,'Mauritania',''),(145,'Mayotte',''),(146,'México',''),(147,'Micronesia',''),(148,'Moldavia',''),(149,'Mónaco',''),(150,'Mongolia',''),(151,'Montserrat',''),(152,'Mozambique',''),(153,'Myanmar',''),(154,'Namibia',''),(155,'Nauru',''),(156,'Nepal',''),(157,'Nicaragua',''),(158,'Níger',''),(159,'Nigeria',''),(160,'Niue',''),(161,'Isla Norfolk',''),(162,'Noruega',''),(163,'Nueva Caledonia',''),(164,'Nueva Zelanda',''),(165,'Omán',''),(166,'Países Bajos',''),(167,'Pakistán',''),(168,'Palau',''),(169,'Palestina',''),(170,'Panamá',''),(171,'Papúa Nueva Guinea',''),(172,'Paraguay',''),(173,'Perú',''),(174,'Islas Pitcairn',''),(175,'Polinesia Francesa',''),(176,'Polonia',''),(177,'Portugal',''),(178,'Puerto Rico',''),(179,'Qatar',''),(180,'Reino Unido',''),(181,'Reunión',''),(182,'Ruanda',''),(183,'Rumania',''),(184,'Rusia',''),(185,'Sahara Occidental',''),(186,'Islas Salomón',''),(187,'Samoa',''),(188,'Samoa Americana',''),(189,'San Cristóbal y Nevis',''),(190,'San Marino',''),(191,'San Pedro y Miquelón',''),(192,'San Vicente y las Granadinas',''),(193,'Santa Helena',''),(194,'Santa Lucía',''),(195,'Santo Tomé y Príncipe',''),(196,'Senegal',''),(197,'Serbia y Montenegro',''),(198,'Seychelles',''),(199,'Sierra Leona',''),(200,'Singapur',''),(201,'Siria',''),(202,'Somalia',''),(203,'Sri Lanka',''),(204,'Suazilandia',''),(205,'Sudáfrica',''),(206,'Sudán',''),(207,'Suecia',''),(208,'Suiza',''),(209,'Surinam',''),(210,'Svalbard y Jan Mayen',''),(211,'Tailandia',''),(212,'Taiwán',''),(213,'Tanzania',''),(214,'Tayikistán',''),(215,'Territorio Británico del Océano Índico',''),(216,'Territorios Australes Franceses',''),(217,'Timor Oriental',''),(218,'Togo',''),(219,'Tokelau',''),(220,'Tonga',''),(221,'Trinidad y Tobago',''),(222,'Túnez',''),(223,'Islas Turcas y Caicos',''),(224,'Turkmenistán',''),(225,'Turquía',''),(226,'Tuvalu',''),(227,'Ucrania',''),(228,'Uganda',''),(229,'Uruguay',''),(230,'Uzbekistán',''),(231,'Vanuatu',''),(232,'Venezuela',''),(233,'Vietnam',''),(234,'Islas Vírgenes Británicas',''),(235,'Islas Vírgenes de los Estados Unidos',''),(236,'Wallis y Futuna',''),(237,'Yemen',''),(238,'Yibuti',''),(239,'Zambia',''),(240,'Zimbabue','');
/*!40000 ALTER TABLE `pais` ENABLE KEYS */;
UNLOCK TABLES;

--
-- Table structure for table `permisos`
--

DROP TABLE IF EXISTS `permisos`;
/*!40101 SET @saved_cs_client     = @@character_set_client */;
/*!40101 SET character_set_client = utf8 */;
CREATE TABLE `permisos` (
  `ipPersona` int(11) NOT NULL,
  `permisoFechaSolicitud` date NOT NULL,
  `tipoPermiso` int(11) NOT NULL,
  `permisoFechaInicio` date NOT NULL,
  `permisoFechafin` date NOT NULL,
  `tipoPersona` int(11) NOT NULL,
  `permisosMotivo` varchar(250) NOT NULL,
  `permisosEstado` enum('1','2','0') NOT NULL DEFAULT '0',
  `permisosSolicitante` int(11) NOT NULL,
  `permisosComentario` varchar(250) DEFAULT NULL,
  PRIMARY KEY (`ipPersona`,`permisoFechaSolicitud`,`tipoPermiso`,`permisoFechaInicio`),
  KEY `fk_permisos_2_idx` (`ipPersona`),
  KEY `fk_permisos_1_idx` (`tipoPersona`),
  KEY `fk_permisos_3_idx` (`permisosSolicitante`),
  KEY `fk_permisos_4_idx` (`tipoPermiso`),
  CONSTRAINT `fk_permisos_1` FOREIGN KEY (`ipPersona`) REFERENCES `persona` (`idpersona`) ON UPDATE CASCADE,
  CONSTRAINT `fk_permisos_2` FOREIGN KEY (`tipoPersona`) REFERENCES `tipoPersona` (`idtipoPersona`) ON DELETE CASCADE ON UPDATE CASCADE,
  CONSTRAINT `fk_permisos_3` FOREIGN KEY (`permisosSolicitante`) REFERENCES `persona` (`idpersona`) ON UPDATE CASCADE,
  CONSTRAINT `fk_permisos_4` FOREIGN KEY (`tipoPermiso`) REFERENCES `tipoPermiso` (`idtipoPermiso`) ON DELETE NO ACTION ON UPDATE NO ACTION
) ENGINE=InnoDB DEFAULT CHARSET=utf8;
/*!40101 SET character_set_client = @saved_cs_client */;

--
-- Dumping data for table `permisos`
--

LOCK TABLES `permisos` WRITE;
/*!40000 ALTER TABLE `permisos` DISABLE KEYS */;
INSERT INTO `permisos` VALUES (11022,'2019-09-25',4,'2019-09-25','2019-09-25',8,'97889898989898','2',11022,'0¿¿ ¿¿ ¿¿ni ideasssss '),(11022,'2019-09-25',4,'2019-09-26','2019-09-27',8,'446466446546','2',11022,'0¿¿ ¿¿ ¿¿no aplica para esto '),(11022,'2019-09-25',5,'2019-09-11','2019-09-25',8,'Ugffguitfdfhj','2',11022,'0¿¿ ¿¿ ¿¿ 78787878887'),(11022,'2019-09-25',5,'2019-09-25','2019-09-25',8,'878787','1',11022,' ¿¿ ¿¿ ¿¿ni diea '),(11022,'2019-09-25',6,'2019-09-25','2019-09-25',8,'458484','2',11022,' ¿¿ ¿¿ ¿¿la vez pasada'),(16018,'2019-09-25',4,'2019-09-25','2019-09-25',8,'66456464654','1',1045367073,'0545555-5¿¿ 79878798798978879789¿¿797979798797987 9879 789 879 8798 ¿¿ '),(16018,'2019-09-25',5,'2019-09-25','2019-09-25',8,'motivo','1',1045367073,'0231111-1¿¿nombre nombre1¿¿apellido apellido1¿¿ '),(16018,'2019-09-25',6,'2019-09-11','2019-09-25',8,'Hgfghjj','1',1045367073,'0998777-6¿¿ Kgfsgmjfdcn¿¿ Fgjkjfdgllhdsgklbf¿¿ ');
/*!40000 ALTER TABLE `permisos` ENABLE KEYS */;
UNLOCK TABLES;

--
-- Table structure for table `persona`
--

DROP TABLE IF EXISTS `persona`;
/*!40101 SET @saved_cs_client     = @@character_set_client */;
/*!40101 SET character_set_client = utf8 */;
CREATE TABLE `persona` (
  `idpersona` int(11) NOT NULL,
  `PersonaNombre` varchar(45) NOT NULL,
  `personaApellido` varchar(45) NOT NULL,
  `personaNacimiento` date DEFAULT NULL,
  `personaDireccion` varchar(250) DEFAULT NULL,
  `personaTelefono` varchar(9) DEFAULT NULL,
  `personaCodigoResidencia` int(4) DEFAULT NULL,
  `personaZonaVivienda` int(1) DEFAULT NULL,
  `personaLugarNac` varchar(100) DEFAULT NULL,
  `personaContrasenya` varchar(60) DEFAULT NULL,
  `personaOCupacion` varchar(50) DEFAULT NULL,
  `tipoPersona` int(11) DEFAULT NULL,
  `personaActivo` bit(1) NOT NULL DEFAULT b'0',
  `personaNit` varchar(20) DEFAULT NULL,
  `personaSexo` bit(1) DEFAULT b'0',
  `personaEstadoFamiliar` int(1) DEFAULT NULL,
  `personaNacionalidad` varchar(45) DEFAULT NULL,
  `personaEmail` varchar(45) DEFAULT NULL,
  `personaDiscapacidades` varchar(250) DEFAULT NULL,
  `personaComentarios` varchar(250) DEFAULT NULL COMMENT 'Detalle de la información relevante de todo el recurso humano de la institución.',
  PRIMARY KEY (`idpersona`),
  KEY `fk_persona_1_idx` (`tipoPersona`),
  CONSTRAINT `fk_persona_1` FOREIGN KEY (`tipoPersona`) REFERENCES `tipoPersona` (`idtipoPersona`) ON UPDATE CASCADE
) ENGINE=InnoDB DEFAULT CHARSET=utf8;
/*!40101 SET character_set_client = @saved_cs_client */;

--
-- Dumping data for table `persona`
--

LOCK TABLES `persona` WRITE;
/*!40000 ALTER TABLE `persona` DISABLE KEYS */;
INSERT INTO `persona` VALUES (11022,'788787878787','8787878787','1997-09-09','8787878787878787878787878787878787','',0,1,'01#02','93d65641ff3f1586614cf2c1ad240b6c','',8,'','','\0',0,'Salvadoreña','','',''),(16018,'Estudiante Estudiante2','Estudioso Estudioso2','1998-05-13','8787878787878787','7887-7887',0,1,'01#01','8d2a5f7d4afa5d0530789d3066945330','',8,'','8787-787887-878-7','\0',0,'Salvadoreña','7887878787','878878',''),(1000000000,'Desconocido','Desconocido',NULL,NULL,NULL,NULL,NULL,NULL,NULL,NULL,NULL,'\0',NULL,'\0',NULL,NULL,NULL,NULL,NULL),(1045367007,'465465656','56464565656546',NULL,'','',0,0,' # ','361266026747704528a8a6a61d2549a1','',10,'\0',NULL,'',0,'Salvadoreña',NULL,'',''),(1045367008,'545454544545','4554454554545445',NULL,'','',0,0,' # ','ae999eb4fb3a82d5ec314529ed34d246','',11,'\0',NULL,'',0,'Salvadoreña',NULL,'',''),(1045367009,'9999454646','4654654654654','1956-09-21','77777777777777789898898998989889','',0,0,'02#02','4113befdbb2c686a72ab07e26a850f3a','',9,'','4554-545445-545-4','',1,'Salvadoreña','','',''),(1045367070,'Madre Madrecita2','Macredita Madre2',NULL,'','',0,0,' # ','ab8a338aa2b1da6d97c11ba6e67be768','',10,'\0',NULL,'',0,'Salvadoreña',NULL,'',''),(1045367071,'Padre Padre2','Padrecito Padrecito2',NULL,'','',0,0,' # ','cd9187113425eae93d8116205d03bdde','',11,'\0',NULL,'',0,'Salvadoreña',NULL,'',''),(1045367072,'Representante ]Representante2','Representativo Representativo2','1993-11-16','788787788778878787','7777-8787',0,1,'04#03','7845e7b45be70d2391a2b16c2ffb68e3','',9,'','7878-787878-787-8','\0',0,'Salvadoreña','878787878787787878','',''),(1045367073,'Guillermo','Delsas',NULL,NULL,NULL,NULL,NULL,NULL,'02951a6cb9595ef475fed783e59c687e','Ingeniero',1,'',NULL,'\0',NULL,NULL,NULL,NULL,NULL),(1045367074,'Director','Directivo',NULL,NULL,NULL,NULL,NULL,NULL,'02951a6cb9595ef475fed783e59c687e','Director',2,'',NULL,'',NULL,NULL,NULL,NULL,NULL),(1111111111,'Quintus Sestus','Septimus Octavios','1991-02-17','878787878787878','7777-7777',0,0,' #09','02951a6cb9595ef475fed783e59c687e','Primus Secuntus Tercius',6,'','1111-111111-111-1','\0',0,'Extrangera','878788888888888','121212',''),(1123456789,'1111','111111','2019-08-24','ugukguguiguk','6767-6767',0,0,'01#01','25f9e794323b453885f5181f1b624d0b','jkg',4,'\0','1111-111111-111-1','\0',0,'Salvadoreña','676767','',''),(1123456798,'fffffffffffff gf f','fgfgfgfgfgg','1991-02-17','789798','8979-8798',0,0,'02#13','e0c28158eeac6b5d9bcfe1e028185438','455545455',2,'','2111-111111-111-1','',1,'Salvadoreña','89798797979','ooooooo',''),(1131413141,'trece catorce','quince dieciséis','2019-08-20','','',0,0,' # ','','',10,'\0','','\0',0,'Salvadoreña','','',''),(1212121212,'doce trece','catorce quince','2019-08-20','','',0,0,' # ','','',11,'\0',NULL,'\0',0,'Salvadoreña',NULL,'',''),(1222222222,'dieciséis diecisiete ','dieciocho diecinueve','2019-08-20','','',0,0,' # ','','',10,'\0',NULL,'\0',0,'Salvadoreña',NULL,'','');
/*!40000 ALTER TABLE `persona` ENABLE KEYS */;
UNLOCK TABLES;

--
-- Table structure for table `personasReserva`
--

DROP TABLE IF EXISTS `personasReserva`;
/*!40101 SET @saved_cs_client     = @@character_set_client */;
/*!40101 SET character_set_client = utf8 */;
CREATE TABLE `personasReserva` (
  `idReserva` int(11) NOT NULL,
  `idpersona` int(11) NOT NULL,
  `personasReservaComentario` varchar(145) DEFAULT NULL,
  PRIMARY KEY (`idReserva`,`idpersona`),
  KEY `fk_personasReserva_1_idx` (`idpersona`),
  CONSTRAINT `fk_personasReserva_1` FOREIGN KEY (`idpersona`) REFERENCES `persona` (`idpersona`) ON UPDATE CASCADE,
  CONSTRAINT `fk_personasReserva_2` FOREIGN KEY (`idReserva`) REFERENCES `reserva` (`idreserva`) ON UPDATE CASCADE
) ENGINE=InnoDB DEFAULT CHARSET=utf8;
/*!40101 SET character_set_client = @saved_cs_client */;

--
-- Dumping data for table `personasReserva`
--

LOCK TABLES `personasReserva` WRITE;
/*!40000 ALTER TABLE `personasReserva` DISABLE KEYS */;
/*!40000 ALTER TABLE `personasReserva` ENABLE KEYS */;
UNLOCK TABLES;

--
-- Table structure for table `proyectoPedagogico`
--

DROP TABLE IF EXISTS `proyectoPedagogico`;
/*!40101 SET @saved_cs_client     = @@character_set_client */;
/*!40101 SET character_set_client = utf8 */;
CREATE TABLE `proyectoPedagogico` (
  `idproyectoPedagogico` int(11) NOT NULL AUTO_INCREMENT,
  `nombreProyecto` varchar(100) NOT NULL,
  `beneficiarios` varchar(100) NOT NULL,
  `duracion` varchar(5) NOT NULL,
  `diagnostico` mediumtext NOT NULL,
  `objetivoGeneral` varchar(100) NOT NULL,
  `objetivoEspecifico` varchar(100) NOT NULL,
  `justificacion` varchar(45) NOT NULL,
  `metodologia` varchar(45) NOT NULL,
  `actividades` varchar(45) NOT NULL,
  `recursoHumano` varchar(100) NOT NULL,
  `recursoMaterial` varchar(100) NOT NULL,
  `recursoFinanciero` varchar(100) NOT NULL,
  `seguimiento` varchar(45) NOT NULL,
  `productoEsperado` varchar(45) NOT NULL,
  `proyectoPedagogicoComentario` varchar(140) NOT NULL,
  PRIMARY KEY (`idproyectoPedagogico`)
) ENGINE=InnoDB DEFAULT CHARSET=utf8;
/*!40101 SET character_set_client = @saved_cs_client */;

--
-- Dumping data for table `proyectoPedagogico`
--

LOCK TABLES `proyectoPedagogico` WRITE;
/*!40000 ALTER TABLE `proyectoPedagogico` DISABLE KEYS */;
/*!40000 ALTER TABLE `proyectoPedagogico` ENABLE KEYS */;
UNLOCK TABLES;

--
-- Table structure for table `recurso`
--

DROP TABLE IF EXISTS `recurso`;
/*!40101 SET @saved_cs_client     = @@character_set_client */;
/*!40101 SET character_set_client = utf8 */;
CREATE TABLE `recurso` (
  `idrecurso` int(11) NOT NULL,
  `nombre` varchar(100) NOT NULL,
  `categoria` int(11) DEFAULT NULL,
  `idTipoRecurso` int(11) NOT NULL,
  `tipoCargo` int(11) NOT NULL,
  `pais` int(11) DEFAULT NULL,
  `activo` bit(1) DEFAULT NULL,
  `valorUnitario` float DEFAULT NULL,
  `estadoFisico` enum('R','B') NOT NULL,
  `tipoValor` enum('REAL','ESTIMADO') NOT NULL,
  `modelo` varchar(45) DEFAULT NULL,
  `recursoComentarios` varchar(140) DEFAULT NULL,
  PRIMARY KEY (`idrecurso`),
  KEY `fk_recurso_1_idx` (`idTipoRecurso`),
  KEY `fk_recurso_3_idx` (`pais`),
  KEY `fk_recurso_4_idx` (`categoria`),
  KEY `fk_recurso_2_idx` (`tipoCargo`),
  CONSTRAINT `fk_recurso_1` FOREIGN KEY (`idTipoRecurso`) REFERENCES `tipoRecurso` (`idtipoRecurso`) ON UPDATE CASCADE,
  CONSTRAINT `fk_recurso_2` FOREIGN KEY (`tipoCargo`) REFERENCES `tipoCargo` (`idtipoCargo`) ON UPDATE CASCADE,
  CONSTRAINT `fk_recurso_3` FOREIGN KEY (`pais`) REFERENCES `pais` (`idpais`) ON UPDATE CASCADE,
  CONSTRAINT `fk_recurso_4` FOREIGN KEY (`categoria`) REFERENCES `categoria` (`idcategoria`) ON UPDATE CASCADE
) ENGINE=InnoDB DEFAULT CHARSET=utf8;
/*!40101 SET character_set_client = @saved_cs_client */;

--
-- Dumping data for table `recurso`
--

LOCK TABLES `recurso` WRITE;
/*!40000 ALTER TABLE `recurso` DISABLE KEYS */;
INSERT INTO `recurso` VALUES (1,'Recurso modificado',NULL,1,1,NULL,'',0,'B','ESTIMADO','f',NULL),(20,'978987',NULL,1,1,NULL,'',0,'B','REAL','lpedr',NULL),(22,'ddddd',0,3,1,1,'\0',30.25,'B','REAL','f',NULL),(23,'hñoio',100,3,2,2,'',12.5,'B','ESTIMADO','78',NULL),(70,'7070',NULL,1,2,NULL,'',250,'B','REAL','f',NULL),(555,'yygi',0,3,1,1,'\0',15,'B','REAL','9u',NULL),(2212,'laptop2',600,1,1,1,'',250,'B','ESTIMADO','',NULL),(7030,'7030',NULL,2,2,NULL,'',1.35,'B','ESTIMADO','n/a',NULL),(1258965,'COmputadoras laptop lempita',600,3,1,7,'',350.78,'B','REAL','lpedr',NULL),(14706554,'sjhsuhihihi|',600,1,2,1,'',10,'B','ESTIMADO','wwwww','wwww');
/*!40000 ALTER TABLE `recurso` ENABLE KEYS */;
UNLOCK TABLES;

--
-- Table structure for table `reserva`
--

DROP TABLE IF EXISTS `reserva`;
/*!40101 SET @saved_cs_client     = @@character_set_client */;
/*!40101 SET character_set_client = utf8 */;
CREATE TABLE `reserva` (
  `idreserva` int(11) NOT NULL,
  `reservaFecha` datetime NOT NULL,
  `reservaEntrega` datetime NOT NULL,
  `reservaDevolucion` datetime NOT NULL,
  `tipoReserva` int(11) NOT NULL,
  `reservaEstado` enum('S','E','D') NOT NULL,
  `reservaDevuelto` datetime DEFAULT NULL,
  `reservaComentario` varchar(145) DEFAULT NULL,
  PRIMARY KEY (`idreserva`),
  KEY `fk_reserva_1_idx` (`tipoReserva`),
  CONSTRAINT `fk_reserva_1` FOREIGN KEY (`tipoReserva`) REFERENCES `tipoReserva` (`idtipoReserva`) ON UPDATE CASCADE
) ENGINE=InnoDB DEFAULT CHARSET=utf8;
/*!40101 SET character_set_client = @saved_cs_client */;

--
-- Dumping data for table `reserva`
--

LOCK TABLES `reserva` WRITE;
/*!40000 ALTER TABLE `reserva` DISABLE KEYS */;
/*!40000 ALTER TABLE `reserva` ENABLE KEYS */;
UNLOCK TABLES;

--
-- Table structure for table `reservaDetalle`
--

DROP TABLE IF EXISTS `reservaDetalle`;
/*!40101 SET @saved_cs_client     = @@character_set_client */;
/*!40101 SET character_set_client = utf8 */;
CREATE TABLE `reservaDetalle` (
  `idreserva` int(11) NOT NULL,
  `idRecurso` int(11) NOT NULL,
  `ejemplarCorrelativo` int(11) NOT NULL,
  `reservaDetalleComentario` varchar(145) DEFAULT NULL,
  PRIMARY KEY (`idreserva`,`idRecurso`,`ejemplarCorrelativo`),
  KEY `fk_reservaDetalle_2_idx` (`idRecurso`,`ejemplarCorrelativo`),
  CONSTRAINT `fk_reservaDetalle_1` FOREIGN KEY (`idreserva`) REFERENCES `reserva` (`idreserva`) ON UPDATE CASCADE,
  CONSTRAINT `fk_reservaDetalle_2` FOREIGN KEY (`idRecurso`, `ejemplarCorrelativo`) REFERENCES `ejemplar` (`idRecurso`, `ejemplarCorrelativo`) ON DELETE NO ACTION ON UPDATE NO ACTION
) ENGINE=InnoDB DEFAULT CHARSET=utf8;
/*!40101 SET character_set_client = @saved_cs_client */;

--
-- Dumping data for table `reservaDetalle`
--

LOCK TABLES `reservaDetalle` WRITE;
/*!40000 ALTER TABLE `reservaDetalle` DISABLE KEYS */;
/*!40000 ALTER TABLE `reservaDetalle` ENABLE KEYS */;
UNLOCK TABLES;

--
-- Table structure for table `reservaXpedagogia`
--

DROP TABLE IF EXISTS `reservaXpedagogia`;
/*!40101 SET @saved_cs_client     = @@character_set_client */;
/*!40101 SET character_set_client = utf8 */;
CREATE TABLE `reservaXpedagogia` (
  `idProyectoPedagogico` int(11) NOT NULL,
  `idReserva` int(11) NOT NULL,
  `reservaXpedagogiaComentario` varchar(145) DEFAULT NULL,
  PRIMARY KEY (`idProyectoPedagogico`,`idReserva`),
  KEY `fk_reservaXpedagogia_2` (`idReserva`),
  CONSTRAINT `fk_reservaXpedagogia_1` FOREIGN KEY (`idProyectoPedagogico`) REFERENCES `proyectoPedagogico` (`idproyectoPedagogico`) ON UPDATE CASCADE,
  CONSTRAINT `fk_reservaXpedagogia_2` FOREIGN KEY (`idReserva`) REFERENCES `reserva` (`idreserva`) ON UPDATE CASCADE
) ENGINE=InnoDB DEFAULT CHARSET=utf8;
/*!40101 SET character_set_client = @saved_cs_client */;

--
-- Dumping data for table `reservaXpedagogia`
--

LOCK TABLES `reservaXpedagogia` WRITE;
/*!40000 ALTER TABLE `reservaXpedagogia` DISABLE KEYS */;
/*!40000 ALTER TABLE `reservaXpedagogia` ENABLE KEYS */;
UNLOCK TABLES;

--
-- Table structure for table `solicitudReserva`
--

DROP TABLE IF EXISTS `solicitudReserva`;
/*!40101 SET @saved_cs_client     = @@character_set_client */;
/*!40101 SET character_set_client = utf8 */;
CREATE TABLE `solicitudReserva` (
  `idReserva` int(11) NOT NULL,
  `idRecurso` int(11) NOT NULL,
  `solicitudReservaComentario` varchar(145) DEFAULT NULL,
  PRIMARY KEY (`idReserva`,`idRecurso`),
  KEY `fk_solicitudReserva_2_idx` (`idRecurso`),
  CONSTRAINT `fk_solicitudReserva_1` FOREIGN KEY (`idReserva`) REFERENCES `reserva` (`idreserva`) ON UPDATE CASCADE,
  CONSTRAINT `fk_solicitudReserva_2` FOREIGN KEY (`idRecurso`) REFERENCES `recurso` (`idrecurso`) ON UPDATE CASCADE
) ENGINE=InnoDB DEFAULT CHARSET=utf8;
/*!40101 SET character_set_client = @saved_cs_client */;

--
-- Dumping data for table `solicitudReserva`
--

LOCK TABLES `solicitudReserva` WRITE;
/*!40000 ALTER TABLE `solicitudReserva` DISABLE KEYS */;
/*!40000 ALTER TABLE `solicitudReserva` ENABLE KEYS */;
UNLOCK TABLES;

--
-- Table structure for table `tipoCargo`
--

DROP TABLE IF EXISTS `tipoCargo`;
/*!40101 SET @saved_cs_client     = @@character_set_client */;
/*!40101 SET character_set_client = utf8 */;
CREATE TABLE `tipoCargo` (
  `idtipoCargo` int(11) NOT NULL AUTO_INCREMENT,
  `nombre` varchar(100) NOT NULL,
  `tipoCargoComentario` varchar(145) DEFAULT NULL,
  PRIMARY KEY (`idtipoCargo`),
  UNIQUE KEY `idtipoCargo_UNIQUE` (`idtipoCargo`)
) ENGINE=InnoDB AUTO_INCREMENT=4 DEFAULT CHARSET=utf8;
/*!40101 SET character_set_client = @saved_cs_client */;

--
-- Dumping data for table `tipoCargo`
--

LOCK TABLES `tipoCargo` WRITE;
/*!40000 ALTER TABLE `tipoCargo` DISABLE KEYS */;
INSERT INTO `tipoCargo` VALUES (1,'Fondos Propios',NULL),(2,'Actividades de la institución',NULL),(3,'Donación 1',NULL);
/*!40000 ALTER TABLE `tipoCargo` ENABLE KEYS */;
UNLOCK TABLES;

--
-- Table structure for table `tipoMateria`
--

DROP TABLE IF EXISTS `tipoMateria`;
/*!40101 SET @saved_cs_client     = @@character_set_client */;
/*!40101 SET character_set_client = utf8 */;
CREATE TABLE `tipoMateria` (
  `idtipoMateria` int(11) NOT NULL AUTO_INCREMENT,
  `tipoMateriaNombre` varchar(50) NOT NULL COMMENT 'Listado de los tipos de materias que se imparten en la institución.',
  `tipoMateriaComentario` varchar(145) DEFAULT NULL,
  PRIMARY KEY (`idtipoMateria`)
) ENGINE=InnoDB AUTO_INCREMENT=5 DEFAULT CHARSET=utf8;
/*!40101 SET character_set_client = @saved_cs_client */;

--
-- Dumping data for table `tipoMateria`
--

LOCK TABLES `tipoMateria` WRITE;
/*!40000 ALTER TABLE `tipoMateria` DISABLE KEYS */;
INSERT INTO `tipoMateria` VALUES (1,'Área Básica',NULL),(2,'Área Aplicada',NULL),(3,'Área Técnica',NULL),(4,'Modalidad y Opciones',NULL);
/*!40000 ALTER TABLE `tipoMateria` ENABLE KEYS */;
UNLOCK TABLES;

--
-- Table structure for table `tipoNombramiento`
--

DROP TABLE IF EXISTS `tipoNombramiento`;
/*!40101 SET @saved_cs_client     = @@character_set_client */;
/*!40101 SET character_set_client = utf8 */;
CREATE TABLE `tipoNombramiento` (
  `idtipoNombramiento` int(11) NOT NULL AUTO_INCREMENT,
  `tipoNombramientoNombre` varchar(60) NOT NULL COMMENT 'Listado de las formas en las que se uede nombrar el cargo de un docente dentro de la institución.',
  `tipoNombramientoCoemntario` varchar(145) DEFAULT NULL,
  PRIMARY KEY (`idtipoNombramiento`)
) ENGINE=InnoDB AUTO_INCREMENT=4 DEFAULT CHARSET=utf8;
/*!40101 SET character_set_client = @saved_cs_client */;

--
-- Dumping data for table `tipoNombramiento`
--

LOCK TABLES `tipoNombramiento` WRITE;
/*!40000 ALTER TABLE `tipoNombramiento` DISABLE KEYS */;
INSERT INTO `tipoNombramiento` VALUES (1,'Propietario',NULL),(2,'Interino',NULL),(3,'Suplente',NULL);
/*!40000 ALTER TABLE `tipoNombramiento` ENABLE KEYS */;
UNLOCK TABLES;

--
-- Table structure for table `tipoPermiso`
--

DROP TABLE IF EXISTS `tipoPermiso`;
/*!40101 SET @saved_cs_client     = @@character_set_client */;
/*!40101 SET character_set_client = utf8 */;
CREATE TABLE `tipoPermiso` (
  `idtipoPermiso` int(11) NOT NULL AUTO_INCREMENT,
  `tipoPermisoNombre` varchar(45) NOT NULL,
  `tipoPermisoDiasMes` int(2) NOT NULL,
  `tipoPermisoComentarios` varchar(250) DEFAULT NULL,
  PRIMARY KEY (`idtipoPermiso`)
) ENGINE=InnoDB AUTO_INCREMENT=8 DEFAULT CHARSET=utf8;
/*!40101 SET character_set_client = @saved_cs_client */;

--
-- Dumping data for table `tipoPermiso`
--

LOCK TABLES `tipoPermiso` WRITE;
/*!40000 ALTER TABLE `tipoPermiso` DISABLE KEYS */;
INSERT INTO `tipoPermiso` VALUES (1,'Enfermedad',8,NULL),(2,'Materindad',0,NULL),(3,'Paternidad',0,NULL),(4,'Faltar a clases',0,NULL),(5,'Salir temporalmente de la institución',0,NULL),(6,'Retirarse de la institución',0,NULL),(7,'No portar uniforme',5,NULL);
/*!40000 ALTER TABLE `tipoPermiso` ENABLE KEYS */;
UNLOCK TABLES;

--
-- Table structure for table `tipoPersona`
--

DROP TABLE IF EXISTS `tipoPersona`;
/*!40101 SET @saved_cs_client     = @@character_set_client */;
/*!40101 SET character_set_client = utf8 */;
CREATE TABLE `tipoPersona` (
  `idtipoPersona` int(11) NOT NULL AUTO_INCREMENT,
  `tipoPersonaNombre` varchar(45) NOT NULL,
  `tipoPersonaComentario` varchar(145) DEFAULT NULL,
  PRIMARY KEY (`idtipoPersona`)
) ENGINE=InnoDB AUTO_INCREMENT=14 DEFAULT CHARSET=utf8;
/*!40101 SET character_set_client = @saved_cs_client */;

--
-- Dumping data for table `tipoPersona`
--

LOCK TABLES `tipoPersona` WRITE;
/*!40000 ALTER TABLE `tipoPersona` DISABLE KEYS */;
INSERT INTO `tipoPersona` VALUES (1,'Administrador',''),(2,'Director',''),(3,'Subdirector',''),(4,'Maestro',''),(5,'Bibliotecario',''),(6,'Administrador CRA',''),(7,'Laboratorista',''),(8,'Estudiante',''),(9,'Representante',''),(10,'Madre de familia',''),(11,'Padre de familia',''),(12,'Colector',NULL),(13,'Secretaria',NULL);
/*!40000 ALTER TABLE `tipoPersona` ENABLE KEYS */;
UNLOCK TABLES;

--
-- Table structure for table `tipoRecurso`
--

DROP TABLE IF EXISTS `tipoRecurso`;
/*!40101 SET @saved_cs_client     = @@character_set_client */;
/*!40101 SET character_set_client = utf8 */;
CREATE TABLE `tipoRecurso` (
  `idtipoRecurso` int(11) NOT NULL AUTO_INCREMENT,
  `tipoRecursoNombre` varchar(50) NOT NULL,
  `tipoRecursoComentario` varchar(140) DEFAULT NULL,
  PRIMARY KEY (`idtipoRecurso`)
) ENGINE=InnoDB AUTO_INCREMENT=4 DEFAULT CHARSET=utf8;
/*!40101 SET character_set_client = @saved_cs_client */;

--
-- Dumping data for table `tipoRecurso`
--

LOCK TABLES `tipoRecurso` WRITE;
/*!40000 ALTER TABLE `tipoRecurso` DISABLE KEYS */;
INSERT INTO `tipoRecurso` VALUES (1,'Tecnológico CRA 1',NULL),(2,'Tecnológico Laboratorio de Ciencias Naturales',NULL),(3,'Bibliográfico',NULL);
/*!40000 ALTER TABLE `tipoRecurso` ENABLE KEYS */;
UNLOCK TABLES;

--
-- Table structure for table `tipoReserva`
--

DROP TABLE IF EXISTS `tipoReserva`;
/*!40101 SET @saved_cs_client     = @@character_set_client */;
/*!40101 SET character_set_client = utf8 */;
CREATE TABLE `tipoReserva` (
  `idtipoReserva` int(11) NOT NULL AUTO_INCREMENT,
  `tipoReservaNombre` varchar(30) NOT NULL,
  `tipoReservaComentario` varchar(100) DEFAULT NULL,
  PRIMARY KEY (`idtipoReserva`)
) ENGINE=InnoDB AUTO_INCREMENT=5 DEFAULT CHARSET=utf8;
/*!40101 SET character_set_client = @saved_cs_client */;

--
-- Dumping data for table `tipoReserva`
--

LOCK TABLES `tipoReserva` WRITE;
/*!40000 ALTER TABLE `tipoReserva` DISABLE KEYS */;
INSERT INTO `tipoReserva` VALUES (1,'Uso en sala',NULL),(2,'Uso dentro de la institución 1',NULL),(3,'Uso en aula',NULL),(4,'Fuera de la institución',NULL);
/*!40000 ALTER TABLE `tipoReserva` ENABLE KEYS */;
UNLOCK TABLES;

--
-- Table structure for table `tipoReservaRecurso`
--

DROP TABLE IF EXISTS `tipoReservaRecurso`;
/*!40101 SET @saved_cs_client     = @@character_set_client */;
/*!40101 SET character_set_client = utf8 */;
CREATE TABLE `tipoReservaRecurso` (
  `tipoReserva` int(11) NOT NULL,
  `tipoRecurso` int(11) NOT NULL,
  `tipoReservaRecursoComentario` varchar(145) DEFAULT NULL,
  PRIMARY KEY (`tipoReserva`,`tipoRecurso`),
  KEY `fk_tipoReservaRecurso_2_idx` (`tipoRecurso`),
  CONSTRAINT `fk_tipoReservaRecurso_1` FOREIGN KEY (`tipoReserva`) REFERENCES `tipoReserva` (`idtipoReserva`) ON UPDATE CASCADE,
  CONSTRAINT `fk_tipoReservaRecurso_2` FOREIGN KEY (`tipoRecurso`) REFERENCES `recurso` (`idrecurso`) ON UPDATE CASCADE
) ENGINE=InnoDB DEFAULT CHARSET=utf8;
/*!40101 SET character_set_client = @saved_cs_client */;

--
-- Dumping data for table `tipoReservaRecurso`
--

LOCK TABLES `tipoReservaRecurso` WRITE;
/*!40000 ALTER TABLE `tipoReservaRecurso` DISABLE KEYS */;
INSERT INTO `tipoReservaRecurso` VALUES (1,1,''),(1,20,''),(1,22,''),(1,23,''),(1,70,''),(1,2212,''),(1,7030,''),(1,1258965,''),(1,14706554,''),(2,1,''),(2,20,''),(2,23,''),(2,70,''),(2,555,''),(3,1,''),(3,20,''),(3,23,''),(3,70,''),(3,2212,''),(3,1258965,''),(4,20,''),(4,23,''),(4,70,'');
/*!40000 ALTER TABLE `tipoReservaRecurso` ENABLE KEYS */;
UNLOCK TABLES;

--
-- Table structure for table `tipopersonaPermiso`
--

DROP TABLE IF EXISTS `tipopersonaPermiso`;
/*!40101 SET @saved_cs_client     = @@character_set_client */;
/*!40101 SET character_set_client = utf8 */;
CREATE TABLE `tipopersonaPermiso` (
  `idtipopersona` int(11) NOT NULL,
  `idtipoPermiso` int(11) NOT NULL,
  `tipopersonaPermisoComentario` varchar(45) DEFAULT NULL,
  PRIMARY KEY (`idtipopersona`,`idtipoPermiso`),
  KEY `fk_tipopersonaPermiso_2_idx` (`idtipoPermiso`),
  CONSTRAINT `fk_tipopersonaPermiso_1` FOREIGN KEY (`idtipopersona`) REFERENCES `tipoPersona` (`idtipoPersona`) ON DELETE CASCADE ON UPDATE CASCADE,
  CONSTRAINT `fk_tipopersonaPermiso_2` FOREIGN KEY (`idtipoPermiso`) REFERENCES `tipoPermiso` (`idtipoPermiso`) ON DELETE CASCADE ON UPDATE CASCADE
) ENGINE=InnoDB DEFAULT CHARSET=utf8;
/*!40101 SET character_set_client = @saved_cs_client */;

--
-- Dumping data for table `tipopersonaPermiso`
--

LOCK TABLES `tipopersonaPermiso` WRITE;
/*!40000 ALTER TABLE `tipopersonaPermiso` DISABLE KEYS */;
INSERT INTO `tipopersonaPermiso` VALUES (1,1,''),(1,2,''),(1,3,''),(2,1,''),(2,2,''),(5,1,''),(5,2,''),(8,4,''),(8,5,''),(8,6,''),(8,7,''),(9,5,''),(9,6,''),(9,7,'');
/*!40000 ALTER TABLE `tipopersonaPermiso` ENABLE KEYS */;
UNLOCK TABLES;

--
-- Table structure for table `zona`
--

DROP TABLE IF EXISTS `zona`;
/*!40101 SET @saved_cs_client     = @@character_set_client */;
/*!40101 SET character_set_client = utf8 */;
CREATE TABLE `zona` (
  `idzona` int(11) NOT NULL AUTO_INCREMENT COMMENT 'La Identificación de la zona geográfica (1°, 2° y 3°) en la que está dividido el instituto.',
  `zonaNombre` varchar(45) NOT NULL,
  `zonaCoementario` varchar(145) DEFAULT NULL,
  PRIMARY KEY (`idzona`)
) ENGINE=InnoDB AUTO_INCREMENT=5 DEFAULT CHARSET=utf8;
/*!40101 SET character_set_client = @saved_cs_client */;

--
-- Dumping data for table `zona`
--

LOCK TABLES `zona` WRITE;
/*!40000 ALTER TABLE `zona` DISABLE KEYS */;
INSERT INTO `zona` VALUES (1,'Zona 1',NULL),(2,'Zona 2',NULL),(3,'Zona 3',NULL),(4,'zona 4',NULL);
/*!40000 ALTER TABLE `zona` ENABLE KEYS */;
UNLOCK TABLES;

--
-- Dumping events for database 'intex'
--

--
-- Dumping routines for database 'intex'
--
/*!40103 SET TIME_ZONE=@OLD_TIME_ZONE */;

/*!40101 SET SQL_MODE=@OLD_SQL_MODE */;
/*!40014 SET FOREIGN_KEY_CHECKS=@OLD_FOREIGN_KEY_CHECKS */;
/*!40014 SET UNIQUE_CHECKS=@OLD_UNIQUE_CHECKS */;
/*!40101 SET CHARACTER_SET_CLIENT=@OLD_CHARACTER_SET_CLIENT */;
/*!40101 SET CHARACTER_SET_RESULTS=@OLD_CHARACTER_SET_RESULTS */;
/*!40101 SET COLLATION_CONNECTION=@OLD_COLLATION_CONNECTION */;
/*!40111 SET SQL_NOTES=@OLD_SQL_NOTES */;

-- Dump completed on 2019-10-01 11:23:10
