CREATE DATABASE  IF NOT EXISTS `intex` /*!40100 DEFAULT CHARACTER SET utf8 */;
USE `intex`;
-- MySQL dump 10.16  Distrib 10.1.44-MariaDB, for debian-linux-gnu (x86_64)
--
-- Host: 127.0.0.1    Database: intex
-- ------------------------------------------------------
-- Server version	10.1.44-MariaDB-0+deb9u1

/*!40101 SET @OLD_CHARACTER_SET_CLIENT=@@CHARACTER_SET_CLIENT */;
/*!40101 SET @OLD_CHARACTER_SET_RESULTS=@@CHARACTER_SET_RESULTS */;
/*!40101 SET @OLD_COLLATION_CONNECTION=@@COLLATION_CONNECTION */;
/*!40101 SET NAMES utf8 */;
/*!40103 SET @OLD_TIME_ZONE=@@TIME_ZONE */;
/*!40103 SET TIME_ZONE='+00:00' */;
/*!40014 SET @OLD_UNIQUE_CHECKS=@@UNIQUE_CHECKS, UNIQUE_CHECKS=0 */;
/*!40014 SET @OLD_FOREIGN_KEY_CHECKS=@@FOREIGN_KEY_CHECKS, FOREIGN_KEY_CHECKS=0 */;
/*!40101 SET @OLD_SQL_MODE=@@SQL_MODE, SQL_MODE='NO_AUTO_VALUE_ON_ZERO' */;
/*!40111 SET @OLD_SQL_NOTES=@@SQL_NOTES, SQL_NOTES=0 */;

--
-- Table structure for table `acceso`
--

DROP TABLE IF EXISTS `acceso`;
/*!40101 SET @saved_cs_client     = @@character_set_client */;
/*!40101 SET character_set_client = utf8 */;
CREATE TABLE `acceso` (
  `idacceso` int(30) NOT NULL AUTO_INCREMENT,
  `accesoNombre` varchar(30) NOT NULL,
  `accesourl` varchar(100) NOT NULL,
  `accesoIndice` int(30) DEFAULT '0',
  `accesoComentario` varchar(140) DEFAULT NULL,
  PRIMARY KEY (`idacceso`),
  UNIQUE KEY `accesoNombre_UNIQUE` (`accesoNombre`),
  UNIQUE KEY `idacceso_UNIQUE` (`idacceso`),
  KEY `fk_acceso_1_idx` (`accesoIndice`),
  CONSTRAINT `fk_acceso_1` FOREIGN KEY (`accesoIndice`) REFERENCES `acceso` (`idacceso`) ON UPDATE CASCADE
) ENGINE=InnoDB AUTO_INCREMENT=67 DEFAULT CHARSET=utf8;
/*!40101 SET character_set_client = @saved_cs_client */;

--
-- Dumping data for table `acceso`
--

LOCK TABLES `acceso` WRITE;
/*!40000 ALTER TABLE `acceso` DISABLE KEYS */;
REPLACE INTO `acceso` VALUES (9,'Administración','#',NULL,'fa fa-cog'),(10,'Sistema','tipopp.intex',9,'pi pi-folder-open'),(11,'Permisos y Licencias','lictp.intex',9,'pi pi-th-large'),(12,'Académica','academico.intex',9,'fa fa-leaf'),(13,'Perfil','#',NULL,'pi pi-user'),(14,'Permisos','#',45,'pi pi-eye'),(15,'Solicitar Permiso','permisoE.intex',14,'pi pi-briefcase'),(16,'Personal','#',NULL,'pi pi-users'),(17,'Gestión de maestros','agregacion.intex',27,'pi pi-user-plus'),(18,'Gestión de administradores','agAdm.intex',16,'pi pi-plus'),(19,'Plantel Institucional','plantel.intex',16,'pi pi-table'),(20,'Inventario','inventario.intex',23,'fa fa-barcode'),(21,'Libros','libros.intex',23,'fa fa-book'),(22,'Nuevo Ingreso','inscripcion.intex',36,'pi pi-user'),(23,'Recursos','#',9,'fa fa-yelp'),(24,'Nomina de Alumnos','nominaA.intex',36,'pi pi-user'),(25,'Gestión de Recursos','admRecurso.intex',23,'fa fa-table'),(26,'Lista de Representantes','listaRepresentantes.intex',36,'pi pi-list'),(27,'Maestros','#',16,'fa fa-puzzle-piece'),(28,'Gestión de horarios','horario.intex',27,'pi pi-plus'),(29,'Gestión de permisos','permiso.intex',14,'fa fa-legal'),(30,'Solicitud de permisos','permisoM.intex',14,'fa fa-ge'),(31,'Administrador de anuncios','anuncios.intex',9,'fa fa-bell'),(32,'Matricula','matricula.intex',36,'fa fa-slideshare'),(33,'Entrega de Útiles','paquetes.intex',36,'fa fa-sliders'),(34,'Contribuciones','contribuciones.intex',36,'fa fa-money'),(35,'Listados','#',16,'fa fa-list-ul'),(36,'Alumnos','#',16,'fa fa-graduation-cap'),(37,'Reservas de Equipo','#',45,'fa fa-gamepad'),(38,'Solicitud de Reserva','solicitudR.intex',37,'fa fa-flag'),(39,'Historial de Reservas','solicitudH.intex',43,'fa fa-archive'),(40,'Gestionar Reservas de equipo','srCra.intex',37,'fa fa-certificate'),(41,'Historial de Notificaciones','notifh.intex',43,'fa fa-forumbee'),(42,'Proyecto Planificado','solicitudRPP.intex',37,'pi pi-pencil'),(43,'Historiales','#',13,'fa fa-folder-open'),(44,'Historial de permisos','permisoH.intex',43,'fa fa-database'),(45,'Solicitudes','#',NULL,'fa fa-street-view'),(46,'Área psicológica','#',45,'fa fa-ambulance'),(47,'Solicitud de cita psicológica','solicitudCP.intex',46,'pi pi-bookmark'),(48,'Adminitración citas pscológica','admCitasPs.intex',46,'pi pi-calendar'),(49,'Consulta Psicológica','consultasPS.intex',46,'pi pi-window-maximize'),(50,'Historial citas Psicológicas','citasPSH.intex',43,'fa fa-file'),(51,'Horario de clases','horarioCl.intex',13,'fa fa-calendar'),(52,'Aspecto de la aplicación','temas.intex',13,'fa fa-picture-o'),(53,'Mi usuario','infoPerfil.intex',13,'fa fa-android'),(54,'Administración de usuarios','admUsuarios.intex',16,'fa fa-university'),(55,'Evaluación de maestros','maestroEval.intex',27,'fa fa-list-alt'),(56,'Evaluación de grados','gradoEval.intex',36,'fa fa-flask'),(57,'Reportes','#',9,'fa fa-weibo'),(58,'Historial de evaluaciones','maEvalH.intex',43,'pi pi-bookmark'),(59,'Evaluaciones de grado','gradoEvalH.intex',43,'pi pi-folder-open'),(61,'Entrega de Paquetes','repEntrega.intex',57,'pi pi-search'),(62,'Gestión de horarios (lite)','horarioLite.intex',27,'pi pi-plus'),(63,'Pago de contribución','repContr.intex',57,'pi pi-search'),(64,'Inventario de equipo','repInv.intex',57,'pi pi-search'),(65,'Matrículas','repMatricula.intex',57,'pi pi-search'),(66,'General de Permisos','repPermisos.intex',57,'pi pi-search');
/*!40000 ALTER TABLE `acceso` ENABLE KEYS */;
UNLOCK TABLES;

--
-- Table structure for table `accesoTipoPersona`
--

DROP TABLE IF EXISTS `accesoTipoPersona`;
/*!40101 SET @saved_cs_client     = @@character_set_client */;
/*!40101 SET character_set_client = utf8 */;
CREATE TABLE `accesoTipoPersona` (
  `idacceso` int(30) NOT NULL,
  `idTipoPersona` int(30) NOT NULL,
  `accesoTipoPersonaComentario` varchar(140) DEFAULT NULL,
  PRIMARY KEY (`idacceso`,`idTipoPersona`),
  KEY `fk_accesoTipoPersona_2_idx` (`idTipoPersona`),
  CONSTRAINT `fk_accesoTipoPersona_1` FOREIGN KEY (`idacceso`) REFERENCES `acceso` (`idacceso`) ON DELETE NO ACTION ON UPDATE CASCADE,
  CONSTRAINT `fk_accesoTipoPersona_2` FOREIGN KEY (`idTipoPersona`) REFERENCES `tipoPersona` (`idtipoPersona`) ON UPDATE CASCADE
) ENGINE=InnoDB DEFAULT CHARSET=utf8;
/*!40101 SET character_set_client = @saved_cs_client */;

--
-- Dumping data for table `accesoTipoPersona`
--

LOCK TABLES `accesoTipoPersona` WRITE;
/*!40000 ALTER TABLE `accesoTipoPersona` DISABLE KEYS */;
REPLACE INTO `accesoTipoPersona` VALUES (9,1,''),(9,2,''),(9,3,''),(9,4,''),(9,5,''),(9,6,''),(9,7,''),(9,12,''),(9,13,''),(9,17,''),(10,1,''),(10,2,''),(10,17,''),(11,1,''),(11,2,''),(11,3,''),(11,17,''),(12,1,''),(12,2,''),(12,17,''),(13,1,''),(13,2,''),(13,3,''),(13,4,''),(13,5,''),(13,6,''),(13,7,''),(13,8,''),(13,9,''),(13,12,''),(13,13,''),(13,14,''),(13,15,''),(13,16,''),(13,17,''),(14,1,''),(14,2,''),(14,3,''),(14,4,''),(14,5,''),(14,6,''),(14,7,''),(14,8,''),(14,9,''),(14,12,''),(14,13,''),(14,14,''),(14,15,''),(14,16,''),(14,17,''),(15,8,''),(15,9,''),(15,17,''),(16,1,''),(16,2,''),(16,3,''),(16,4,''),(16,12,''),(16,13,''),(16,17,''),(17,1,''),(17,2,''),(17,17,''),(18,1,''),(18,2,''),(18,17,''),(19,1,''),(19,2,''),(19,3,''),(19,13,''),(19,17,''),(20,1,''),(20,2,''),(20,5,''),(20,6,''),(20,7,''),(20,17,''),(21,1,''),(21,2,''),(21,5,''),(21,17,''),(22,1,''),(22,2,''),(22,3,''),(22,4,''),(22,13,''),(22,17,''),(23,1,''),(23,2,''),(23,5,''),(23,6,''),(23,7,''),(23,17,''),(24,1,''),(24,2,''),(24,3,''),(24,4,''),(24,13,''),(24,17,''),(25,1,''),(25,2,''),(25,5,''),(25,6,''),(25,7,''),(25,17,''),(26,1,''),(26,2,''),(26,3,''),(26,4,''),(26,13,''),(26,17,''),(27,1,''),(27,2,''),(27,17,''),(28,1,''),(28,2,''),(28,17,''),(29,1,''),(29,2,''),(29,3,''),(29,17,''),(30,1,''),(30,2,''),(30,3,''),(30,4,''),(30,5,''),(30,6,''),(30,7,''),(30,12,''),(30,13,''),(30,14,''),(30,15,''),(30,16,''),(30,17,''),(31,1,''),(31,2,''),(31,3,''),(31,4,''),(31,5,''),(31,6,''),(31,7,''),(31,12,''),(31,13,''),(31,17,''),(32,1,''),(32,2,''),(32,13,''),(32,17,''),(33,1,''),(33,2,''),(33,12,''),(33,17,''),(34,1,''),(34,2,''),(34,12,''),(34,17,''),(35,13,''),(35,17,''),(36,1,''),(36,2,''),(36,3,''),(36,4,''),(36,12,''),(36,13,''),(36,17,''),(37,1,''),(37,2,''),(37,3,''),(37,4,''),(37,5,''),(37,6,''),(37,7,''),(37,8,''),(37,13,''),(37,17,''),(38,1,''),(38,2,''),(38,3,''),(38,4,''),(38,5,''),(38,6,''),(38,7,''),(38,8,''),(38,17,''),(39,1,''),(39,2,''),(39,3,''),(39,4,''),(39,5,''),(39,6,''),(39,7,''),(39,8,''),(39,17,''),(40,1,''),(40,2,''),(40,5,''),(40,6,''),(40,7,''),(40,17,''),(41,1,''),(41,2,''),(41,3,''),(41,4,''),(41,5,''),(41,6,''),(41,7,''),(41,8,''),(41,9,''),(41,12,''),(41,14,''),(41,15,''),(41,16,''),(41,17,''),(42,1,''),(42,2,''),(42,4,''),(42,17,''),(43,1,''),(43,2,''),(43,3,''),(43,4,''),(43,5,''),(43,6,''),(43,7,''),(43,8,''),(43,9,''),(43,12,''),(43,13,''),(43,14,''),(43,15,''),(43,16,''),(43,17,''),(44,1,''),(44,2,''),(44,3,''),(44,4,''),(44,5,''),(44,6,''),(44,7,''),(44,8,''),(44,9,''),(44,12,''),(44,13,''),(44,14,''),(44,15,''),(44,16,''),(44,17,''),(45,1,''),(45,2,''),(45,3,''),(45,4,''),(45,5,''),(45,6,''),(45,7,''),(45,8,''),(45,9,''),(45,12,''),(45,13,''),(45,14,''),(45,15,''),(45,17,''),(46,1,''),(46,8,''),(46,14,''),(46,17,''),(47,1,''),(47,8,''),(47,17,''),(48,1,''),(48,14,''),(48,17,''),(49,1,''),(49,14,''),(49,17,''),(50,8,''),(50,17,''),(51,4,''),(51,8,''),(51,9,''),(51,17,''),(52,1,''),(52,2,''),(52,3,''),(52,4,''),(52,5,''),(52,6,''),(52,7,''),(52,8,''),(52,9,''),(52,12,''),(52,13,''),(52,14,''),(52,15,''),(52,16,''),(52,17,''),(53,1,''),(53,2,''),(53,3,''),(53,4,''),(53,5,''),(53,6,''),(53,7,''),(53,8,''),(53,9,''),(53,12,''),(53,13,''),(53,14,''),(53,15,''),(53,16,''),(53,17,''),(54,1,''),(54,2,''),(54,13,''),(54,17,''),(55,1,''),(55,2,''),(55,17,''),(56,1,''),(56,2,''),(56,3,''),(56,17,''),(57,1,''),(57,2,''),(57,3,''),(57,4,''),(57,5,''),(57,6,''),(57,7,''),(57,12,''),(57,13,''),(57,17,''),(58,4,''),(58,17,''),(59,1,''),(59,2,''),(59,3,''),(59,4,''),(59,8,''),(59,17,''),(61,1,''),(61,2,''),(61,3,''),(61,4,''),(61,12,''),(61,13,''),(61,17,''),(62,1,''),(62,2,''),(62,17,''),(63,1,''),(63,2,''),(63,3,''),(63,4,''),(63,13,''),(63,17,''),(64,1,''),(64,2,''),(64,3,''),(64,5,''),(64,6,''),(64,7,''),(64,13,''),(64,17,''),(65,1,''),(65,2,''),(65,3,''),(65,13,''),(65,17,''),(66,1,''),(66,2,''),(66,3,''),(66,17,'');
/*!40000 ALTER TABLE `accesoTipoPersona` ENABLE KEYS */;
UNLOCK TABLES;

--
-- Table structure for table `anuncio`
--

DROP TABLE IF EXISTS `anuncio`;
/*!40101 SET @saved_cs_client     = @@character_set_client */;
/*!40101 SET character_set_client = utf8 */;
CREATE TABLE `anuncio` (
  `idanuncio` int(30) NOT NULL AUTO_INCREMENT,
  `anuncioTitulo` varchar(45) NOT NULL,
  `anuncioFechaFin` date NOT NULL,
  `anuncioTexto` text NOT NULL,
  `anuncioAnunciante` int(30) NOT NULL,
  `anuncioTipoPersona` int(30) DEFAULT NULL,
  `anuncioComentario` varchar(140) DEFAULT NULL,
  PRIMARY KEY (`idanuncio`),
  KEY `fk_anuncio_1_idx` (`anuncioAnunciante`),
  KEY `fk_anuncio_2_idx` (`anuncioTipoPersona`),
  CONSTRAINT `fk_anuncio_1` FOREIGN KEY (`anuncioAnunciante`) REFERENCES `persona` (`idpersona`) ON UPDATE CASCADE,
  CONSTRAINT `fk_anuncio_2` FOREIGN KEY (`anuncioTipoPersona`) REFERENCES `tipoPersona` (`idtipoPersona`) ON UPDATE CASCADE
) ENGINE=InnoDB AUTO_INCREMENT=16 DEFAULT CHARSET=utf8;
/*!40101 SET character_set_client = @saved_cs_client */;

--
-- Dumping data for table `anuncio`
--

LOCK TABLES `anuncio` WRITE;
/*!40000 ALTER TABLE `anuncio` DISABLE KEYS */;
REPLACE INTO `anuncio` VALUES (1,'Inicio de clases','2020-01-31','las clases inicial el 20/01/2020. con uniforme desde las 08:30 am.',1045367073,NULL,NULL),(2,'CANCELACIÓN DE ENSAYO','2020-01-30','HOLA',1045367083,8,'Desabilitado por: Laura María López Suñiga'),(3,'Lorem ipsum dolor sit amet','2020-03-10','Lorem ipsum dolor sit amet, consectetur adipisicing elit, sed do eiusmod tempor incididunt ut labore et dolore magna aliqua. Ut enim ad minim veniam, quis nostrud exercitation ullamco laboris nisi ut aliquip ex ea commodo consequat. Duis aute irure dolor in reprehenderit in voluptate velit esse cillum dolore eu fugiat nulla pariatur. Excepteur sint occaecat cupidatat non proident, sunt in culpa qui officia deserunt mollit anim id est laborum.',1045367083,NULL,'Modificado por: Guillermo Aldolfo Delsas Murcia'),(4,'no hay clases','2020-02-08','el sábado XD XD :V',1045367084,NULL,NULL),(5,'Suspencion de clase en la tarde','2020-02-18','Se suspende la actividad para este día.',1045367080,NULL,NULL),(6,'sdsd','2020-02-24','sdssdsds s ds ds s sdsddsd s ds ds s ds dds sd sd sd s s s sd sd',1045367080,NULL,NULL),(7,'nononoo','2020-02-23','onnononnonononiononono ono nooo ug gog u oo og og og og o uo i ogo og o',1045367080,NULL,'Desabilitado por: Guillermo Aldolfo Delsas Murcia'),(8,'7799','2020-02-27','9849978 984797489 498798 479794 7498798 74987497 948794879 74987 987 9879 8794 78974 9879 484 7794 79 ',1045367991,NULL,NULL),(9,'nfd','2020-02-23','fgn fn ndfg df nfgnd ',1045367086,NULL,'Desabilitado por: Juan Manuel Bartanes Pilar'),(10,'r','2020-02-24','rrrrr',1045367090,NULL,NULL),(11,'YEY','2020-02-26','NO HAY CLASE',1045367086,NULL,NULL),(12,'clases','2020-02-29','no hay clases',1045367086,NULL,NULL),(13,'examen el dia lunes02 de marzo','2020-02-26','Estudiar los contenidos desarrollados en clase.',1045367086,8,NULL),(14,'suspension de clases','2020-02-27','se les informa a los estudiantes que el dia miércoles 26 de febrero no habrán clases.',1045367086,NULL,NULL),(15,'suspención de clases','2020-02-26','Las clases están suspendidas el día 26-02-20. Por reunión de docentes.',1045367086,8,NULL);
/*!40000 ALTER TABLE `anuncio` ENABLE KEYS */;
UNLOCK TABLES;

--
-- Table structure for table `aula`
--

DROP TABLE IF EXISTS `aula`;
/*!40101 SET @saved_cs_client     = @@character_set_client */;
/*!40101 SET character_set_client = utf8 */;
CREATE TABLE `aula` (
  `idaula` int(30) NOT NULL AUTO_INCREMENT,
  `zonaAula` int(30) NOT NULL,
  `aulaComentario` varchar(145) DEFAULT NULL COMMENT 'Contiene la lista de las aulas del instituto',
  PRIMARY KEY (`idaula`),
  KEY `fk_aula_1_idx` (`zonaAula`),
  CONSTRAINT `fk_aula_1` FOREIGN KEY (`zonaAula`) REFERENCES `zona` (`idzona`) ON UPDATE CASCADE
) ENGINE=InnoDB AUTO_INCREMENT=12 DEFAULT CHARSET=utf8;
/*!40101 SET character_set_client = @saved_cs_client */;

--
-- Dumping data for table `aula`
--

LOCK TABLES `aula` WRITE;
/*!40000 ALTER TABLE `aula` DISABLE KEYS */;
REPLACE INTO `aula` VALUES (1,1,''),(2,1,''),(3,1,''),(4,1,''),(5,1,''),(6,2,''),(7,2,''),(8,3,''),(9,3,''),(10,3,''),(11,3,'');
/*!40000 ALTER TABLE `aula` ENABLE KEYS */;
UNLOCK TABLES;

--
-- Table structure for table `autor`
--

DROP TABLE IF EXISTS `autor`;
/*!40101 SET @saved_cs_client     = @@character_set_client */;
/*!40101 SET character_set_client = utf8 */;
CREATE TABLE `autor` (
  `idautor` int(30) NOT NULL AUTO_INCREMENT,
  `autorNombre` varchar(30) NOT NULL,
  `autorComentario` varchar(140) DEFAULT NULL,
  PRIMARY KEY (`idautor`)
) ENGINE=InnoDB AUTO_INCREMENT=10 DEFAULT CHARSET=utf8;
/*!40101 SET character_set_client = @saved_cs_client */;

--
-- Dumping data for table `autor`
--

LOCK TABLES `autor` WRITE;
/*!40000 ALTER TABLE `autor` DISABLE KEYS */;
REPLACE INTO `autor` VALUES (1,'Rusou 1',''),(2,'loosss','8'),(3,'Delsas',''),(4,'Lic. Julio Zelada',''),(5,'Museo de la palabra y la image',''),(6,'Rudyard Kipling',''),(7,'Gabriel Alegría',''),(8,'D.J. Flakoll',''),(9,'Paul Watzlawick','');
/*!40000 ALTER TABLE `autor` ENABLE KEYS */;
UNLOCK TABLES;

--
-- Table structure for table `autorLibro`
--

DROP TABLE IF EXISTS `autorLibro`;
/*!40101 SET @saved_cs_client     = @@character_set_client */;
/*!40101 SET character_set_client = utf8 */;
CREATE TABLE `autorLibro` (
  `idautor` int(30) NOT NULL,
  `idLibro` int(30) NOT NULL,
  `autorLibrocComentario` varchar(145) DEFAULT NULL,
  PRIMARY KEY (`idautor`,`idLibro`),
  KEY `fk_autorLibro_2_idx` (`idLibro`),
  CONSTRAINT `fk_autorLibro_1` FOREIGN KEY (`idautor`) REFERENCES `autor` (`idautor`) ON UPDATE CASCADE,
  CONSTRAINT `fk_autorLibro_2` FOREIGN KEY (`idLibro`) REFERENCES `recurso` (`idrecurso`) ON UPDATE CASCADE
) ENGINE=InnoDB DEFAULT CHARSET=utf8;
/*!40101 SET character_set_client = @saved_cs_client */;

--
-- Dumping data for table `autorLibro`
--

LOCK TABLES `autorLibro` WRITE;
/*!40000 ALTER TABLE `autorLibro` DISABLE KEYS */;
REPLACE INTO `autorLibro` VALUES (3,766,''),(4,1,''),(5,1140,''),(6,7663,''),(7,98,''),(8,98,''),(9,1890,'');
/*!40000 ALTER TABLE `autorLibro` ENABLE KEYS */;
UNLOCK TABLES;

--
-- Table structure for table `capacitaciones`
--

DROP TABLE IF EXISTS `capacitaciones`;
/*!40101 SET @saved_cs_client     = @@character_set_client */;
/*!40101 SET character_set_client = utf8 */;
CREATE TABLE `capacitaciones` (
  `idMaestro` int(30) NOT NULL,
  `fechaCapacitaciones` date NOT NULL,
  `capacitacionCategoria` varchar(50) NOT NULL,
  `capacitacionArea` varchar(50) NOT NULL,
  `capacitacionNombre` varchar(50) NOT NULL,
  `capacitacionCertificado` bit(1) NOT NULL DEFAULT b'0',
  `capacitacionPatrocinador` varchar(80) NOT NULL,
  `capacitacionModalidad` enum('P','S','V') NOT NULL DEFAULT 'P',
  `capacitacionComentario` varchar(145) DEFAULT NULL COMMENT 'Histórico de las capacitaciones que cada maestro de la institución ha hecho.',
  PRIMARY KEY (`idMaestro`,`fechaCapacitaciones`),
  CONSTRAINT `fk_capacitaciones_1` FOREIGN KEY (`idMaestro`) REFERENCES `maestro` (`idmaestro`) ON UPDATE CASCADE
) ENGINE=InnoDB DEFAULT CHARSET=utf8;
/*!40101 SET character_set_client = @saved_cs_client */;

--
-- Dumping data for table `capacitaciones`
--

LOCK TABLES `capacitaciones` WRITE;
/*!40000 ALTER TABLE `capacitaciones` DISABLE KEYS */;
/*!40000 ALTER TABLE `capacitaciones` ENABLE KEYS */;
UNLOCK TABLES;

--
-- Table structure for table `cargo`
--

DROP TABLE IF EXISTS `cargo`;
/*!40101 SET @saved_cs_client     = @@character_set_client */;
/*!40101 SET character_set_client = utf8 */;
CREATE TABLE `cargo` (
  `idcargo` int(30) NOT NULL AUTO_INCREMENT,
  `cargoNombre` varchar(50) NOT NULL COMMENT 'Lista de los cargos que el personal docente puede desempeñar.',
  `cargoTipoPersona` int(30) DEFAULT NULL,
  `cargoComentario` varchar(145) DEFAULT NULL,
  PRIMARY KEY (`idcargo`),
  KEY `fk_cargo_1_idx` (`cargoTipoPersona`),
  CONSTRAINT `fk_cargo_1` FOREIGN KEY (`cargoTipoPersona`) REFERENCES `tipoPersona` (`idtipoPersona`) ON DELETE SET NULL ON UPDATE CASCADE
) ENGINE=InnoDB AUTO_INCREMENT=7 DEFAULT CHARSET=utf8;
/*!40101 SET character_set_client = @saved_cs_client */;

--
-- Dumping data for table `cargo`
--

LOCK TABLES `cargo` WRITE;
/*!40000 ALTER TABLE `cargo` DISABLE KEYS */;
REPLACE INTO `cargo` VALUES (1,'Director',2,''),(2,'Subdirector',3,''),(3,'Coordinador de área bibliográfica',5,''),(4,'Coordinador de área Informática',6,''),(5,'Psicólogo',14,''),(6,'Coordinador de laboratorio de CC.NN',7,NULL);
/*!40000 ALTER TABLE `cargo` ENABLE KEYS */;
UNLOCK TABLES;

--
-- Table structure for table `categoria`
--

DROP TABLE IF EXISTS `categoria`;
/*!40101 SET @saved_cs_client     = @@character_set_client */;
/*!40101 SET character_set_client = utf8 */;
CREATE TABLE `categoria` (
  `idcategoria` int(30) NOT NULL,
  `categoriaNombre` varchar(50) NOT NULL,
  `categoriaComentario` varchar(45) DEFAULT NULL,
  PRIMARY KEY (`idcategoria`)
) ENGINE=InnoDB DEFAULT CHARSET=utf8;
/*!40101 SET character_set_client = @saved_cs_client */;

--
-- Dumping data for table `categoria`
--

LOCK TABLES `categoria` WRITE;
/*!40000 ALTER TABLE `categoria` DISABLE KEYS */;
REPLACE INTO `categoria` VALUES (0,'Generalidades s',NULL),(100,'Filosofías y Disciplinas afines',NULL),(300,'Ciencias Sociales',''),(400,'Leguas',''),(500,'Ciencias Puras',''),(600,'Ciencias Aplicadas',''),(700,'Bellas Artes',''),(800,' Literatura',''),(900,'Geografia e Historia','');
/*!40000 ALTER TABLE `categoria` ENABLE KEYS */;
UNLOCK TABLES;

--
-- Table structure for table `citaPsicologia`
--

DROP TABLE IF EXISTS `citaPsicologia`;
/*!40101 SET @saved_cs_client     = @@character_set_client */;
/*!40101 SET character_set_client = utf8 */;
CREATE TABLE `citaPsicologia` (
  `estudiante` int(30) NOT NULL,
  `fechaSolicitada` datetime NOT NULL,
  `fechaSolicitud` datetime NOT NULL,
  `estado` enum('S','A','P','C','T') NOT NULL DEFAULT 'S',
  `motivo` varchar(145) DEFAULT NULL,
  `comentarios` varchar(140) DEFAULT NULL,
  PRIMARY KEY (`estudiante`,`fechaSolicitada`),
  KEY `fk_citaPsixologia_1_idx` (`estudiante`),
  CONSTRAINT `fk_citaPsixologia_1` FOREIGN KEY (`estudiante`) REFERENCES `estudiante` (`idestudiante`) ON DELETE CASCADE ON UPDATE CASCADE
) ENGINE=InnoDB DEFAULT CHARSET=utf8;
/*!40101 SET character_set_client = @saved_cs_client */;

--
-- Dumping data for table `citaPsicologia`
--

LOCK TABLES `citaPsicologia` WRITE;
/*!40000 ALTER TABLE `citaPsicologia` DISABLE KEYS */;
REPLACE INTO `citaPsicologia` VALUES (16018,'2020-01-30 21:54:00','2020-01-30 19:38:29','C','','tr'),(16018,'2020-01-30 21:59:46','2020-01-30 21:56:53','T','frnh',''),(16018,'2020-01-31 11:26:32','2020-01-31 11:23:51','T','','ya tengo una.'),(16018,'2020-02-03 10:30:00','2020-01-30 22:03:33','A','gfdvdsgdfsgsdfgd','');
/*!40000 ALTER TABLE `citaPsicologia` ENABLE KEYS */;
UNLOCK TABLES;

--
-- Table structure for table `constancias`
--

DROP TABLE IF EXISTS `constancias`;
/*!40101 SET @saved_cs_client     = @@character_set_client */;
/*!40101 SET character_set_client = utf8 */;
CREATE TABLE `constancias` (
  `idConstancias` int(30) NOT NULL,
  `fechaSolicitud` date NOT NULL,
  `tioPermiso` int(30) NOT NULL,
  `fechaInicio` date NOT NULL,
  `documento` longblob NOT NULL,
  `extención` varchar(100) NOT NULL,
  `comentario` varchar(140) DEFAULT NULL,
  PRIMARY KEY (`idConstancias`,`fechaSolicitud`,`tioPermiso`,`fechaInicio`),
  KEY `fk_constancias_1_idx` (`idConstancias`),
  CONSTRAINT `fk_constancias_1` FOREIGN KEY (`idConstancias`, `fechaSolicitud`, `tioPermiso`, `fechaInicio`) REFERENCES `permisos` (`ipPersona`, `permisoFechaSolicitud`, `tipoPermiso`, `permisoFechaInicio`) ON DELETE NO ACTION ON UPDATE NO ACTION
) ENGINE=InnoDB DEFAULT CHARSET=utf8;
/*!40101 SET character_set_client = @saved_cs_client */;

--
-- Dumping data for table `constancias`
--

LOCK TABLES `constancias` WRITE;
/*!40000 ALTER TABLE `constancias` DISABLE KEYS */;
REPLACE INTO `constancias` VALUES (1045367085,'2020-02-03',1,'2020-02-03','\0JFIF\0\0H\0H\0\0\0C\0\n\n\n		\n\Z%\Z# , #&\')*)-0-(0%()(\0C\n\n\n\n(\Z\Z((((((((((((((((((((((((((((((((((((((((((((((((((\0XR\"\0\0\0\0\0\0\0\0\0\0\0\0\0\0\0\0\Z\0\0\0\0\0\0\0\0\0\0\0\0\0\0\0\0f	DY]Z65xyF]A΢R*JJƏ>m<9;E vjS\n!P6]C@(2vNE2J2ۙ	<:Fwc\\yɧݬ=KfћR\n\\:r\ZkLUN\Zm5i=j̜\'YyrԖxY\rOcIPD5h$ӦTmyɝpIzz4B\'6RuPih\r8e%S^e)y>yK3<U\'^\ZG2M1u׳&\nU\"Ě:g mONM0]6j\\!\'ZC:qiUq\n_YW\"hialLYyJ:gцN+qWJͧ\Z9XAA\'sq	ġW=yCJ_F[8٬PMud13X5#Br:42[$mW;V*+W8ŲU\"ƀ\0d\0׳YPS{]%y}D\\ۃ<a^@0,jqu̷48f[X\ZUdbrW$)f+h6oMyWbzVVNWgT*sܗ]덴z3ǩj #meb:N!PkYrO^TH:)VvsV	EZ};vxRUq@m*kokFוMiG덯.VW9MuJ\r@Ҽ^R6QբkVig Pf3i8+4\0܈gQϫV-=newمγU\nM)cBavCC+\\f.ټ$VJΙP!tux1njW61|}ԣ!Jdz2Xc6)SL$!Z:Ef渍B.P\\a#\nVmUIXjRlV+150NU5QA:Z8C\r=LΑʦ͜^gbF9HSu^bM!5`7hk).k\ns\nlä\'K@˭f\nY:ٝ/y^z..M>kg3E+Um0E\r6]\nYc+XO*<wE\ZpSxL쑄T)U4nQy~OYѻhKyVڗ{y`PԍƎ;46z8\Z9	V3\Zpj	[ExTSu55LZOX65k:#wt4zY7nKk4vYiOdl`]4\0kw\ZZ[by@rV[ )!t<^bZ>^se٢J`c=Ur9泞bkA]\\gW>~Uke;cIMM x衛J5sf\\Wpuwد׏F*]\0d!MFuePP5yw8R\ZfR<H)2qwqtދd|.jXA[K+cˏc+X^ɸwZ;9AD(mˤeW\0nk-MqW%I&i5f]9si@@}=ah\0S]%|ml͎.y\'\'gB&hQS*ÔqQP-g2]V3A\\쎦ۆPyoş{9СDz,TqyQ=foJCib\\BLm^f~P\nM:HEϷI$<HOOy@4kqu0tUktgQght6`uG,=mN9雙m<%.J\rCn\\MDIdh2Ij@SXB?o}Kq{ګiܯ:<[>ʺcn,skV.Fd\Zfp#&ɕA{9Ũ<CC8\nQ$nS<kZo<SJ\ZGp:Eƻp|U\nN0ޑn4ݫl984)dfbO,PAzI<c*<޽\Z4z4GZTX \\W͔il)r!ӞVab|fnL \Z0LwS2Hx4TYgӤwW󎇓z7rV4ʤ6ǝS\\\Z4c͎4t^\"L\'ʌgHI&LI;1:@8;;\noS.c9B+GH)Ey*Ǽտ*9^dqEXB=LR*_<-\"d1@d!6nr/݅|LF:pJ^d6ɻp-\0z0$E\'EM ()\'fi`@V1HCڮc]QJ9\Z5nxqIPA44(ZsS(d	;0L3(͎D^T\'F\rYw/^1bcb3 Ӌ$$i萛\'pI(́;fD(OjoV^޳Z־Mz(<d-&ݐR;SԈ;#\'pe#\0s\\v$Jp XƳyԹԕ[5JEEv   \Z	1$nLHQrNXkj:hVѿi58qhs=>OE21Mɘ)IIk<&bI!jSkw9cNukG!me&;LP4}~SY\rַً k{,b=t&@iȲz/#R6)Z\"~g[J$4Hj}\rVj\'G-s0wȭ\rZ\\՞QvksAO~se܄tH3=>աtu_C#e]8a2A>Uv:\\:i$CTɒ,M@Za(陃 ;Q&vBIe_tx-dtdET=Mv7!sߗۺ{^awĊbPjSqɩ<S$)BBL%a2W$	1IB7|9-dzgc^ǗcC\\PGJ\ZJdRgi&BI$D6 i%N$tEKK8LNNi&mTʮd4RbIM<RA$IB$c$\0.\0\0\0\0! 1\"02#A3@4B$%\0\0{q1,:K\'=%0};1?ch>{^*sɚk#w->o\0XEv{\0}K\ZQL5BQ\0t?R\0{{U\n=yR;1cȧͽǴOðxI {jC[h=͟ىIBo\'홴rm@+=h\0lD=W}ޥ6=\nSve8,Q5-gSҮ6׻\rƮqG<W:+Mv,쟩:V3]}5|sCŁضլs{+3\\&%8{nJox6qi3fr3jf:pS]\ZUkIIb{ſPaJ]̹1zZeZ#˩Y+X>ɹLR+jnndʟE~;{ݺZfmE9l3DkB4N\">ۏ-:DŭD\Z»@Ad?r1kԩn\rwg}N\0`ZYЂzI*skDWa4޻`5	+~k٣M1t*ǈko\\5iWP7iEa~^DM0\rd-71ƌjOѻtu|CJXt@Rٖ*ęBSX49y0	Uw\ZԴy\'톻#_csa7SmgӲZ%@\ZhlIeCYdkAHXH2k8a\n3ɊP4}FXVmWVj\n)R3\Z\Zu6ɮC?ڣOmSLS$>]|K]l]MvL(<f,K@[.Mŧb7\0?cvu-ŕ<)ص|F|J\\y/(j1?VUH*\nɚc>HkĿ/2F3Re\rfx+q^g\\R=G\"vz%yXt4dRʶ܍8[V1Eum\r2do5.~M޿-DS}^@\rC࿕lkYZkS]g`qbyoUg;r)+a[F>\"~*>YAR	j-\\3J*k@߸osBS}Ʈ\055-v@}s!~Vnlen{jUه,pu,MvtV\"3OtTcf_ˤ?#Ϳ}$v\\C7:\0/uW+=XmHM\r8-(o\Zd1r4yiTj,2ݾOՎ])w(nv7[;7g{YTozS+),snAygEHʇ\0RfB)px^\0N{hfqOa3ZXY>GWc7!XvgE\rU@Ê}Ϗ\\:zPr=6]ρt)3k?]L^blIU>>7\\;QSeNbzr\"bcK:^A =~OW۩\niZ1Q\0p=N[Fr?C UiHck>E\0U/ͩj^>\0dɕAV\"moR+Q]r/iRۨ\'t-Xϕ{hv㾧(nt7GJ1_=YWE\0zXuz=?=.ڂP366@҃-0L\'50iGYLVR2*},_-Ėi)`zqgfƲױYަ5Fe!am}1Z٘uNF)ȴQNVKd1;qT(owKx^IVuhꂴv	R^)Kj~ߎPYUA=[USJ֮2*kZ8O)NYa}Ji\ruݶ(ʴV{3BZVRfSREƼcĀ	ME\\ف׻\nЙF06-ڞ؈]JXX/*ý\nhz\"DFI1l[myB5+mw4R1(?D).3=/TΚq22ZimD喆9M\0Xa=/EOVn2VAk\'xMK1fF$ṇ^emq5q&^Y$}ь>O`u,\r56u=(=@*iqSt+a}JT	1mŷ$i\0]γbB׷zC㹌>0gfF]\rMޝ+4\n6ZoZмC?wJ{9£|9XE 7nZN=ѣdhcx8!=[-Lw׎CWKN5݊^ԟö?=\'s>{z4v/\"gGo?c52pET\'PQe&5̬nIR_isj@S>\"Ԧ]C+	VS5^azbccIvr\\x\nX\Z]x_;\0o`Ews	߰OS1DF>H<q1OTˉۻ\nVQF=7ҬJ!*Kzks+[XqZnehznTraLwXG:WK*oSPmͺȾbP(\Zk)J%_o\04A>7 CgTu2ќ,{	퓏qrq/vzC]Y(ɚ6\'!GXdUiFeRjeJmbZg]lnSzOԱ=Oo3g{jss}[.I\Zxl=;7\0K]7lEfq=OM=>f8$\\WXH~`\0OS4gH#_7Yg3v,OY\\>;nnYXˇq㗍0]ɀlR~evs3c܁mQXYرv9D&:#\'џ|3@ W+vCC^qPv~RjTH5lەXN\n}6\'6yUW)[Et<55+_;?6`L̻!\'Ԩ^V8rǢ\rwvWbȮɩe*cGWg)pc>xʳF۰20k&Y{>\"3,[|Aq͉1(SR^@k5I\0\\wKH\0$vԱbAf.\Z\0W̼u,de]uh!X~>W-5f*fIS\rMW\Z2=Yeċd5Szno8$[k5Y-};kBP75	\0;5>J)N/vŮޫCszQe:MdQ\nLfJ<lso:rM&W32mǩ,hȲ/{22q+g>OcW;:&ro!=rqh³{DGYq60x_!\"Oݨ\0aZ&=}I>7-^!Gݨ\0{m@ Ir&NNZ:}7t0bT75b\rwbx*ܧkdێr)[\nN0a^4DìYs-qrی~SծO9ctڨ|Rs)ȯtr.6b}kFNtYC#2#}~r(_,^<ksZj0\r1&nkM7*涞ZJ){\"\"ΝOn^OxW(`+55\nJ6_x\0T0.z[π`f[|,:FWz6ͩ,s:{,&a\\Bp4Ṗ\r7\\l>_,mo;>nDʛԳ &>̭.k~)ZΊw7}t &p9Wnnn+E}{ݑec9vEJxW83+ї=6zU޽=_ѱq0Ig.E9v)-8=G?k_p!ˣ9=mG0WR\07}3{hwLFԵ>՝&\0Fγ_:ޯ5p:J66\r\"K\ne7>ƨ׌/Lk87OoK[+SIOZ2o~k͡ȍNvSy`)볷VѽJdG\Z?\0\'\0\0\0\0\0\0\0!1 A0Q\"@aBq\0?Ζti5HsXecOBSF\n\n1st4\"nLw7F$1>IK^c\'H1h8fW7e_l[xएBH\"oqz\'.beǎOOj%\"ħ/S]-l$,rHjV?T%\"ͬ>E\"HE#SdqEVlc,lCGE87P\Z.F*$0ՓCw6.\n?x(^r>ʡ<t\"|ē\"cs#+#L{7\0\Zcƚ6]!pQ,(b\"5DG!Ap<(ȑ\"=b}GHM(ٰXeF^F ]\r7^|,6q*cFNjkA)O{^ZVȪ&\\tͿdN1tF~8Z~ZY%#s}*&r97}n	h//\Z=9|S;TA5\"2Ql\ncilv[q}I!E}&c4fJWGIoV|U-n/ጶ&Fyԇ7pQEFӄpʯ:FzvIp?Z?R>U-6Ze|1DuXwTՕEХZc9G/ɟ~JbGDQ+n5&vpYӏ_ƾ*E𯆄\0G+B,<XB΅~>6|+r?=?^\0+\0\0\0\0\0\0\0!1 \"0AQ2@Ba#qb\0?.X⍲ye[zHoD^3<.\'7rD~8f\\,1V-=CX#D:굔U>gW0J%i&,Gun,9nx҅Q~VznL4Cᮄ֕h/?].V>xJ$+e6\Z8DS_1,b,rl\"NmrlTZ(Fщ萼ˁEX(Bt&.5)vȭJ17Xr좸DEX:H]h==(6FGȥieiZj4\\i[1\"}#Ѿ+I	jC5)fɮJ1~U+b$B\\yhƉbbb\\)&%kSG5EF&MCf֗+pI9rG\'-SbyկS)=Q{D15~kEBEz򘤢ܑd_<hY\rnH}OȆX!+_XǓ\0d#\Z$Er!Bc֫KʑQGӾƝf)\\>* _G{G얟sF	d3O3F;m:F%\0/-)\0Up^\rdjKlakF)1a.ŉGC!;ϏdLŚ٘\0-MݛYEm63dӇ\\m([&b^/KfUkOd<E&m71O9_b֬g3쟧:R(mCzl{VϋI(F]xHx71vˢ\0eZ[~E-/1-Ym+r7b^^7ܥ|&+^bOF&Y~ddڇ\0)BM䧤|ѱнρ(\\rbF-MҊIUGQdrp\\\"W-D(\'}=݊6	c\0=\0\0\0\0\0! \"102AQaq#@BR3br$PSCc\0\0?\rNoTqMx$r\nTl%[DHhVj)7k}v5N=\n=b5KOJ\'c詈_*O\ZTl~*詏28q(5HhUv5O\rn]mM0KθE{cU\"u\\NPIjTbvط\\&z\nnSU_cy3ZR~{`4\\Y,ҥcy\rLqD1ʸ8E6PeK[ -ZF̀\n\'-ؠ9hURxekm$z*kp];8%\\J.MOw7as嗝\\J[($0M:`sy&q.? \rrjeEP\\Tb٩TCdC[\\%p3p1phZuW7%]\nrA*c\\\Z-U00&8F@jo%ǩTTSvUズ%\"TR*㵷n#Tlj\\dKfUta`mꪳ{idơO\0!Lau0K/ZΚMpUVlz&rBz+t]SaXV)3(\n*j(.EԡaXS{J;<m{q+U{5l+eh[ftj.6\rtQY,p\n9ǎ\'OЮ++BUBw!8GTSUf5@-\"\0<4+ԇ;	oܤ7ErD{e{\"{HSgĤ`qn5ʜgIhR4WT1A=\"uByeި3`mEyѿI=zɝou51L\'86*V1&u;6,ԭ}Ӈ5z-y.BYp\0h]?{ftWވD@3{[Eɣ0gl⡱\'Vߩ ;)hno7\nu;}/`	`rZF,_w>!@Z!Rp(OTXE6nW\\xnR\nCR@):F&;m(vqګ\ZG|7DԎW[,C/Y_ʙP\nMӐ!\ng,1EuqdqK;\'wM0uSl;~!*1z\"0\0v^i6$g.ELiqPctP\r0WЏ8&ŇXnBuR#|6q؍r]8S_	gz^*J`6\r\"~ls<5UYA7GuUc}(/A~	^g7~[{,uq1e#M.rT7xCP\Z7wm\ncSO/$Bjm	(w!:$8i*n0iMŬc?b/ԈަCcPfNH\rM1*CrQ7,oZtK W9Zlz)TX<j*,c\"N+Um1N|=\\uHSpU0⸭J]w^\\\"	>E:!P~Љ)5v4yXftGIW,5܍~T۪\'%q-$\\K`o\0v?(0pS%2eJ5{NJCpdi+hUxM$]=Ngl͗dU$T$mWpoTOLMU-akfcU淎lTNS+gxNὤ}.N=K(m/r1O\0e3^,f+m5u\rDpNˇV~֘n}VZ\rOpЕ\rTIpsNY!U7/=ge⼿&jGf\0j!ݗ,ɤ\ZfyjV[^nEտOMJowZg\rUBmbօ3317Uj˨UJYzkǪ\Z>xRmm\ZFNj\"Xg3ULidԧ5伨N̆3q+.G.¦4O^D+̆5[W\re\0+[Uc0z{037 ,czɹtRa>Ҥ\0tT.4S\0\'@emȂ?^:ʊ~KCbQ\ZO.*qRr-5W#fψWVEW,Rj6\n9\r5#a5<|?W89R*g[\ZVZCuW$W\0ޜTk]yaR\n+МZU<}dlhW#d\n;	~\0PN%WU>7m^GN\n^%O6Bpx邫[hiݫFOZTeOѠr+sfAY4ڲ=nU\rB$ԛezNnW5J*Uٯ0 WMftV\n$\0ynM_\r͜I\0!O\rPE@\'C|B{nT~mrCsly&DR	qB2ܜ7K,xU80&\Z\roR늟	|)CAo]dh>O\rEycCw22S~)_D:4yp[o]xxPX)Mēt=)?5R@#nOtccGdF女,5\'ꔑ K6s o_%_\0.E0-^晅4IZ\"\rd677W;E*,\0^zՙ~/q\0Ģ9\Z@\'P|=IVGeNo\nktGBWh<JPp[ptˈ]Qe~G$|u;0^\Z)ľG6kcE(ZO ꫯkF ϟgR\nqD\0*Qf|/Lwa4܂-r8s3<O:`TLPb9;H ƍZU7,ßv*M=[9\rqa9cA):(͋$qV<_0:hb,V\"-\0]sHw%xo%c:3b/!Viv̈́9sOL2{e$	=3Krl`qW\0\rSso4o0\nT.镪N,\rdHm4q\Z*yaw1S8;yJTƺ)Rѣ^LA\"FO\\\n׸5ډ_SUNZ9$t\"e3j<p\n}S6\ZB#,Jbe\'{ÑoV.p#33	WZޥdap%u ꩫa&?50&C!|#ڲe8|GNfQNm\0Q;\0(\0\0\0\0\0\0\0!1AQaq 0\0\0?!cL=0D76[P}/ևKLkO\0>mޅ\0%[ZV7#im1%|%fbK{ie.}K+k18Y\ZBFsi;	ZE1}+cBB>	\"No_rD_Po5KƽJ+Dks#K܀jL#Z	=NGǡ\'J!A\"׬90$/\\	LI-!hǝk1X0>Xyv$К,dYz\ZjB2	k	CDl5b{F,Dr,itQxW,EH,y64](\Z\Z\Z>\Z7ӍH9,D6`kp$ٷg/6밈%b%D!k445_Δ$H,ZVʇ\"瘏R01+6}#-v*Q\raY*ٟWcz-q7sەLqd7/BI;ۉFMQD{($֤N֣F#mt$!e{e1zH_qJ3Z_c9I, j &BZ \Zm\'_Bee.O0ix52Kti$2(\0uqoO\"Qy{2 hzLOȑhO3\0&;\"ñ;őC(f-n \"HXcaKm>Ag+T+,ca$]:\0BXN\Z=HAhٸ/.MD$CM\r=ɉ\"Q\\\'E%~4d@ DN444EОoȊ=tܪOpmټ\'l/͊6<	)1.V=kK(2/@2\nieӗ0\0x%zdv\\Bk[,^&XV5H$%ʈ̑vɼ\r$3X\Z\n;4򉋡v&fЂ<OF\Zbd	j4:̥.\\RddEhpQJ&vMCv1Hޮ*ɐDɫwl7[\Zg\"yu	Rx F<lZ@ܟ\0FtBRo{teU$;\0iV[hv#&K-U=Bn	`[34n\'䂆\ZyClI@y\\jFxBKD-	҉C1R̓	@l0HTH6D9(֛)В	3HAF)X\ri\rtfvg`inK$1BToF\'\'QXl%1;1dC;QaDFD@\rAtbٚ^j+(#l.\nzDŁDΆ	G\"VL\"*eYr!0	#[4NC@n	]J+$\rCƲ!^	aNؚ/\"\Zѩa(Z&o(a<cfL\'용Z\Z5XyaB\Z^LR9NZ<[9IhĲd4EFYh7X,d`0PfUQbز\r{F &>!chWMH2Ot3M)\\DT&(\Z ǂ7\"ym$ucV\r7Ibq)Y`J)Xغ9A3\rD|e&6gɆ\"	$R4tXK=2&j:eCB&UІ9_+/b,rPpfw\'K<O$a_zLd=77HŏA!!@qŸ\\	#E<\nC[+SCx\'Xg\\3P[#;`E0oؚQp7T<q-I@17e\'N?i2s<EKm$.QX\Z Nߣʝcdc`_g,l5q!WؐC\r&3|H\rI\r\0B]\\ry(,.MZbJeeZehc<&?՜JbNl%uqJgP}RtEB|`{Lyƈ)[{DLaK6-	ۑ-弳Ynluc&\rajˡ8*M\\.9>y}}o10i_շO9RQЊ-%5ZX@- ^DT=X?bg&+Mn#(y&!ƙITQv{	Wcyx$.%cȱ_ԛ2%m&E)Dnf͖_sAȆxEτ+|f?yrIm-e,d9Y|$z\"F\'QC\\K\Z\'g[C-d)E,ct71[_!*GYY!]`VQip=țHF@Ʉ*{aeJ1А!I贒K6ecTBkR(Rn0);#ȬpƐ\"Lc[%3@C5X>tOl#K^)ת\\y|U`Ʉ;yrڔDp-3ɄthŎߡp;{c^]9E\'-*X2@ OwMT)N\05 KO9iBl!vt%@$l ½E\ZiNO+\0aYFFx\')u]y;]^F\r	b\04\\ֱ6 7㳑=yd1Md3Knw\nZ!0\'$a\Zk:ykO`\'~˔%MB2D|QF(pLo&nD:D	\\H$]/=ܝW+j\"]4Cw !vJ.J\\LPN42ICP 4y$Bt<0`5ۣX⒗;̇n <b67좍ވRc\Zn$;rQ$Kh\'<\nH*bZ.ZKz1]Β\nzj9]Oa\"!p\',C%ǜ۽5+D%8\rcB vO8}-؜ 9!!M,Chn|=\nenPt=ixq-3R4FQ~K&;.r\'QlR#zl %6$XVPٟa\rH8\"4j\'DH\"]ƄlExcht$.+$5,\\ʙ8}0\'#8%d4DlC~F/4<y0w}\Zd.}q\r6r4:jܕpO7s.bNVǡj_#YZ*FM!HE!tŅy84!7p\rig(b>җN*Ďz<M,y9LO,B>(E°dC=ǰ{\n\"2_pE<ޣfMgJ%!)t	2L8cRbT~`l=/\rjh[Q>qU	(۱/$\Z4>MNkjĊi6HCdr)|\\AdCqD	_&A\\na\'$](oh)J\ZkR;\npL!V5L񾭉ҷΖn`EE2!*OcӈkWb&$OlDD6Ԏ,GLw|	ycWK|lRؐZfGE-}؉&^vAFc$z\\Un/),9D9Kb|a;Q[.0*G=(v	<$RǦdK$肼ҍCc`PSSe)Ip-DJl2y\\D%w9 ͽWHZ\rH݉+J1)\Ztѵ)7\ZT$YKAJ+q\nԎњ\'*es\0b6&afpkba	C6\"okRi\Z7l;ai⽌I2a5vdḔH%d\r0<k\"H2	Db-bmFZ/\0?Y|і	{({ԿG8DӇ\"[Ȅ#a7Ԟ8B\r{ϣԄYؚ1\rr-;$lOm[%;&zГyRG>q!4]4M;8I#\"dĎyv\"vaM0WJHAn\\pIxuO5s?:ݙ\"L!_\0[\0S9LcC0· ~W$[ 1eG	fbcye,ȎztiXbjoB\"WdP$I%_Gʇիꉗ,_L{\nPK)\Z\Z0%H1N/H7\'q$	IDA,yYp		?C	[z(jw:RM}YWK}8@Y|!r%R,u,CrRH:z҆Oc*f7??9a\0(v!eM%VL?R#N\rе\Zc(->\\YIdgD6ff0~P%(Kޡ)D@I	!z-\\oZ\'II#)#\'Zk\rrj8]M\'Ȭ1-%Q8`;|\0-Q^!(>?1A<:6]fæt#S2ޠ2#[/JzR+cMj_=y1Qeو;K\0vojFbVB&c8,E[=XQ2O)ds*]Y -(*#Њ̾NY3^#8B\0W,!4V1EH[ʏ#F[#MU\nػ\"4d\rje/bg|\r#z\nCbZ!	CVI#Ih(a;DOg(ހH	f0z6H\nE3#y8;HkKvއ<hlD/CmBD%%̒R=3BǸA}c$ TlI#_:*K7Z죋8N.O}6E;4/,%\ZthBm4EP!\\HUёسih$eFX=rU{a?^#)2Z\Z<$бk0HDsCсZ5BBDa$c`Kj:HSVKlК~0s~bMC,726M+G!萅LK~Iׁ֑pYMwQMH\'E[֨.;$@_zA^`؄\Zv/5ȌRLI~\\k*M˰$$@8di1K2,>f<;A.PjI\0\Z\r8i\"z\rj:ӭM5UR7w}z8|Rs*\r5֢Ck\ZU?F8oė*vH1[u\Z81H6=D%6e22&颧;T~; X_d$$61MOwjhbY1\06i4(YPS$DnyjNF~IRk}=e[\r\"\rz_Sƭh-HI2N#W.60tcevJ,\'D)eНF`+)j&cgċ-c\ZE3.J,+zMȞ#&*J\".4o%r2}ɓ4Ӎ1Fz=W a>Za{?xǤz{ofkLK\'*CSH9RK4B\\Zi,{Ri\"LfĥLCCbAE\0\"2-)`jT23_B8SYc\'ִhBDm?\0\0\0\0\0\0,9&\06vC?+}َ`B<{=κ}j!\0)~/clKjvxC:;l\0kلkܪvՆNsCm|_;;^]rr.Y?o28;sUvg/O~|2?6s/++jwg#~l0{\0$yp_F5\00n`ј,|Oc\'o>!˒ĭ?I4qW\0etkm%o\'G4t1^A̽a#Z~a.cH;Ht}޼@syۤZڊ;F&;o}ܳ)f\06y\0<π\'?]~y\"]\0qq/{\0\0}6ߏT@wʂk?\0}T7.ŞtU[k\0%\0Nmv=x֎ \0¢[q?~5Ѝumj{Cs\rV(޹C_5~)K\'_/|\0a/>\0\'\0\0\0\0\0\0!1AQ a0q\0?|\0|}	?^ۗtɭ3˓l1oKfzedeGDBgמ%t9`>.Zpz[\\[o{i*}K9c,{jTD3~\'̤,ܳ{z+9\"/^9v~x&rA-rRZ60忘.\r^X[D{aRϠ?eifY#w9rg2|7zvHz;/`G`C\0N|, c9M,e{lS`.6,N>mlN0+L[c$Xo{<afC,N}B8:~?s;o\n͝2jRm+;-?EXlL\"m S574ˏي؟z&08Hج-Ze#ӓ>. F[~{\0,--st%?~kmvw[zv,H6썄/`/p_\n{;tޣ9<\n$$dseU[!ێ>6\rN-\"=(z䦖Ű6Ztòc/3z18nxS~%R_97kݝ,p/\0b>-d[?G:̵Not5]cr}^Z/7I\'_/q?eKQ\0M1 bYn#xG&_YX[	zIbf_ax-W|#F偯KOcy\rX~˗\rl{͟~.@;s^3/D{_ci{`{`Edy-$O~Y\'\\Cls[X3-O&~.iF%-<g?3P{F1NH&<e;,bF#sQ|\0DA獥3Osdoa2o,dKUze\0~eIX996I|, {>;^?}\0(\0\0\0\0\0\0\0!1AQ aq0\0?9k<IJ\Znv^#3z4\0ɕirmH(T%,0&\\#z	hhl̫\\T	BuL,AEJoe\\>K(b*BFV*$N5+Sn?\\%kQ]˷\n$}I8w&W.vB!r#XD˘\0ܧpx\'D^bpDpL!S1Z j$GQP*->s+@FۀTΧUx4X*P(GMEi,J75ppGq\rګR\' [SAew9!&f[FTRwJoْ;.*\rfHc1%S+0\rjİEEե\Z5	qBQ3x]@=cHC?8\\yES\ZCK΄lVblbVe	p0vjb\rb\"K`%;`߻ʧ#k[	u*06V(gfe\0;0tй	H\0p@@!\03==,]*TAlb>AZ)yGf3VN\"4Tnӿ_h7	5\rzeT|RA\0ib\0h˱HǇ2K9MfT1wd\0DH0LqQϨq(0g0b,*`vR츭X4<A%3^䥃%RP/>w8fE	(rHfH,|o~sL8?2qB./DaԳ=~YTV<nZ_5O3߈\"uL%P7pL/$ZT|(,Ӹ`2LMʓw),s^ϞC׃,-Cwq`Lggl!4}fPG3KX_&5Kn\\\n\"kHeS)+\0;\"[3H{˗yyrDga{r~(8c!5uŃtJ;Lx&f0h3sT|4p.\\5pHZY\r0 GT511^6VWVтaqO	ܯ!0eVw(1N+ÎC	r.$EB\0E+qzBr1Ô\\zS\0\'\0\0\0\0\0!1AQaq \0\0?sgJ\Zsaz\\GifhUQ֏E *\0ee\\b\0\Z\0Ѱ}\0UfV+USEbY\r\"ŕs*\n!w*8{Im*՟g:g`\"2\rV:.U2-9F~x<u`JPHtc}DNy..I2&\"JɻvDi$\0\0ߌ}0qo.ůL=@mwOE/̖>.5#U\r*k/v\nf_)\0}Qu-WP\nU2X	41̾D}El%Mdl)`\"hb$qpr˹zAsp}7PlV]\'Onűk7/#[l_1HZTGknG_ab?l,afѕ	W*@_=ǴlW\Z(yo0%\\.e`8۹Hb`ĵ\r;ǄV}a]<jGW\0\0\0V=J2>Pw*$Er\0.A(_\0~_@J-PXˠ(=صur3=2@Vp{+M\0f\r++S	\ZQM}@8?2蹴or\nx3bk_ L@^\\DA[*\"^Uh+\0(q|y+2F\nS&Ϩ	N\0ZK\r8Fcv_@SŊ%Rm:-ED@e\\Â%QGw[amv{?Q*aM>7_X%ܴh2|G#Vt@V}:UW`Wsk_pp2b+bĻ\"`Y0)I;\rP#p`l}8߉Gd-ߗ@`̭@&B!6|Sd+/PKY\0#cS\r^(\\\n[Ya/i\0^O8\n@\05n\r/\nIc*n68Xfk+ >NU\na	.(()}\'6_ET#1AoWU{\nlʅK吏c](EA.)a\n10Τ0aћUx#}\\M~eJ=GN\0sPB]fUD\nqe=6\0T0dh#\\e8Jo\0\n7z%:nqn=Lpj04ߜ^AgP1*]L  ̠*4ў^ UʚIRWi#\0LĬn6\nX<\'%GW:VrXJ~l4K]rOQhr++ja`K(+Ϲ$s{؀;YH8;;A[IzEC,hbZ=cj\04ȎJp$GoodZK#\n;2~b#K!ME=D\0zQ,0\0R胄ԣ\0eAڌUa},l#XZ\' w	]M~<DK\na\rGW22]]*]EƐ&ApE&Hhn,CV&dpмс,t_6Y_0[h]o$(0˩K*o`p\nM0Նitۂl%#w_hW`RdRv8xjR i5KKӿ$3Albeۨ-;,;=D}22q3%K|r3+Ա4M]BA%uv\0HC\0JC+ H?>\0ؠU!dJq<\\@b%r/P@=ę?PY*̧>_r\\xJa\ZLT+q RHR	\"ejAOB¦vb{-Dḱ_>&-/ڼʍrZw@-}CmDY` R9~wP)a)4V`*g#=(RPJn%A\0t۸X-\'QM\'2-GLdop&G=xNKqeN^c\n 	=D%Kbǲ+U*B6DD{XDy\rz`\Z\rA=K<	7.ﶈra(=f\rW\0s)neK)\0z\rB:ؿh\0b\0\0Dj<jm5bFoi$eR04%OQcܸ!MRP.z{vA`;Yv\'CѴ/\n>e\Z`bQ#xPXwWv<\0C]~b;&Nçyo\0}}?w9Kׂ.M`￴q̵Jgܳ^SEV +lz֎[$X?n-\ZO#X\0S\Z	tq~S8Lp/_B#\"5P)+N\\t\0(Wq\"[\nR>Pk2UICT-+9DSbdNǘP䊢VS\"*|tcAGWj\0.+q4xCB` ;e);}@nF	k\0}=AJЫIB=_\'S>zaeI8\0\0b\\ry\"v&XE楲ѐ<L\n~ac3I9B@ℸdjhb`\"ۧ^!W2\0)j7!z(\'(6;@9{ahpw(P(\n\"5O\0N>\'!x^\ZPJ@szM0)@R4VuN\\dRtMN\"u\n\'O$|Dh}4	ǞI\0߿~A@Q{?#k~4Ai@V6cW^;[f9̲R\0P[	+˄5Pw6֏;U3@OQ;5`Bk$1^Z\0(u%vL\ȑTj\0/|e+|A`&Np!ؽgl㰍B;a&␿ikm^A9q\",?LEXr-Q@QJ<ǘ((8#iw(D{q*ildr}#_BeK|B\r̮TG\0qTkde2%(}w	-@*<31@1}!@hġ#yLh\'ݏyreG;+&6Z@-!p.̩\0y\r	Cȭz%.e&8=ċrQpArH(_oǇ\re,X[G>F]ckOW@\0}J	rev33n&pQP֖0N\0/*z \"pEUV^[ơV*+\\Ҁ凥J?a@|[@d\"0RG~RZ?fs`/v7,8|1E\0\"WB\\$Hj(/qE))Q #{,Yr\rW0ufq;F\"]JEʧWv}<r`TBUAK\0R[~Ek\'\0բ\0%?1\'`Y^opÙ=,+ev\\c?o+#2! Ԫ<\ZM	eC[W\0ZDC&ˏ)^\Z܇\'TZ<L@\0&Z-DunZi\0|g\0)TXXbfTb0-bX\nDabd1o醛p*<v+2zvE]A}n\05z9xFnիvѷ=ʟ`X-P|_ɯcUQ\'nn=&\0^]OUZz%5+RXkNR_L5\\IKUc,K6W%he\\X\n\0zpyCAPP+J\n\0ABe޾O+B^Tr#[zB9a?G 1z̴*qh9:1Vlfm>0b?RޅXJ\"\08Ck~)-N>Dr*<+~cE#*D=	콬РfvpBQG5u\rP#Zt8Tf352W\"nko8kQӚ0n\nCmS\nz?I@%·X\0E RRG<i@RzWlWݿp01WTU#;gT~\nA>?Ir\0ܽw~@hSq@QYcn/ڔ\0\n >\0TG$?2?\\EGk~\"iA~Ab`B9`P&~ࢍr:ga_w~bQ`zbP\n[uwQ\nq!OFy}@M\0b\07b|w\ZFrP:Qb901Ո}xC$y#T:./be?TfD6f\0\0uu\r>1dv]vx\";\0\0?pⴳ`,3I\0,#@8P|D1EV\nE<lg)Z1 l\ZR#V)Q]AlA\0&<sLhE\ZF}J8M}IC-i_QdU۷KaPDlOp)RGKFZ_!H kܷ;Oby.qihs0]V`\0Ĳ WV)H[\\-f=#ķGDuϿ1i44nE@UqYGsGQY*6g-\'+h!B\"4$\0-ׂg1k@r׎2j6G1U\"(<\\2/*ϗe\r;c%Wp5UO^;\"WHt5$JK\Zjv𽻯%\ZTJzb@	0^MqvFc&9{En߻\'T*A_BZ\\@_@\r\rDaZAB.kza6g5[GDNDuV_g8\nbf}fjPEQ0mr?Xz/>yWCǏCs@;Հ?La]vSch? _Km=e869G㥸nw\r߸_/^))\ry!c\"2Mϼ6|Ht=(FʍZII&@j)|òRbJPEEJ헖~JF|@Uaů|\0uMdg-\Z4JSgp+xȤvkJ+0ξ_huWBBSm\ZTk1C6\0/\n4\03/i>b\0u xLLa!L#v >|CK(	J/}v\0V[d-@xd]OD8T41`eT.8PDMk)/a9h߼63J,#܂ը\"F\0c\0fP8>ԯ(AdR̽+NGd&Z$S4.\01Is--%R\r[2w\rel!d?a#AwfaP6tR5UମEW~1AvcLPm8CNO5	u̺<5auy^0D\rKJL1ʦ\Zĵ t#\r\r\"+k5qvya?ToH]n0U-*)-ޑ9Vխ[\Z!6Z2$x !4Q֪-[RQ ҵ;M>`,5Ui\Z`6\\KpiV\n\r\0**;/dUX\0@<#-ۀQG\nĮQpȆeD{v:V?˱W=\0\r:M<]%ѵdi2\"Dz\nz>WߺBίurtnTseJSTK#Eݦ\Zv\'wFR]T5}&+&i_=kd(khа%=vE62٩Dh|ܸ/~8˶S|,0A\ZiA%MĶǸry;Ci$ho6B:]xtyL:x:~ǵ*കE7@Izz)z\0#)=,zZKM\\\\&HPPX5kw\ZZ06jWG/k\'j[Xs~<p\"h<#*qr97U%cQ\rhN}IOY\'}\rѱ|3{&+v\0\Zw2Ct -e\0\"#\ZtԱiCێPR2/4)K͠|ٽѧ_zWERh~_65rhx]v(VDX^1ly (]Q\\Wrz\r+0oLJɤx\0,K)[vxU6;8z2{Ir2\\bRF=~riOul QA>N|BpY;XNWsR+}`,%Szb4/!\0\'c%\0e:#B_J+:\0IP=ލ/Q3.VهiteڇGmke&?l\n$RyOEN[WQ^Q.;HN6qCu|)\rw\0=&\0\0Zk.E@F.UK`iћ`	]:_:.GAFYejV:ASd4=~\'Ph\0	Rj7N\0\0\nH%/gPR#TWr*OċMgP|.㋩]\ZK_Nz#1J,	P=Jk#{\"&$`I2ǸLzO~lo gA;.ʥa4X]vۘCG(vӲ4tPA]1Bz>_n/ٷ[ۘG\ZN~\0c@ZWO^) A[X(,YruĶڎӾcRU3\ZG-)n&!}XN\Zp	 Pw\rDش72V0_岃E⪻]_-3pL%	ŗt܊_Q)vEmy=8a81Jسq\"D\\gM>⨥]WD+>&Eg_R{t}xDmlyPh\\OAzNGYÏlAYbݕYaD83|qPLw-I>o\r˄v\0L\0`iy\0fh$TT+z[Aˣ-Q>ze(_`{-^\Z!D!jǝ^K\09Q=\0C#2ڽD,\0bWf50\0j.*s\ZdTLl\nߞ1Nܲn*M\'5b}~R݃KKĊWI\0s\0ndaFf2ryrQtrтQ-1zlJP.ؓZ_j%p`5ix؈\05`(K  te[.Z@{B@YKD^C̲\"wN+w~g9G1[vr@~חmjU_MFA,T/6ߧg\n#`GP\\mP|=]`JfϴA*7&JAj<VR=܁ѕMT&;nR?$`gVrKz;uqL@^.i)Յ<tXmїheܼ\0-WR\"\0!y|hFb8\nSY:4wC7Rͥ۔q%\0^`ΡmPĩˌ@T\nN	B4vH[cfjEӃi0DDM-Άh@2GQI{ $r:\"Se\0\\l!\rb\'xѶ>N5uލ@ܣ#UjlRpy]Z6W[\r5~RG\rq\05#>YlXյX2BGPЋC.`,Kc\\ePc+k1\\@Z^y().`.~S1+~|_:>>o+y^Li><BR?15\001v%-e\Z8T@̙Mj$	U\Z̥ܥu6\ZiMi_GKm\0R!/@}\r5e9 pzO\0P,\0\\X90D1(t\0uX\\,G\'\ru*Kڠ\n/~c.zMz瘴\'`\Z`DspF7epcnb6Wy>D]픀ZBtz%\r#V҅MT6Z6\ng~#X\'\Z\Za/,b(-4˚Y`hϙzlDX]|s~k\n\"a<& a;˰r%Ξ+`7O+D=5i@{B.L]3-wPvih7\0,Qm2\nVwh8rОaڧ\rmWV)ybu4h|g%}cDYp8`\rU⠠@١휸]dzn桷EE\"v&FAtQ\"X\n-\\/%Տ	t/f7uc㨴::-U*GFl\06:*o)ĴQ蹗4B:>XM_~|<Թ㳭~V\"tDzk3^l()ז6y6\nw6gUD:	e\00/Sj|ZZ>Դ.^?kyy_zJ\0j˳O#g)\nBƵ=EM?y`0Ĭ|F	\0FNoR -)e\\5O6Zm^^_B%[VtO\r\"gaD!\"9%Q#T{#ȹ,<,s~\"WCEoD5&02=zt\'pps6>bOc*W/\ZnI\0= [O,f^r.\r&m_Q.ţ @95{OԺjZi{|@,B-\'}A;j-,\0WpݾnB7M8Վ8wZe	D/?\'\n&ڠ(:;x̬FvnF>!}TǤxI+W۵lCVp;`*8Im\rZtcKXN$K{lvW>d_1Lxu)ix9۫zj,ŮAuPP^1?J4-`=\ZF9m:DqK<5\0װmK@#cyCZ6?0.>?JJu)P&/lR\"j.!ZOx}hIg.hɰΉI7KU\'R{8{GJt$E78YY{ea/t 6Zz/:6*F7 tO.f><`ܜ-jw/YxEaOyJG.S;\nsqVUʼrV1J0)^0Q1FUdGXcLx%cUH2)$i2Gܦ@DNȠ\Z쨥k+cQQU^1·|ǝ{e^u׃ӫB>$@C+Zm=+DR\\u\0:d˗)i2T79&p+\0>RUUpqҴ)ksWkLXr}=\'fz~Tø\0\\ԯ\r7*\0E/$a\02kJ\Zؽ_,.Ѣ\0JTXQNpn7Q*FE1KV}2Z(ODc\n[9W\Z${\rwO]c`5GM\"Vix\0\rhHw_.tV %V0-Z;bduVD=\0B0-W\'cfPǩT p`%ˊo%J080io[,P&]d{,\0-/:\\3*cfS}G\Z)uT]mw\0Zd\n#n[`s/\0Ng%.Zy}\ZqPXDF\\lJ \nx`Y\rngtcHal\ZhS\\2,o<lb)O ^P-dA:P=µ\0^N\"lj\\s%TOWSrj\\fŗuQc~c.o.ᙄE\Zx\"	\'V^zZvː0<j\nq=EwVf6\Z|p{\'u*B~} /UOrK? DVaI_QJ}8:t=G\Zŧo;sY\nK3;:F9 1FNKۮ9Vb2lN\0\\ĩu%AW1Q3*EWXz**@,Dge!fTe5Z&x\Z6TXAJ)HJ^4-oʬ@6:GY|V\ZDC#JhuY[a,K`5t\0/rڵ-/1Wl[ -}E	AkVR-z[J*+ziE(QP6\ZX`!\010\Zw1-?q|aa\rE`k]:`Gz~b	b+h&\\jƩ^:p\\<P/ǓdU\n&en+e^C3TGj2sXwMr[UbXq.mr9,\n	]L}TUcDWkj<eKS[Rh\0U \\\0./ĶOη(j/Q+w41` `~5nbL	H\0(b(*.O}L2X\"pPAKj%\'.A~PXtAAINيdsSK|m/Kec&P7YD\"3ShFM\0රq.RBP0ڋO\0q+-	EG[Uu@PDe\Z\0]SȗM^{&a>:wZTDSQ+h*~%ЦB6f8.+\'bP\"AE$K(b9x#\"\0D%i,`eRк&\0(|cO:ыU[U?Y+PeWܡYE? Z\0t`*@eG[CAjqq4/2=~MǮÚt_+8hG*]U֭	g\r\\cjԪʭsĲ1(6@1NT/<kt5VBv-gp+	Fp|JMW`SaKi63ew nH5ioAÒƞ <	 Z,*<K-n^	[P\rǔ@*+g\\)0=0(bE;#MqeFj-tPy.sf1DA9~J0ƺHmFODmevPyK}GŢUb/fl!ȷTqUp/lq/uR⌛w	PڤJFdR#ځUp`zlMV+1l`_E3 1ZܕRa8[>vW2<侜XDRi4KSۢEEĥܰE[#c%Iή%EG8ekLVVues-{9`TKr\nݔtSbSapܼekpǚsrf5Kԧ߁BnI-W8kH<GھJW*ܱaz LJc~PpjhZv#Bǘ \0*\rP[\rv[^(3R\nK(+S8;4]\rގ2&3V(F5(Qu@I%+0iTJ D5񹾥`f2C&\\O\\y\"]Fx\0esb,r4\0 JaEXsQGs =;y!9!Xx`\nڨW.e6wq i[b>|6{,`5Zh+Z^Wr77!W2(ؓɤ\0Q;\nV7y.)~Q*%YY-OoU<c5\\ķ1iɶs/pRWhHK\Z\"5r:`?e1cB%DIk^2򉘊6%f\n`g^?g	IN3J9PxRW-`g?pۭQoL\r%12㸺<ˊpZu1Q}x*EU_kjh, N\"es_B$pͰnPeU+\n^DfUJ*A\r`=\n%8Qw\r;S)W\ZI*Nt%/hK1^ep˩qeQz.>*kh|=]å^e<^efW#lӻ*&x|gk>\nZ^.VmjrX\"i+at˴4`^hŌKpPKYrcOҌ/V>bc+Y(K[2Ŭ	ܼm̪QPDFO$y@Xe)8ATyb,+*(Ne 3Wh?Bo5\n!:tj5B@)H?δ>> ,{Ej93zQR0T]M(H$Hfhx\Z(|=DXpD?','Zenitsu Kimetsu no Yaiba Breath of Thunder 4K HD….jpeg¿¿image/jpeg',NULL);
/*!40000 ALTER TABLE `constancias` ENABLE KEYS */;
UNLOCK TABLES;

--
-- Table structure for table `consulta`
--

DROP TABLE IF EXISTS `consulta`;
/*!40101 SET @saved_cs_client     = @@character_set_client */;
/*!40101 SET character_set_client = utf8 */;
CREATE TABLE `consulta` (
  `idestudiante` int(30) NOT NULL,
  `fechaHoraConsulta` datetime NOT NULL,
  `idPsicologo` int(30) NOT NULL,
  `consultaRemitidoPor` varchar(45) DEFAULT NULL,
  `consultaMotivo` varchar(80) NOT NULL,
  `consultaAntecedentePersonal` varchar(140) DEFAULT NULL,
  `consultaAntecedenteFamiliar` varchar(140) DEFAULT NULL,
  `consultaAntecedentesMorbidos` varchar(140) DEFAULT NULL,
  `consultaConductaObcerbada` varchar(140) DEFAULT NULL,
  `consultaProblema` varchar(250) DEFAULT NULL,
  `consultaDiagnostico` varchar(150) DEFAULT NULL,
  `consultaEvaluacionPsicologica` varchar(250) DEFAULT NULL,
  `consultaRemitir` varchar(100) DEFAULT NULL,
  `consultaExpediente` int(30) DEFAULT NULL,
  `consultaCoemntario` varchar(45) DEFAULT NULL,
  PRIMARY KEY (`idestudiante`,`fechaHoraConsulta`),
  KEY `fk_consulta_2_idx` (`consultaExpediente`),
  CONSTRAINT `fk_consulta_1` FOREIGN KEY (`idestudiante`, `fechaHoraConsulta`) REFERENCES `citaPsicologia` (`estudiante`, `fechaSolicitada`) ON UPDATE CASCADE,
  CONSTRAINT `fk_consulta_2` FOREIGN KEY (`consultaExpediente`) REFERENCES `expedientePS` (`idEstudiante`) ON UPDATE CASCADE
) ENGINE=InnoDB DEFAULT CHARSET=utf8;
/*!40101 SET character_set_client = @saved_cs_client */;

--
-- Dumping data for table `consulta`
--

LOCK TABLES `consulta` WRITE;
/*!40000 ALTER TABLE `consulta` DISABLE KEYS */;
REPLACE INTO `consulta` VALUES (16018,'2020-01-30 21:59:46',1045367088,'688664684646','84648648864646frnh','4546546546','46546','5464654646','64465464556','46546464','646456','4654654665484164','6464654',16018,'65456465464564646'),(16018,'2020-01-31 11:26:32',1045367088,'adsl','asdf','asdf','asdf','asdf','asdf','asdf','adsf','asdfs','asd',16018,'asdf');
/*!40000 ALTER TABLE `consulta` ENABLE KEYS */;
UNLOCK TABLES;

--
-- Table structure for table `contenidoLibro`
--

DROP TABLE IF EXISTS `contenidoLibro`;
/*!40101 SET @saved_cs_client     = @@character_set_client */;
/*!40101 SET character_set_client = utf8 */;
CREATE TABLE `contenidoLibro` (
  `contenidoLibroPagina` int(30) NOT NULL,
  `contenidoLibroNombre` varchar(145) NOT NULL,
  `contenidoLibroIndice` int(30) NOT NULL AUTO_INCREMENT,
  `idLibro` int(30) NOT NULL,
  `contenidoLibroComentario` varchar(140) DEFAULT NULL,
  PRIMARY KEY (`contenidoLibroIndice`),
  KEY `fk_contenidoLibro_1_idx` (`idLibro`),
  CONSTRAINT `fk_contenidoLibro_1` FOREIGN KEY (`idLibro`) REFERENCES `recurso` (`idrecurso`) ON UPDATE CASCADE
) ENGINE=InnoDB AUTO_INCREMENT=87 DEFAULT CHARSET=utf8;
/*!40101 SET character_set_client = @saved_cs_client */;

--
-- Dumping data for table `contenidoLibro`
--

LOCK TABLES `contenidoLibro` WRITE;
/*!40000 ALTER TABLE `contenidoLibro` DISABLE KEYS */;
REPLACE INTO `contenidoLibro` VALUES (49,'Di no a los vicios.',68,1,NULL),(1,'El poder del aire',69,1,NULL),(17,'Aprende a alimentarte',70,1,NULL),(65,'El poder de la comunicación.',71,1,NULL),(33,'Recargar Fuerzas a través del descanso',72,1,NULL),(59,'Relaciones humanas efectivas.',73,1,NULL),(25,'La riqueza del agua',74,1,NULL),(9,'La importancia del ejercicio',75,1,NULL),(73,'Confianza en el Dios Todopoderoso.',76,1,NULL),(41,'Actitud mental positiva',77,1,NULL),(9,'Los hermanos de Mowgli',83,7663,NULL),(16,'Las lecciones de Mowgli',84,7663,NULL),(22,'Los Bandar-log',85,7663,NULL),(888,'TEMA1',86,766,NULL);
/*!40000 ALTER TABLE `contenidoLibro` ENABLE KEYS */;
UNLOCK TABLES;

--
-- Table structure for table `contribuciones`
--

DROP TABLE IF EXISTS `contribuciones`;
/*!40101 SET @saved_cs_client     = @@character_set_client */;
/*!40101 SET character_set_client = utf8 */;
CREATE TABLE `contribuciones` (
  `idEstudiante` int(30) NOT NULL,
  `año` int(4) NOT NULL,
  `enero` date DEFAULT NULL,
  `febrero` date DEFAULT NULL,
  `marzo` date DEFAULT NULL,
  `abril` date DEFAULT NULL,
  `mayo` date DEFAULT NULL,
  `junio` date DEFAULT NULL,
  `julio` date DEFAULT NULL,
  `agosto` date DEFAULT NULL,
  `septiembre` date DEFAULT NULL,
  `octubre` date DEFAULT NULL,
  `comentario` date DEFAULT NULL,
  PRIMARY KEY (`idEstudiante`,`año`),
  CONSTRAINT `fk_contribuciones_1` FOREIGN KEY (`idEstudiante`) REFERENCES `estudiante` (`idestudiante`) ON UPDATE CASCADE
) ENGINE=InnoDB DEFAULT CHARSET=utf8;
/*!40101 SET character_set_client = @saved_cs_client */;

--
-- Dumping data for table `contribuciones`
--

LOCK TABLES `contribuciones` WRITE;
/*!40000 ALTER TABLE `contribuciones` DISABLE KEYS */;
REPLACE INTO `contribuciones` VALUES (16018,2020,'2020-01-30',NULL,NULL,NULL,NULL,NULL,NULL,NULL,NULL,NULL,NULL),(16019,2020,'2020-01-29',NULL,NULL,NULL,NULL,NULL,NULL,NULL,NULL,NULL,NULL),(16020,2020,'2020-01-30','2020-01-30','2020-01-30',NULL,NULL,NULL,NULL,NULL,NULL,NULL,NULL),(16021,2020,NULL,NULL,NULL,NULL,NULL,NULL,NULL,NULL,NULL,NULL,NULL),(16023,2020,NULL,NULL,NULL,NULL,NULL,NULL,NULL,NULL,NULL,NULL,NULL),(16024,2020,'2020-02-29','2020-02-29','2020-02-29',NULL,NULL,NULL,NULL,NULL,NULL,NULL,NULL),(16030,2020,'2020-02-29','2020-02-29',NULL,NULL,NULL,NULL,NULL,NULL,NULL,NULL,NULL);
/*!40000 ALTER TABLE `contribuciones` ENABLE KEYS */;
UNLOCK TABLES;

--
-- Table structure for table `delagacionCargo`
--

DROP TABLE IF EXISTS `delagacionCargo`;
/*!40101 SET @saved_cs_client     = @@character_set_client */;
/*!40101 SET character_set_client = utf8 */;
CREATE TABLE `delagacionCargo` (
  `iddelagacionCargo` int(30) NOT NULL AUTO_INCREMENT,
  `idTipoPersona` int(30) NOT NULL,
  `idpersona` int(30) NOT NULL,
  `fechaInicio` date NOT NULL,
  `fechaFin` date NOT NULL,
  `delagacionCargoComentario` varchar(45) DEFAULT NULL,
  PRIMARY KEY (`iddelagacionCargo`),
  KEY `fk_delagacionCargo_1` (`idpersona`),
  KEY `fk_delagacionCargo_2` (`idTipoPersona`),
  CONSTRAINT `fk_delagacionCargo_1` FOREIGN KEY (`idpersona`) REFERENCES `persona` (`idpersona`) ON DELETE CASCADE ON UPDATE CASCADE,
  CONSTRAINT `fk_delagacionCargo_2` FOREIGN KEY (`idTipoPersona`) REFERENCES `tipoPersona` (`idtipoPersona`) ON UPDATE CASCADE
) ENGINE=InnoDB AUTO_INCREMENT=2 DEFAULT CHARSET=utf8;
/*!40101 SET character_set_client = @saved_cs_client */;

--
-- Dumping data for table `delagacionCargo`
--

LOCK TABLES `delagacionCargo` WRITE;
/*!40000 ALTER TABLE `delagacionCargo` DISABLE KEYS */;
REPLACE INTO `delagacionCargo` VALUES (1,5,1000000000,'2020-02-18','2020-02-18','');
/*!40000 ALTER TABLE `delagacionCargo` ENABLE KEYS */;
UNLOCK TABLES;

--
-- Table structure for table `diasEstudio`
--

DROP TABLE IF EXISTS `diasEstudio`;
/*!40101 SET @saved_cs_client     = @@character_set_client */;
/*!40101 SET character_set_client = utf8 */;
CREATE TABLE `diasEstudio` (
  `idDias` int(30) NOT NULL,
  `diasEstudioNombre` varchar(45) NOT NULL,
  `diasEstudioComentario` varchar(140) DEFAULT NULL,
  PRIMARY KEY (`idDias`)
) ENGINE=InnoDB DEFAULT CHARSET=utf8;
/*!40101 SET character_set_client = @saved_cs_client */;

--
-- Dumping data for table `diasEstudio`
--

LOCK TABLES `diasEstudio` WRITE;
/*!40000 ALTER TABLE `diasEstudio` DISABLE KEYS */;
REPLACE INTO `diasEstudio` VALUES (1,'Lunes',NULL),(2,'Martes',''),(3,'Miércoles',NULL),(4,'Jueves',NULL),(5,'Viernes',NULL),(6,'Sábado',NULL);
/*!40000 ALTER TABLE `diasEstudio` ENABLE KEYS */;
UNLOCK TABLES;

--
-- Table structure for table `documentos`
--

DROP TABLE IF EXISTS `documentos`;
/*!40101 SET @saved_cs_client     = @@character_set_client */;
/*!40101 SET character_set_client = utf8 */;
CREATE TABLE `documentos` (
  `iddocumentos` int(30) NOT NULL,
  `estudianteDocPartida` longblob,
  `estudianteDocCertificado` longblob,
  `estudianteDocConducta` longblob,
  `estudianteDocDui` longblob,
  `estudianteDocNotas` longblob,
  `estudianteExtencionPartida` varchar(100) DEFAULT NULL,
  `estudianteExtencionCertificado` varchar(100) DEFAULT NULL,
  `estudianteExtencionConducta` varchar(100) DEFAULT NULL,
  `estudianteExtencionNotas` varchar(100) DEFAULT NULL,
  `estudianteExtencionDui` varchar(100) DEFAULT NULL,
  `documentosComentario` varchar(140) DEFAULT NULL,
  PRIMARY KEY (`iddocumentos`),
  CONSTRAINT `fk_documentos_1` FOREIGN KEY (`iddocumentos`) REFERENCES `estudiante` (`idestudiante`) ON UPDATE CASCADE
) ENGINE=InnoDB DEFAULT CHARSET=utf8;
/*!40101 SET character_set_client = @saved_cs_client */;

--
-- Dumping data for table `documentos`
--

LOCK TABLES `documentos` WRITE;
/*!40000 ALTER TABLE `documentos` DISABLE KEYS */;
REPLACE INTO `documentos` VALUES (16018,NULL,NULL,NULL,NULL,NULL,NULL,NULL,NULL,NULL,NULL,NULL),(16020,'PNG\r\n\Z\n\0\0\0\rIHDR\0\0\nV\0\0\0\0\0\0a\0\0\0sBIT|d\0\0\0tEXtSoftware\0gnome-screenshot>\0\0 \0IDATxw|TULʤ\'H$N JhTuYV]Yum]uEEDqW`齆Q%)$#{sϽS2s1\0DDDDDDDDDDic\'Nn&Hqo\\j[	\"\"\"\"\"\"\"\"\"B\0+EDDDDDDDDDDDDDDDDDDD*)RDDDDDDDDDDDDDDDDDDD{k7@\\`0W ^`PVGYIeX,nH\r3g;ã͛ǂZe\"\"\"\"\"\"\"\"\"Kf\0,iO[:Hnn?䒟qc9\"ʊZ\"\"\"\"\"\"\"\";vXfX2dHcTTT$͛ѣG728~dk7ADDDDDDDDDZH1b,[qBCCӧe>>>,\\z)[վxQms\'\']F>@<`͖5x\ZKG5%n\r !!D\Z\rK.eծߑt)G\0OOOywdbƌ̟?׳zjq7d\"11{Z8yH8z&,,au]ǂؼy3}vMsê={6u~znnnL:E\Zxd21}tϟϺuXr%/QQQN`0p뭷`VZŋ/HDDEDDD.h,Ybw]zz:qͪ`0Ȏ;bgJ\ZX9yd\0ڵkn}k[EDD:ujpƔe\rP9h1H\rF7;5\nr:w`򅴾Gq}HNN&22Yfa0Z5+\"r{\rfلa65j>,,X+V҂/fop۠ -Z?Oddd~~~̝;ɓ\'syΟ?UW]믿[nnnDFF?_믿{뮻xG			ӌ?z ֋^uBBBl˪ N^x\0nvZ\"\"\"\"\"\"\"\"\"\"-U_\'L&Ǝ߿?\'On㙙L:B92y3a&1WT\00\Zug0YHN!7`q7eD~HX8\"??~?4`G!::{9sfL&\r-/+\"Ғ{-,,$!!瓚0Fll,\0*7nlG^^^&CNN˖-üK5_~DDDGkaXy9r$6l 00ǏS^^/̸qڵ+III\rחgr-}}ǕW^ɗ_~p~؜iPDDoX,:~cҤI,^Yu7yAX9rH|}}Yp!F/_|2[OOON&NHeɒ%уx\0|M\06mO<5kHHH`޼yr뭷rao6koСO>$5kF^\'55E`X\Z1j(IHHW^!336u-BTT;vz̦v]~1&0s:`K{\raiwj|9f[fd:mX8<{gvĮݟϟg|8nα+())я۷oW_Sǎy\'ׯlٲ!Cl2|MbĉuÃ>ѣ	ѣڵOOOl9slܸg}Fw}0uTRSS]P4iٓ?UVSO9<3o<zINNK.eܹvG		aҤI$%%H())a֭5GDD/b믿fΜ9xxxԻղeo߾Gѽ{waͼYy޶m[/_ΦMxx5k\r˦Mlu8\Z[k,eȑ\\vev{̞=^ٳ\\}.ש)X,u]f#wm۶/^<	ضm-h42uT9zhF9	pӳF1coO?{ｗ	&p+EDD$&&]n0HHHga6oKÛX)\"\"\"\"\"\"\"\"\"rjTSLM6f\Zl⫼w};tRlz.䥗^bѢEuXr%`cbbؽ{75ʺ1gF={oi۶m2xbɬY=zS^{5Nʒ%KXj\'N &&gy???}],999Mzyxܑm\r&=W&7^ouc耶_]{Ʃ:̙CAA?)-/HVV=GfʕF	<v5qL8?\0o2bvͲe8p um8.]q|馛8t|	̝;޽{͜9ݻ˫k֬%oTajY5k4xT	?rnǨK.\0l޼٩ Y|9f62}v&MDQQ˗/\',,{֭[Gjj*\'O+l}8\rqw{mVEDZBs^}b3ܹs[=???Y~=֭7ߤo߾No轰ꆙÇc0\0fp9vGԶe]ƓO>ɼyxnp}xUm	oprU8dȐ\Z_n9@/HJHs4iJ___FɎ;c͚5<CL<\r6\0УGƏϮ]\\4hCaݺu$$$\0֑[j=#F`2777VZUMC!\"\"5kO\0(?S;w.6}ll,,\\_Ν;3bmIn+Wwޱ;mxzb0cچ79c`s9(L`==^NՑ;?̴iOꔩݟo,Xv{\ZǮv?\Z:ud>}96mnj^Gq֭5c޽g֭<X,;w.wumdDf͚`Knڵ<#\Z4!CPPP;Caʕ\Z426oSTTσ>+X`SN?ӆdSgGD\0HIIyl_߿6mkXX<?~aÆoHlu1VСCy7vϝ;y5\"\"-9\rԾcÆ\rv?\r\Z4aPPPѣG!..sr-Ȟis=z뭌\Z5sѷo_F#ff̘Qg8Mf{<vX>3[rPPPP#~~~>:ujpHkԩ}YgA}#FHkrwwgIOMe{up_ͫ1͍nNjZ\ZVԽF*\"?n,EEE|W-zJվgt\n7c0ؽw|_cݯ777>ܹ;g\0X:͞}k4~17.=rs83glk\Z\'ٰisΝח\0Jb]Nol<kRbرc1Loߞ^x2.2)**Gu>g-33;w2x`ۈfk)`wL\r7@=   \'OԿ}v\n۸)))q~d0\Z0[`\0/?_|+0%UZ\0łRӇNu?O?n`ƌXQѱ;v,P-cQaOscn\0ظqퟲ]vQ\\\\l[?ogΜ!))c4\Zc֭DȠAضm\r?ǎSѣG)++#,,>}\Z<y[l_ՎO6m8~8N߹^g>bUG}Ut1ED.}kQ[=̞iӦtW9s8Ǟ~~aN@@\0+V\'==^y=õ^waiU1}}}k,#++\"\"\"b0ؼysEGbhNj3vǱX,:Y=www|((-ݫ\'}zb굜=w[wq\\ys7!;wuL169s3gAPPzǛu65-F??_\"αټuݲ>d21u$^mh}sˋS+\'O@׮]ڵmGfŊGE+WdȐ!6xCzzz/_9߿W^yqSc^ƺ\'ORPPә1cǏ`ԩ~d%Tat³E\\e&!f ,\0u %ZdPTt=eeekk<C5O___{1k]+W$..αkrXLEEEYf\r3gdyf[{6oh)//;5x7\ZucU69ꨯV]hiQ_LgE]LKIc_8\rSfir=iii<3;v믷I8-//̙3\\{uFo}xU7Ctޝևp׋/baĈG1oLucǎ>ߜ?v/f^=b>Ku+q͍ȎHKO}vt+Kpw\'nP,7Y\n\nYњDi4\Zt`0\\&(FkΜ>s\'N[>%%%dfe3v̨Fol<q-nF+9L&ƎEhhq6:2((aÆe۔\0,[)Sb\n\08q\"~iD~~~[f\rO=z+|vU]eѢEv6z۷>99N{sNeΝ;_	&0p@mf|S哗qN\0{1B2,d\Z)6|ǃ97mtM6m6*mSTϞ={nڵ<u]C8pcxQ\0ϰX,:g]3gڦܲem3f`6ٰaSmo.]}֟Ʒ~UW]œO>/lKJqww޽QT+>yyyu_/?{UU<<<t1ED~֜8My\'88,,I&>W6Wn%55=_~\'-h42uT۷/[n}nի`}\r\n\nrvS\\\\5\\LAAӦMh4r׋_n:Zfll,h8{v} \"\"\"ѽ[Wꉿ?eeed~fJJJ|IAa!n\\	%\"<p֮Po\0OC#gϝc]t2i!_QXXH@?]}\0}Aqq1mp)8y7;U/\'N 8\r%%8{wu\" )HH}V5ewґ#܆Rd~MɎ͍~})*\n??km1h߮=`dvcPXXHjj\Z=w#,hIbwάYN@iix8m0<ۛ6sQUW}ω4	L8Νk$V6wWbX\ri֓CHH{&N`1ѦMrrF\'V?777(|U233ٽ{7#F   ÇwqW0o<֯_,X6u>H1̟?N}l߾4\0g߾}L22RRR2eJ2\0ՋQF5jGaƍ?OGPP<S=ѣG}h3OS`&Nʄ;t	1``R\" ?\'QuY,^}U>:e\'X]BBBcW_??~\nSNFXrAmѣ_Jrr2ӦMl6=INNĉۗ~2339}4}%!!6UCO}OsyZ\0>zӯ_?:ƎˡC{sW:=kmqAz͋/#FpIlG.98}.  ڵ+!!!9se˖a4\Z3gfx?<Q۶m3<_ٷo۷s,^Çc4\Z9v/ OάYHKKرck׎nݺa6ok///l6{1sL>3Ξ=KLLNbɒ%8\\/\"\"\"է޲eݩkO)\Z#\"\"x뭷\0~b`00{l***y駱X,lٲ)WGKN^iߞaC),,d߁qws]v`X())ҽ[$77I`4	%rrs/p#iƍvm9x(	ztMr2!BㄅօpIB+N^u///rrrI:|ȎKQaIG4;EGc1[8u>>>@Dx8*gyҽkWΟO%Q\"ߏB=G\':*Դ4ã9^&&\'NI~}9sSSt\0GN7KٝmQΙ*>>5OO˖PlgNQQOuΝӟ3gb4}N4GjZ\ZX^%HDU]CIMG\\.MP\'\\h&?9ɓ\'c6mSVzj̸qꫯxINN+`ƌFYl&>>o{+g޽-cXxGy\'3f7m+pBwرcbÆ\r5nh{g}3g2fNJJ\nGh4C\\\\SN`0pY\ZkyD^GPOӱgbo>Kغ&}LNN>㦛n-ݟ7n{?b9G#<O>ѣϷ%SګbO1c0j(x\'8rQYf\rwu7o߲eӦMh^;2ydΞ=˓O>iCtnv\r),,d۶m͚f}UObȑ駟r$/]C﹮Sadu/w!33vӊ7m۶;	j7EEEO?+}G~gܹu4XhPQQ]xHHH 77zF<S\\\\ԩSf͚5_Mztf̘Q#_\0^$\0\0 \0IDATHHFFF<DDDD~\08~m6mj;??IҾNbeʩӄɔS=wePavkkOL&^^&ztV}p2qb	\r&VRVVh$,4ԚXl38:SzF+׬\\utd7200nJJKcΞ?Oii)\'RR;Ν$Vfffpd\nSLKN9z~,(($:*󩩬XuR777\0223Yr5\0yyGvd?@ܠXzC57Ι~e{l620\Zo׮v7teb3qq1qbi߮|9Tb<=<\'{\"\"\"RXXUklɕ\0X&5\0n?\'6֣rn_NUT&M;x[9\"\"\"\n~Nu]רPKI+F\\SorשsٲemۖW^y?uT6;[p!rUSpw\'//p\0tMhӦ\r;FvtT\0qbӻ+W$W_̌,\rۮ%-qck,_pSppo09w<շK~\rfzvny:ii,[\n\0ȭ7MϿv\"m[m]tfdpsȬStfS^^n:==W\0f4rM),*dї_ۏiΎĝL:\\n{qØx8|&#3_z39|RF#\\9oo/[b2nnn|=#3sz&OO޵+ݻueϾ4s:|ѣ>\'UF#<lnò\r	\ra҄<Ď\ZEDDux{y1a8[benn+V1=b\\\\K\nXz]6N\'(Mdrǃ$n>d*ۗɭi\r>>>\\{<3JiAgϞTYm۶ܹO?%u:\"\"\"\"v	cb$v@]:wbw\r	e#q\'ܨ\"\"Q5㡤ÜLI]n^]N0p@aL&N>S;r\'\'N8U=fr*kLm4B8~*f+ʩ0;GzfNڐDMf3vs1Xc]scWSAvvݻu%C?xal+!\"@zFFc/Ǐ\'(0\08rVZMQQq*g ?6䋗k= Lr2X.7JKKINNk׮\\y$%%e˖nb|Ad!\"\"\"?{>UakX,FDDD笠[-aF\':*	`Ͼ={6m1W~icG1rrr\0\rΧ6\'RN1p@bpY<ܭbp꩚.@L&OծL&a>skۖ{yy1)6AAxxxpyh3*CI9Ǡʩӧ9s]tLH-s:s>۷nc67nm=\'oАs֨dp8Ż\\ƏkK\\j5\0&\'0 	eMʟ	[.Fyy9Æ\rcʔ)_2{lP%\"\"e6T)\"\"\"cǎm̥x_DDD~9:v@ǎN۶m(..1i&\"ƪ&v@mzBG19u4Q;f4ixL~fu䐛KmȤ\"ϧ]`Ξ;gKsvm2|\n\n֭+\0?:t_hdʩ\Zˋ9Fp<==mLa!ҽ\rh6~&t܉Ǔr4t5Tc.\nFcb;gcF__\08|h{V9m}dW&.[]Zz:%Չ;jD<F//kdx{{af7ouW_	X嗔W4ODDD.mڐŪlSX	Ҧ7TJ蔗?!\"\"\"\"\"\"\"\"\"\"\"\"`ҥSg4\"\'76m؁\0N>Cpzc%xА\"ѽ߸a\r; ;N^~YYG^<r}p۲3gҳGwN訞*\'SRst4߸s7Kkb!Vb%\'	\r!*2\0:waǆMOM%=#a?nٶtrI؜cP%\'\'GճGb;gxxx):\n\\ʡGlS;tH=\'URJJJ9r\"5-޲nbettnՒW	oܼ0;ODDD.qeEEM8Dp!i6777ny:,]#\"\"\"\"Ɔ2(RDDDDDDDDDDDDDDDDDDD+EDDDDDDDDDDDDDDDDDDD*\0;cƌaذaDDD`2na6l@^^YYY\"bG6mgر\Z5#\"\"\"\"\"\"\"RRR3gؾ};6l#[e\"\"\"\"\"\"\"\"\"R%((YfѱcG_~e9raZ&\"ֳgO~߷v3DDDDDDDD~RRR={6J3;Tc)R\"c=Y䡇ݽ\"\"\"\"\"\"\"\"\"\"-}̘1\r&Uk^&Hs~%񒏟$1ΥGN $^^&B30/a!.ODDDDDDDbѣ-.mHq6l۶m9\"\n?59=Xy-t\0N<MB3j8mr\"\"\"\"\"\"\"\"aÆrnVXq\"\"lٲ&%V=ʗ.%N:+\'\'o`]khEDDDDDDD.\r}*\"\"\"\"\"\"\"\"\"6drX ??5ED\\)//$?>Iե3wlrWk7ADDDDDDDDDZ\"b*|$|f]R\\-Rr\\r\ZLKSi	gϥp7.oߐ\"\"\"\"\"\"\"\"\"\"\"\"\"\"\"\"\"\"-?;6oo/Ed=<L&,XWPPPH~~>M|rTY[Iq)|53kiMii!.O;mH\'+,\'a\'Pa2qn~T퍧29\"Ҁ{bSSٽ\0X\"\"\"\"\"\"\"\"Z!i!.\n4O2`\':q`?		N!ׄ[i\'Oz\"Ϝ&3/۩:ـ(\0GeK\0^;\\}?k(Ԟկz[svU~9jsʿoUG\'AR  NeV=Z(oݦm*?7nTYy{ʋXyi9}4֣؟yd<3ϥq>+}:vnw9d`&=\\fkl1\0n\n\\m}V#bǚ|Ys)6Ιzۜ	xX\rTMpɛS͕=֤\'MX2S*L>ڏ?~@}Oרmot=99=JxFr]14n &So\nٹgn+dfvDg\"0-`2\ny|E9Կ7z9	y}e1Ӂ;-_el_ \Zxx\07@p1s\0/\03+bj56\0,|<8^=ǹT\0+iL]\\ߡc.X{Wb\\P@VV6\'0b}\0kR-	s`A\r-\nt\"塀33[I.\nCx8^ՇQٛG#?^\"̶Mt<EVv6q#2`#\"\Z_5m8u4C+W-ҀG?Z<6>`_BoDB|V&I-bD*U.[hw9pK.A񦠰ȚHYXLaA-χv3EDDDDDDDD\"+#;G>mhƗ83#cI[vcQ1=#\"\r\'$Ĺ:ZdwE r7L`֑.뛺Y:W{l:bKxa\Zjs*kbW>X;VX%[:^\r5+,\\j99KJ/X]\"\"\"\"\"\"\"\"\0&Q#i\nټuf||?\"\"\"\"\"\"\"a/O,ťQRq剕\":УO/$aÓb%e|r30{RZGHGv$cSu	:ES\'?F}:cS87?k-:⢳&ܭ:UFl[3m<Z1x&_+Ul6l8_WkR/,G-~O|\r59k7+55\ri&Ĩ!J\0?_F)RDDDDDDgˋN=	C@us?yO[(\"3O\Z\ZFӏ̬LeL\n/_,^&2)(.;\'v]ҭK\'\Z6`80>j믫}H;+Ojƾ95Iu?ݛЮX\r:dS4=-~wg̬j6Ze&vUK/fC}gȅN]?S0kXfM)S?vDg剕nnn֝.C-$T7O#\"z}9Vf$][\"b@~X,O![L*(քō7c\\suּ!\"}C^NT2)r`*ք**wU;MwUKg4wh9ܢ]?^\\Jslt	Bڷs^DDDDDDD%Fۋ6mAIIm5WNrWڪ_]-BӚ~	s?l(./KNidK}]L4C7bW쇈\\,,Dta԰AL\ZM\'>L\Zͨaå3Uz&mʕSpqkjjj۪ʩ5\"sylf^q۴]![>^p6\'$3=n{PQQz*\0T+,\r%bR2G%]Ǟ\0܉u4Tnֺ@p-?M_s)OIUWM>tyAR#ˋQCش%B6m!.^B<{%K]V:322ھzч/κf ::ǞzY+|3g9NrWLfؐ@6Ǝ7e=狿dӖݼf<()-e9dff9g}0wXq3nfrU\r))ظy}Ayyi+Tߗ\n~<~ON>ϵE\"WLȣm_|bmKO?&gy7M[＇trCl޺hPW4EEY)=cӻC0\Zzw&)f0;nͮۛѣ;TTTήݻ9v,/#yРXzE f3i۷G\\zA3\r\0RNbDp-/<.OX,xyy1t oXGӄ=_r˨X 7y/k{c=Ǎl6;5p(/\0,su\rkXSg7FcbSw\\~U_::+Ԙu:eB`xUXWO\0{*Gr\\*nfR%^Չ!!Lq͗@%\"\"\"\"\"\"\"r!}B|}1|>^\0\Z1Ԗ\\{6ȥ֗<0㡇]Z3u:v\Z\0zz?U#a`00fHvi\r><_mǖHDyߓɽ\"--wwwb̥}?9cn&\0JKK՞H&rE\r=:lB=cO=صϵzn\ZIBۥ-۶ͭ@2Æ!###Fmˇ\rm	֫l{MqQ	&J1JG**-DqQ	>;ngW鰮)\'_P~L^~>nnnDDD4kDvoj,0`Ŋc4\ZرfO	ՓcI,[r`!ݚCϙ˧7\ZTTTгWo:GFS7nݯv*6\'lV2osӟv!X,+-XOS߄uÜZ\0Ӕލј:dPgceĻS׾|9֤X2k{(b=fU?sY\n\n\rݑXT3Z Υ\"IU~UzQ%\"\"\"\"\"\"\"3A\Z9ԖT	ŨCi&1/X{Μ9{jk=2f\Zcǚ]R+|e-6Ű+m5]{ZeWXX72Fmg4IijRyy9;wG`4/X,|)zpY!mڲ\r!Y#4$#GQ~Alݞ`Kq2&p\"\Z?\'Iڛ@iy̮͛Սu7T	СCV^K^~>\0p̅UwGj$ww7[f\'S8uУGwʙf=J.qX	?%WƏIEE9^nF?x=1yן1ЧOqssnhT~qPfuݪ=2W2fsՎ[_=`M~9U%>PӐ+Z:ץSFOxFۛQ#.h{>~u˯,7\\1y\"ڳW5,Ŭgr٨aS85h\0^OS^q\rNkXX~#ƍeն.[lXVGc[޵zݹ //۲77z[9>q1۟lA<xɫyv#0?_͝wЩS4>B}Gf1d JJJصg/bWseמ={}g>rrWLHp`rrYj\r}z{U_rW<̟[ݳO>\'ۏ`_5W^dT^l`<k\\lsc1[xL?WAC7]>?o̱T̛_9>p352___w&buCs)ܪM89s~yч[=z{yk^FJvͷ`/\0\0 \0IDATshJ*f5M6m6C}l*C7wATde|g|Q^^6|6$wqdXp<yGCÆ|mHc>|Ϡp`ݼl\"\"\"\r1ٺ[샇Go:xZujr9Ս|\"Ս:}Ω?{wG>p3xx#uIn(P\\w;p{)Ji&gMI+/;ߙ3;;<tFEk(\nF$-5I%=\0̥dƌ>PJKK3wjÆ!..2PaÆҧw/f3%̞3,MGcQ^^μyٳwo˦#nKكEk)oiZq޽Ŗ\'đZ%\'W5\ZjA3`֝*)I)rDR4IB7v0~>ޚI}!B!BUT&Tϰx2,K2\'popp֛S4g_xsel\\z58ۇs:߶2kqʙ6iYsr+/FEaI#yO}<\"fGn]Z1%0HKIPP K-oT\0~%={t1Ac|q235b8|3gOҫ30~QxWt:+q=ۧZUk?4XyW5g.@F\n*W]~)\'C>}HINEu>ӆmd`@<cnB+/\'GwnnsrHHQhu;Rtt_3f{lLL).)u6tִZbԧc^^/ƌ֛nhvb%h\\z5/]kon/e6^(\n]|;v|M!5\rQ_?gyyuS\'?Ͽ^ɀ[<!ۺisϽ2+WAUU:ux.Yµ\'2sܺFgt؁ja}ֹγG~Ic0~1\'yνwƵW_ɫSlpLB!d\'Kߡ\'nBkѫW/ʼzd伋.\"=gΚÄsٲu[l=jxCGb;_\n@~~?4¢\":w1\'\'%O?i橡CϿ0.Yxo3ft\'0kjEGG5kΫ{֡kddd2~]U=|N?Lz[E?Ӱ\ZBELtT-?&:n!B!Bc3ϭW_S\'/JQQېgeR%*G`׮kze=۟ΘxXruZ+Vh;-\'bگ3(((>\05Yu.\'\Zge]tqq\0lشC7wAn@(Rcٸ1\'P^D4eKs\"~IG1<S<ȿ9si<ٻo\0s/0	\r?ZRS&⫯-.)iu_ROۯBNNozSk?յ>ii5D}۠!6owq}0tV]aڛo7*1`CTn?}ǘF+մZ5T%^-O}Y+VF4W/7aj\ZEFx\r֍rBCC0MرsWYdtHIl6ӿoX零t)ÇhחYya}ֹγG~k+B4d\"4<ѫOqۅc±|SlݰfΜIH74&?IU836={`9:/C\n+[޽4Kv%\'dyT|),*tݻ~۶턄׹fjjirj\'vjv:Xf\'D]Zbe%k\\Z;4>k\\.w.7 ʥ;E)B!BqRkծLyHҖNn^^k_qcs?~Zg0}\"N\Z9\r63aX}HV]Q#y/49x9^yY.:\\zN;p+\rZw3g=0~fguu&GmZXٷ?ww?}wÏ?	@vnjАfۮ]$YkJ%֭2gܘ{̘5ŻQ~k}jӚMR2R{ #ܼ<BCC\Zܾ`C4z/4}94=Qh!ۺGɓ,^ϾrXf\rC\"}[mxrV8?T颾sqWyu>4x.(,fP!lN`p0ZM&	۱|-lٲh/Yȑ#px~\0\\ݵՎÇljPBcPPEE\r)I\"66=oCm&3~\\[47SԙXyc8pzpgo[IW\n!B!BL\Z/++k\'_Zjfk\']EBB<G<Pk??/($A,Zӏ?ʬ9j7llV[mw?#*=CGgzՆ75w	3o9\\H:šC5_Wic0>3ryy$\'UKIJL$ X׫PDFFԘԒ6oÃǭwO|mJu֧6\rپ-m}\\&k\']ż5v$OLVߺ\Zl-Mmuhh?Myjm\r֍22S`28si\'M\r/p&2,[y-[3j$׫gݘsq}8֤9sBB|	B!DmL&\\P8L&o1E+]kexun7|1nw:L,Y/E4ƺHii|Vz5,uv̏?Mk>ZdmŅ֭k!aΆ\r\ZܶSdB_&9 U_H|\\L%B!Bgx|	}\'1Rf3;ul_m7F,-gu]\'6&Ue<:xmwڶu^a#ap1B7xii7]w>Qbɲ<}՞	\"@1jsu<p=lݶ5.{qMnCsEQnͿ̔$,23g!%9{b6yy<n?6(YrmIRb]Zu7Q\\Sk?յ>P>lm)5mRs`ZUo(J\0֛n\'|5d]{\rQ~{j\r\riSu{NKd2i\ZYYG\rYKӣ{wFƲ?VVpn:ot۪;7dyHgU@j\0Ds72sVK!_l]tI;SXvm(\n#G\'..?223NȞ{n)N&$Wd2nPPXtܩA}oٲ/)fؾ}֭[YgALL4૦D	vaҠ4M#00qVJLlONNTX{c45ܩC2?9M7&:KvTB!B!8BjT~%}.y%y#\n^BCq88m:vi𲏬ϥW_}m7n}rW|:Jִ3(++>={pϝѧSVxg?pW^v	/7bX<Ly?f?_P\"/ƣ_~uxruն{UQ~hαbQT﹋8TU!#3WU~АPq/ڼ)}m]`ђedd֜`ZSk\'{oa`t>t*99-:Ok|Jnޤ>OuԼ}[JM۠1y<Og|OժԷ?W]~)}FU~mS?}Rk4u9!맾Аmݐ6UyGZ_jTL7K#.^nW5_c*Vw^o1xγUwU\0g~*=0cjB!DK0L!ɈEQ8eBQ\"v-^øm\\.֭௰>k=lfk׮mPe`L*,3,]%%%MZCoP-!য়ѿ?Np2Nvv.aF&O\nͷ}Onn핦Xk&_̙ٱsgiIHqqjp{!\ZKy&8z!ˏuLBbyW4}2v\r\r\raa׫I	!B!BHࣶAf#yn[!_8qU!Dcٮ)o>Jllgq: yL*fΜլjBT\nZ7ސJ!Np{ｍ^׋9YNeLt6ؘMaB!BwdȪZ+1>[pKCbZZV\\Uk\'~:޴k{<Ҙzh~mxnnuiB!_Avvn]UIxӹs\'t]JѪjXh\">㶈G\n&Mȑ#:!B!B?\rX)5g^v<m	\Z&+B4VQ~CO!DcZ_gݺu< !D裏X~=7|s[\"B!B!_wZ*_;Ħ[x:,!25(ĉuB!N0bp!_c[la޽lݺ¶IJٳ\')))?B!B!8a;mB!B!(QC!B!B!#:!B!B!D+Q:\0!B!B!B!B!B$V\n!B!B!B!B!BTJ!B!B!B!B!B\nX)B!B!B!B!BQA+B!B!B!B!B!*:\03vXN94\ZH\\\\<11uXB!B!D:J9YZ`mB!B!B!Zm8f4<\0mB!BѪxgzm\r>CB\'&U{1|\')`Y^Rz(Ae6\0\n1,Q*\\5tPTgyCT!X)EUUο|_tڥ;\rPG!B!ĉ\r+ܾ\'|A.~#mOQyB,;5&Kq:pPǡ}^w[*OHQ\0ŗ1Mc\ZI**c\'g⟧5?~+xi:[#>E,?+]Q!A+E\\pᅼ>MVKP[!B!\'XVZ_~6!ڄ$Vv1IܳƤIUI24Q粖gi\',OZ`4o)iR-$ъ?v]١\\Jyq\"gBJwIb`fgn\"#Nhh6\rpp()Ohg]4YٺiqqN\n&$$m6,V+2uNi|y[ ZoLMɐgxIKt9Ul&l: ̽\ZM>S+*`leՄJ{ӽa`68\Z`l`Tٿ˼ovSW!hi@=<}T\\J!B!iA|2u*]{\r}m\"q菋Aϭ\0kK\\mq_Rk%J}][7z`ByU;tΛ%44zżd:ѶrνBb:ָ=~)Ԥ86x.e%\\tz3}.n~6ML;$nylwcCI,N߶\ZG؀R\0yd8cGiccJ\'.&0\0J`~@L|{Cמݱ֒ѪNJJzڏ8TQc0lf$Ti&\0\"\0@tԠHyj/hv*/<4vS &&>Hѝ.;@FArrٷ?{o3;*ϩ7&S:Mb8C^|=O&]|Voٹ0p:KٳskZ\0k\0ݧ?DF\Z͛闚JqI1r:k>>&$ĵudfM\r+aƐS4\"͔9t̠Q\0tX!:A6.ә-T-*U\'{qFL{e\rfEQ0R0(-6H`{`|߿W)))7!hyXgtDtxfuѫW/|cT)B!BTU)okN֭[&bc*N:Ր89$KOcc9cqL[\0?%K.Ti\Zk֭MR<~>Y-\\ydF/cِfg\n\r}D\\X8T\\~T\'+4Gq!:uVڅ&2XMc͔pQh1Z+Att0g/aR҂2~@b]r\Z!Qdto\"{J.Y&Ga[\\R\n]{o>ۭX.S<:(wnzvlYO3|(6R@QZ5tRTXlfkQDr:INЈ9jN(++ /p\\iz:JpNbRuMER\rt|njcӰy8.m1Xi^àSnf2dOtTx\Za>!	݋_~E^~ޟ\"2tXu]6ߍ%р5\\	`:|\0Vo	?`@.6Ng	]s1|imXBܽ\']ATD!A䖔2bH\nKJ+* ?vn5+)q}5J\rÐ\rI40۝L]*%fTg18_Zx\\)LtHp\Z^\"Ɍa:\' MS(-VQM&\\Bvm<\nCO5)˜Ll\\RiR!_@\'V&SWAnio-b\0mPpJGGKt	v\n}QS[5[`1{x&w?-B!BKey^Mfnp҈hmTs1La&H\'	(@T@C&2YY^BebLV^ܜS[MVr4wyrWb`:j6E3EQu_iŧ~ʏ?شG\Z(	X\0\\4p;tӉp=uIh^ϧ~HVV!]D7h%;Lɀ_(\\_\0<xsj4ӌJ]Q椴0X4רSϥ=X]󈏋lw%50;u?hߩ;zY.3ov\0-AwH^I껍Kehahs/\0\0 \0IDATjVzg)iH=\0nR  ;aÆ֋27\0+N\r[NYĴbfQUZZZzJDHXa8Fpn/&U(Udtt@uߟ{c0;=P[4O#,4VKF:d\06s6e奔7YKID8p;5+:d9Yz\'D2wަ:%RM;?膁QQ/f߿Wm36mKn[7)	a?ilڶiHum۶3h(BB#X,cq\\Q8j<>g/C.Ѱ(+dūpusz&%J*2M)-\nj3qtk7,,mvre^F^j@UtʝI|g\Z)VH*!\\vG)k;rh\\)ElbeeReL8lt?6ɕ!!ew6\0LnpIg) #j7~nѮ&M=z6jgz:;ǓGҢ1\n!B!M1Úʤ{XL111}6D\0ҥK>}:999- ɤB3n2Q	QV	\n\n^^>	#qU-|VGsŪl[UM4	قk&U*yI`ٙ4iR+Tx;ֶpD\'s2wc憿͹u/nMw3헟4+:?iϭ.K1:}Pb82\Z;V3O/샮vպxn\Ze.7eN\'n0bBmi־D26^m%z: ߏY%*r|:oZ([~rDRmBlx&Kn\0-S6^G*Uɴđ:q5CF|8;vcƄ)PUuaO@?Is\Zfz/>\0\nr(P@NyNv#HՇKv1}>YM17Z-Rp̊2f{\r([$W*\n\\=!jn\'}Ag_37O]0*LU*OW;0mB~6IZCjןWW\\#7kee^nj*UUq?^j3!%8K7eԎg	)QI:80@UBٴ$ﺘ|\nY᯹4ѷ%@l9Um	zcZ\r))dn¤d\'q1;aT܌)BK<2OZlэrvl+{}v	\n2*.h9CNK\\#WYC|;RHHFͳ~F~e݋QF\0p0+sdr.\"Sϒ<p0_~:uq3ϱW?tMdU!B!Z̝pF]t⛯13ﾛ;wLΝ9x?~:^t\n\"2,D<o{-(v(*`cn7m;{).VCb+*Y\\;N>	EbTTg|{Xph~rl0TtoD^Pl6aP\\\\l4\Z*k܇o`,/mT$j!|Ԋ4悕xk6\09ܠgTWVy=b^~VaO5xVk.bfj+7Ģk^\\.a0oWwŸ\\,n/qXi8:x6.<Fqa:xPWKLaĭ+hZǈW70)J<U.K!X-t477m̥ex5/;kA&L0顠̃c*\n&TLn~Y=.^|y\0rq =];w`\0,+sfNgæ:سwQQq-qDQcõcfi:@2\".>\'<)&͗䴯x+nϠ)$PHo.E%!^NKhdѠGP*̍mzE_1Y<zԴS^|F75\0k\0-=0-(F@7i_69\n\rS4!!:7n9*8PmZBt8e};Į8J{z܆=?-VgkWή6A}W׮}T_G[S-jG__ojZ^MkZGC(=Q\'fнn v>Ģެ3!8W\0R\ZW3:fٌ/މtB	\r	Gx׊Ȉ_JV^v~ͪ]Ah]ISsB!jʤXxImX-!ɕ1pYd6$F-w%\0FAF/`oڿ>GU̴N<snp+V駟өcG.\\M?~o+6+?3gy9s~_騨tډqcNB5eٴy+ѭkF*-2K_PgNl:ΆMٽ;րcXhB!Bu}^K_]@sO?mV<cƌMPP͟%%\0|+1sg\'gI4Űa#\'/01Nós\0Coa`3U)Lf:iiit\nŋnk?kFR%\0E|ZDWZ|?cqXQW}NsjUA5ՓW/nBreCc\nl2:lU5ǣu4blܶqg~mQV#̵P6u/^{E!QhOɀo^}eNڇ ;nCAr|;8]n<b`^1ԲIU)iZicD&u\ZlcJ[l:ɃS*+׃@tH CRṰa5M\n&W;>t,3RGǾiF	-f`e͛ϐ!É&6;)..駞551@_!S*@IQk{u3؛Yjyh%ܼHm\\yJ⊤J8w̫%1K^_B3YꚆ{)w{w|3`b3[l0@5͇ǼbfKTgӖͤď:QkxQBKco6mL״ٱ?(w63t3)G$gsGzԲ\r֍POstO]o={ĺUsjoE:++Se}eܕk^u{d#oz}4] 0wa;/Jq݅f0LhQ}TEUrC1]k\Zn!ƔSEigp[H.iOlqnߑuCC5;:_D(>4L*znB!\ZIz|$UV:ɕ6TY3[/2\\\0zgxzV.<	<z9\"՟at\ZbԨ?H֦/Dޝw+<Obo/_|Mn]	\rmr|\'_x-RkprťOvؾsw2י,Y#Gm+عC NeWGt@.l61b&-xԜ#B!h[l\"~3hf%Vp=6=֭[nrǋ8Xzu\n{\n<_\">Q\ZW\Z\"\\OxI&zcTx3x`W<b\nnb5]4/)))t\r\0Wpo5%a@g\Z>\\.q	*~YX9}Ek,Y.{.\0ک(x\Z\Z/Ӈ,\rFXE5۫-ȊRahy- ~k*d	bϷ[cHS\ZM30֪a_˞P]SJǍ;9X!tϓЮ3cwa6\\QM%SWR0Ro@v~\ns}£bMH[jo|A\\sܺ.=Rx\rɧaMllߢD$tb(\n:&c^.&2W~[X*rJYKF*}	%:k\0vgU5 \0k@<fPf2zqݘL&<nL]lJCRtK$(q8vVn)uS-qBf{ZnK1֫_Q`K]Im+#<gNyb\"$DU7Wi¢DXf&*aӬ`\nM/:p:a\\_Yu4{,&b%>naۧ\ZMZNGQ\nP4/ނ,\Z>1?0a>놵AbFgj}SLoٶi	`=mzey1fQZя-qT,i#;*W]^HP;;PZV>T]x/W+|JGo\Zrf}ZRsdg=92)n\r\Z`.2b%E\Z6+\ZJP-X`e[$(#[]UQ}M8t]E\"EMA![1-膁Ŭps`9^#-\ntۋK 4L7&5/xBmxMɕC}?b3}e~Zdk	.A]aATȭa|xt*<|)\rf3=6-2)%m[nLꊣV\ng<s-jRl\'G	:d0h@?|wwBnrC7Xfg~?1uܘQ|4\rlj\0yyyӱCJ30(vi-0qG!Bql:AAB\n\n\n`mvRTC \" 4\"iА]+ߚ3 (wOtzj+n0\0Ɯ9s\n\n䬳kVǃvnlBd>>K>|u9t1\rk.\0܄ӎxl|\\&*&+\'1֭[(h24FI/<Y@`,Z\r{`W w#0:iʏg\0%m̬gY%in274\"Pu\Ze4ae\'wtij1|&-SofTz5Au\'yXYgcSw*1\ZVm7b\rG^lrbeC/FJff:ؠ}(v8ctr(mi::u%zm$:.v6ѴʸdVeǨdlXMr\'߹p&NhN5Ƽ>߰X#\0*V}u;ͷ_QTâ<rV+iX\Ztc=:fǫnhZc)pxxb!:::<=[ZETDeNv&	ME`ɳR8[ϿRssIgT_ö։M[;}xK|߹A/$E\'WvN:kWzFcO1#ydIy5IKaxdi2eZӪkkpr*\0/`UR0)ʮ_J_Km3LLB2\0K7l31^L^\r]ͬ.oߑ<d\rxmDuU]eCG\Z&ǳ}6^Uq?_پMe9=F~,<2k|}5[SRaO		4ן}RN\naT{#aDWksdU+ٯ-Ksx9r\rTi7EG\r0w	9nJ6lmfrfqE>ųs؟MOfT@1y1M$PVVFa!LV\'69e,[\\ώc$lAvy׳Df͝KAA$W\n!hVST	aߩK(૬xխah[}jIlpy{Z]c\\IC|#z~}!9	c6mcb+6:&Rشis+rsy/z.́q?%@C<Z\0;{,]IBbäwy\r6G~}y?\ZVgnǟW_RT\\BT({|5EQu\\uU\\~|2KFA]\0萜;ҹ&1 E\\Sb08tqq͞`]tHIjZ֮@IpP0Ǝ\"%9Yg></aazXb*_µ`ٷؼugȠup8=wY	2l zԺg27G\"bcc\037TԻ+VCJ2ƏZ%!#B!8>so(Ϊ}epM\Z]s\Z>|x6}f/o߾GU6l؟\"hP\") .3>C!B::=1b!f$Pե$/ Ȇ\r^w׾!ϼ^n۟XQPP@QQ!6\rɄp~	vwk.m@1FW(}*v\'\\	IC1QUc֧_V^=rVOPM&>iɣ1ECM{Ӛy1}<׬T䡚-XlXlcqq{=kU=c*#bU0[W{tunFoOo[\\~g81*jӇnѪ?yN2\0]ڣ7#%,oE\Z\Zbee<sBBL]cRR2,k9f{0\ZOy-VWTS@n&5.S8~\0EP\\ƫNu+qJ؃Bjoǆw8_nln><jɛ[-ҢK9,=8ˣ2v]N\ZK^~.AdO#1my79`clg#E;\\Y\\ZJhE5_en3p\\\n\"cF,Į\0Rе=IQLB>R*Kp)닚6k_U}FEba@l&XuKFo`BjKl3\0դ٤੥2ZyЋ2h:tV\\7xbׄEuF5lk*\njdbVǇhtEUURUeݫ-ZmyG^7\r/xƟ`X/apOn!8(W5QU+ʟWco),ʆDАm];.v*y𰸪E\'߳kZ_Ϯծzet9ܿ6_oSt]l6Kii0wK84͋[r=ՅpZ./`E<+dfe5+1t@d\nپ+=(C<Fā&<ٔ9(.\0\0 \0IDAT`g̽p5y/0o|IBlKt=L\'.\r*ջ`@ͷf7$]-bc\ZCyt^UYTː0t	I	|7ƿy o&apҵsg{L&̬W.B}<3;׳{v,\'__~͵vŔ)ֻoFNNV^{\'{\0+W^t:w@du#~>#\"\"vN@(.hVTQqT|jz@_<.YƥGll,_ٲOTƌbf`1js`֜M*by6D>4nGLL4_fUJ׮ٰa?r=XvKllnk^&NP*scU1430bN9e\\G!BqGnxm9{6OLz6/29CPP{ ((SzURR\'܀c=^<(ڳ	$r>E/e}GQlMT+vivz\n콷ӳ+gS<\"\"\"Ez\'}f~fMO6!xy>ydg;3ߝlvgwB7:1VCL/P)dX&[/\\rml3benuՊ(ҫW/V+eee\\.T}Ճ	x$ý -޹y\0eCp8HM	Ha:$ :\nKW4mMF۬$\'%\Z~k6!*~CC8\nG1C\rCOæu+Blkw9[t{]P\Z.0tסpWӼ/:y2NtE§5yWɯ-+e\"V1\0EQ(݆%D*XtE\r9-q{	蛅n[ްShbpSz8	8:(\0Sc[o4WvTo*|>Fz0Qi:&IU1[|תթl\0M+*do_Ktb:U%9X,_52\"\'}aҸzJlYkK$V͆_DEɞ\\=$=\rcYOFl5Ih5mmk-#FF+E%eUv.%emרtQo($if0%F0v>NɯU׳_=lLiαw_`^MEbC7;z\\<ȩȮ{rx40:b:G^.*uȰF;CݹXn_]sGJV^Q/frn[^a}oR7s\r)Bw\'9?M^c5UUV*Wg09㤻m;A_TUeeU*L9m궭_u)$οvڛ\0ˈMm\Z8MixM뗢*/~=I(trR/\nw#c+!)¦K8YwڔÎi1=	08G]夁}Cll\"ihAFj<Qg?z^qt<cBY\\uk U+{Rw|NO\"ă[Wm\rݰVW-3(|m)[j1sL1nB!D];&!?xukm?_-2#St[~q[of3FNhal-y牎_y0	QQUa_閕\\~?8no1G8\Z9{Ŋa0dzhrIe.j;(֭@vN.t޺u._ZRJii}hàn@Lluיշ/mѪm4laQ%%L9,TJJr2ݻ{O6.d\nY}pTUV{6lc\'??]镖k}fێ3sB!][&lhm`r\rv7o&!!D^o;.=\0ixPj\0ոЁԃ&*q@ix/MQRCFF௩	{3Oa/(\ncƌ	9ֻwoz,d~V\nCx[M+(`t_Ə>}~	Vw,7sƤQ\\+MpLokׇoT4s畿5&\";}aJ)߷}1tNN! cHT{Ɓ/]$!9*40t<qRp8\\.\'8i{ZrÊElw$Eū!jUy{\rZ?/PQQr$2&k#CNefqхSr[iW]UFFFCrکPYYYVUU?,~^=OQlm6vￏrgev+P6v#7g{bTUUnF.rv;99s?{p޹琚BiY%ӟ\\de0ni=zPRRz/nn3opk \\+vhR5<jt@Ӎk-\"4;lߋӥa6C}^A(,&_/n(4*GdUUb1S^{Dd*C^i8|\Ze^WQ5*>dF0y٤cgoynzEbGIt4mtZas}hi3mS+*&!.vkE墠1yYe/fٸl#c\Zɽp<[\0[IT6X8B`Ww \r͇+;b=zF݃FzwE,hu\0[ʖu[\02cFBtdߛ{SL*UZ	VŎE`(tfT?`0d7Zm6PڈV30ɫt-~St6Xǂ:wl]ź108{غ*\0jBTdPa`ё7q݉J/>D\'`s?Cw\')!d]jp=z}Z !;\nFp{qq݃Љ_Z)&\Z;xcӏ=|\"a``5׿koCrJoͶ<OU5J]G\r\\a>C\'%.(0\r?ǰO 8KobŜ<kZ߇}תLXXADsWd}X#lq9_dY~徻/ׅB{wxxlNP- brf[m\Z.YR1._ߠjFSif\\zrHLlxjؗGBrr0 ˧`.C7W_{n>/V|W#*:0Cx\'xט9c&SL)%ǏK3HINYf}5W^q)Q1Q8N:p8\n{y-۶ӻw8&?忬bK9tpF?Ěٰq3%%hԲx^^y͐=陞ƭ75IϞl۱lV2ew*ͮ1qx^.76B!BVkƌM\\xi4qIamϞ=:JEvvvWnn.			!r\rxC7E};lx1Ð/W_zN>_6eXV+fǃvt:;\'8т߀JWg{al{\r^*0ʫ]wpMpxO9N~N~b巫:k\"[>M7qPZX먻p_XMQTF;_?~m2(Wu?CZD%vGQU&xTPϓN:?CBB>(dΩ^	v{x|ԝl#>XbRg	LzmreU]]N;rJrjw܆a\'a֫O}с`ٸz_\'OM7눈c#ƌj)7\\w-}NzkonLOKcW{N9$xim7t>IgENn.32(\0㔓Ob]͖[ǳ3f:<O\0\Z03fPJ7fʫ-nsptL&Z7(sCtY6*iVʤ1iT!dMq8=7]LUU\";q]t214R\"(+F\'w6Ce)6/J\"FCZw0X7l_>tR86wt}ssjI65v_O//c\"|FߎtPVSG^z\n+e蚎#æ~9<s[ί1lW({pm\Z<ҟ6zߗ@g\\.鞚CmEh#/0N_eH?9|WA)lhG)}x?gu}ջdT똷N{\rGvW0؛\0Xun O1	>N@uDr^`pnWzB0tCs7.}\\{<TRain\\:\'\')\'E%mPT7¢݁7VV/-%`gpOo[u֏ܼ-sO0Pn`EL[[Nb堁ـL>/P^RiISQAI![<k79mχ$\rȤ깷Xp99픓;.2\0R*5s\r1y#\'Z^/I_zOee3i,&NχB?\ZLQ:/T	05y9_61pppy:Ya~냕Ca(*($95ٶEܵcmX95ztGu5 `qQ1=픕xX-!X{mf|}n:FӜ\00ql޲G~nr|DED2h ?,^$)1ʾ}0\n\nQd.gX˃Cq/~E8Nzedկ<4端Cnʮ={\\6:*\nƵW^lɀLlہ$__33zcnŸnq(/вmM!B!āl$MT]II6//X|J*bŊ&TD\Z0PFd\n6o\'3jֿ0GEb:^7\"-^ o܊Almҥx<Huٰa6]{Jqg˅00OkEw|,X;vV\'s5\rSX]/k:jia++ؓO\ZeUdL89ȨhQKr7>5!BC7@1[эڡN;zOp\\d6c1[P+^2\r6C7*|Pg /I^^JXkAVʎrĘ}<txQ&ϙOYe<39s)))3XfS8`<ϙʹ߹g]={.8\\.b*۶۶mo罷\n+VQ7xNs}}+և.LUQ0+*h;\'Ť0W,MntjJ:x5j=;67NDŎnxj*Қ,s{1[:4S!>&\nK\nHf70b#\'¶+ߔCގ\rV|p^0hgL=T#P*Rjߏ.$R&jYus]QL8ΰZ}|ƐO㫹Ѽ,l݃%uéa\r47_|<zx.o]觇`lgtuȶ(}	/mHJN=\r%>Yqc.\0&xGY#8og?\0_˅g>g?w>5l۔JiV]27^A-y+.)x;	i\'}O0xx?l<p}YgZ>+wմ@Lmj^>=ߓg%a	D+\Z(H:!bzuGxzK\"8{RL[cǶ9Xi\0\"6_.d$*hNT|Z70Gp-[KӰߟ+pOD鮷r!#$X)\",s~++΄i@b,\rr\n )z/]F5Rc=~\\[d\rz}TEnu_l;w_,@̾Lz:wyOq#ֽ;)_%7mİadУG7t]0&m9-i&BtҺQV^\n@tt7mpi\ZQgDrrѤx2N<8|>/+$b2E?-cSQUEr̦/++~Wiҭ[7bctQY^jR0rZjZ(((bF˦$\'ҟѣ0L76&++E?-IOV&Vr+P[,/uHOtl*B!BuI;7-W\nkܹs9̳d#gn_6EJwezQ|]D]VF3&~v8qSA))	\\Ugƿ@+*;74Xfc¤(J5\'9â)jlZ-W=83p{.;ႏ?-]|ۗVC뺎0m\\>:f-̾TU	/\nzXX׆+XbfĨ1h7>ï|daGF!>6[#mЈ$8Af<=h1V1jW{$#;C޳<4͠rUpBlU2Lr&Ms/IJJ\"\nRSY6mwAq-7sl6L\rէw&Մ*kl۶+uv;qTbuG頀Ť\n벫r}hAAJ/n}\rGUe,n]EÂ8F[ճkm=w\ZɃOUh+vNYfTIFeq!&\rW%%\Z)[ײǙt}ߞ|`ֲvVIrsש(B0\r9[xr\0(*?P@C(\n\\BBw=--4XYI2kpiR)O8\r0,N?fۛT>F>6Uy%7ǌav^,V+?q ʞ`]u}=&r[pzO52.WfM5_xbn2wkilqc59\\i90&lؼ[I2rUQ1):IWQ蚂\ZgoD~0gN$w2iS_D1fS}T3ĉ\r0T\"Q}\nQV%\0\0 \0IDAT	t\r5Ixv>w#m7={չB!uQ{pCտZd?B5~^f<}*-,^p_7_WLmU8ο\\#{%9zsޛ%{s)_k\\~T#TUVqYg0s3<t&Oleù\00M̘9zO=DV,}YN0+V0yd8SNSTl\nLfx2d0?P?yL038WNcHFr	㒟y\ri=8:ߟ\r\Zk\ng-[ѫgPU,^3eehF8#`lfQQ\Zؿ}6lܴ7~aC2zԡM.TΘx:Zo@lt4\'x<+FFFֽUII}ٷwo6$TUe,Y3n?+B!B58\\P\n=z\nEm\"m[g\'~3s3<j?s3͆7J7P<[|<28/+X+n	{Vb=uvìwaꥵ8jF5>\n,\'p`d?@o]C\'ywC0n06g\'qg*/=?;nJM\nVjaVt1\nܬ\Z=n.QMyi7:nJtrݠBs0xkR1E(J:tמDްk(PDٹm3YG`sرTAÉ,i!;u]p8[\\pysםzM|5CEEzj2XU]ͱNap)\"ӟɵ7܈eۦ\ry4Ԕ\n\n+(( +_H_ffmsvu c\0\n&YZʋx}\Zfp@B\n<>\rfPY]HpI=\ZwbO7p99>$=?}/wU{n(-\'fYYNEo៬.TUK;-}`6ޝkB\0pr_*2j1@U{UjeQqݏ\\MJ;^$q!un^o/pGkX1an({0~gEt9f0Xy:{Uj{[j\n\Z:?	\\-&``a`5/cn+\n({<vk_v׉EpA=E_$6wDbN^8ǜ	8:|cu &:EfLb| &:9؟>ؘ=no˯4/\Zlם\\ 5/	=x+A7薚IbB\Zzyp}	G, ))x0䔌^xz2)IOSO\'%;#5z\r	臘[Ez*3rLb\rקy$^2	?HM`<uV*XF\rƳh\rR\")&X;^\\Qwp\ZT\r41]<H>dv;JljPtMCm4Պ3̋B=rjxW!wvƒu)N	Yi\'Ć=z*ZHh:Tֵ\rXf\rÇoUQja2t`zpܗu뉈䊩2|XۆQ:u*Sֆ<SucƳ3l߳W/^xF=9=JiuNΪV*!gO~F\r2ywBcbbp)._kt^8˧u\'oh58.8F3Ы<oo^6.>ɓNo14sB6oAX\Z!B!_]b褥O0R/Tl-{Fh}PhݺuZ2(­Fddr9Nyf?c;PήDDʈ6T\rEUUlpSa=;^٧98PpՊpq>ϴ˰Y\0ǎ9h}2[8U*ӕ+.//</$ZX)؁f\\\n:^R3:c0VtVWs|xè6i6vvNn!U=n.\'^\r,WKwOFf&Fe6ޢMxjRPrd̶Fx<޶}Xf Eh&MAC2\Z1i]~9`7sPRRa쯾\'\'$\'7BVV?6n .6;wi\ZtRȼ&MWsbp!=IIF޾}M~ŗ<C}/3ENn.|f>4y\'۶m\'+O=8~69Oit{tEᬫhm?ɤ`6W@&0b\'Ҫo]5ti|+8Z%][62a}*eʋ_2Ї>LלRV,n)HwaTPTVx[ŅeXL*;N=n}`;率蓝B\089?Jmi+\"Co-Ʀri8L.b1ş9)ߤa26Հ3\ZB_}}AGGnd2|,%?l8	KM1p&\\tRfbN{ܚ40W\r9B]`O`pQ`e:bP(\r\'*Eŀ\"=@{+o|31(W[(-ϫ3PR:\\G14v\Z(.ƨ	\ZPT`>~ŀ]5((:ۃ`߾muF}QRyk99C_NU{`wzàֹ-D:ݶK+\'ĠbpVs,;>r|7,6#*u`<UD瞈b1nP~\0rr||=:J;r#V}]sH`imE*/$k%D=q!Β2Jտ?B!D]7.m~,,/gWoMWl6La0\'yZn0|023سw/K- =-qg	vD陞]8B!⯫\\+u\Z\Zzz0=ྫ4W/kC-^\r60qD8z%\'\'+V7PPPa;V4	*_{-Q;A\ZKbt+ZF5[5u*=߃5h.pc*|>/f]PՖO*PU>y.b]msO`_+]r!u3X^pH\r0YZGGQUQz4L\\ԱZآڀ4\ZNr:tru[#WыuTnW,+fo_ݬYc%26t+,&+	Ianyfկ}5`J3Ƀ?:s}?5nFS(>l6Xy\"2\"7~¢ڊAa?vص{wp/Or۝w1y|\'0U\\tel0/qh<v;۶oϿ@Nn.Ͻ\"\0	񔔔}Wi\ZKxԶ!k:&	MQUU\rdt@4WڭXzDu;Qp&_߿`J~,X_：&c&`6pn+ΪJ)*ɧRodV5pu5w77[u׆*UD0mN0U!BғAr&;<k\r0ڡ6^w(p+Ϛp\"`\r&Kg(\n3r}j6[ع}+V:UcmVPFm矧D8_!\rcJ͖ȊHX62\\[i쳵RDcWhݚ5(\rjQnA㯙y|t86F!}\n7/\n&WYQŴdFbp\Z\Zn%=,,vq\ZA_$}sX	<}o,d߶/\0:DNw\'TŮǢ\\<o{^)Ae3g^(4u?z*F|Ŋ6G!kE|woonSJ&O߉B!B!WV.V٫P̚5Yv\n]QƄxRbt$B8aaPa$ ¤Pd8(#qz<ht\Z{׀oxw⋱Zm\n+.G[}WxpaR_9K;J8ٻGAx^|/n_23:D\'u1x$=W_IckGt?>UJ7RR*\"YǏ3{B5s?|>70`裈#\"*B{\n]%&&Rf53\Zvy<TӅ*7>Nׄ~ZgzQzfGGh^CK_J-MG[OMy=TWVҭ{X}yl\"&Bl>uL]HlfJǧ8</_F*\"t+\"H>D\'\'p|UF&ORZXTK*K\0(((K`Z9n-ݗVA8W`hɢYЫ@3t=kMu܅^z-Ȅ+oYOUUbUT|Ϲ;j6jfٚ->\0chn|Uo$r?*[T?HF+5W7XnRQP惑_Ԇ!:m|&_gNί^AN{_`zJz[rVuT\'УBu\rŬɼ*q+p,;oeԣ7gJ֜wgG~~gժ>سج1#ejU$3E⃾DFXR8{^oϹ^ngT.¤f7;o~!uŁ0n\Z_HDC	!B!k\'ߕ]ݍ\nҲN	Xs:0T	0{lfϞݡleZn|-݉NT\rlamk_.*+1tMױ*(ecJt{opϐ֧?QQTI\'V\':cx9$$$᳏2(tLupTzM-sk!sVWOKiKl~nlZ}25[D$6{$fCeyimlv;q		TVq[^@rnQ#rV;)=zv|\'>&2`DL>0&U!=NAfx)ܗ%ao^t?p;D#{Un\'^R{\r#	/7>	Ig_Y9%S:%s_Co_~Hͫid]l]׹omh\0x<.6YAdT4x!:2ξ>j]Of3#رc+?/!ca#֝br\nK+,Bfxi,Ҷd>B_vԻt\0W-s[r*j!;\0B\rT]R\n#8]^	**\'XW\"``pU\nJB0魀8Km[Ĉ:x	X{GBO1:J	1O!YL#C	N?*d[q!=ROԐ=\'L=\\5@WU>)g+9fS͡o>){?MkMq^g,÷NѦ~jkl{RYD\ntCayp4ɚ1X8㟼Ï=-sB!Ӷ3w%B!Bu/ٳ.<\rX\00jW9숱\rۗ}mZv/;*!;׵g%}e>pнGOsTW!A)? N}~5&z/)F!6݃[RDRA4ffFό$&@DT4NG5{vnc5]\'DG$>nv#g\nQ*(þپ$iݞxLI\r׊mmЇ^|>/>XXxS)*%z2~8uԭ6_.TٙjKk(JDd$\0837>:^ǍX4\0Ɩa=.\nU6K{_5ȣZnT(%o˱8۹[8t\0yEXb!JvNON_VDUU0۪u2c]vNYkX	>]jr7qI!^_knz:C#+EXƏ$2*ӷ`7B!BR]pr.廹sB.ёʶ\rN`#_W{k\Z^Mʤ(fWlpFб@׋E\rTUL-bZ͘L	o\rۃ\0%JqRLfՌYUAyvxn|)fV[涵χiu*X,,V~jPUӴṡ膎XvU-]VRD[\r405pС=Hi\Zla8\\\r1(`\n1aS<U=yaȠ}QŢi\Z6nfEn	U\n!a>|8|[n.\03hB!BӅmuu]`B!B!⿃a[f\rcFo$//s7&J!B!ugż<nfƌ%J!B!B!⿌TcSNQ#޽)DEGuuB!Bv\\VXy߳lҮIJ!B!B!{IR!B!B!HB!B!BB!B!B!B!B!$X)B!B!B!B!B J!B!B!B!B!B\0	V\n!B!B!B!B!BHR!B!B!B!B!\"@B!B!B!B!B!B!B!B!B!B!`B!B!B!B!B!D; B!B!!ٌ颢qv|>_WwG!B!&J!B!B!8\0.K0YDDZ;/NtK 1B!B!8IR!B!B!@e,VTDT\nRp\\TUUjj!&:]B!Bq\0`B5jW\\q<}`Ν,ZYfoumBo{]_0\0EE*:		\0y\n-lAd\0}E\ZDP䲅lf0ckvTCDdTGwIS*nEeY)uu^ʲROfoZ!B!0B!:_bb\"O=ӦMkݫʽKii~B؎=\0\0 \0IDAT~s౮o:5Gqx]&fe C\r%tO8nJUU!4q3ADhj:~wr=aGmUpyb`۱Xdyt;INN!B!D].*6-g6kP-fѝ֮}|5{/Ym砃jmaa!gy~U`ܸqmwJ_ZmJ8aP\\\\g}F~:d5\"\"\":}]s\'vvD>s߅)c:p8lx-p{HHHh6V+SNeܹ۷VZŃ>Httt\'=f8:z&}ݻ8#:d±:_]K?xN\'wK<\000-g{btf}9g]|skjtukC^S^/6m+lS/;mJ8j^O;^(N&*{+JR3,˴,M3ʉ{ƍ\"\\]H9s|}i!˲1cưcUryiAZӘFe@aiL]ZӐr6;-[0~x77ёm6<xȩS5k^^^6-R߿Ϝ9s,~&\ne;	_SR$R҆OMIj!B!Y{\'g/a\\INJʵ#-Nyoo\"E5\'̬\Z\nek_`dk\n.oӧ9|~WlyYo6}tMBÃc??$44Ӎ9f͚Ѽysikyy>OXNM4f͚[-׆E@X}`o4oޜoC+-v|77$WNpp0Yϕt|Hنc}חnݺomuϫ,\'.ȮM򪝺uƺu{yϫt<iym5kTC{ǋRVJ*{Nѩ	s.)H!\';򏎎iӦ\0899ѴiSfΜŋٹs59d~q*ÇoYRԦ.AJ)JL2I$ pZpF@\"٘uٙy\Z\ZʸqO([,tܙcǎKsRJ*̞=h|zR-krw\rOj4(J\Z\rvn\"&j/~o}hpFAThؽm7]Ú	!B! >.scI\\\nF[Wq+VB\'=RIňq䝙U%J뾔N/?Xݽ{|CNeҾ}g^[\\\\/_ 221c>رcxyy@yy>OXNԭ[YOﾋvyŜа(`.XF֭7d~wMoDHH7o?qK,ɕzD6s&?/ׯ_gڴilݺ؜U^VsiF6L=1byzZ{%A_xyDu\'w\\ja5EUF}-\nժ6=\ZyCUT*5̙3у-Z(\\k͛G޽4h}NAVT	&\nI;rxa\\,eH&G<B`Nr.?zEӦM			\0;v[?0m4ZjEJ>R9ҥK̜9-ZK]Dzlŏ5\Z\r;0eII{=:7Ws\\1+}zShQ\"/_aАܼu+Wʲu.D[nNuy\Z=d,))Sgѡ91lbӫ\'K-7fMŘpws)SY<߳fBmBȍmB!Ba\\J#P;ؓXke@mpj\Z\nR6wfV\rn)~mՋ\'NDTT?n;Ǐűk.\Z5j~ѢE0a.\\lݺu>M6\0?Hz*u{.FɓǳuV8q\"<x_~ggg\0<<<={6111ܾ}9s˯x̙3[nʹiʳUm͖T\Z\ZΝa$&&RF\rv1fB;sVKZtZhV%ܚ5k7n͚5CrT9/xӇpٷoڒ6s[sʭz73^{XCx)jւ>uk޺feMf#Go4Ĝ0\'ǽ{8u1114i$rMycҒ?üyo߾7nܠpFŋ3w\\nݺ;w.7nxn൴bcc<y|ݿ?[]j*.\\7oʔ)lܘ땵d/}{֬Yh4\Z^~e<kԽlz]>c8@||<.]cǎgt^oH>x	Ν=;d&uP-Zg2rH:թS%Km۶l[ɓ\'9::ٳݸqW_}5gg@Vdj4iSڃ54x<\r4b2TZ5Ց:)	{jzjNT*Ҝ,Ϲ޽{;/+\ZLg,_sfNdRU*Rk:xP	]^(P8РF8Smo2t]2tZҾfѣ<y.2]JJ\n&M\"88X75Fs.\\٘3Fg_cC_rE7YJp?>%)Q\"I)>L}@zV0ߐw1ACx*Y{{{*V;&׻qJo:~ҵKgʷ^9Fk4mҘM\ZYy\0{Ciִ	OCpaBӭ{tWFy@ʕ1G~`v#<z\rzZ9~X7=ŋRE[S3\\sx>vmZۤ.ǀ4iԈ!IFge\'\'\'B!B_T*\rI-2&JBSiZ`d⻓6~Z_cSF;#+iӓŋ3|TB-ؼyn	ӧF\Zl߾۷SZ5]\'ҩS\'^uWƔ)SvZnJǎ)[,|	ӧO߬z{GHHKȑ#ܻwvѯ_?J۶m/˔)KFhРUTo?ҰaCzMǎ-mJ~[Smdo2e25kիz[Tvٙ*U0n8֭[ȜsØ.]:3n8v܉B 00Ǐgڐ1cP^=?ΦM(U1jj汙>잖˳(5_ʚ09C.]\ZOOO9bV}9FI3cjԨA8p .]lٲ5u[+IK7K.{qww׭߳g,YBѢEkӦM#44޽{ӻwoΞ=Kr,6sŹرc[.GaӦ͔.]\Z\n-e˖ѹsHYl`3ًrݻ랹϶ٱ3=ժUcm6\r>KФ$ \\\0r8RJbr!ΝcmbuX%\'\'s,Dnظq#w2;dv\Z:u[ڵ5kÃm۶zrl+\\h\'PJ~nEdOϷ<f:u9Iگ89-V:uiӦƭ}/OΟ?\r1u3\r]r}y<e@uP\n5#3k.ced}5@bŨV\Z{6N<i7\Zꊷ7ٓ~&&I/p+uIHHv1R\Z\Z\' 99{q܋KI\r5#>zΐTIh4\Zɉ!!:ͭWN\ZsfʜYy\0l)J!!pvr\"$J,[J`@Yhj\n)9Y;֩Cm׫e^LY6FC	%(.u\Z4$ln35>ƶgƴW.?!\r߸)ؤ.Ni~cVX_USNWh,/^B!Bۼ<=iݲ.lX&Gذv\r.δn/OϜWHMM\Z5dwNM\Z5Kon~5ذv)yg`P๩H\"(Jtc\0)SӡC}yҮ];\r\ZLٲeyi޼9\0YXX˗Q5j \"\"¬.Yݻwi:uYCŋ9w:uݻ矧/0h ʕ+ǫJ۶mٵk6n^lYbl\Zmt#F`ڬZ6c2vX E1j(s#\'r_\n|[d6mأG:u跅9%70huы孤,TkǸTTd%J\0ѣgc^~///:q4^^^у͛sA\0Ν;gphIs睹_~{6mڵkqww{tI߾};K.=|у]zK|5|*-[DÆ\rٸq#AAA/_7ZL\"ܷ\ry&O߄Xێf3kkײc\0.\\ȠA(]ts1_\Z\'lVXEx(QY=:gd躵gmH߾}qttG|mڴYfǙ3gh۶-.wԨQ\'NЮ];v[r=9B˽qs^}/o3ˏhbqo0u<IDVk^0/)SRR5k+W@nNHH`ذaڵsf;t|߿oV,icװJ֠;QmT:yQ_\r=(PMl5rqqmIJkrʡP(}ܸqCo(yCm۶0l0\r{}%WiV(\0/G/W>{qt6`lojMZ[v\n	>6TF띃Zv=[Z~J͛i@~uu1^9ƂRd$eʖԉR;:qdsZF?m&i@3yT+V-jv-SY7F᷹7P}mOϗToVEf1`+/_lr8vZWZǏS[w?B!By+特qêRSS9~(<=i0179tIIYKFCz%_6nt C[ʕ+X;w2m4%*VRСCy)))Qz\r4\'N0YVhh(+V ::xq!GqFqtt;m.RPT,[Lvvv?~ܬlYdlߚjt**ۼMobү_?j5\'N@dι9/6W||<\'NJ*y\'~0fj{=111h4\Z\Z5j/da뷱4>>>(JN>mV=crJz@&MxG1zYz*8v8UVͳ|5|*;wn:t@.]شi37o޴Eo϶5;遃^hHP,y떥mTvmʕ+n^TTuކ:vʕ+ٲe-[[zu7z_W(@Qp?~ջ0붐xuoӯgzuA1SV)@a[h3%J?$%%yz,XiӦjv-m\ZVI)Tڙ\"%}\'QqTDv/I9ڣmdl\\-i_Si\r}6\0肵K,i0Mٲev-ܸ7|7(\n\\\\\\fƌ\\R7<B:942mߙU=\n◿W3qbX\nmٜ-ӥc*Əm_8o3Qܳqw\'A}.DK{!?Gf/ժ?Kp1YAbgg=0%9qw[B)?;Gqhnʼ|\\8;{vwŋӥ=j^/^`\'ouUR/~a>΂ysu#X<ʖLٲ=r4j9Be([ӧqZX>=dQM^\n\nॠ\0DC]mۢŒx]#ez6~6YzOz7nw~r~avd|T*p\n̘#%+~H=cjh>\'n]:osLԶk!)chr~ִ[f{lڀ+Wp~6_Kh\0ްǌi?\Z]Ϙ3g,Mr8rd:Dr,MęfB!B^ijݴ+/Lrrܛ˗wFЪiڸŽWfTDj %%%TF\rNED77_/)999Kzs=׏W^y_?~\\+_/`31jQziL	m۶TTVF\Zޛ[RRk>Ƨzۚ}kL18._̊+رc&L-3ȉB[[`{_r<<P;/I7ud\\DZ)ÇDFFRn]ݼ(._˗Ö\\9kKAtRuNbѣ/&%%Ŭ9517?(mH녯k׮8;;?|)`3ًpΎ;\\p-53&e?F	5Ku6֭7[[vV^MNVZٳ7Ү];ʗ/Ozt=uEzSB4\\\"sOTLGǹ;\'\',]V3\\AMyi*JE|Ь}/WK*VȀܺ~ώ\'AvءWbS	J:JP|%$P?2`uɒv_ܻwH\Z4hr8spQ7;\\~iӦ~z:ud|_X[ApL\'<qokLV\".]aj.Dw\0WcDE2e)Q>*Vjy/wFV-)Vjќ~`n,}.~ǟ2uza9sǧ˗Mqvv;0Kp堷쌛hO?S|6j$(J,#G\r<?4+;кUKzV߾(^GGG\Z0b0er=:ӧ#(WO//<{stףGVaT+Kb/$^ZN`.SePrtp_ren˽_NL>#G\r\n{2ڴn{vH<|,eAo\rςz\nе!u}^zk؈CGOɨzj7sX8x(KR3$g\r_F9m7c\\S2zTڶ\\vmZSYv؁417nq,*V«|yߏWTX3g~B!Z*\0\0 \0IDAT~5uÇIJJқr*s>s=*~uju={ѢdR$&&ꦒJE<CzsE5III!%߷Z9TRRRذa:u7`	(Q+WjW\r6$\"\"aWnP>}:ܹs\'KmAIIIv.O߮5k˜z[#62Ŝ\rmncԨQtڕvunX\\9gr7~ѢE	\n\n2849r҇;^uKG0k]]q0Ǘ۷UƔ)S9rn-CisDFFRL^/so0TTڴiC/b\n2C˗-jW[vswwVZ{QAooٲEҧOV͛3ًth7qvvҾطͽV̌}/VL2LenFٓ+a6mJ׮]پ}g֭4i҄.]p[vzSmj(PűEXqa\rk:w	[?XC׹uSRs3^nDEE1n8kkn,ik/?xZtG=ױ/U;;N}ΙgÁ+k+K_KO&MbĈz裏8{,{v݌߼;Ps_4\r]`2xuPltFZ;aDRR\0άטpwwK`\r+ެU\0ܱ#\r\riCzWd\0|6jNNN9U=s3:kJQ\\lg\0(%odooOZTޯm̎Fa\'#h4̟;n]0kҹCnTW~\0tl`,[R@˫ϫhݪM䄯o%޿ǹg*_sg=|}+dV>j\n{)W2eJkz3M`ӌxؿEU8\'S\rRa}S`6St{ܝ?\rey\nC]ҥ~`?mZ&u܉}̓PL6]f~A|B^%bin-3;n17o߾3/O/\0;ƭ۷i߮-;Bd=F3ɉJ+r7gϜ7gϜn*UB!BgR~<yDoʩP#\0hIVs:ժU˻Z꜎8FKon5-٭cK*WWW틗ԨQy&seƌQx饗߀\r-ZO?%JysTBVb̘1xf4>>uRX1oƌ3		Xbӽ{w mX%K0e(^8;w6/S~۷S+ :y$SNͬs#66˗/ӿ|}}iժ닟_KAokS~vˋ\'Mk~^yתQx>__^B}sHQ(SYIϟoV-߿~Hpp0Çё4CzuʸDqqq,_ɓ\'sF. رuZD	z쩗-ym۶#))ueV_f\rp]֮]ĉٰa;k^+TPM2yd~{nv4uo-%^hR桿cm_D614_3.W^\0RB] y\0gϞ%**/Ӯ;w1cưjժ<Ky;k\'Sh<&NȰai=?{L2Ţ}g.V\r\n%|x7?W\Zb,$G]:8.^Z~gEjÜms֭[fknmc, ?\\!Dy%ѱlgl~M\n\'\n83S%kcѣڵ~@V7o7O?\'K/1n8:vMZΏ0i)$dSV\0kvsg6s\rb#槧QTFst̾tdjb*Az_͗۠!n-3Xl=s6fv=:ӓػw:mz4j\'N\rmiիQuR\'ٻ{7*PJU+T`<LHH=QT)IMIfxoO4\'k܏vTbݵ;;K4tiggRJyYy\nEћރKBշ_-(AuHgh{Ξ?yk%3Smem-]*U1Gm5t:f:]`Wq;,\n>>TGv˅B! q{pvq垽(m+{{r^8{#\0dܼ} <yB@`7ouv9+sڑU(\n&sXxqx\rùtݺuOWtC\Z5uֱl2Ο@֭iҤ\'Çs	6oիW<y2˗+gǎL4KrA-y뭷:u5M3vX֬Y_ELL/&野\0Æ\r#&&Ǐs9^~e]%SV~[SmdMml7C&Noփ9[oK/ĩS0aNҫƍsǏgٸY_\nz[:]\\\\سggϞRJiӆdLlpf͚E!;ǀ7hRri\r|IPd3{wQ(`ƌ=zԬ2޽;?#Ca׮?4k֜ݻ5×$9r$wf͜?)>bJ~,]///o]v#Go>nʹsر^/EyxxٳgR+>2+t˗/t,_ӝdaÈի,Zʕ+ӲeK.\\v4uo%^!|stٵIvuX*T|}6[nlݺ7o<HmnժU.]W7-[\r6Ya]6iG[_*jԪ֋f]X<&vyJܥdPq)sE귻MWlڃ9cr[6G\\\\Ç19u3\r38sp҂x;nx)幧I	}m|(B -\0$SxQNvg>gvXKHH_~\Z.ch4\ZBBB84`,x?p/ٸqC>^N!^ɹ	2۷h*pWҨMd\'OУ{7\0w\n<4G!{KU@kզ^ƖTר{NΨxb			*Yj2όVwpp0k晪k\0v܉OŊTS\"v2!j\n{;%)Iȍ$GԔ¯=_n8eqcLll,*ͫCݻf瑐Ohf)\'mφ\r2b[,eMltӧNf\r4iي!\r]TMvmYfY۩XA58sTT۷o<V!B!\n$vG@&M$99MR?kϞjf7:(V彽)Vx钓vJoV*H,>G^ӗ_ݢ_*g3g\"_J\"661ۜv;֖)V+Vy$iS}}솸kiwr|SüPخ۷ogϞFϞ7<z&M{</y<&K.ͭ[̙3GҲeKDn[ll,\rbʕ9Y+^pC2Ne}[jݻgtFVETr?\"KWʑI|H⃒<pH8N?ȝ>/*f\r!)@9JӒPDu)Ѩ4aöDy=B>bUso	nt\"+ݾ˳^4~{t4k5t܎{h@fiu9Kܐm\0BDZv!3.\r߂?瓒U_`pj,=x	c|C3osmPHt\'h4\Z^&\0ƍ\Zҫo?>CѣO_ېy?K!hk\r|<rYy^溞z:\ZEf͚6!0 K>h{yOe__N>ΰ]Oh(QR/&2ze\'t,_9x.E7x8Ngז	yz?%0/̯~fM\Z3zD^o|=Kv?7OG|B0GbnJuZ\Z[?sd^v̽9c:))6wΜ=uR8~4ےyޱCصnhh)3vd?h<\0x3K}a;xsл\\x͚29c:RSygNFD9KxyzWJ*q]{߻w\n\"B!B׭~>3RIP.e.Tgسo!\\WWWl)E?#>N|cmڤ	Yetta}6b(M0bYokgP%Ⱦ)i#mmУG&L3xw63/\nTP%@%\0tCܹ3G8۞v	9\n&i\Z=#P>[`ܹsǬyvZ\rݫNEv]))jtiG)_ʕ}a]PeB#lc5+LS*P<!e)ABg(v\rFQf\Zn+]Z24XT?u4\r|?_\Z8~Lԣ8z}ڶgΞ%\"ke}?Mj*xy{:sZҬif̜3|:f,kW?M[fȑL~5jCNGDj(rg.IHU*HIJYStݔE]Ό+_gY3)Z<%KuAqt^bE7Wml^>n?*V9q,ٶ\0,[WϛsEi)3vdߖן̟L?ZJ=_|Eegמ=Y8q!B!ycN\Z&E]~ֵNzv:׮_7u33,aafTޙYcB\'88Ҽys*U@dd$۷ogfhԨ7o&..qѢEիGBBB~Wﹰ{nVZŔ)SL\'6\"7{mBG@>uX&=\\\ZF/K^9DJJ\"}OHRK\0SOSW\\\0	׉W8WWD~Xڊߦ}{q\Z씸[#	߷5)\nC=VoڞFϧ@F[WOQy!=V\n!B!\nqvv2JMI%1	%KzJ~zus{{RVRPңM5wfdT!DNxxx~WjJ6mgQhQ>L߾}%)???\Z6lȀ*Ir	ߕ)Z2)spNwUyHVc|ӱka\\M/4j5?%B!B-7\"=|Kaʓx܋͵2*F[vsނMUj\n	St9ל3+B!B!BceͺM,]+넶8#٪Z?ahML<VZKzB!B$II<Ch={;{\\)䔫e8۷HIJ2;_GG\'J-M57J!B!B!(\0l:M\'ؽu81U5mM`9]!B!)d41W7ofX)B!B!I$AVvnhB!Bae~W@!B!B!B!B!y!B!B!B!B!B!OI`B!B!B!B!B!S\n@ߕB!B!B$A\\_>)B!B!sHzB!B!BB$̛sX\"<y2bgݿ_/m{Y>VB!B!xQ6?BB!B!\"ԯW/٨\\s̈́B!B!IB!B!Bjұ4CT5B!B!BdduB!B!D.oB4ku?x@իW\rmggFuB!B!V+B!B!\"3ƍz\Z\0qy&\'%8!*:\\ͽ(*B!B!w%B!B;J!9ߣH@ZP壇qpp.W}ި\ZRSR(RL+B!B!DY\\:e>E!B!B!A\0vvJxQ~WE!B!B@$R!B!B!͟ǡ=8g\0*1IFQ/dPe:;;;/JMI*\\ U&9򗴿>i!B<\n!B!5{lJ;ocvΟz9rY%z:^{m	h~zZ6j|6B!B!yI+B!BooJ;f\\Bre˲`KII)j$3\r[vz{.PekhOqM3&`E=ݰ@Kpom:\Z\\v6)#}a)/C!BJ!B!B\0?~Fc4=\r7]vyT3!݆\r8x m6k4\Z-.<ILsws#)))k%D\ZF߷h\\4{Zʵ7r29=\'5+Oj޾ IK7J7FflJō훭.C3uWq:b;lL\0L!B!V\n!B!Ǐ3frܗ/\\`!?k,۔S\ZОY3gQB-[dm&p~c:q!T*ΕʨkQرWwȔ/^LƍXh-4>5\Z\0&~3u7jBCp?>/ǎSǶ[L*mi:yATeeiyOz󎜽DF?$)E\n!1ٕg,v9ɿ~Z8z(+\\MTe|NMVzmMa+CqW(9Oi\Z֯O\\cpqvbVQrwkJٹ^{a\"I8fe4WR%NrF-B!ܶYnbvX)B!B@*,\0ISܹU\0@ղxb>,^ƍ/K-[ŋӲEl_4!B8x ˕wŋY`o.2))p54ZMV~:U˗})Ss\\a\\X~C~W#ߩU*\n?O|R-}wv~Z\Zs\\O)ʘ9.`ۆӵ]ojQl܏5XRu7qz{\02G\0\0 \0IDATmv^s!ūC!\'nDpbg*v9=YoIwP(t%W~mj>\Z)Rwв3JUAKzm-5%lj;ld\0Nϭx5\ZU\n\'dI>-۶Tڡjj5*[jLOOR\n[dmypT*i\\(QVm|#q1qQDg݇ Xdf9s	!B2M˸q|N+B!BfϙMTԳ/ǌN~U˦=z󉌌ǇZ͈#x+,[FC^PԬZ\nFC}te9j$zbŊhZzMziO<zCϹ}6V*Ujժyj]:l2^JiݻǤ\'qiWW͍OF|½{h٪%X{{{.\\C5sUTAVӻOoΙJ⻉q*W̧>L2T*zE.Y|92P-_\'OW_ۼ\r+ƲeHMM]vY^4۷}XpW^W*J\\\'׮_ûc~u&?zʾ\\i-AoӪe\\\\IMMvIŖiݱeV*U*\n.Sx=@W-<,\Z`2Zun<quB IKy<NuB.G&\"yMWīvJV.NqRPK+pǪ/t\\L/?c9,~KaWjUsWz^OFu2ݧF\"<Ai|*.)^Zjr\nUl:ؗۓʃ7)=<yhZ*\nb!z_MIIC̏Sq%EIoRzx2NmZ\rܼRS«bE\\nGg;cZ]Z֭[>M+B!Ƹq7nU6B!B!^ߚ\ZԘA]z5y>o.[Jy|?{|||Xf5\0vvv$&&_}MXt)111iM哔č|}nٰikzzzo&~FvYbyF\\r%4}+|rWμ?0\0lۺUrxGݝ@*UXb̙3իd\\\0Ix6{D#**/\r\0jي={j*6mޔ5{s5,XիW.׋e^swscܹ6qHРqsZȜU?[֯6R))\"m27|Kϒ}$({?.Jr*$E$9qxܺ~ޔ>?gA)Z-\ncuS<ʸ\'ըjT>x,EIW{RU<NJ=>l4mCZyN+pFgPjR{b̦|*Ǌ듓3)c+߯%!R_\"!z|w1Ų]<3#&]ݔ)j;^Ssn*)ZSeR\'EIخ0Ƕ,.Omˎ2lR^NU*D׭Kf4$ãp3B7\\.ͫR*du!BXi\rR!B!oqoe|}})^M.03!^\Z\Zܹs|5+hݪ5\'M-jigggj֬ɜshߡuz0|j5m۶v9vnnnԫW/׆Z6~2uTFeHG`\\\\\\ճ{YoѼ{N:;vΝ;sq^\nE\0;~ٿͦpt֝w?OVӭk7\n*wI._}K[UV\0,_ԚSe/\r6pABCCiۦmwxlI\"%	EJPB=(QJQ*yr6HD!CH23d&M6?׵ٙg$w\\	Tzr%wuOQaskۆW_9oXa_;^%p*ݳ[2#f w2\0?<Y?\r(r/plggIE?|\\Kd8#\0)ګE#~+Lzf\0;ƐCΑ;x9\\Px\nz͹Ù:hsy*L{ܳ~_!P.o~WNM#?SWa=~-EaFsnmc8&?ѹ]ش_KـݺaY	\ntܳi5m䩾_.g-	WF	Af\Z7m\nUd΢qӦ$Á2~;KUUҍ!J!Bʕwq7IR!B!Ŋe_ضm\0aaaWx|Q\\0c?6<&44cvP?s-^ČfK/-uT\0n>srss?{l69+d\'l߿ɓ&3l6֯_ϰ]KfffDEyvM:m*w}w\\cIE}[a=aÆJVVWv9cFƛo/_:{11ddd~\\Xh_ԭ9[czÇqYD6n#3~qq=\"oي`GӯLf6\'Sӧ/[Ucn}\0WoǈK\\8;~%vmxaڳHy@ӛh22Yls?=clތ&ӻWOt+r׮M?p?CwSUHr˷/3v<;xS\'ɵ5/pr+\0@iǇ+)C-[[DI~RwB5B`TC\0q-y[9>u^g凞8U\\R+*=55sHH̗oerwlQ;?*r@~^\'Nk|6ꌴr+E3X|)8;v(,mHRTWyurs?yɫ=q#ow=v]׾=}\\\'^:Շn.elP}cŚ_se%ۿy|Mj},~e_p:u~Ev{2k .ٙ>\rnUUq8J2UB!W,J	V\n!B!X	&vVV۶mtE,p&OLpppː;t:Ya=>O\\uEc۷ctt4}KLaaaa4JhW_}E֭X,$%%_(;LIff&QQQdff1N0+ܹsUb\nҢ-_W_}7u}+-SN[R;ZVr8s˂WR3|g~i1)=;vW_ՃGisLBuޚn红Cztv(9n.kȝw\rĉ4hP,q\rbQQ?5BJtw@GW_ϳ!ƍ\0شozЏ?~Gy?d խ+<ǡd\ZԸGt>>]$vUUѝN?;gZ\\suO~^^h|oɓ;f{\0Cym`ߏSgw\0􊃷S9}HHpV+]ׄ}A=B#}-M\r8GllmJ\nV~WsyDv\']\n2I޳Ć{lG-l\nVNmlp7GsKsG\0?\'t97IJs͹-U;?N#e\rpsYe~_KS3Ox|E9ѽ=sUDIX<_Կx)tqצ,לش1;pܮMTuK(-@G|`2K(-	)c.j\"v]]s2`dZ,<w2+:t}g5JoB)-	V\n!B]KAMB!W&i]\Z7j\\de]M}o%&&l2}-\'7q,DDD/rWӶm[bbbK/p3L/4p+Wdˀ+Pyiٳ\':}\0n]믹ڵmǂop/i׶z\Z6hȃ<c?3^V˺*K믯v;:t(,xe+\Z{?~\'NEhDQΆ:wBL?s?In:صkӞ302G9xvI1is~c_ʂ.;z,\'N=G[_]q1k۬ZsY/T\n ̳D4_7\\ׇ\'\n&f<;XlٺӧOsUlJ٣;wU˫Pb2KGw=S\'e+Sc`uA1+`Ng>ŎNFTD8g2}Oᒦ	uG8r8\\8ϹKKu>_ۛe+WpTmF1(Z!Ґ 2:ʪc6̡wYxa\nyݻIF?Y9^yh\'Lo}嚽(;׬ęW5?H9ur%{guB*WK(I6a\nS_*F?~cPs?NTU(?y4I{96\\+J˔exfqp0\'iy\"wq&OP\'.-;d{>ÁV:K:V!BT`?/-B!.c2N\\߂I5!dETT.PE.ޖ|G?h3SI:gf3|>bc,]f3z+~Y7b^z%nVj׮{X.~]өS\'\0]vu?|pM7|C-xb%eI^vmmQ5>S:U(9sл*tfkto_ݧ£<tYf[p}x$\0bcݡʂGD{Z=v}kbq):HV?\n|}j3k(#ﾋ\'(qhw2_raJ~<,[A^=Yb%W;9yT.4Ml:r4MAtv	?И=o69VkѴ\reU`ϕxn	;\'p:>rnRpI8xyK\\uWn8!ǯNᖡiܲ5A!v{ 1%7pwH/	8XKg\"hy#(G+Jhl+iZ9T8Vח߱U)H9;n?¨f=\nVGB,\'LG=LgҼ5΅m\'<8:XpNT\'3\0W8^}\'xؼj3/b8Ed2q2oJ#`kc`c45luz@٩PұR!XYVB!ɂxY\n!De,x_[SU,cPFseQvmVXla%\nƘ1cJ5ӱcGʉ<svĪ|\"5kƒ###6m{E^Ypp0[bxlkěµѣ=z(j[o-\\~\'֭_G׮]sm\ngϞ\0\Z8ȣ+ePPCh?,onҸ1qFuߙ˲L\Z%$x+\'-㼲HK;MlLXrrr7` 999~Ys#G1\Zp]^G&>GaN)h<(Փ%^^7\nF=LzpGx환tvg2bM\0th\0Kx$9垳V>(v|eC+韼wScMd6ő{xiܽ86N\'A8Ol2zlb	{G_-n1-O̯ߩ3q<ހK^^s]Ksw\\	2T]w<*V%9I0eb[Lڦ;4/m[[99b0n8N|xU(}\'+1_iwh|\03Zq{jA;4\\UUPqI\n!BӷOo~\\IR!B\\0\n%}\nKqa)1EUlӦ\r&OrNN\n%4J`]Xr+cʆ\r*%X_l7ʠ\nTYPBKчt{e0}HVv:3^~]3S&2噩<tF		L,8V>uf񒥘fڶi]\Z~\\\'=^z<!>Ɖ\'Y&Oxoĉf\Z%ĳg>cV뗷JdǮhǉ_uԮͩTw],a˯r<;y[nJf2~JTό\',4]:c:S` ]_C؜urD,s(:qǫCd}4D6hAxTlgDFG\rE481M8qDpp0GΝ;*.\\yb>CΫ];U;-Y?W-Og-4G^?*,b	ŠM呝]ΐe	VV«/TYEA6p)M޼`+#@B,I#t0[zOEO4kW9b	p(F6[sL;vVY0**US1MhkdX8(ԝ33΋e4aʄ\\ڬ)l;$m*aRUR+B!*Gy.+B!`Ruem8ׁGV\n!R.M<vU+oܨG\"&N(BGX~Ӫ(`)~z9²+yޙ>\0ߘIDD8gW玙<5~S&=EJaV^GJ>`Q|gq!}\'N2kیg{]\"##˯ʎ}o7ӟB@@\0G兗=b>zo<<}\nӟ#<,G>RͿtJA/YV]׹y\Z18\r]yhSǗf6sLՄhb2w^dLC9YrGҚd6c]h䭷Õ,9s\n\r9zڱkp̏p˶	9ԴҭEat@,]\nyn_XB#\'B!>)6V!IFn!Pv{ǼܷJ?Gul0u\rE1t}<$zPfڗ̊ĭHjJLD4f͚U!c	!BEIMM !BPe~2uVvIfff5W+EӼysʂ\0\0 \0IDATpɑ#Ghڤie]fs!p5nܘÆ]wѢyBuvUJu_W{t,]iDD\0pQB*3Ev͡n]F0\Z,^\r=w쬐1v;f?p攮^a	Sune\" ~:/UUI&⪫`eܜlv^@{o67\0^Ra.-r1Wkyjz.\0[W뼢lo	[-/c\nԋ.})e<h4Mh4:PxSGQd*NSU4MCU(躕sYg!BQO:V\n!BBPi@ilٲ;vHlllu*Ehu$FӮhDup{ﭒy.ְUIΪdt.Fa2]~yD8QaJLaz4Kr[㓟V]C\0&ur,K(-6*?Oe?mK*y\\+*ܜr]oy_IEUm\rWρ}ſI?zhD4)K֪^&F\n	J\n!B\\$X)B!kUTi\Zp8صk5h$00ݻwӲeKf5+ceRU$B>u]s=?,<t~t\rNDTTuRinח%VTw5`BYL\n\rTTUmҨZs.B!HR!B-t8dggSV.S!|2Lp[nQQMuB!Y$AADDEyZU?LF3QQUw)\"6&Tw)B!B!\0	V\n!B^~JoJ^	!\nnV/.J!8T쟴4n.C!B!B\"J!Bq_<ceev~Bp/i\Zx~\\o%4avB!B!B+B!y`2પp8l]Bf;Tt]/sݻ*\\qQIjB!B!B+B!y-?`Tce~2c,+8_8F#&	Ʉʲ,ޢy(U\\d_D%B!B!\"	V\n!BB~H4t]GUUTUnWwiBݎdBUUwX<?`i4\Z<!RwTb%B!B!B`B!8^t*;WtB?\n\"sB!j]׹箒Õ|XPO>+OI[kٻkgν{3gNkضm]vYǩ(RoRoRoRBQχ\n!L\Z$4\"2*گs+dn	V\n!B[|p8ʂkҭR!j6M8u&ǽU9NҩlްS\'Vajz|z|z|zB!BTCu B!Dyޖѭ`ʚ2H7:!.nJo)Ajř3+V>!^隆oYS=2j\ZmԪSK?l۶K &&&!B!.B!Qeru]\0Ryyyf+fۋ9٤1Uut8 -\r#Gѣp(841]wUw	yLU\rM4TMvlRp}e uUw畚1NMMMNy-x[UkߚNϞiYB!Y\n\\!B\\P\n\ni\Z\'N ))x(2Oq\'\'1l>́￩[,+E`0[ʂtę\rVο&Π@BNDEUYmBQip}]pqUfwzSMbtA߼o{C/^B^z.{h,999L:<+q<Xn?\0uy䉔rUmVcM DMM989KU+K㯉\nm+LB!UIB!W0ts%DQ\\rssHq8vN]Cus꺆;qk>vw4WmfMҡC.2.\\Hhh(F=wM7zhǯ:fȾZnuVʂTOL迭y(\0JM7X(*,\\y!X\"77BBB;u&>>B.`ͯkHNNFUUj׮M+:ҡCYb:wl\'==5?<]d\"**V9Uu`6{V\Z999:OOe;T,g22xY7A\\&N|\ZokVX9ʤPNmw!JojZIMMMO`p]wҥK{_.p!yg0!!-B!BT	V\n!BFq?~t8v0h(8bgttWmɓ\'			/O>A\ZD,~!ȿ$9QFkx71T]ʽ{PNyg]8r%f(&\\u]g}FLl-[ԩ7p𲆗-\ZU9]+-\"88ƍDrJ2-ݻw3x*<<9fΜɸq5zov˄<MVd7ӦN{~^276)Ƕ0tԩ}999X,˶h}y۶/رcҬY3n6K]SE*tW_zjf1UUd:y0hPRs*\\\nVWJ{¾KȈ2\r\0طwA<c`uz|z|z|z9u<\"-\\y2$?jMd0ѽnwKzk_>xalH@!ۛΌ3\nr=Os4(	a	O\ZR~\rO.bcnG=NI[r[ʿ&*\\	,zP\\rTju؎gcK.L19؎.o*7nt<@&C3lXGR!BQ~B!\"Ѻuk.2AX339yݡAA1\Z1\ZPPp4UEUUt8@`X(d9֭[iӦ\r&88®,pj_ITUl6t:ٴiSj|SZ;ʂNWQ $bc<uPeϞ=ڥ+!!!dggi&V\\u\0MeJs+^eЮJ:ֹr%e+99En\'44p[,Y_װrJuM	#_˖-ٲeW\\q{ߖ-[hѲ@*/tiiit	Medd0az-QX?`ȝChժeGANNW,畗_)Á@0tc@hD$P.|mW^qWq2\rYYYҵkg|`:ʫ&@)^ϗdtO4\roʮ3|PÔ->h1Yf`Y|x1/G=bTSe↉\\=z{̭3Yt\"ZD`O/L)ۛ^Zrd	CW\r哫?ג-Kn7Z\n_3x$Kx|?	~fgK}]YP	aM~&܂9-<UsA޺U>]7/ss;7VL!Ԫua)M!Bx}kе7KR!BR&>!pPf3¶yb\n`)8spƀ@&#(\nt8pX6j\rnab	kؐtΜ9Cƍٹsg+XlWJs9:U`n/S0SQJ3\'gN6w}*9SR.D2rsQtOTm6:w@hh(ݻw\'>!uѺuk,_+V9Xih}n^yC{%}~lgX\Z4p;T	`0ӧU=+ke6m=֯sgv}IHH`ԽPUg}_xHJJ\nӟSO>E\\\\ēO0i$ƍWaAͲt,Uʸj쒩*/2OfoߞwS?ڴi@DDn_4ƍGYlޘEzz:|4lؐﺛhmMxᇸk]dѣFS~}umڴy#<<#F\Z\ZIy	f1DDD\00uT\0}Qf9Hݻv/`^4@󹯝\0UUQUБ\n&S\0&SǾRn֗`\0v\0yt<OOHZ$\'0s=QFrt]gU\Z=iSOV_EvI=I=I=Uu=/oyWΦixS\0ZD`ο~.#`!|_\\\0%gA1s574h+go4ft\r >4f3kY:\0ԿR{b4AXSuDӰl/\\$XYZ޺U*!>1>G3yLK4B!S-wd@B!P%it6X`d;c=tKjZm=Ԃө;q*݁#7jE44U%	|Owę3ghРl.(e˩SAAArlg,?c\nfs/.KQ	vvXmk-ik1vZOsuûꪫؾ};}o.#pҥk֬aݺu5&X,v5o@4zADF0ǔƑ#Ghذ!aaE0(\n:tSNq%ظ8N:EvN6PrrrHMMAE/hؠ!s/?-~naÆ޽Dvډba箝űgׯOxxxv*nY_j>KHH1;$::={8cG;h4wvN, !!ѣFd|Gh4p88|0ӧMg,X)L:+V2f\ZƱk.سwqqqP%gx;=߿\ZUA@`ɀp\n+[o\"9y\"0es+<d,x{!-4͚]ʄOxpa0|=B{o}sk$RoRo{=WԺc_4&7%=hޘ+^It}L5)/I]ߛnճVYwj_䱯SN=֯q*Cd˛|nΑu4y]I)u׭\0\0X\\gB!$X)B!D)f\"\"\"\\FғS;q\nSLt,/9m;\'o$NmtMC躎=!͚ҸV~ptiipPVJ]ZQ,&Mл-?r:\\3f~nB@Q5رҟw\\õ,:@ҹsߛ5\\:5kָ	 6_{-`\Zt;xv*v9Fߡx	i>_&}uls#=z`ӦMnqv♧!((f3\0l{3޽ݻ{n\\ۇ6- YY+Yz5;wf\0у]}/]PVVŽ=j(E]׹Umv̈́&=vw,W$88=zr޽6m۰uVر}ڵ9WầLxMl:>p˲W&M\Z[hԁgL`` OOS&{V\Z4ZqProқ]IߤߤߪR1?4ԍ:SO^*\0UT+6D}˹\r%-]S1,^;u~un\0V|Y˖4hČaRa5!Bq1`B!(ӡ(8Njũ;edEAղFꦿ	3\0X5%Ǖ#\"pM{lQ3#?WfƏ?f͚lUVl6f3/;v[ns=\0tԉz[݊5f`tsnn.FF5\\a1\'\'s4J?{оmר*7LK#˯ʵ8@ݺuIIIn{\rۿHڵ5Oi%Ibуuq[gZyۦO۶miO.3rH<=m<>TղZ,~g\0\Z5jĠA\Z\'\"\"bccsaʂKpb!;;Yμ4oۦ->sN@{Ϟ=|<ē^4cg@K~ju,LϹ>޿w~\Z6,{ԤH=%z|z|빢lH@ڝ6n(XMÛHi;XJް㜵\'vZVOۘE3COXt\"SI`, _qjv㹟<uELyn\'p8 0PC`u7\n!Bq1/B!Bl@Ru\'5UE=qԚ,#\"H\Zrщ->r͊f%	°gec){@ϳpj:E`4a8,XO<ٽ{770rI:,3tj(f3NL&w-+r%di2ѹ4M#++PFAZlNxtūn}->/C׮zC73%Yt#999|E^۷oM6>W&Ɓ8s			^g3yyys֛S^}-[ƥ^Jpp0͚5cԯWϗ	\'xܼvZ#\"\"{ldرji5jԈogossrr<W,2N~377 rv_cll,;vDtttW-nkm躳[)/ɠۇb*P`2|\0ԩϳt\nƎ\rcAMbьtkh۶m<H=I=I=]<|Ìu{2\0#}#W{}fu\\mլǴ՞7?NVzkH=u4~qmcپϼ3dn]z+θbzk+-sDC2..џA~o==\'s[݁Kw1|uh̜9>]wߍPB!@:V\n!BQJNIvlq\ZG~ؖ-	֜I\Z>6bڷ!a(!rr0bK=[[2Tll6{+hdhтl6c\nЭځ:+!(% t?,F\Ze/wW\\AQFe2+d<㭷v7v:\\쌃塚9.ræM8vR	\0\0 \0IDATp!vv7&:M0\Zѧ4E!))o6Im=.11e˗qmk?Ya=?0\0:t?c@WŤI|٧m]~x^z<꫌;#y>̜9.2rsshc-Zb\nsK-E\"\"\"زe-Z.5kpW/ФIbXf\rzbڵ4nؽm|2-_n]ԩS!\"4M=WY<X̙С#4&q-xuu8HLL4u,]QQQ\0} /\n6[_#<M}oqw+[UӿQYܸFd >,?W}L%nw}qonGb	C~,nozØc ݩӥN.W.cǓ}IJqxc&DFf7|Wg֞tuW1Ĳ>T%+|3G1\0Nͬ\rlmiЉKzOgc\Z`cNq]WhsURJub\ZS!B?	V\n!B+\ncK;_nͣ1D6la\'$2ÆGfNNb`I~\\T5EQ0Uҝl6ӦMK*lsδiS|wş1cU`@XᦛWySx}XBQBBʼ,xNٲe+V >!xh255N:\ZuG%.[ҟzcլXp}Oر#\r\Z4o!%%WI]ve&ln棏>bqDGGsGiRR}]&=?쐔tҨѣS״*dU۷MҠAO^},q\r\Z0l0[vm#E;WׯVQF5.}2tK.a	ZBo}E4\0իS\"22{F㾿]v|+]B8ނܩ#;u,3$y}[mVVRoRoRoRm6͆zrǥY2K.t1-o/8~/`߭n7߸q*Jdb\"@4]B;>>ϱw]ɾU\n!B!+B!EםNtMCw((Q?.$\'#^(MU	}bw8P\"BB1:vsokh\0*::F#EA)psD/۶ml63w\\Mi3EطoO&22RV\nQ!\'\ZiDԩS\rW*&L@qQiԩ֭ߧK.$N\",,iԮ]ܹ;xY\r+ХK:wLzz:ltr!6mħ~Z%͛{\r=Ƙ1cWg=U^Y2×-oyڽ\r6}.h4A-]TVhժUDFFҹ]:~tvѮ]b2\Z\0m>ƍILLNm\'ZxBP&@)#.FKFWw	B!B\\]q\rpMϗ`B!(TDtikIpM	0G\0J	5p\rV+9v-oK\0C\':V2Mbb\"7xb.i_Icw߹.T\Z&IBTPT.miL]\0\r0JWhr[7z\rXnk֬a͚5Eܹ37-E[; ϊaJGQKL&ׯg޼y<s9?+oXYHlic0\rB<q\rԭR,777ǷVB!BuzeΗ`B!~8qA:qru8*ϣYjN.I`HG7Hݴ(g81+h0`!6m\n3<3g?С:;T[n]v^.BT%,\'L(AA(C`?L&\nD:UFEy:M}ou֬[CbQFtԩJ:U}{[`hUZ(&TUeӦM\\k{_[5UԒv\nDTjz|z|z|zB!BT	V\n!BӉ먚t4y6ĉz)&F	]ZUEEEB+ի̤YfFoμy\n\n\"22XRSSٻwoiq:}BB0\nrrpm(i2X,`ew1LO !>B<no2ܝ+k֢cǎ]BQ:I=I=մzɪ.BQS4f5BR`B!~t\'k\Z\ZÈH8E|]5`Exݺt}q1G˲\0\\**Tlplڴ	N@@@jի7o8NÉo%99<BBBxغu+B*`6CLJTݎz2\0.Y-(t1BTBz|z|i!B!EB!P<\Z:;uT)\"܌#kۑcGC^V:	!\'#кui{H<.P\n%3b@q:(l9(X,.RwHEQ0L8NZl>d2:_yƔpU` YzX!(5ß[MG!B!.O	!B!<tZ\'D8B+	Ś)(cYMz?iYתE1Rӕh\'P<<ƫwfɾ!DlE{T)KQU־־ZRJ][[-E;M	%b$H\"d#Hd2IDݟՙgs94H9\0%Ʌʗ\ZB@Vcccc\n)j\ZZ/nT*cjZ<u>B!mEh8c\\n#^\'i4\nŽvvvmEuc4v>rp\"Ų;Pt\rܼs1w^_ޮ\\y3H.cLlx꼙]kLLSMZ\ZxAwٲ~ESݜy|ܼS_Wj)ߟB\"+V\n!Ba\"QߕmpA#bNBl,..D߽ǩ95h\0<nDGFb??zwC}XJR(B!Bܹd);v$66Ѫ׷0yT֭@llŊhӦG̚5[~ɓ\'x{gh<=z0x``Y}$qǸܖ\\)ŀ:]NbYFbdGoBaGNPvu\0<xb*W34Xbο3g\0}H>C9uVcoZ:ѰIڃ~Z͠Chg1EbiY)n~Nq3gO峏>m/}<!eJ!B!L+V&iС\Zp)S\Z{>	:9ƅ	ݷ\"huZvl%6:CǏq)R*w(RRTYirBB!kgtԁS&\'O={.`Ō3D9{>BC0	(:DFFҨm!{@MfϞJ0`2Lcr[1Nd$:Zձ3˗q3ɓD*\'G\0;t!l(\"ӢJK-	UT?㓖_ja)3?+\\EyrKpuur*tT$2qNB:}m+תmV\n!Ba$tV&k/=k a-]I](\n1Z\08,}\nR6Vj%m.xs_B!^~[湫Ǎ\0o$elll\09b0iа>#GQs|U`ܶ1Nر/eժXuX[\'q_\\)թDZex<1w3n5|U4WjUТ-f9˖%yS]0IzX	ٸ10-jwޱa`Su])s`gDGHJJ&u//+FtK{\n/>;Cw2hvlY֚>׷\Ziq2$j}?fjٸlƨzD^4ez_/O}[[	JiE@\0TBC<0zb3 6܈Zfr-Yf1=cPyŎYIy/^zӫS퓋,_,JJJʰ+	\Z**\\~a\\<ww>w*y5OF}./0\n*@ַ-Q>Jsl}L0qctgO3aDvlkkk}9;91~g鎿Zefcʽ0Rnl~rR43|LvCģTV*תNݩ[@6]3Q[iѦ9#\'兢Zsޫ-q8Aw8\\pILݧu]SS9u6cs`B!Dn\'B!BHT$%Bp |^D\\b.HRB,ZP1\"^jWԬ<!V\"CTPP;BXoNGBEFFԩShkUD˶V&y<<\\bE,K<~[Mvic</ Ԗ˖xy=dh}aml7ѢE$Z-Z\n\rqtC>ݝ3b:)yOԭF93F_Xiuݸdʔh<ݻ۳`;}>Ϟ訤Ml͕!*cB	TPvi\n+_]ө:\Z1\'`7ֽ;鴿YE#F܊E˝-)PŚx[csQ+$hq{3VP>oپh&¿rh\\K8{;`oe/L]iH+N6-⏭)<w0kʷ:~S*\rH)P2UI3Dʖ/CLL_XJϩ1Tլ[χu\0vvR_NW= {bsx\'w־ݦ;Htщ9f,NcrfS\'3gO9mL)הZFIˎ|ܩښĄDOwZf=\'b4IL\r\r\'pښ^5Ēk/<zM>`_prvWi\n+3.S)SgJet?!\",,LtB!%NF!))	FCBBqqq<{\"((Efk\'O\'Kē\'(bc9:f2OB-Р\01\0(PCo/\Zہ\n7`R|S ֮.U*\"\"\"Xj..oJ*NNN888`oo-j\Z+++T*VVV(\"44T\n+%xqϙ5}\Z,ᯠXz%=:rGKID8G4{Brl+\Z<xƏ{>n\n)޾g.]S	-[6g옑U.jkĵ2ѣG7]jm?c1.P*XǶooG\"\"L)@4eJP66\n\nfاO_[7Ç*T{.Ν\0XY#)	]cEdv])߼bM=gի\ZJF\rk[g@5ucǶ?y\\iuZrg\04M1ԗzk]crk**k	H|\'L3oШ\0f~=o22n*?Yo߼i>\Z[}xz%&$R[\\{4S|f2jhf܋.2jFɫ~-?0MgLVoZ.߁L)ʬ׽r#Ώkh~LcXy,~j,T{՜ej/k&_)4yvЦ5^-~xr}-){?Bf*[α3{\'ɛ1(B!		\r\rՕĸ8yxQ\nT<A%\Z$B\nMV<\ZPVA$}h0CRքW,B!,Fj\\\\0j06nL^0vxp?C8zd?g䭼|=w|Ӡ1=өsWZR_j絬\\N\"#3bD#Wv\"4c1.@;;ppP`kkz2R`||rQލIj}={^wd\"\0NNQ(R%y@oӪUJ=z<>ZEכ*$\0gk>4cǅH_\n(z\ZBE*m|\'~s.=`ŵ{yU^A\Z/#Ab\"kAר^z6EѧK_RX͸֐kAרPBc*U 4Ǌ8s1ܼyZZn朊U9yqȬ/J6qMK܋2SXBnN\0ڷF\r>a~qtdD$cO%RĹ\\h}ve߯$M.S95KGNARBSd+p!BF0ue8;;sM*W=Ϣ[&!}t\Z*%JRR@\n*J|>عIDN~,$$\'\'lBCs:\0DGEgH\Z.M6Jgg\'͂s)_\n\'|\rǍa煒/\\\0{fϞ\07(˷~,Hܶ1N\0ܻWebY=/Ұ\rlGf\\mFrt\"н{J\nE)\n8ٍ~ƍqlǁ	YjJx^ͬJ=v{Q֭,gZC<VZ%FPe:r:47nl{̪~uGS(Y_Ɯ3gǖ6]w30.<[7 yM61{ڜ,e*Nï`)S\Z[P]LWؕmtA|خ^voޝs{2~t_)?FW3ΨX/7܋$̔2ZjSΙ>ogҢu\'BJRX)B!	x\"K\\r\\xhlp.U+\nJJ*U*T*JJJDL%JfJ\\x1ۗ!B%\"2ʔTUW]c}^35i@@@t\'$$lYۊ$qǸܖ]ɐ!#	,YˊxuV6\0.$ճ=\0W}Xњ\'rEC2TBώ^7f}uTlѣ	\\JbEke}wNq4kc5ڗ/ξaqa[],]ak\0\0 \0IDATJax5OS-NLɰr}^\\dJdfn?ŉ\']W.\\җ3׬U3\Zqd?Ο9f+gcV?UjTaeX:bX[gJVnYf6,7?)T콟cMi*FMbB\"yZ텗ypj/3<U8cL.SifU\\BVͲ5BSrG5B!%RV`۶m\\rrQdI\\]\\ZDTbPR(P(ZZ\n_JJBҥKر4c!BߘX0w[GQ0}ܑ$\\~^ѱc{\07\0g)ڵ~z7[B\0{Đ#ialgK.t4$qǸܖEkG?.H`KtX-᭷ܶ-FEk3zt<%,, ?i*Rw#8ڡB^+?Μ1ij+34Z\rZ}w`4m%wojq{\r6зW@\\RZH<W,Xwd9s=v>ϕ+:܋{fόy\Za[RIB|B*>~#gׂ1jh:|~>{h4߽v>̗llZkwf111hZV/zҷ(Qg\\svSڼ{iFM$&&{WfXiڴ~-Ȉqi\re*mV?1oh4\ZZ-Gcm,OFc\nS˔{j<xgH^P 7 *B#+V\n!B7BvN9\nWWW֭[Gٲe)^8VNJKyC\")ܿn߾ͥKrXB!j\\rH}YjVVVQLYuN<E\ry]v_|яtԕ$|Ӳe\r\Z\0@йsWyдiv܊[ux!??ɑbԨafim?c1.Ɉ>\\1\"jo\rbVW?Oh<{{;ۧkӼ-71mZ4P*Ԭi6\':2o3:w~Lt{{NujeҥLBqooKЪU SV|pûs?9iY&Qgs}VsG$fY`]T\Zo3T]GHHJ]Zx`sƜYc&&_Kv/ݝgg=nFݤcQՏge\n:y$?H^ءuy*̶6\']˧>vH(ҳtioV?jbf1UתF-̛3\'һs_~?J`9ԫTG[9gXj~Rz,CfƜ<Ʈݔ6~5s#?\0Tdĸa|ؤ	#X\ZaHh~#Y,Zc)Y4:J*1m4Z5Ь̦-1Ɣ2垚2)^Y!x)d	!BZth4\Zh4$$$ǳgψ!**(XZNB ))Ot:)IIIQ(Ͽ\0RIbb\"8;;JҏT*R7͛7)UNNN899=jPTXYY!44_43h-īm9.^@TRD\\v\rVKrUIKhxFm2{TfE~Rsrr\\90+M>GV~\"\rMsID8GrvF\\+v=z^,\ZhVK.b4c1.M\Zb9^n܌!Mky}6S\"UW<fckgg8O\"qɓ71YR!B[r~Jc<ypqq!11$Z-ZF/t̔JKRT*\'_|(J}?))_B2?>cǏ7~K.&Szu`H-2^n)({/FY\Z<bz:w79fmmͪKh(R%{av!M\'ymy+QCS~!c*B!ī$B!BVJkkHܹ3zZ/6\\oѢEyw		?0kE*4v<\"\"gϞiXzƐۡj6ov|=;.]TL;\'\Z̹|Ïܹ{߫+*WdqGPIK~a6?1\\h۪9?dRpJ>zGe-M쌭m\r^n[O\'ymy9aC%,ît!ȕ|KѓFt!\"ˤR!B7HJ^frkAɓ\'Z*6669x:up.\\+XY?C_7WLl2?~<{Ύ7rm<<<h׮$%%1cT±c3fL\\OIJJBј~XzujҦU3~YpnJxgҘ,y-b`[!c΂S*W`̚K۩xv`;Kfڍ-gRYs`ڤ)CG~͛i,*c9q`6{xձ^kM\'ymyka3},c!D&B!7ZB!B:udtMZ?jX`` \'O4<Yp!ֹP43			taPfs[^=N8իqqqhѢTJ+,SNi\n.׮]Ki׮`Ϟ=T*Q(><gCzMZҕ \r荃=͛6f٪_>{ގZaf,;w0m<}T)sP(§c\r4\\77W9\rа~@\'a8|0V|m?c1N\'yT4#Ш xCW!V\n!B7VPiZʗ/J\n\"WXiccCj\0	ӧ\\kB5!v?~\n.ZU)3ܐ7nЯ_?j5jbѢE״Z-ժU3Z-DNJY2-ccpw{og4={K:g7X2BnafShJU؞ϕ9#u2~4+YGȗ7{~NrxF0Wd,5I$q8#B!\"HaB!o B\rF۩T*z-ppp\0ɓ\'_\\v-\n,Y777Z-QQQ_Ɔ>۷osNz4h\0VXANɅ*.4)W޼yiѢ@?~ڵkDfeMO?Ocj׮Mjܹs#GGGG*VHB%>>{qiP*ާlmmX\"ݻw9}4111gۧOdtnE`N!>}x98Ӽʲ`o>&NI]*\nת>Lm//!C*?v\r\n,h-11hOבp:]0yl֮Xo\n(<<ρDܶb1N\'y<B!B!ryB!5ߛeɓ\'9r$_~%>nݺ)RDUٲe]6wa̘1>k׮QvmRsM<==			A_Ã˗/s1}\'Ni2w\\yڵcȐ!Qti;ZMŊٳg\'Nx{{SBbbb\">\nl2ȬYpvvYf@*~\'[[[><<<8p =y5?sηg:e޿N9r~{cǦyu6Zb%+x,-wyZ~qqqc7G|ivExR\Z\rnɑ;wHxDdRޥ#3n堿1{?5֩Y_7l&..Τ9HpAj&5}\Z...iҷwJzmEM8c1N)f\n4_/cf{Yd1\nS۵mРW*T;85sޱjkmvE鿼v̛ErcJfCSZcbb2n*J;/\r˖[,?\'ȑ0MV1+\"+ZzxySѧh;S\n!R!B7l؀<y<<<\r\rEPhQYt)IIIxyyq\0ʕ+۷h4iV(\\v\rRI%CB`߾}iVLHH@eΝ;ϳߟҥKɚ-[lٳrM\0|||HLL\\r믿r9\n*GƆ%JSf\\r888f\ZN<IQtis~Nέx\r$X{Q9s˖-tՕ`mquu=>{ѧ=FF@vlDwN=R2{|\0Ƨe.F\r银L6Zw`ꌹjޔ2z׈Ӯ:YI4_):w%+V3u<el\\]]xIcO>)3LwyH	xZ:L6CFv]A~E\r~.lvҥ1N\'y<\"#:ȾGNPvu\0<xbnFx\ZC܌>[~zY4M6ʬfNɚ9Z:¾S{J{Hvge2rΏx^,GQBB!o˗gڢEP(\n>}+~!hZϟ_3Z͛7_3ʖ-?www<x@\"Eҍu]bbbQW+++/γg8w3%Wj\nZZf˖-YʚMbpsso@dd$:py\n.L|yf6:</p=scee/bg9=ѴiSΝȑ#iР6moŅ> ~%	;\'O\Z\\QRBRر1x{bU{wEՅ)Gg:>Ju\nmaL۽ZT\\1<栔/#3&u++qppɅIfԩSLO0{\\z3f<	=r\0w|a(P ?uxp?$]cƎh9+\'y<I$߫,\"̌8zpqd]ģ*Wd/K\\	K*=*U`OeGc>\r1%svg叫(_rD*#ET$2qNB\nHaB!ovhp{ޔj5{nݺ4lpܹ=Jkkk\n[}a&$\Z,~Q*\\~ˣjIJJٙ\n~J%nnn35!j:KYS{...T4sht888\0c|||BPO<1yTGGG\0ϟoy\Z]ҜsznE?~I~\\\\9ʕ+$ooXBdeJ1ZT*M~G_4*\ng\'\'5#}4]]\\?nE|\0X~#.ccc͙P\']we8lgK.&c1N\'yL-dN\"qym2XzA<%[om%,.+Ra\r=X`Kz<wbHt)Ŭ\06qvXeb~RoQ֐L;7a\'Q+|1SM&	1e)p3&<>KyL\"#\")ޫSozuJ~ܵ}rQzeCCTEv/L4.N\0N%oɨE%<|FBҳ3v3z%JGiݹi|5<n֟w0li&Ȏ`mmͰ/ҹ{\'3g6?42f6K<1^rM_76?Y_Ye{j=|Čf{\"ERQVuzNu9f0oYԓ{ӶC[k׶]|;uAȗ?CFJ׏);0?sm3r\\,5e_Wʼ	\r	`50KyL+5K|8N!D\'B!BRoNzj)+DGGzjt:~~~S|yʕ+ݻwQ(T\\er\r,Y½{~\0@,˗Ν;T}ȗ/>K|z< [YSRPsSn	+Ve6NX):uJ7N#111͖/2[!L*BΘɠغq=űi̜=cEFFԩc|<7һwr_rn+j<I$q\'s;Cwi\'VF};[Rء0͋5t-ՕVI&fPۋ߲r-\'Wi=֎ncXBH?65ބ^>૳_х)_rWN499nufQfc/϶K igvS26odÏq-_پy|ˮc?al׍)c[GO4ILl2)0E\rckOYf+[Wӿ\0lХz|{=19@;tkߍ\nnwӝ?P:ĜEyo>[fM̜=ur匶1u~2\\SjOVWVXZbOZvND$&$~[Po?|r|||ZoX{wc/)[>siBnSއ׬gQTO&链aX1eg,_/o/^Of1Kޯ*gW!Ey!B!BWbB\\r|r\nUV޽{hZv}ߧXbԪe)>}Ç^:=ˋRːd}1CFRvuuMsƊ +Wjժ鿪WN:uZjF期V!/\\\Z6Z\0\Z6xQeE)P(JW?qq/۴ARӭ[!:ظt}\\~ӽgf).]iH$q8ɓ~jSib̽4W&q-@L7Zyh#M_u)Z\n\0??=.2ki秱r&X\0.Kk_Y&JRjSv{[2fƅ|_{|M[ʵuӵ,)X~~҅TTsVm߼^EE3NeOcL5~ɫrլI^:s.HNBﾙ	#x\'\0\0\"L9\Z㣎v÷WwrdWm	I45ĽH-ʪWyOM+j0: ZmͻMeiJ=?޾|5k-2k.`o4_|L>ImTV)y\Z5#\'`}Y˘լIxy{s6;)X~kF\0\0 \0IDAT.֍gB&dJ!BFUS(K@@\0dӦMX[[/_>}Q#oߦ`FEEQ|y(]I)\nU\n o޼_XPP^=r\Z?;YM۷oSlYz-bccCP3]p[[[	\r\rՕjժq]lllP(͛zq-2|S˜[!Bd݃!@rqq6}&\'|ɔ\'2e7Ӡ1`l۶#]3fΦ_W7\rrۊq8c1NdχiU_#0}W)X_g_j漪U=?qެ=8F݂u}]q;=7I6\0\naYqYnnSSn\r\0]ҵ)\\kkki^NZmMys-\Z*UHsB\n_X*y*\n/bЖ{_?{,+/KsN*<~ญ?H?/JV5Z\\iX^^=5e{QB\05TWQ֬UJsr/:sjUd׳}<ye:cV\\p൛ǔ~,yR0^ЫSoVuBzJ!B!D(VeʔQ\\CBѠxEё\n跣6͛T^6mڠj9p\0?YL>>>:g7).\\[fÆ\r\0˗bbbغu+ytyzzkג;kSN?Pxqsf}neDGEt!xcZ\\N\0>كAÆ[to,K\nU8Klll?nǍѷ9\"iλz\Z\'Oy-ǒ.]$q8cɜVa6L_GNF\r¶mt/ݝY5g=ܱ,ݞvu+˙VgpxgUf[`gRMcJ?_lزqknƅp$oi&fO{͛dwnYNï`)3g8/SJxb 7ϫ5x >l׊g/rff}|ҹ=_Nkѱ,Ocm,>#\neMcJ?/~͙>ogҢuLBJ!B!@˗$ŋQ\\t0z->S\nܹ_~R8z(*Tm۶h4\ZnݺźuI&L4WJ|Fח3gEɒ%3?Nʕ;v,\\#G嬦HLLd,Y6mHll,7n`͚5g5\Z\r7nۛƍFRRg͚58q__˜s\n!\raӖt+vh(U*U|ic<m?^i}4\r+~9V$y<I$Ojc5WE5@X\\VKSXy2$WOkƪ:^zY}w]i`[kuƪ^൛ǔ~,uېOoq	>kוK!8~85ë5kՌAd{*YƏgS??s^Ԩ˰]+t[[g~n=6[-f\'EvW*4\'k7ͫߢ\Z Q85JSgh~J,aXU9q5<w1VoZXF+~rPk77)X~r\nZ53ڟBןV\n!B7q%9vX[[g8/666TT	Zݻw9u>$11B5E+++ٵk7n ::\ZZ666L2۷ocgg+j:x\nCpBɗ/_V(\nLuN:͛7h4888P|,g}1Gx\\Tj9q6l **$T*μ[899eX`?˗/sN<yf[[[J,/x4$%\n!o\nle_&$$`kk>HPVVV;vl߿>>ބ`Bv˞}p,[8y^ܶb1N\'y<җ՚5fPʵ\Zwvo\0mGiلyKc_\'mqVϔq+\'Wu#G5H|SֽU	gʹ)̨1ì^)0P\n%>VW5kcH1@sJfvS?^\"cS;VmJ%		`u`X,X6_?]ctY|1|\0=:dWcApxa~[ּ+[,m2\n^qk~3zwΎ5~a􅕖=\n~nv7\'k7˸)+#)c~-ti\rǍxV2oNװ~#<J*\Z8>5V}@W@JdjY[οf~O=P*?\'c1֔eL>]=h,|7ׂ1ҏ%W\\a4!!B!BAj55kt;B:H.,Z(J%**M!ʕӷIyOOO\'(]4ZRfK)MͥP((TC+Y\rR\'\'\'㧌e7(Q3A9\n!oVbcǜv_|яtԕ$|Ӳe\r\Z\0@йsWyдiv܊f_*3I\'y<I/\\RM}8 yź2զ2<FBR\n«lN\nCy܎7#GƻYc5-ڔ|OC=~WfN<e%\rnϑ>8Vf,\nXDuhOӇc*ފ(>7ޠS1Wϧ>շ5%)X~Y\'iA\'ϋ~ٖK{bccէ	ó0]zv.V@M֌<F^Z?Ey3yDzwK{]T̞:z#}3gl}KO_eHa<`̘صUSS\Z9aK2pɗ?oĒ_~LW=Ժ3wܣWQ-7kw\ZgɌ0.QP\ZfSއV2zXJ*NRJL;V>L7)c׼	tn!7C(Qܦ1K/!oEXXX׊B!\"t:4\Z\rIIIh4\ZٳgETTAAAt\\!իW)UNNN899=jPTXYYohh(>7Ba71qGQ!G{Ԯ߀93fHgJID8GT\\]ׂҹ=z 000rۊq8c1N:\nl/-^Q!f/!o\",^|lc6yxFxpcNEs(Byz-Yٙ=Γp\\MsLVB!B!\"\r\r;<}DMbOO<<<,PdǄ_^W\0U\nr[Q1N\'y<B.=\nqhaOrB)<F!B9C!+`|8!B!B!Kȟ\'g QHxx8/>E͝w\ZG:m.&MHK.t4$q8cyulT69AFN>Cq/QOPۨs:0{	Ĉqr:BW@VB!B!\">sxx8gΞz/m!^ܶb1N\'y<Nq9A}،f6Bg\\	!ěE\n+B!APt!BBCC_jQepBCC|cd_KҢu[ݿω3=ZWvҥ\\U$y<I$\rBBr:?ө++O!oJ!B!B!rPW:V:cyR4iI\'y<I!B!9EB!Ӿ}{tYn/K\"Eh߾=$&&X!9~4ik7dcN?{dpMJ\')eנּʦldlQPc (Sldo^f	MIҢ~s\'MI?\Z?cvdܽ G1K:Ѱy;~67rJo\ZqN\'?7-KŒ۹ˍ\rq]c?V9זDȶLbBVZM6jժ:CmҲCw8\rĩv+k{ԒIƺj55nLS!o={6C#1Nc8   _Db   ځHKKu$*Uĉ\'?~<.]BT8!+{潺{P1t`,]ŋ/HIMe2c9{z\\\"1aO9I[Oz|bi~[3~f}9NGZcj	7W7omY*$Sz}koq,!eܻmBXϞ=իƍŋԮ]\\cJ,7\0t\Zn\\r\r7nPd7q$$&z~_(W2<=;}cwU}Em8q\"D<ƉxlM]P!1uz7oj\0V|`UKVZ ,+R4ѾcN*DV\"=:=B<èU6ӿa1%fCǛ]_0z\"\"+F݊ağL9o۾xZUKV-gAA<X) UmƇ~HXXtؑ={,+	\n\n\"((<>L)%5i0v[n7Ç<x0޴m:t}RtiK.:u*S7nбcG	棏>֭[yZPpI$xϧG+b*Uv\"\r1VVjjjUVرc̝;wwwq/*Nҷg?\"~Զ,ZҕkٵvfՓ{ҺE.]*OTƆ͘;cu/_SZe@tc矘ܖbR(|вwi4;wiLV}럯oݡC|в[ƭ;?\n%<;c<yʐ/PI~6Ĥ1܎ǃhۑS<MnVtޗ#NV+~6/ࡦJnL֝tc8xh?~B͸vYqԫW:u\Z\Zʑ#GضmԪU͛Svmt\\\\\\hذ!71*QW5^|JrU\0]ITqX5>jO@&m\0ݟ{ЮK5jE^8y@NsbاCY:MZ\\jhݖFOn]sT_z\'OpP*To\'h;_ZmVUwG<x|x(ʣGsD<Ɖx\'y3=պ`ܡGT\"\0}į&1w\\n<)f-ɍg׸`Ϝ\0nr;&מ\\9?ۚ<21kc\ZJEpuse;{v>6,u\")}7u|\njo</+1aEA [cŴoLƶm8y$+VUV;vd9vX==:yV7ݬ0T)LGzkŔqS1fXp!׮]̙3,[Ǝkv5jD\\\\r\nK,ԯ_-[%$$дiSΝ;Ǯ]عs\'gΜiӦ$%%Y} X-UTJ*C>KX ۲e6lϏ05N;}<a3MCj^\"غc7NDUI,\\w%zVdh2$99?2_~j+R\06JBar[Eʊ/^ruV-gyܸ}5K2tP_.\\+?sBޭSuseRҰ2MJ/.]x镙6iRJЋa/K]*.ϕk׳l秙ۣ_GZ1e,ά_QDV/Lt4/^k4c8.ihVL\r2MD=!!!ܸqݹ%Kr9ӧҝbÆ\r̚5+G+kS\"+5c}UԨʥ++׮N+VZ5>jAzڕ*+X\ZNW#k\Z:wh͌ٿhI79Atҍg\0<cnkmZs3:kqn_e۶MЧ@\0FCBb\"E\\[g>\0t큻;Ǐ&U;7:wulVV\'1NcmK<r߫\rQrO?l2FT؝ĔH]eyt]lbJ̹%R;GGGR)u`ϓs\\ TL=0AAX) 5~QԩS			ٙ~1y7C/b޽o,jTvvvld-Iv|W>JE	3}~z*U=QQQO(JDpOpp0!!!ۗ۷ohѢ<O\n*kkkڶmK-f͚lْ֭[S~}|||t?ZvvvTP&MЦM5k{h&h۶-~!4l֭ؐ[#uU-[$66\Z5j pwwN:lْ-ZPre%k׎.]Nv`̙4k\\+~????ׯO֭iٲ%իW[Е\r		~jՊ-[ҠABBBLڢ۔k۶mK۶mIMMښŋD.]t%24&W\'\'\'*WLfhӦ\r͛7r8::f;B\rqi۶n?=CM߄!jVZV=p$RT4|.k3\rezd=^asųgIr9Un-ΞFxx[w]>9ZY|<lݜ][%=JE-YPb9]+lR?.d6i4mV,Î?5+nӴkkk+Z5o̡uΞ@\Z`cmMf_~b25qŚwYb5ښMs\nm[d\ZC\\Dez\"ԩSTPgw.>>;;;k\n\r	ɹwreKs+.\n{z5Kޣ\'89HOYRݍԭY~ҴnNs^T,>>*9~j5k#\0n=;wf:|-ޚ{p\0~q\n-ӌ\ZN\08;;1|g9SVg+h+Ɖx\'1Nē/ko/ +\Zln;;mWn.]起RݞHfKxw1zz|)]V\\˃rZUlS[Ϟ>m/|IzwC\\4RLоC4ߒp[<y`=3}JT&3*%2gl+VڶUNX<oI?~[K`BbVoY̿4jHyvc\\ҧeON+,5y1\\\nx[>b}zmdvNbΪ%SK7ΫT&0_^  HA\Zj&uhu`{Nq\0\0 \0IDATIDDWǗ횪Yf\\9l0ټy3ˋO?ٶ+cƌɴ[z.h+ގrʀfKO\n*w666+W2vXƏBN:H$*j{rJ3pww~(JT*^ZMDD/^dڵ9rD^%ؽ{7|\rTX2eʰsNƍ޽{	\n\n\"\"\"D7mO?{ަMʙ3gtOjj*ԪUTʔ)S:t(k׮\\r$\"\"+ǨQ>|8.]bŊ*T(ӿ7vaccX,YR7V$HfѢE2SL\rP(Fѣ8;;SfMR)}Caݺu/_Lh>dLw8~ff8YBRbٕR?woH{|צ5ۓ-FsT*|mڈı#i\\a6[fזbH8Mv~eee7Iɺ^^9nϗKT8w\'\'Ö٠[}ē8&16}РY[5Y		8;ÉK?yqww///^w777u?J*%<4T\"ۋG[GOcs}ݸ$$&kgt=Q2z^>,/,RzϞ=c诩Vr{h>ؤI#&~;Y%zL0M<_D<Ɖx\'^yNZ4;\'O}ѥEL8]_c\\e̩_ޑ.Ijw7tz|,?ilieWs38\r=ҋ6;n2wlCpKf666Y͔\'򃋜v?_\r\"zmt2,%pu~6ʥxΞ]{;.~:-X\r^iߡhۜs!nߌ39fS\';\'>;1Zn.LSzYON+\',9i߬#Q<kOpY:ȬfiYٸnf/bq;c^S~4dGA%+A6)aÆ|駬[.D$?NLL111?~lל_횣UV۷;w6}||0`_~	2LxsfAmd/_F@\\ H?ػw/nnnrq$	<yZMTT,_G3ޞp?ٙ\'Nb\nΞ={}ٱqFN8{OYz5ǎSw<44+W u{.([,^$<J$/_εk(Z(zh,X\0JEhh\\dIn޼]oz^k(0qX?~wwwcyD&j*N<I@@\0>|LFHHF5**J77o$44;;;Ξ=۴4o&XօKWK$(ێiلBYrԴLǥR)vFTt]\\.GT+fU8;`LvmY*LL._<\n&7V\ZĚ6P4HpgǦպ{pu眜IJĐ>-\'~OMذz1_X\\y\0\\3t2M$00/\'%%V&tttŋz9NvА \0Bر{DE蕳=}9;oO\rKiת&eb\ZV-[&Q͍UK|j_ :xys5	(-d<z}->:/5۷R;?pSXlRV\'1Nc\'{/ФhdRdR6f[ʭʾJȤ2&VۛnϜzJ\"\rJ\\\\m>3\"MG[3`IK]gOCtR\0<vVUwFgL\"T	@ޘsǟfձhb&8b\0)cY`Yל9yޝб~n:ÿ\ZF:5\0(\\$qߏchݱ5i>o4+nKP*HnXb.j|r2_9&ʥ+462}]3o(scʬf͔i)1e.WPHQ6{s;	 `\"RAxkL:2es.\\HϞ=)Q_um<\\.lٲ-[\\ΡC<Fs6k111zepgj?z#E]vi4P=z4\0͛7׭j{=GGG>>C]bV|>n_~h9sFZurr\"99$;޹sRIB\08~8[M)(([nJ$<!!!ڻ|2>>>xxxp;::SD\nDfD\"N:syu}4_Kqss}zۛV\rf/\\d\\1ŋipLr;\0:uンnubŊgt^}||\'\'Lv0Ϭo߯7:}?DZծ-փظe;}ztATҽs{l9B*Xꯦ3x\"5-[S**Rwn朅x9	$&&1{bK0;tZԴ4㟳lկmY*cӖ$%\'z\\U\\@r1U,_V<um\'^P<[K6nz[ǢE(P/Xt%.ܹ{?W1Wli/SX7ʕ)mu.FBcooOdd$>uyEBCC\"<<K.]~EÆYonLT9z`\0BC9t%J+g{}b96v9vjV`w=7s٬^+k/Ⱦ=]Uk2k/6уxpN	ۋ:uS( NӲE3ݿ?c\Z\'O[<q___|5bYJA[1Nc8q\"}9+BywӻۋŗsA2ORo?|\"+C2[+ҔY`4\rʼ=;Gyz{BsSnIHLy(/\\bՊq)J.|j+$,D﹍̆seD.͕KWir4kՔCΟMZ6ֻ&\\i`?|Ϭ8󂕵U;_:>\ZS㱄79}Zt\r5iϰYW9nv=ƜNcp3e.1\\mq/ g}AA(-֭[9}4wf8piӦ\'|+g@D؞={W^hNO$ES3&66˗3hР\\ej<&99/^pyJ^zq5)1c,~7U Tϟ?xX[[#&͍Djn`VXbd2/^ꊕUڄryWӮΕW\'mll%((WWW%	Y	kjLSAW6\"\"\"SY={ft^ӏ16UN7r>ߎ;VZ%~6]:dqU4s}{v\0[A}{2n̝}TT4nԀ~ðO|]3Yr-aaϒfҦHļSχ3Ra!E7z?ϞϤ?@e:mY*#FĊ5׫eؘҥJDL		tdiڶ>|6މQc~d(J3lֿWW~>G>kk+qڑ1LY.(aMQlZk~ZiV(ܺu)S;o>bcciҤ	qqqlٲE;vеkWlmmYdIV %5 MaAXi{}b96vuҞgw?gvNsj9̜=\'כ*443Q*_5\n[[[ƌ#teN>Cj=sLﲿ?LLr;&5ٳgTr8q\"D<Wt,֑cq-\Znn`ɔS\0h\rQQo~\0?Od\n;;#.=>jeD21\0l߲>􍓸{[?|#\r7aެV0Z&V|DsLqAA79Cmsn޸Ŏ-;صm7;cԄ&cnYH-VsiL=MZ6H  \"#@AxH$fРA,XCl2ʽ{H?9::w</5WV?~<mާ9scdV?joE##Z̀ضmnnn,[wwwyWWW?~Lrr2[jy9I2\'V+q7E+-T*Wԩ6662ij^۳5x\\&|s6|znZkP111/^ׯ`޽KZZ^r_V.]ڤk9cϛ:Qՙ8cH?VrS7Z~FP%8dr9womvTJ^q\nV\"4ygCF|6جߨ,;DZoOO&OCJBTܫV)tnƺkRCcϓ>e۰af>{;;voU=)};.N|7^OZB@1h %qu:BJԨQ*T(C.\r~4e2psH$*`lԬ{ukB{޳gOVVVo3f 11.1j(J%Wcնe\ng\'Gڄ\\!GRS2*6eꇥQc966Y}m+͊ ѵޥ*G\0??ݷJ0aeVаA}\0C}x\"&q\"D<ƉxLF<貢wwz쿿`]6ҬV0*QRGm\r]ې	79r]tw>]qV5o\'?uUD1N?ELO?T*cڅؾ\\A~WoҐu+gJܰvZ4,7>Z19)ex	e2irݶ@:͉XߣDL޹3hԼQ PGbA!bccS=ܹs$\'\'營?<~8bɫv=zWʕ+-R_vÇޞ-[p\\石j*<==Yjopݱ8syY dzϵ[j\'$$iuL2TREV\ZuԡrzqC^^v5[O<xPWnR;6Y)<cBMO\Z;!M+5D$U(L	>*\nyZ.mb9*5rLcVQ)*J׎kRCc:J(w3t`ܵEjt6Ќv3&CVkOISPfzkצtҙRlYjժE2etAURFL+gl˘4\\Ujȓ{4sllwMK{KkïkLCxNiۑ]}?z\Z{cv\08Wƍ߿7\0͛5_ܽ{2hЧ4mZ\0|A8q\"D<٫&K,I\0R)>?h	ee2**wwcOxŰr̩\'>{z>ȏueL黥jpp!֨eYTߝ,C|.A|1K:t5ogAWǏu(\n\'m\Zx*ok~3xsN:~iM*t2}zqKV\0g57c}7L^̩vKZ6lźUy\0),%_\0{uꋯu[]<w㘍G|H]\\|e>?L)saJS*  z oI&e:@u־}Pԭ[WXn]j5˳ݜjݺ5ׯ#m}w\0ۗ]0q7zhϟOtt4۶m#&&&S;x \0n\']dd&QU҃/\0ׯ_%eh+T\0h(TTT)v6=,,L~~~jcOHH 44///݊1Zm҅.///3{e\ZSUEjjjOh;8}216o&vgu=~JP\"ҿRʶ6/\ZԟŋA`:wN2ux׭WΝS( Z#1)6V4i<E{H\r/ϤoY9UV\'1Nc\'{+LdYV9ք.N~o̯ᇇq<;Ü\Zs7tF=lImͩm3>ٓŻpKC$%4ҐvazeoSn)GJ\0{\Zukm6-sKjߥ;Qĥ(DئάzԨL!}1dd9:13>I_O6x^*dbY6!ay?AWR5rH>YӜxݔ2orN5]Bd%C\Z]y2|?{wS*4|9d$F㘍at3cBV]x`/2̅)A\'A\Z}/^dȐ!peog\0jxVٹs\'{iӦy_~S|CvǡCk׮pBvɑ#GtI4\Z?~<ׯÇrΝ;3o<MF͚OϘ1\"EЩS<O\n:ZMz8|0j\Z777J*Jb˖- J9<4mڔ5k֠VqwwbŊ888pa_NX[Trr2f	Hll,۷oG\"GXX*Jﺇ@ڵCRRNNNf▩Ͻ{puuXbrVe?)R-[￣Vdɒ$\'\'i&<==n_۳yf$	f\ZcSofm-~7IPDa.\\;qYl).,+SGw<uWXJqh,2fƌa,ٳ*Ic8q\"ULeF86Mvy\\ms5qs1szgySn).}jӊlg{턛^UstӍ}VF+c+椾%2?7󎎎|9Eer:>7l܀8eVv}7̛ӲPB0oy$u\Zsv}mגv-h\\yvsaJ˫UAA[/R [cÆ\r,\\mC숊bnZWn^/d&;jL[e<fۦk~888иqc/sO߮v>}舣#zg	[άN\nә>}z.\\֯_ȑ#]6ի3vXm-]Pp^9s&]v%=~9sGtt4(J6nH`` \rRɃX|9G!\"\"\"SD\"1899Mtt4#F˗Z*SOaJ.MǎQT<xf͚[ȑ#DEER۬[ ׯ_͜9s]V\0\0 \0IDATOS=v/^f͚d2<xqss`_+-SUP\Z\ZJfprr\"%%ׯl2̔OqFi߾X~=;wֻĉ&ߜMA*[,ǎ˳Jʖ)\'u[b\0oYRTV>Dv*hIM\"D<ƉxoBݽ굫w( {a G0AAA(`j5\nRB --^xArr2$&&r;|תU+\0>#bbbx1(JOTRHLL֭[<\\D\"!%%}PZ5Vҹ==Ν;\\v\rBQQQ>|X.Bݻw#%%+++\\]]ҥK(\nUL&#>>+WL&Ã\0>|ȍ7ppp\\rT*Iז-[4._LBB777|}}trU\"H\Zk||<n\"!!B5)RWWW۷onnn|7\0tԉubkkKbbb7~gggqppL5VVVrGX[]V܉#N	\\ecm3\n*@W$ʭOmyFNT/ѵzb֬Y\'1Nc8P%2\rk7<z.AT \rB˱_ШE#s\\ +WBJAmR8(7w7OwL$V\n  o-s+> 66$թSkkkT*\0R++L[Ujj$IjT@6+ǁL\n.T\riiiJsii˪T*\nnIk3֛4XXv^U*JRWm9ٵmh۷onݺNͅgϊJAH4+AMIb BvDb  &?+V [G|\"@bނK\" L*gmmikehP]Y%e<&J\rCv}6ZL-fŜʊ*Ju2ֶɎĤk˚2 6qttdRx<w[\'1Nc8P\'AAA\n*AS\ZkAMr\"R!\\z%CAurf͝˯@lf,;\Zsdo$1Nc8   _Db P`l	ռ~.2, AMk4+҉xbݛ۩ kAEwa@ub՜1os`kO[:b8q\"D<   B~ BKTRFz\Zu%j $W&PJ% HT\nV	|HI^kԨ E\nҼXAPTT*B&q\"D<ƉxrN2[gwN:?^^ƒމbƩ3}]i|E\"w{AA_O$V\n .RFR#WQ(U(Tj*MrJ-֬H&R*+kk+)6j	H5@Df;\nҼXASe[n\nyGGG7n\"k˗)-\ZȠm\'1Nc8ϿODʌImIʈIa  ¿HA\nRILSHUhiJ5r\nնbKpA(Pt[JJYIVRhVT\\AAO8oc*J5j媍1cѩS&N#ϟw eĈ1^a䨯Fjٞ/H\nZR8q\"D<VެPT,\\1]8С=]8AAA0HA\nW	*UjR*^Uqw,E~G(ܝ+;A~v{pjPhK-M_zAB\ZoW=wsue.\nrlmm(\\8~ RFl$m8q\"D<ƉxL3|&80Leүi({onQ#џR/[}tTF۰L0w[w]2$!9ϣ?[D7f8/i2#fד#$6zv-:$V2ûR,Wx<fnįH*_V<vLΡC0 ^/RAADb PQV5+VZ̍{<}OQ3y&&-VIy̚Ө)\\*J\rjfKA0毿f͚w(ox/ ={?LZ*Fٳ7WCAKj\'1Nc\'{f?3p3a.a\\@m2&SfvѝiU!HSV&X\"&UDE(\nFA==X\Z]g\"\"vځamM׶mtK,q3&Ͷ5c!\Zml/IM\nnxWGP(Ӓkxe7t\"R#-&ז6ƥ\re(V	+Wdɒ̝s_eM׮thAAH$V\n W+VWscmHE*oBARTϹrOA@?lUjTj5jf+pVD	\"##Y|92Yެx\'[!wͅKWt[5oCw#	f/(gq!oݹ9غ}o܉9TN:;[\n|2sƌ7obI|b\'1Nc8O&̌j3s	 -YgQi}%&E j~Ie4.XĨ*2&4I̬곈p\0k1fTJ7L0\n@Q̨:QŔ_ۚ{Kx\0l]h0k\rO9L/[Q42%Vj\0NNus[7nVre\n`Ȑ\rK -?G	  HA\n\Z*5rgI/sggg?aP)\nwG$!WP^O|w^U6RmMkpss;>e(_.3u,fǅYӃwYjĜCs*^{p\0W^c|;{j̈́Qn}<yJb|l޼ ҫWLf͚eV-Ic8q\"x|e|nϣ?\'tE(5kB5jQٷ̓\'>6V,r\0+{3fsa4ܢwOE?oV=y-iM;Lh\'~9H+*3$dy\'NQs  \"RAIjZ\\	O\"Eppp+V\n[@R͓+Q4iZ/UJ$\"y\0&c񸍍\r.\\{{{j5III\\|7oNzy97oF&aooOdd$~~~ّ9{,)))zsCTT(J=zɓ\'H$O*ҴiS?)_<j߿ϱcPT)QڒÇ9{,/^0zX[[+@3+Wpuvю9}DRw\'OAd2VX\r-Z\0$Ycaj͹_r3WBb\"2jriljф{\0}<=JEhیM[;y6le@h!+׬gԨZIߌzc6<aLc;1Мfuj$!̜9RQ2fƌ+s\n\0DiHA[1Nc8q\"I%yr_ѱXG=:Ƶklͷ63\'S*O6DGqq_ݖ9Rphs܌ZũYV	f/Ɏ(P5\':ӵbAA+X) Lہ_쌃vvvD9zh~!8;k{M}՟IZ20=^R%صktЁ\n*7oݺuM6FJU\0V̙3*T]RN֯_\rR777Vu=cTV!\"\".PjU֭KBBGGGGj׮\\.gɒ%\\p///zAݺuYv-Y&.-[6񰵵RX1J,ٳgIMM%66VݻwM^>SjU>}:7n &&cccݻQF{%{0/_Ц%*W 8(Un	߳䗟IJJ\07W>T*˗*IС[_&~%\ZO.Ӣe1!eK,5wbN~߹!)D,kv\"37x.,Il\n\Z6%5x\'1Nē9(}*}\\t[<JyDeEuf?JTFje,U쬲~/҉i~GXۢV!zzdʣzeiRܿǝj..VB.tlOժWAA5ܗ P y6ZT)oT<ײ&RdV槔s=5kprr\",,ӧO7nuҀL&bŊ.]%K+8rEÃCaooOHHϞ=CVD\"aŊ\\z09w}eÆ\rxyyC\0trbŊ!Xf\rǏH\"#d)T*)V}7\\/Zx\\v\rH_B0i\\vV\\ŋ			ATr\rݪ)))zgw3ۜ%s.wҁȈb۬oى\0<sgVR<APUXZfKŁ}{aYu\"`Ni߯Sc<ߍ\n͇}ymvd?u?/\\z޽ӱc;\0իc<y¸qؾ}6|ArA8q\"D<`˥\08=d^9;57d镥<Iy@2g+Sֻ,NN@RR}wzg.=D}RjHr1^1,`<ʌ\\$&*T\nJݍul\\pykw->w6*Mg^|j򖺄KJA\\~[ &ƆY\\yԗ9s\\ER   Id Hx554\0hѢ8;;cee6m\Zz	immmmuIǎ#((???IMMhѢܸqB\'\0ϟ\'88_o!o/燗2<~Z/\0\'N0Sxx87o2iєP*fݐ;v0rHRRR]b7qqq(JĜ>?ŅOi挅6~]+V[r\0+SK^G*stܐ!痙?0uZ܉9-8ujLak|͉yРAYx!\ns)Sqc\0P^:oj8h{R+)l\\ \"P,e)R7\n( Cd(S6--if4)i~>}\'\\ɝ[^NR&?Ё7n뺟\r\ru\'qcccOt\\5voZQ$(L_~lϬ&|Y89jjYYJS헳v3χ10l&vB=GM5yktժ\'>a#bxΠ-C\0F#oiT,Ǟ\nt}{NȽvʱwgW\rr	}k=@9j{o\\\0LWa*o/ǀ~v!B!B!+v7P(6DPҨQ#zP-!--dN<iJ*4&Yfٜlٲڵk)SZBJQff󤧧S~},)S)&[8yygV\ZAAA8k`L ,ZV(.}gkLB4!Wǩvz\\ܽRR/3ᤥ]ިH\Z\0ȱhYUз{N׸U{^-ϝ<sڧgwzQé?6kQ;c<;=ANO\'9pG%7I<I<I<I<ٛޑ-zչ\rgnQ-*pاU~U緧i~VZBq]	k\0j+2z}\n>ƿz+\"y\ZZB!IbBʗ/@JJJ)GR222ظq#-[xx>?g޼y\0ܹ>a~5k͚չsXx1;v 99___֭K=h\rM6d9@Zٳ)iiӦyή\n!>,_ԩCLLQQQs=\\rd޽{hPT6NGnn)ΜiLgB)\n4\ZULy6V,8^wEGGSNN:łpĢl[9i<#Й(y;{9wϪR\nt-k?f8d\Zss\'iz6_&Qt;۲Wp4)x%5I<I<I<I<BeJ;!B!xX)+K@۟NW^ȑ#L<&Mgz-;n71ȑ#,\\ׯ0|ׯ0Ǐ3`\0=z4ќ9s{!C0fxfՏK2czɔ)Sv\ZFbذatܘ3<C:u+ĝDY3&$RP999رzILL.F\Z6 00+i3]PMvv6XT?4V,^LL[^y{{XlymkgÕs5qM?#j5sʕsy-\\=眜|||Bw\rΞ+˭>B!DQi-(gdpU0Α8s\nG3;UxxxxB!BJ!()))w}Roƾ}xhٲ%\ZXwݻٰa1fZnm1Qe1>ׯ3|p4i19s9s3gҴiS^ywޡbŊl߾yoy\nWqg1nh\Z\ZjկiӦtєW^=S\\@@\0\'O4UЅLczrt҅&MRP(\\|rssM1?.ƘիGvv<﷨jXʹbl~:/_b?gcaڵ-UZ5Z8{ޮ\\/!EQ02O#5C)gj(*^niIMcccB!B\"B!nkׯUV!ЖsrY^yoܸPV\0?0/\"7hU\0+VϓO>iѷvO?\\III,ZΝ;SfMS{Qסqw\rP>hZ]U+Wh4ԬY4\Z\rw\0[l1%eff{q#GN.]FLƍf\0\0 \0IDATe=zVѣLO?4j\ZBAU:m睘HFFO=zBCC{B\nUe=\\9w[%,,rʙTbEw圏?ccXẌ́Eg!WvzqtB.]*vB!Q6Rm\"3+S̩\r~0}8pC 8&8i!B!@B3,Z˗si^J2eh޼9}1U7tekM61gmFVVaaa<䓼(>ҥKL2kF\\\\U?#[U+lɓٿ?\0\r\Z4`ذal߮ۢ9r0p\0>lD-ZD||_AT|gm\'&&ej۵k\0u-t\\[ΝKnn.}h/:83wLgҗAvh4裏\0G%))(yׯ端jժxyy{n9r$vZ*W?LHHW_}vիBի/DGGsϡt?3;w&  \0+KQW(t:V^M\Z5ҥpi.]J^^իWήNsmͳ{n\"##ygXjժѾ}{ƍE9W955uQ~}zANNϟoe:{\rΞ׋+oqFx[!	2BWSc|3qccB!B!$R!̼KXW_}yQ|y믿6mm1c*			dff2m4OΥK1c̛7rʱ}vN:EϞ=-+ɏJݱc<QQQ\0Ӈ~UVYUV\r\n\nh0mojdvʟ~˗s9hذ!H,(##;w2yd*UMΞ=ko{nrssbט<r[m:8;΢صkK.ի(JBBBr\n6%j\\_~ŋ@PV-jԨZ&99]vqQ	iӦjN8zԯ_*U`:uT*qAķ+6l؀vBJbXk׮jQӨQ#&o:\n¥s/(77͛7ȍ7h4-[___Mƿ/eʔpƭJڵk,[gϒFbŊ\0ʤ\\C+NgoI!xOhEVC_:?j{p{GX:pG%I<I<yZ<B!B!0J!0n:\0\Z7nLhh(^^^+W;ұc\"|r6VZe72##ôEutt~|GhZyjԨٳ\'3f`Ŏ*LR1m>w\\_.\\hwW0$dʬY`L8}gѠA5m}6lEbFF\0FW_ѣ3`7rɒ%hZ{[^gN\"+\rk`L*7_RR(WΐBחڵkSfM6JRiJ^S*Sret:JPGӡP(P*jFZjTR41&c˃>vZMٲe			AբM*aH㘅Ξ{A*2eЬY3MɁj@j֬BrΑEXX_*U\08y򤩚Rt\Zrv-\\=oggutٺu+Z*0[iu$,ѢMRbp%I<I<yZ<(+[RAP}?>Pb\\EnRڞ\n\Z(?\ZIƑw)ڬK!$&[q]\r6ϕKf$]6JKhnns,5)Q\\\Zט_?Gݯmqv\rӏho\\D/յ]!ngX)fbccٸq#zBRQfMygi߾t:.]ҥK9uꔩ ܬhKv,~]\r\Z5jdqmp#j-Zt,Z=zp:wڵVm> 1O>9sXٹs\'ڵ>^z1m4SJ\"??ݻe7W_?fVt:֬YChhKWqwBFjZZYQP8gb*8mJtsR*6ƻs\',,,SBdFt,_PS\"+אkyr8sNs&ޭU/#ٵQϹY^NKgX=}׬+/^LJrSU?3q={իC	^d[gvilO\'8&8igLLH$..t=K<N͢]\'Lhz\'4J8}oJ,5z\'=F=a^~LܞX)#L.]eZOF[$OL<j5{|Xli\";BB@oFd3g|	֭ȑ#?~Ǐ?ﻼرcOܹ3			jRx\0U<Bތz-iʕ+ٳgv\Ze˖5|1c<_8t>mۖ+ҳgOL%K\0(SIIIs=1V<r1GZZ\Z>WqBGϏΟ?Ϲshذ$r	!jӦ	ѻ`?&Vfm}.YHtt=8C0bb\Zz(It\ncc=7nY,2ٶ\\isGzE?;ψ__ނ\n6RcQҘm6k6oh)Fe sw;S^\r=B=H>:k{$U\n!]@B\0,!pȑlڴӧOb\nSYf+6gܗ_~		V\Z\nB-SfKpp0\0׮]3ʓOh7\\^=Sɓ\'9}4[iӦ/MOsN6F\0U>#nu\ra-j^E?0TUŕupe\\!w>///XjcƌaȐ!|GӸqc*TPhQ!BXju6甩		f}>a$:att=Fx>qOr㘧SжmNrťkW`|P\\dȐk$D\\\\::3c_{ͣs44jʏ?Z&.ZEdd\n\ZE\"#SX m\\/瞻J%1o^}\02h\\AAIu\\z$4Ĥm[NC\\/$^vjp~3\Z-o{-v\"{u~:mVgAGZNKs٫fY}|<.>wig]==ebϪݼ\Z㞑c.؞~\'i1>/+ϲ^=#ho$scX?B__޽C#;Z5g0i-t}gH\'wdh\rIhB+y\\ٳSkwC#2~si4NnZK[YH8L\ZĢG~7.5u$,79+G>9x\Z՗UG3WC/k2m41V^IM4\\G%U7ߏGW?os\\=-\\:};ڇMʞŦ>ׄkƿplNcX?N.6r®~\nkw\Z[pd_GEG-	\nmXRpp/`>{1!KJ!\nժUä\\b:f-[nݺԩS\"bŊ\\x$*W6l?XaL4^r9)\Z7n̯ʞ={xؽ{7\0M4cEmK:n:6ol`\0<裦;wØ\\i~|<xYfѬY3Sq+u\'Nm6ڷoσ>hj?~8\0aaa{\r6aZjej߳goשSqWqBQt:z=\n´C%B!p6_ǄsKl?Ųekm\'Əh!&LqOi$$<-g1~&j~\r={3}\\Vt2	SW۾=6mRPcG9?et1l|y6}\\e\0?></N߾(y-Y-\nvK|UNUFKw~zu˗fl|2\r\\Z+*\'NT\0`̜~̚̠A酮1o_BzZ2nhogΎO|N|ELٛ~yKնL|b굌9]έ,}p):piTBꝁ·7ߢּ\\\ntwW[⾲<uZ.63?ss~o25^L~\r6	d͢.AvJ\"^,s9#vǙx*?8ȧMo#*`Y6gsitj?>I=ʩoz#L}ϡԝ	\\{ŧ|)\'J/?53u|#m\"agPir\Z.mB`-st8k?_\nhQzAW\0Բnx,~`17n0nJ8Ǿ`k\n\"j\"=ڏu\rjo̊GVS6d`\Zߙ#Ũj&\Z\\].kήaʾ)<\\auTh\0gqbhK~eFq&c8\"=˖~Q5oup[MDPWR}9\n$m{g	39BJ!]O>ۼ;\Z5\n0l\rϛ=ٓ6mPbERRR9s&\0;w6{衇Xd	SLa$\'\'3~xy;t7|Ì3xٷo~iq*\0CgDDD\00qDj5J_ڶmKfohԨ|wk׎-Zi!CK/1qD{=j׮޽{>}:\Z47..]v1uTL8_|m۶Z{ｗ\'xcǎ1}tϙ3g\0T[סqB=IδM/M-0;s]<l\\Xb`ܯ<ov/!Q?OAZ]3x7w<#Am}!\0Ǟ*P]uMrY+j\r֞-om˗/?[EZZ\Ze˖d	\r\rʕ4{xT2㘧Pj2yyР&ң/Wx\rJ\'$dtiKÆ]#/&*\'5sܼMa1׫gLv*VqVn>9YRŋo&Pvl*ǎ\rDĔ\0z͝o2Z}s}l1\Z>̘d_qse3F3$S۷\'e}Gˢ<{BäfX-ϤfՙjeJʱ*}~.(n~x<doBjIg{}6KPÇUA팓L!,\ZS>.9ysNk>8_՛j 7E.)wH:OC,+Sq|GygWěS	I*)Gu;f6Q!x\"#zʾp	bJsO-Ɖ\nbVYo7%VN7/$]ѷ\"b|g^_Wyh(5tt>z^?;պ_X7j3|P*\nǪyx@	 ?GY*]cSOaVYD-Q!Qn3?Z[q/{3\'stt>&xIbзo_ʗ/N6m\0{?>:u2;v,K.eʔ)\\x j֬ĉݻߨQﾣA<N0JŲe˘7o\r\Z4 !!TE(%мysk>Cڶm}7|cQiNP(:u*gfɤRBzE~\nF\Z1|Ν\"44͛ӿVj[^=-Zܹs1bQn]>#Zli1IXx1˖-cʔ)ѰaCLbrCa\nq\'Q(*U!Bww=?p\0\Z5,qWY͞=yZ㘧5T&122\'OjتhmakX>;wZa}%\'d\nc\':\ZCf33P[YnZ1b\\L:Z$WΎAzvb+Ĳ-ye}ʚp\0.g_f|{[r~i;<E[lX&ou\\\n:S`af^&ih|K~v\Z|(\'.6۳.\n쮹P-W㱠m{vdd9NNjmдhwZWow0Daoj+lRu(q<mhSXy}mjUvQ++&\"([]t7Pqn;un6&U\Z)T\ZtyY.Q׏3\nǜ%yw3s.3uG!{HbѩS\'$J[4ibwls6+OF;88?~]vkΩ|||xW\\ueڴiNI\nxyyѷo_t۶m+OQqBqkp.PJP\njm`zs6r{{ſٵGM[شiǼg^R5\Z\Z˗MU)P2$PV(m\nccŋY(s3<\Zz|fNgc 7Q*gص+>f\0?JCEIWr&_#..s3K%$GD>5bte\rxݩZ]wSε(tzܕmdҘ̋{ny;S_wǧB=+MдDuHMɼˢJ-cFsU~h,ebzyaWNkGWS\0> /g8\Zd,\"{+e\'dU>`ZiNqxc3ו%y/.K>&w+IB!B!n\n-Iv̀3T)綰Jùsغu+#OCv	q6W+ZwO~ÖO9`UDINΘT	кuK?k:l©Ӓ$$<-СlݚY,^ڵ97+P&&jR*4FDXɸյʕ-Zxqc.;we3ƍ\\ys\rme\rܬ<骈5kbvFnm1*ux3%ZLۓg?-o_բmkc^J1z嚶,*Ԋ_O+&(q-uXP{5mb7dv:զd߉Xq[\"p\\W.JLkBws{<ݷrտT9w(~e#L[h3R88z9*\"\0\0 \0IDAT$LIlXui261n6Ӯ\"μPּjmJv\n՗U7%M:]S]W`ebzGvߜ%u8sτ¯cΕ*%yw!B!B!BR??&}ȁ8p &L&~`{v$$<-Z0o^0WVb`$S3`ƌ\0{ץ\'M\nʡCD\'?7Ms͹m8իs3b\"c\\c~Qc.5l\rۮNCʕ\0m?*Uۻ7H}JrT_eOjTnqqL;NNcÅ\rdI\r5_<x㼾un\0Vj4}ڔ<iYsv\rЭ-sj.m./,kG>կ5Ĝ|?Z[1LDӂ^8.5έDNQ\\q˩xL$mo8ԝ	wsd_:@NQήB7\\\Z\\qK~;t+)lϱH۷me\0tlRw&[A.LM9f8G1o4{SP!3ޛ5<f8oxޔ0w92C\Zj13vڱR.g\';?	4(>_%׎ʣp8.^hWpoq)Ǚ{&~V5mtýP!q\\χu.{3\'!}HJ!M(p.B(WB!!l=͊w:\0So}{o}FnVxW+QXU6\Z w\ZMbb\Z{c?%Ξ=GxxƏ#&S=UxxxS0`Y*HBy\0ƍbǎrsFRjDG{Yӵ0nuԪb`vu\\(*~\n~~\n+A6N\0hQgY9cE@=z2em-\n&..]P`\rNf7YJ>%F#hձ3h hQsΡV}?i	w=dVlVYoJblmW5yh\ZmdC60ҕ9I	΋p3zm6>Z>afqve<\'br	{3Z=sv \0T2sǑ]\\䦝DRJwϻ}.(DY\r84xӋ%\nmN^=&x]Mn/ns\rYerM;&\Z\\U:L\"e\'?\\	Ij\\rx<	8KZ3qi Sc<Ʃ맨Pуpzj=q쿼Ux8μ&5\'?Rѷ\"Oxt}3?\'}>63wpp3XI^?3kkͮ\\ϻN59y$3p}~j2\rl~/{3\'!}(RRRJBQ=ד-Zc:7RJh4͜\\rϴkL@o5^*T\n[KhZj撝Mff&\\~ׯHӦMP!JΝ;\"00@FZFRVN?wlٲ%TRp())[5ۯƖBc71ڑ7G10N?]k\nm8b#eX(V:p,ps.pJFxxxh{o!G(mTVLva:ħkۨ{nEH5ƄB\Z5		-c||]M)k&+Bx&(T(\"sB,^ӥ𺖊B!B[ɒqqq.\'QiIhccB! \'\\:u%)|EK!%L+Bx$$(TJINR\Z^\nEn	.BWR%zS)	*I<I<yZ<yK;;FVSǑkL!D+Bx\0SRRIhiT*K̥L^JJ0֋TBܮ%nwmgN[BR* 6.b/5|Jf>!D$411OY.Bx~٥5&n\"B!<Za`RF jy@HH++Nx\Z[^N\nhT״q;H2ODR(ǄۄBai$$$$$q9wLi m)yXCBb!B!<CҕJjo+qt	kvv#CB8)4:USZEJ*%*cS+%T*\nJBT*eF`)n[4ymVAȶBܱ<-iGqLqLqLqLB!B#B!<q+p%xՆjT\"*\"y::=z=/ĘPJKDRVVTT\Z>T*Jϯx&B7۔X	X%V\nq;x\"6mj$g3׫J	m8qݒOQb<\"#B!G+BxcJ\0%!@TӓSӃN/)Bx\"T(P\\V*PIjPUL>2Ti<ĹsJ!GܹsX\nVDK!w;OKڑxxxxx\\HPP|(:~qs;3RAVߛu67|oժ7KaI]ʩ6ko9֬gkp).TjtyA#lk}kFF0KԌɫo\rSs%̙swe}%wiT/O3vlɼ/Xۭb2k\"Lٞ=ܶmq\r:y&BQr$R!G2$Q)\r+%Vztz*HrD(/)ׯJaTiIA3& T*j5Hnn[Bwh4SLj5*fJIʕ+ӭ߲%$n8$\'1\\3\'~ٳ^\Zo=Ν0kƌy={Z<xZE41111nNP;h*4}_Ф0˹4n֨c\ZHf/M\Zdvc蠷\051Z0МNW<Cl{=,]_\ZZlőgΙswv}D)ח\'tl>V,y|a<Q*6J;ɞз[?\Z9&m<!p\'IBY%W\Z+AWG\0әS\",Ჸ҂J˘T兗j\"\'\'<Z-Z^N+ȄSJZm?y{{닯/{1&$&&oj;S+Ravl./?Ѹ)==S޽x1,]z8pهja4\0{yKq$\"x\n#8&8&8&=-͎?w*mCyf+W\nMtWsTYPF\rt\'zk31,bk^z\\1U%$\ZjY:Qua]궸mEӢ߇[H??tIbBeL2tYΟ?ύ7J3,!Z*L,ݭ6Ƥ%Je\\hjIRZFՒoJMm!om~o6}i4\ZJc?[9!ǝb3p`>ðao]z6}>ٟ}Y*1J*9&8&8&8&8J<?{\'3e\'\Z\"cRIz<qƱ~*Vd\\qp&,::f4m4>:3/Rտ*\rn&)l촑;G+u\0:0wꜝ\'9+Q?Zmm0>l5VY͈#HHYﲼ]y6xIx}p4J\r7}\Zٓv%jĘ~\r߿ÐdY0	^W󷫿\0h`[>9ޘs>üOs)9J+>UKmpqB˄[CկXZxkԛ[gϼp*[gg)UTzN5ugNR劼9MiU,ۚ|:3އKÓtfaH-,o|\'S?ܙsT\\Ff5*^_R2~*Yϕ+*b[\Zn@k]Y5ЩkGkaԩk\'֬Z0W]eZ]yW:C\\W/_HB$B!<CReRR\\zU\n\rzQT\0TVXS*t:S7cE8FC~~>IJ^J!D0&D\Z+\ZI>>>	{B.ލn|XJ綿X~}ձ-[dm?Ą	K*<$\"x\n#8&8&8v;/ b+Ģks$7D[Ĕ!9+{7+Immϖ	|q>(&,GV3)Í-6űrۙxY/FV3(5rYsv\rSM1%V:sέ,}p):piTBꝝ>/g1G?^2X̍=\\>L(gfOkD6/+0mt~ݶ^^^v4O&އw_]222D29KgVR,q	9~C^|__I[FǏ\\r7^g漏h`[Ν=OT\"ooޤO\\o>3̌LO阝]{c;\\8sNOQpsZ_V!a,MNTy_~;a|އ5mf/g&|/F\Z?zA/X\'ac.[sއx62SbyW8	7qK,s0{lUr_Œ%Y̝ܹԫo_?z|yyTQr)))c!o۶mdeej!n:<j5hs!msss!;;+\'\'Ǵ\rx~~SX)(\'T*>>>V_-ɹs̤e˖y]p*Uv̟ƏfZ[f6\"8b#e/_e\Z52lXR5\0PjM.^{\r\"8{X+UK<\01{;vV$$$$n%^G\02fnU;5G\n}la>mf[!Զvĳnct;BdpO.!x|p1<:/m[6F=_rfxo=]kv-48wq)f\'q)gO5L;68Q?voVD-S[^nuã9|qi>`0wejg??];1MCӏ==E给ڱ㧲lRXΏ]x|1#gs>\\sjKm4!#Ǐqo{rʂt:Tsa/N<ɸXy<$__a?f}w_Opa_jϑ߻9{za8Fyl>__d?Z 7s	!noa5jZƥ<O)k&+BnܸAhh(+W&00Z&j\\~/V,s+W4\"//\"RU\n!^e\\eJh4$K-6\\!#?p)cReijs5ғ@)\Zˌ5oO~KZN\Zy<\0T%oM6gAѴ|S囒x5Ѣ<@Ԑr{<o7x_զ]v\nEJEE>v~y\nlMjVy9;Q\Z]\\(E\0K<F\':X	|rKs\'5xivichШE[F\r8~E2JF<Y^z-t|{X\"4lο9#ץ*t:d.gυ9{l<PаIE[tFڕ4N?LkwS^1iݠ-[RF5hJZ5,Zuͻ>YمQ90|0{\"KNU^ʂ4\Z\Z\roS2!(1\"Qre󓊕Bt:OWby6JccV5Ut:VBQ\\$cF1%X\Z-IB!-6maӦ-Edhh(/_lٛOKK#$$D㔊OqLqLqLqxNzUMm}d,\"{+e\'dU>`Z몌:r<T~ޕ1ߒzͪ5~k\0oO%L(`zw+1\"U+\r%(uz\"+E9=\'A\"%7OX9DFETRnox{1+5TN:o6}z0jNWק$gVƫy?`&gOɧ,Zȑ70!l=_͗_fo9=4)}<B$V\n!m燏Oi\"pA`_ɘhT*d%$&ZmܼRB[j$*+V\ZB!luޭ[dݯy~]O˖UDOa$$$nx6\\`$ꇱbٜ٩+]Ethv\n|gNBOq\"\"L?dP}YuJGުR+~y|T~qet{^;͎?wз8K/c+uډꞺ۽b}Yۥq4oo=cV_E:[#{J<ݙ>%6hԀ=ﵨo>>\Zo\ryyu(i:u.F\ZԨU4ҔXkޕsO?Hv;r(áѩk\'b5WXʠ$[/ѧ/Z9l)E+B6jG|\ZO<VXKcryIJcJ@*μ⤱\n1x2\\0xJ!E??HzDGL0Evh.]+1111gi\\1NDP?eE1y~|;oL;)ͧXΚkx4hU	;šCog4ޭjaR֧,$NA}TQ<Li>(:-}띎];h!vۖhնݾJܜܒ\nͮ}{wXS;ad(ZpQ;Qm_B+uTuUqQpժuV[ZZwEk(T@vd			Hs]$<y}FH<QXe-4훷1}{F3q3ԧ	$	N?V`;*)~-Z{:zQx!rj|8888`ǖJS^upѻSޘ<ݐ6q\0\0 \0IDATN1xG:v*b~}_1Y}W?\'soO&PkӲMK^	\n8{fF4:g؏0c,޴\n6훷qDTl:C^`zn(,(ķwK69>ڶĕKWuV^:w	~[nIII>5Z%\0mk {\"JDJ\"\"\"\"d2T(E9R%UV*\nE\"KբJթ}Qa\r#HPX%9ڴiy 8dQ7mڔix֮񵶑0͒\0чytcݘGg_}{z,6;A*뻭G]mިtY?Bq-\Z0EAxȈeV}hR$yx$#/!/?J-C,F`\Z~4յ=cO]kwv%Sp^{5\0?b<U?eU}o`cGDxya0nșQ:tM0|ƌqX/\nXh%뉴ihܴVƮP1Q`)I)ZcL]nH<CAAaCoX̍B16I3Ъa\0@ۗ\"jxPec0#ry	2:/cp߷ΓC?\'ab$o:̍1_i(.*x;شkycOauZ*x?`\\rכ*9J@DdAjj*?A&\"\"wtk׆-{\'.ӧOO>EQbJſˎTJ\"\nE@ȕe)UVilaebb\"P(T<zu5w2!spvz^Qqʟŋ6~Am2;#O6:[eܽ/n^\Z\Z\ng#UэytcݘG7KCϞ\'GCƈϼW	iglݮrHR\"\0[ۂf͛i\'\Z^Shk5Ž;j˼k/>}2gN:+nn5zHKZj8b%$::\ZWFXX\r^zΝ;_HDTTGTpSVKDTG*~Qz*;JeE*2S4$K+aݘG7эytc\"zNk.=>|7Sǡux\"~O~Az\nb\Z_Az*<yu<u#G+\"\"27VsBj\nƍoQ\0\0V*ڵkqIl߾=z1c\n-TBYbJE%J\"Ze#k{h{Y&m#TP~Ds\ZO2<1ṇ<D}27\nSNEjj\Z6w\"\Z>jfLkݑ rdsǢ*ј |4&H:mŖe5x1oY,VscXt)BBBn:ԨQ۶mCPPݽ{\0(3!\"NR񵶩ˎRJ\"Je%U&TmCDDۓsG,hytcݘG7эyvcY>oA7;US,N\'+pyDGG^bdDDdj#Ksmi+,oTJTUOw~yXڈḥxרoD+蹰yfd2\Z5Jc՞:u\n/Ƶk\0\0[FTTmz㏘?>]GGGχF[mNXc,]_5JJJ0i$\0N<̙3χ7Hɧ+**-[o><x\0YYYY&^y=\Z]tQnX`?\\K>}:zTkH>m\\]H\'\"˥Z(,>EDT斻nUdiEq̣Qu$4w\0\"py\0@V:t(rrrp	8qbCK4爎_;wļyڤ\r**$ܸq#q9ݻ֭S[bڵkݻ7/_iӦ)ی3ӧOG.]o8~8e˖)%&&_~x\"݋K.#F@\\\\S!Z٩u>,ADDߓ\0PA;sbݘ+ 	Ac)))\05klrJH$̘1\r6DÆ\r\'+Vh?k,SL\09rysss	~~~j޷ouԪUQQQ\0I*>|\0о}{x뭷o>e/iii1cZl	OOO̘1O#\"\"\"\"\"\"zݻ_LFdݘ9S 	={xvoӥ<YO&UTSPT\\x\0жm[vکSղeK׵k\0$%UhݻwW{ޣG\0T*۱}v#==]ɓ\'ʯ;uǏcȑBFwy}Q\0]vU.kѢ\0ի\ZTq\np\"\"\"\"\"\"z֘{襤dҐP?c/\rcڴ)&\03g~&?~hР><\'F@(Ϗ8эy*̙p,a$K&\0:d3R|zER`PJDDDDDDQ%y\0\0:egg\0\\]]\0YYY\ZE\"kŴRbaԯ__sbÇc<z\0 ɔ֯_	&ॗ^L&Ý;wcĈQS-[vD&M\0\0Ue6ʕ5kǮEb]|\Zf+?bq4x.^8Ą~ܽwLU%aiEq̣<bcu3E8z=z߶YUL=ǣN!VrduEOCll;Q\"\"\"\"\"ꊅD\\С\0ڵk:۹\0\0brR*7e;\0\0,@!Ӝruu̙3qI<x\0?r5k֨mǏ#55Uk*pquAXXu_GTTgkӧaW\0CFZ\0\0X|	vWA\r<9sAApwOAhh6.]*Nh\'[$i3g4蚺Znx1aol{;\n[$8;\'c,J5їg˖|JgS~vkkoq?^(NNɘ<Yҥbffgk=DDDDDDdXXIDυѣG\0mۦnΝʯ۷o\0|r_\0x+	\0PPP}(F}tppP.SL]{{{`ڵ\0Gիp̙T|0g9oݍ+5֝:\'饶o^8{\\aj8<1~R,[?TcӦ<`hoJGGjcn7\\ZӜ2ŵ1jbc0~o`6Wlۖ5uٷ\0Gga@;IN+/\\X=	矫r|e.Ft@VVmjJQ6yC@@:RlYZ)Y.VsǏ1k,$\'\'#\'\'ׯɓƏ+++̟?񈏏amm	&T(Cv\0\0}$Sѷo_\0+ӧO+&UرcQ\\\\Ga\0@e(xzz\"\"\"Ɠ\'O\r|DDDDDDDdZke֍Lh&M\0!##Skňɓ+`i#2ṇW\n\"#Ű`Ѣ\Zx;VAA\"8;4\Z\0έ8\0AS劌tP(\0oW[u10P-ȑY<\0}<Y\rZT$/n\Zך5.B(fp2j[;vȏCd#K*\'\'D8v>|K8ˋ3U3`֬Yhժ6l؀\0)++صk,Ynݺ\0Zjݻw+ZK,i0k,L8|c,X\0VVVoqFn\ZݻZsbXt)F\Za5j]ݺucҥ6m\ZRRRΝ;cԩFȴ#vm|볲^jA*\"\0 44TcYLLQ}Xڈ̣觘bA>f1*\'?%Z*uȨ+HQ<y^߻W)SBɔQWH5j$II1nTG[[eJŕSxk\r_՝;8.FɴV~nhLNDDDDDDD\\0`\0@ѽ{wm+U(ٸqcٳUpqqU_6xrOOO,YC|#\"\"\"\"\"\"\"Ü<y\n\'O9Ԗ{֮pssCzzrJ@>薏=wDԴ)&il6qqqU<1~IIز%6!\"BÇ;w\n-VYN&.]*ƺu.	)q[^iH.m?P\r Q+LڎOAv`ǎ|[!JJfͬhQ\r|JrQp*p\"\"\"\"\"\"\"\"\"j.%C\0t	#|~EƎ	JS8эybGܼSja(-Ypv.ѐ*\r%$-<yS>2bƦMKvM>dXRXm\0\0nzySoa\0§aquKrvNY8~| ©SpMs?#\"\"\"\"\"7\"\"\"\"\"\"\"\"\"g\\xX0-Z\0X`1Â\0~\r0b0sF+..0ncΝmqj#&EYxThѹJ+r\0Ç;(s<X\"OTۘ1	\00as1xpF<p@c݄	h\nŚS8DGˏ˒%\ZmڶAL22<~:wX!,U=NNDDDDDDDDDkӦ5͛1HHHDzX03i\Z\00i\0pymb]RXڈ̣<HBBFrJCը!S2R \"QY	\0;w\"((=馷nX8^^)\nAdFի]!C2S+wrYwDEѢE*d_\n}G(d:1	%ز%[+ϑs܍.YV=Ӏ+4%8эyLOs`g\'9ZP2]U-[e˜R[jz[ChiW_)ͮؼ>!E(bb\\\\bDDDDDDD+ڰ8эyLȑ@DDDDDD\\;\0A\r<Տ\0vvs \"\"\"\"\"\"2+XIDDՂ\nBaa!6 <OAAmsG \"\"\"\"\"\"2;XIDDՂ7m(Ddl$&&Q̮Nm+8<YZ\"\"\"\"\"\"\"\"CpJ\"\"իLg\"\'\'q@NNNFz~ܷ{Q5Kqyt<DDDDDDDD`a%UG$;3!..΢G7K,\0\02Y3\'!\"\"\"\"\"\"zvq*p\"\"\"\"\"\"\"\"\"*1a;FgiEẓ婈3g $gJ׮|4iI++ba%Qn9b8Ο:8{I~Y[}և?āVr*\"O>-]	:vE\"77פL!..0n\"f\0,XPR8Q{JpTʈoEp,\r+@.ݴ>^ä	@ĸpeW\\ŬYs>v-\"՘5k\\\n\03sڳ\\>Ą8|g`	&f\n6\"fiyʓ#CllӴ?sGG[VJd)\0Jg;K-,iC^Q9bm\0DDDGBB\n\n\ndoozaÆBDDDD\\X\Z..9}QQS\0ӧOú#=j`פJ\"..΢G7KS֙3Eذ!۷磰PVa1\"6A\"Fru.BV[Adّ\ZU/N[_[cK!G0wq#lJ37lȃP4ڤJ1wnGj\"#ѽ{i᩾<K8{6ǋ1r>СҊ[XXIDDB||<<y=zq@r\nY\\IDDDD`꤉D?y]{\"fF癳8zƺSĂsՖ,Wff&]$)YZfiy\0yQ֭ش)ׯK\0\0=z0tF{}U Fxx6bcmYΣ( U|]Y`,L/ҥ:U\0FWΟ/EHkָ`l68{\'OB׮H,4$!Qvc۶|lؐ\rТ5>P#وXXIDDBBBv\nbs!\"ؠe˖?XXIDDDDϽ)9\0̬,b捐dݸB}#<<7Ec}ff&jժ\04i*/_777ddd]_uV-\n6\"fiy\0+@6XFp@zOmJU\na|\n+Me\\\0sN숩S#O\ZSXcG>\0X[\0#AζzCv&$@PAA\"$$`׮|M\"#ň+Z((($R)PPP`(DDDDDfPdfe\020 ߽aAvm]|IR\0޽ٳalʦ*44TcYLLQ}XZfiy\0T\0\08:\n`o/(*WQ{4U((vQ#YmyJԨ~ܑW_UcϞfcD1C߾v	)A7UUPz.LDDTmz{p%s JJ>(U_s\Z\0U~]Ba,TʂH$p\'OS=grnnnHOOWZ	Gtu\04iuD/\"Jm,mD\0@R\'lO+!ĉbmjFTe\"?TEkN7葇~+ѣؿ\0ĉ\"j<2U;o()5ƢE5iJ\"\"64Q5̧#o[e*eBUevܽM0C^^kBZzrY͚5UQ4JQT	\0]1|;\0Z-Hyt<\0!Ĕ)2OaӦ|lݚ_-Dp0SK2Z%\0ܼ)rǦM5?z9re۶687nHмllbyѤbIM?ܺ%O~\n1cD3F^xP!^=Xa\0\0 \0IDATL]Q\\	\"Ν?DDDDDDD ߄2d2>ࣚ>عg/v\r5k\0bر{Oo;<,-A\\u\0@\\u,Xa\0aG޽9ҳ+..0nΝmqj#&m(:Zett.R`Ŋ\\\0X3\0\0&*/>wgjm^hS䏎ϒ%\ZmH~ܪ[WqՕ+\ZڶAL22<~*JpJ\"\"6XEDDDDDDژXd2ݱN{qSoM֘7oC !!ycЦMk\0ĉـQ>BII	4nA`	X6\"fiy#	\"BH|FCG\Z5prJT\nDD8*\nMI1eyd:nX8^^)\nAdfի]!C2QRR /LL,-غ5_yLT}VYɑA$`\"Tc[炨\'1\ryΝs7@+ڰǈ.v=Ům<ֶtW:uXgQẓ1ԧNwJ\0X˖9lc:8^ompEqALrيﯿԘ<ߎ\rXIDDDDDDՙ-4FBbUOV<YZC9RȌXXIDDG$\"\"\"\"\"бK7e666&tLKyt<dg\'0w\"\"\"\"\"\"\"$,$\"j#VƸq_^ڌIV<YZS*(mDDDDDDDTIXXIDD+MǔrYYỶc\0\0PNj9zDUǪ,mDDDTmp*p1%\"\"z~	|V/Cj˻)UνוjSgbՒύz}ucs1住Ixo\n=Jƈñm\ZW`Jٺ^o?P2kb6_q.mUz>SRR\ZS,Hyt<DDDDDDDD`a%U]d2\n1m4\0@ݺu1e>|ϟX,ЫW/&$$~`mm-Z`Fff&\0`ɒ%J0aݻqqq())ŋ\08t_l8::e˖x뭷ܹࠖs8<PTTGGGԫWݻwZ[nĉx!rss^x;wF۶m@HDD,ɀaq;NЬY3sGK\nT$>JҺYbswGpuuwQϫ.ܿ]P\'9q7Fyƀip6\"fiy,@ du̜T$	7W{=qȌXXIDDGW4=T\n+++|ݻrYzz:~GBt\0իW\0P\\\\/\"--\rת2bʕHKKS.8}4<xZcO?G+quܸq.:v\0r\nnݪV+!qs\nKIHDD)))awc;5j#{<0>#tlxw&	M())!).A J*-==W!M6{Ϛ\Z5rw+T*šC JѴiSƸvd2D)EqᤨHO@~ l3[\\YQ-7\0nAp==@ʶ彧o\Z5g%	\r_Þ(?JKO7wg1n\\vOPb2SO*2ߒ9粐ׂXS\\ʶ1F?!pHr T/KةI%`ŢJz.軷T\'UB\\߿9cO,X7`+Eoޘj*:\\~M2~s\r!<:1\nnu}F_\"z\rXiz2AP,\\...غu+Μ9\08<u}qeQ/ƌL+WHբEX۷o#**\n͚5Caa!rssq1eQe`` o><x8w\0@\0.\\uXv-:(:88\0ӧ\08vHDDJhg_½hܰF6 ,}o\Z?e_`_\nyy{>oZ/cuxϫeܗ1bF7s\ZٹlǤqU˕칳x1\0s0s\"˥v>z(,_4FӴT~/?<y}{\0v}\0νV彧9j}Z[[#7?p`7S{]yS?w6ERB999WÝ}@ZZ\ZR*g,\\ѠA}L64\r~׶<&&ƨ-mDĉb$\'K*0e,ͭ\"ԗ-VR.Hq,\ZGN:Iq,DPFsGj*q,iLҾ_XZUvʳv.\'޻⃤$,]t1~V}hx/ޝxFmaa%U5ST{G2\0b/H0l0ԭ[J~M׮]={\0ׯW^>\nw}v7nT*D\"AFF\0O>\r222_,eddY5rP,Y\"H[bV)ӳ/[|.J1| 8Ds,{Ç(]l{Ul۰\"<\0a>\"yyyji=z[ь,{wkbHyb$$>Bmd:H$$\'iFʶӪtgKJuigEH\\7Ξ<W@m8T#1.甎uU̚5۷}\r?7\ZyMz_4),\0SK+c,-Oyrrd|lޜ3gMrw*-qHze=|&*i`\\?QeYxy!g[g\0@Q\nX3\'gV³4+ޝ\\ܐ6DD7!\"\"2<SU(..FII	lllˋ333kԨDD5knݺ(((T*EII	d2\0N)S`ԩeIIIʾ.ŋYf_EzzǏk.L2SLɓ\'?UF>Lweݚ#^\ZSop0Lc\\K(t7FzFF_ѣG|cG1QzgBF\r<q%4n@`Z{ZA{L$굿\0RVVVr\Zn4z9\\\\]|W5~~-\0\0~~-0}4jA$qqq掠yt<e9Sl 44. $ax1aolhKE[mʮS</^uyy}mْT&+g?1zR`x1Dd89%cdFT)ƍ+IprJF``&N(Rk/n*D~=y&o}av4;5F׏ VI\'@W6 $ZnG-~\rty\09O:WsE} $\Zo*.;p}i\\mэr)IA\\}Գn}Wf\"\\܊팫sEH>Rd?29#P\\}\0]2̶EfY1e14!\rc14|B9\0񭃸\ṟGb/Jzt#\\m})%IA[+mquwÓ3$n=r[T=TQ][6P]Ӽ\r?|Oz+7y3BEfg˭-hl7g6|n\rc\n^?FC\"i\Zbھ7y_5\Z3%l}P[b?><cT\"\"}8b%USB8me\0P\\\\*kkkGQձcG4nǏב\nTx#--\rz\0/8qξM:i3/j?[F G<Unn\n\")ZT;NcСCxzz!=7o@\r\0\0M\Z7\'׼Z;C޳Luxedf¹F\r<ArJ2ڶn̬,?Ϝŷѣ4֝:\'̟o^X`A$6\"fiy\0y֭ش)ׯg瀡C Fxx6bcmYVR4`,L/ҥ:U^9wn\r̟/EHkָ`l68{\'OB׮Hm\rc辛u|}A:<u\"A<}}}[s̺gt?\00L|K99=}}\0ۃ5Թ)nfİՋaN:NߚLx%괁(	?ш}\Z}7MlڅXd\\MF\n{_ă=Ah#{0qh8d+Jr|3:F^sڗbqXٻwP}MoP/XdR	6F{ȋv@\0:m IA@r6!PC2G14|sa<;\n\rَ\ZM(mp-}<>M(L#`eW&֝_C?[_B`eYIķ񩥨ѤQw}}׳e~WkC)S`\'+|]}^aס!gC7@:A\"`慙>}J/neG@d-MT/Vtu!fb~@iڮC\'\'m<mҦ{J\n!S	+eîfc\0\0\0?PqǨ6!G$\"jC*acDo{777岔_\"hdrw/b+&&[nU{|ʶO<A\Z50l0|Xr%|Sm/\\\\>qDl޼O]wDDd{m=lmKG_yX\"{ù{lt_n]|7LԔ/~JfHlqLnZhX>wƍp_hW~ϲ|DB°tl\n3\Z!ey\rEc}ff&jժ\04I>C2{%G7K\0^^)ZEjpX-pd#B\0}{.+\0O?-N,ϳaCQ!kRugGzÁ2USy>u\\}\0\r\Z`M52Kekш\Zn\0Xe\0ѦV\0VҢזbM5hTSNBd:VF8ԑg:6>Z{\\Zj!_sWu\"m\0pjuڠ(\r-/!WE:\\rr1\Zr<*ɘ214$yCcϗ!;kPc\0Aj;wx)w͊l &\\^\Z\0\\`e@4Uzl连M-C1]c*?{oА!ma}~wP :._>.>Xe\rVĭ0y~C9kŀy6+ּ]q\Z-CT6nGCh3ffc@6|@Ql*	I%F!\"҇#VQ+M+oԨ\r<x0JJJ/<U[Vct\r/Hcp_y~wHLLDvv6-ZEnΝ;8tHQyyyppphKDD8zr٘F!r\\8D2>aDN/[?2>bL_~p~WK1aL0m3K>K9h/\n\nѸQ}\0+\nW}J]iYS3eO:;;=3YaAvm]|I^oPe111ZZ\ZF@d,- \0\0GG]W1{4?̑Ŏ5jǌw+GgOBC1q١o_; 6{|{N/t.t`t?pAҢi5.ٹgXPz^i7w}iq!U\n$yH}62 5\'Z)&SîmCCАg5*ǰBsxMFwuBC<WM-ϮpcY85ؠj6U̦8\\ϦږUUndz?Uz\Zr6!ϧcso231[	ϗ;o1*xfyj2&0!NjۯUCeH٦OB8##~刧By@[&@X!m\rzgz印.o|||׷G믿c?~ǏWE>}K\0\0۶mwʶ~~~8<\0`ʕ\0\0wwwtNɋF/_(ѳB[AXߕ>ilU>о\r`g3LYf1mVVO=wnFiiS\"8P{}͵uU`=R\nR5\'Oɓ0{<垵#%!ܐbb+\"EYTfiy\0 )[cÆ<DD1q{apBKs@*8Νn#VG/EرõR<-L\nMoTetՖALZ:~0ؿcryyy1SWVcm55یDޣK(ʸ?B| ;eUz=W~UG>-Z˱|oWV}0סNOF{k\'nVXim?8i6[cf܃]e`WQmaa%UEvJ\'\'\'DFFb׮]HHHڵkzSN5L>?._L888iӦ8p PPP\0\0ԩqQ<|CzУGlYYY\0!C\n7JJJмys>HMMErr252Z#\"\"\"\"pSZ+K*n=omŏE]1|;\0^oI,Hyt<\0!Ĕ)2OaӦ|lݚ_-Dp0PTTZ,xʑ6XE QEmbܸ!A?ڱE27mj-	||JKP#1\"\0Cx_TyLFhSε;}m:xtY:b݅Fcp!ڨVeU\'_C]_]ɷs~pDmY2zwBNpjԽB۪2$T~&~Z{G[{敲-ZMՊi$\n]\0\0 \0IDAT~UvIU\\ϦږeGrTWOP1u1`ِ6\n~q1yS|N<_m-+/t]?\"l\nRGuXbLk3MmP mW\rٖ?Ggԛum|Ԡ3ķr!86bT\"\"}*gDDDUK&a7||Zk]QQj֬ӧcƍXjy$&&*ϗAd2 77Ē%KyfYDWhРƏUVaXnL___dff|_bݺuFaa!B!\"##b\nDEE=A]AùбK7tէҶE .:\0 .:,XJfe3w5̣)sg[l肬ڈqA۶GGB*V\0`1	\00aϝ+\Zm۷Á\ZdIF>}2(*Q>j1y֕uJԥ{[츳CO}!G(H%8p~l3$\0{{{jbRI{j,ne 4dߖ1	4o pw3GʉI%L\'г\'xO^!K/C2*OUW힟!mɤoM(x,B6Mnȼt\0TRp̆qCZr=j[/CsC	?JCCφQBHHeR{tL=<d2ϭ[?V&cjCN(\0P23ÊQ\'G:T-4d[UU?\'ɧ|j}🀔xN&b\"JC+̦q=Z~ݻ7ڶm|:T͛+ϙR) \'\'Ǡ>SRR{sC2U;%%-#th\0P\\\\#]ڴiy 8dQ7mڴbci# 2n<\"\0!!\"Ԗר!S2R \"QYPhJ/[&A`=w9JP(\r\"#5^킠l>\0yAdbb	l֭\Z\0}ի0ztrrd1ػ︦>ODEp+\'ZYZDVVluTYWݪuԽj*TH?xD	|?|^9\\|ˏsL1{&yV	h0\Zُ\n|u+oV9fEj]5dRFsYy:zbZi6]#%3ݎtpr܆sX/kw$\'Nx..珁\'j|b\\N8:?i]K7<=6u@Zcl*J7Xn}w#(\\Pa^	*t[5og9;ӽ>H#+\'8~ϻK->qɬ<y\\n!5!($>Xx¡g<qaٺظʵK+ti04wup_b9uX!=!;5KEaةax\'ٻ73P<Nx\n\ZoC1g1m1(Xl\\!G&Xb\rW^jO@;IYaz]yMùJō٥d[l[Bنa\'\"YXo徘^w8jO@7+7L/ݾh,*\"Ճc*?/LD/ax\nQ[\0LkԆ(?(N!DDDzѣQc=z7os&B+++73ҝ;wжm;CDDyGJoHn]TZKiCqe.8gYϴj{4lJ\'\0f8v j6UΝ:R֬e;o;}h!88XG8&݋};kEŭD]A$ERK\'1g>5};лS8~J%E6p\nR\Zcbjqb`]Neg$\"3VwwwL4	ǎChh(ahh{{{|Gh׮t\"\"\"\"\"~Y077ysq9]G:uŒ>>>\ZQoEz#LЇ]]0xW}DD1g>é>$\"wJ~?aiiR\nHNNFll,DDDDDD<ѿ{O,]BJ}y[%7gxuvcaobՆbfEA\Z:11g>é؀U\"J\"\"*1XX_DDDDDD%ʄ)Suӷ\"=oyJMuu*]\\K]  y:11g>é0uDDEDDTbp)p\"\"\"\"\"\"\"ҷGc\"\"\"\"\"\"\"J\"\"*18c%Q\r&}KV\\3A<oFo^ڳ^DDA*@*\0RirÍ[mDߊGc\"\"\"\"\"\"\"J\"\"*18c%QԨQC((ۿwcb<m(̅\'44(WS}?_/ɠS{γ]ԜB4+t\nP~Hͨ<G!+<P7~N\0DDDb͛7P(|W	{y&&&~j*Q[caS<$WA۔$=i_\\s{LMҤ_1?:\"x~y\\:BGۺúzb/|3\n3VQgϞ\ZFFFCD\"#..NNNBDDDDsuT*Łb՚8/^DӶ#::\ZOsGXX8\\\\*`Ҥҹ#\0ھr/mF=<x(ʯ*hӆMO0@}~+k?~`\\sFR*|NQ3\"\"+Dpuu\0#55UiH,8;;+?DD_.^(	RSSѸq\"NDD~h1/Z{?xK3g6Fbۙ~]uFBp-?;ã6\0,TGߊGcGŗhI[Ǟ{YT)5J\"\"*1\\]]YEDDDEϞ=ÀDݼys!|7\'*L\'/4Aýaei&bhؼV^h	m1bJak0y\0ԩj\Z^ͨ<G~pxuRmJ7\"̝W>W$y|\']Q!Чrm8ƶ\0f#j#Y3T)ST2GDǟODTjhkǧN*|zS/OEazQsJ\rw7`ε9xNN_$ǝҧꊥI\Z{ 1?<g{w{|A<?2!04c(pD\n+9~R=MCu/N1W7 ~#+\'?W1ڸxq{ą(HeeO܇b9*NűiH~~\0`Y*t[Cs{sug\'LϺ>V:\"8 E;-]a>!eH\rdʵS۷mB#y(;$W#ĞC1|]1cMF Srg`/j,1^b	݇~QJ\"\"\"\"\"\"Nlg\0}/<ʙ]I\Z-mXU̩бW\n+VǾ?_;,~6mۉ*k@C*YƘ0n,ʕ-aa78/EضmpΞ=ٳflk׶\rfϞFM$$$M6cF~zZɦMV<GӃ;})4Cx\'mߟ6:3C\")F	G2uCf%8TGh\\(#|%\0^}87[T4y\ZG`AVsn\'Oő/Pμt\0|+oQ٪2B^_o霅9L-8^lٓ=`x4*܌̴DD!}%?\'B^[aY^?í_ȪwQK]f1?s+L?sݵuMxW0Ԩ<Uv9u?\\w!7]piw/.T)Ӗ\0^NaZD<;<a|w~ԝˁx	\rH\n!52S[%,m3w*N\Z~RX*hʵ򍠐gix}uiYd$F\",Ώs#~}S^BX/-A`b_oCxG_,`ȱE%#6s~KϔCmU?w:\0FJJ\n\0ѣGx9_E%gYسE6NQ~>v%Dؽ__ڍЯw]Ǡb׍i~:vًmڢ{>wA֮6ֹޏ\0`	\0\0[[[z\0޽~}3^h0\r~Φmy10߼&xy\0\0L26nS\0Pݦ:V6_\"ɴhR2s*mrj]+AWIe\0\0T..]pfanùh\0b႕Vbyre7belUYy*bWo(|H00gEqrʵY.qA+uay>{|b6i4Wȳe%1(߭hluOud}$2XWJrIq:zIep4}\0g}u8wYuBA30+4-aZiqOUwj+4$RHdpj7ou&qZ8Yǥs(~.O^BX9Ϗqp/-:KgGlfm\\/ P[c}?w(okN>u2*\ZNe1vΚJu,[Ϟѡ兆\0x;7GL+x튍?<y/EԨ^fLJW={~\0CCCܽ\0GúUKP223ѽPlXP(;q/Y	R0sxTr㺁k|œaBD`E>^D^0zPW(\nvmZb\0@q>DEǹKzU+aڤpt(SYJEܽ\'^DDh~፺uvɒ/R)>m	6nX__?oVYKfca#yw!<=܎\rT5o!Z\ZWf`Ý}ty:\0@bkwI\'вlKYcsT&Mm.CӨL#<>(:HXF~	yFHzz.=b67Zʋ ;S~-ںp{q%XTl	Rn0wiRtĸtU%2S4#5k&ZNϠ<CeFr\"@lNdBH>.Yǥs(~.O^BX2D\\:KgGlfm\\/1QXXIDDDDDD{wVJWWWm[.^\Zg}*\\q9XV-\0Zzuj؉XtvlVubT>VCJ5c\n~ݶk6l1KٕEJz&\Z֯+W\nW^Gnv\\]`W3~Z _عe\r\'m*ۻ&Y^-=W.}b\0IIx	~۸\n._Ū5]`_Qza*m߃6bJD)toYߧOg1GQZ	dbic{vl\"\\PzU<G<_\nlkjp2wRnoiwͬ?+x]dB&Wa\\$4Y6ZDd˓B3}%5-uԔ{63Qc\0_Aګ9Ѓ(N^)ʯo\n&ej0zZDsN׸z6N1>>QXXIDDDDDDSW8̕68ulmhIK{ּ]2\'-0ga˂	s%:[	33S>~Ѧ\'Μ࿠3w:]DVѭ,ѥc{\0 65\nJي8;)v&~3ff3lܲDanfϦ?KWn`ݪ%073Cn1wle$**͚43`a53\\.T*Ebb\"ZP}GF<͵-\07o#GW9zM=sӽPsr}+ba#yרL#8e[ƽ;.G]F2.G]V.ŝ(1ڜx~G;Uv.\"lVԴҦUe\0\Zm.fp!	\r+\'mN;S\ZC\\j\0RTg3԰2YG{Lu/%e\0I.=m^wc #)\n(܇Ƥka\\:@!Ϻ\'̢5y\\b|K]f{|>;>?B1\"\"\'FDDDDDDD=z2뜯a\Z7CF|k7]vG}v]zNzyKhdtr <vE^*Vgۮl\0вy\\\nޤGophѼq\0I|uj$XUbB\",,\0=C\nOuV;k++[>2ǙzohؼG?vؾ#0w\0;\00`P;wr\0pj|7ڷȳi*888Fňy10)xbX0&5/b=xR.};6|bDS~BmÜks!π\\!ǉ\'u+W;^{\0\Z\n߳1I~-VĤ\0\0R3Sx\'KVy28vmll3uvBBǮ.6YGߺxvpi\0`U{<M!@øMEy+qiҏ=&\'fcDgc/o#lO1G[ږY/yF*/K}oJ7=^6tϺ2-W@!\0r$<<Sd@$01#9k@q8?b\nԗY?SD\"l/ZL_az&5.~㌕DDDDDDDSj2Sere0ih(\n9~?]]\0f^CмiCH A_۟>6ؼnr헽4\0XZZanf:ݱc~TrueY}vl\0K%\\\r?Az		׺Qq\"Wo\0\nXxV)ұ=<j=aa(_g\0_/ի\0\0ƍ\Z]:w,\\o310<X|%|F\r8;J\ZHHFC81*XTkxd8\0\0 \0IDAToEWO_\0gjn:7\n, Wġ	ִX1t<aapr)KsŊ[+uiip0u@׊]6˵L*èp.2k.OGOL;M٦kw$\'Nx..珁\'=\ZsOwCzs\0@4=ѹJō٥dzWl[Bҭ52ħYn	V\r\Z/°S<9r^wP?ل11]ZR7<	i!q\'x<^\\D]Z{Lkt[/1{an\ryz2lꀴǐT}c?nYWXn}w#(\\Pa^	*t[5ouVU?sx7`dOUs~;V	x# uC)qR]\ZKgGG >XCDDOU|sQ\nGժUվk.0@ؼy3z衶c&]вycܹ{8{~\0\03~\ZFzC}\0<Tm*!;_,])[}-^vЯww;qN?uSXjAO[؉Xj|3?m\0y튡wع\0Sg/Wgj***\nW[c:kGNغ}76mۡRr^_7kRۗƀzbÖkLM3\\{^\Z\Z\n+W(cF\'*L\'/<ϟ?ǯdPȁ=J.j@ԉki;=/{o=ob_Ɔչ{sh<FQkֲ)о>>>(t`*ba#yO@I.LDDﯠin@DDD̹+llKiĽu);m\\\ns{~mޘ`&|o`<^Ej[=&W_B{H{.a}2 07iD\0\Z7\0lH&222`bl.o9u> eL\\T)${sƈaSVvLb!g@!Cv]e,qs.a*UzaOH\0\0sgcCjL,V<G\'XIDDDDDDt*-43V/iX>c%\0? R2o6ca~2YgaADDk&/XIDD%.g4Ը\"\"\"\"\"\"\"z[D)fJ\"=6,\'MߊGc*H[\n]TIDDDJ\"\"\"\"\"\"#t#ؤQ*u{Rr\r(D%ͨ<G>OxDD%e]G \"\"bJ\"\"\"\"\"\"ԛ7orJDEE!##CmX[[坉H$9mV~εkY\r\raRP{ظ&FV<G\'V}zDYT٪}{oԬS011ub=l(\rSیz#y1~:\0}-VvP233?׮Æb%,,\0}+ba#yJIDT4O4گs:z(}	\0ϿѦQ[vlف:ꢢ[㕷r)Pw;|\rk4FE[7,o|UFzbJ\"&9wIII3c.\Zh7hӨ-: 59?DQ\ru*Ŏ-;ۉyQJ\"\"\"\"\"\"\"\"\"*r*j^}+\\+pU{?v8/^D{]88VPپ_hҴ%WB歱_*GEEcʔ^+EOoh:\n<sqF\0s+~ܙx3M7\rWqC?x\'1\"/,h#1 XXq?*a񅍞.dsb,Xcbu3cQIťsfff+bJB@655}xP\\;N%f{\r$ڢl˂iH755\\ȑ9H$YTsT{acpj|F?!~?*]vӧc떍pw[0*wGmƢ]ի9~ec,]]v.ҼҷGc7>c\0\\Ʃm*5+ؗߞ?GuWˆ\0vVTGL-c0rrۀaacc]>HUuuo$\ZCSq6K\"\"3V}\nJQB\\./U?)))HNNƵK,֪}{]7o 99i30-Zq_E^TpXXc/V^\0^SNªk\0\0?/[6Ɣ)P\0Z?Hͨ<G\'	 2%fhV(? <vyd	8aչ?<{l֛ۑnJRiT^2_C͕%Yl}\\Zڕk4\\r+z-333,|EtoUC5ㅘf\Z4nvԽ֬XV^/Us7JUPZCl^%/7l8TCMgwlU2kc)?/zw˵s?b)g[SUPںbO~y[`?Խ*EVy.C]ر_FcSPZCUFj@9qVں>{}(WqE2{~ʕtġTHxyEDDDJ\"\"\"\"\"\"PvPvVff&233EgddWq⾆%)$ߤ$$\'\'Ufkվ=]T$&&3ϻw}9,[Zyq4mÆMٛ.b۶j!Ϟ=vmۨlk׶\r.^\08z8WEfca#y4302\0CS<Nx\08~NF:,绝G`H ?ٯӰr$M/Qά|N(p\'VZ\"mx\Zu8%7!v,mdG(|T\'گmK\",	nk%W?A\0TU=e/\0QK5q!~\\EŵWXg?ꖀ޺am7݂1i&ٱOH\n\0>@2ߟ4w?N{{lm܆	ѧ;\\DؓpљŞ<>l#w-SNy^5D^ͳv:lڽ	cc	Kcb\0ת7a} X9]ǩy7_%&MXjg\n\0^9bZk4ibkѴiݣxq~DEEq/\"\"\"\"\"\"Txx8<<<Te]Ttdff\\R{7.ӆ\\qnݺ;;;8::j1U~]tQeN\'k.D@DDZ\nY~#koa?	67m.jϞη\\.GTŽSGD\0111gذ>uf-=XO\0\\#\0رd\0@\n>WƍkOsqX[[/`)066VӬe;#:WN>>>(о9Uca#$P]mwk\\<İÔ.D^}*.ZWUIf\r&\0\ZmeMQF6^^B㽍VK[цf/|2̙1/#^bI\\?y3rQ[@U[e7t,{wEӾYyʒAapA޼v|ǣK0\Z\0гC/_\rlw߫X4kۚ+K\0tY]6BUØ=?bcɣXy)k~)ou~\'ľ{:V%*8t\ny<b3kI.Z\Z~5&\0\Z㧍G/:*9[V}2}{*6mJ͛02jOm;\"\"\"=\\64Tq^6C{!\"\"\"\"\"\"+gdff&RRR\0\004&(YWEx%诸2vxn4{A1rtt;5J9gڔ+RP*a*_?VU\n.I.c;e8;;!**\Z3Զ%}+ba#y4ӭbbClkTESٖ\0dRR2RE}6~/v,mdGBnE\0{!Юc\\m[+7&rG)\Zq/jU#uk~mKzc}ͻT~S/vrf`h\0\\4	Şm\\:?bhi^ͣV-kX_47BРITtz\rjYOX,q㑞 lK{c4\nFjYL07rNXIDDT\"7&DDDDDDD3Vt,$\"?CCC#:::YUӧ鳘Y+mmm;yk\0.]sss\0}i,]\0һJ}Qy10ьTL|y_\nYLw~-Ø1\0p1L=7_m)[\0Yc3r:VݟP1cq]6n^O5ͫMXN_u͠x):@}E9/FUqA8{GY9Mڢq<9,Bמ]5+5USo)8v\r23j1w%5Ӹ?\"\"\"*~	\"lrHOOgQ%;\r\rL-%sʹxMqq#Gi&\0-<sퟖNoE_#y1v4slCP4oQU޾uHӏ<X<,	=/~5Ooً9d4S?[1w|-j5*K\'_zVҨc_alb툅bdd{w=*<\0:@{\'ۻjJ<B.]Syԝ*ժX*[E11h\\RP9BeAciz\\oF*週Ca`S4k&+P_DDD!\"\"\"\"\"\"\"*V9+322tH/edd@.C~K:^;wo\0oay\04?Fœ\'YQQ?a\nzBg*Gcy\'B^\0\028vmlQ?c?\ZQgG!4.\0p;6N{XbG[.-?m	\0p\"hg[T7iECDʥԱߡ\Zͤ3`<v_u̚q-c{ױ|\n$%%A.cmf8eml䱓W<B.MQ\\V.AQl~q/\0:;e5Vg^ľ\0I}m~CM\Z\ZgK#XR/`ߤXWfffg4SxkXDDDDDDDˀgXIDDeXiN}RGxyDXX8ʗwY?#k-#2%G={tԩu<7}Qy10юZC&aQ8y\0iuiOwHHO@Ý0!\\,]_OXbG[._\0./,P?>%5oH_``{\Z\'r2b\rQ?M[4Ӿ%Qӆ3aVGc1ޗJزw3-FhUvρKmu~M=GMDHyIcӦ8bzg/Pbv$:}QcM96b$th߱o_qf5[ݷQl\r(\nmXCv=>Vq.zDDD$ߒ.\\vITTTsk\"\"\"\"\"\"\"R+<<\0T)ˑ7o 225jȧ\"ϝ;w믐?R)R~S5!L-m`jncs\Zʐ7IHIGJkdf=kpܫ;uDǤ\rZý;W_#y1\ZS\rcA\ZSy+SUØ*ۜ-+(M!lDDD\\64TʸW1.e3V}r#5y\071Mj:DʮNN{ng%RoE_#y1T̉l-DD%P֩cmDD[&JSKTX=|۵$(\n,[?N2ٸ>*`?Q(RSX\\	}Qy10桒jɘ0j Ɪx2c#P޾4qQ嵼&XXIDDDDDDDDDR!L-mE`F</èl9̘2\n\0YEQQ/E>\nioR ,8ҷ/<J=:sκA`~ \"\"\"DDDDDDDRIDMcSx6omZٝHHYZý!56Vգ;N R^Uͨ<H9[Vu\"\"\"\"\"\"#u\0\"\"\"\"\"\"\"\"\"ת9du!!4[5=\"#S|eq\Z\Z:zoEq#y$ba%H\rP301	)x<\Z6JZz׃)W*VtHK`]GP<D] \"\"\"\"\"\"=J\"\"\"\"\"\"\"Ҋ#OGhԲz\':zjרo^Y[kޢ\ZKHHqSТmW7I\Z#\"\" 22.Bfvz]\0\0UoD\\	Fzz23嘷p\"## 8yɢo320ю0;9ƍC$d(ܙZ$PzM:[34釈 uJ%+0gTAoblXYZA=]+nOHLğBo\ru=>aظw1L+H7R`i]\ncrʴig`s+L\Z\0PJ\\r	5دjŋ|sDGG#2raΜKL4]:w\088VPۗ=8\ZWq#yHBQ\0h:re֭exB9s&)ʯDϗ\"43VQmڶ}A:ɌШA]w)ۼ;cdc0IhI\'xBSO:tǉ~Jz\rB֟{!\0c&\"::TIHHyEݙsi07Gp%펝8qet#qH7RSȌFb%Z\nw܁\'Bo@jj\ndx	RS~}U]vӧcM/{+0}?]\0x5F/#   WA[QcILT 00MD:-[730uZ\0ʖb2PUu<8+4)TMD#00ɊJ\"\"\"\"\"\"\"*Y*ۚ7m屇?B*pϝpU+ze֡MkOصwC%+1w8N\0^6\0pQTvsU\'1)	=z<\"\"_[݋(S4\0=G\0\0 \0IDATi΂1{T=eD\"҅\\~07ح\'Ԫ]{̙3@055ŵ7ʅ\Z#Fxl_z\r&O\0wZ\0\0wZ:uV^ϟc׮R.:\n<p!\rÆštHʕt&VV^#\Z.ChƌELL\"\\o=\n2XYE`׈\'<UqrČ	\ZX]car90fL<\"`aq5Λm>dke(<6ݐ27k<N^Y.	Na教h֛a]:6^~O7z3t;\rQQ6)9-Nl>;=;qrJ:||PT$~faa%Z8X\ZT1^bP033Ezanf:-kѼi#dF<~CpdTZ	иݛ4˲f]dHM}Rlɳgm?\r,$W4?7vڃ-~GWM;v\nl\"\Zq1/8~o(2SqEl۶?({gϞGmTk/-w%9ZɦM6 cEEɱxqݣдi֯OF&FX\Zю*m%x;vt@c(ALYU?x\rvEZZYlb-[R7ޝ_[7cرD+/_*.ZPT3pnO?YLf%b$`ׯTY>=s~Xr-҆!(&HM@l	7҆PCvV^]13\\vW1lzSi34,oCrK3+og.n=>*}ix=5F\Z*H%PykZ3McŋTJ\"\"\"\"\"\"\"*R6yUl,Jڊ?))m:DfmѶӗW)_bB\",~ngN]F0s<~jTff2\0WX[1ޤeSySS},^a3x^RD@$7Ȑ\\5ڏ?͂\\:uY;2Ғ``PL__?]ls;;;\0ر\0\0xγ\0<xNB*\n6 c99Eoah(ܹxNðafR-D9R)Э[ֿ<,И~k4`Vՙs7oQ2v5V̑b,Y\05ڵ\ZeMK*|T\\i\r)R4+04|{~45<lj	v\0\0S,kL/Ag\0T\0TW\"0$@c槁}+]\0вlKxyiS6ZSf0ҦKq8!28H*C.86\no૸YXH0lNӧe`x89E{\"\"\"\"\"*9y5գr{\r044UY-ضff.~HOϜΘoFgH g.o&333a$3ҸsKgDDDyrjp*aBCGc̹8g[I$HOe\r\Z{-tV-{_904@\"Q&Fw7֭o%KpR	ccewɵ-  ی#yi&&y?NJUQvÇ>8v\r1s	ɞiRu6Hf	$HI*TJcuq1Ш:E,ymnF*\Z7@YZWU^&!%mړPJhY%ܬܱ9*[UF&Œd2	dGDDDDDg$\"\"\"\"\"\"B׻m ==!pfC٦])>{Iظwښ6nv\"55{1\n_\ZհgA$\'`yfR]#==l%eR#HNNͿa=LBZx6B!={?L8+9L`h \"=\'0t@0	C\rpA(ғah Ar:},f\n\0\"&&FeXبn\Zz/Ci%UD0mA<{X!6V?x->{_MAjjzbϞT̟oKg+;+{ٯ?sS\'S2]\n.3qm>-+hW[0NFCj>{\'H|u<bc;/^8{\"\"\"\"\"*9XXIDDDDDDDV;M9q1g2|7|T팕|b%s\0Tr)_i/?3l`;}Ca,!CME$:u=>ݻ\0/\0qѣOpgL{v6zڊj7_/]طs?;;*@Dh:[GQ먫\" uQ몣CuVK7*u#EUȏHH$ yxJ=ZpشGxvKƼYӅ\"ral(\nPY06A,6YQ%\0<U*\0:u9~:vT.jJ̘>[mA<1̙f51fO`XXĔA1\"YՉTX8Coߖ49ah 2\"Rou}gϜ2Fu_h}8s^[\r7Ň)mS,\r^\\m9륳36\Z9spg?&~}[\n\"cǦ̙\\|.Dd\rf2YGDDDDDUKNt쉮=`J׵G{\r~}{*^{kk+|R\r랭חvM]]p!Z#w,\0wnݣ1o5o}?\Z373+ʣ]ܻvD_D\"adTr1Le\n1c-pskXl%vE;x6}Wq#y)o]ukffM-7\0ë)ƍ<wŘ;eƘ7$OҰgllpJVLJm[6y8r$*3lْJG^&bë/^*_g9s0:d4~ڴEbv\"\\V+Lh:|qprEDr.`B	*{p*:ŌXn̍e].Gz;FMӚ.FAhQE-[\ZG#A\"3_\"\"\"\"\"\"\"\"\ng/{JoLDDݽr|&|&bWKfɒe5kfԌ10)D??	\\U!W.ym)f7\\o>+t$FIU+vve]S:dt)caj\Zٳ0nDh\'̸in.˵Э͛ǣVԫgURoѾo7~~ؑ$ffe+[/6t\00lV[us6~M08DA\"F8_S?{]N{C\rx~ӭtq[VܥYnq#6F7_}Bƻ1_E*kʕZ󓰨&yR<{\0\0LT|!;;qqqh֬Y$\"?ٱ&hp!```\0H^Ѧc\n?5)1³KO<v\ZU}qy1~), Tq\"\"\"4CVu\n\"\"2q\0V5:ƴZ\Z5q)p\"\"\"\"\"\"\"\"\"\")uŒZQoEq#yuĥ^00/&&\"pId\"\"\"\"\"\"pJ\"\"\"\"\"\"\"\"\"\"zmی#yKv]UG \"\"\"\"\"\"z-^zU<G!\"*^>Do,w?cUu\"\"zq)p\"\"\"\"\"\"\"\"\"\"zm[\ZcaXXIDDDDDDDDDD𪎠y10}CDDDDDDDr,$\"\"\"\"\"\"\"\"\"׆<G!\"h7~_ԉ|\0{ju\0-B}%hT<v\nv@}ZhjXk6$M2^4oi皑W]hX_$Uܵ>^\rѲQ+u@&ϟBCsѵkb덅DDDDDDDDDDo/bܭl)m?r٩+b_||O]\Z4!>>Jfca#LhK$zEUxUu{?DAciū\0p%ŭX\n[n\n4|܈QN{iOQo/G*vT*(1D_0>3D]Ȩɹkz}<N¶[|\n;~:->J\"\"\"\"\"\"\"\"\"7H@L[X`6gяi=,X7o\0>kkk\\vϢ+]cƎSo310oyJ.CPP&<<ؚ<W/]Eמ]\0/s7/к]+tUh٦NjѪ~ؾ?m٩JI\\][wm0qz\0```Q>#et9m٦%RtF.44Rb6e\"3SqH\rz:XZYb_7mٟͭ9\0ͭ9Ν6\0n޼/\0իcΜqͦo310oy\rͅO*jՊ*]:aku36bS`e##;vd%bb%anSB*XRL{X/`nqln2O/\\6_ϼwocYX`ԨK+dK bb &ՏVXwb`ӭeMTq\Zm\01\\`2VlV,~=[ĐlwpoR;M2}q^G &dD|vR$W7O/n5vGrNrUyBrRbin\"`D8Z8!n$ƏS;SaAAAik0\Z6Ac&ĄDyfth恆5o.|6FBr!l\ZMvعuW0g*\Z6A37C̺XCl7Ү&&T)UVzOKR	q	i\rk:m`4·\\Ъ@̼whdM6O 5%U>z&hKl׮?5j7UQ\"\"z3{;Sx7y&E=Vi-q={l,Ig5kƭ;<cNriRes\0~Fe߅гGwm={tW\0\0Êe:\0 %5˗Tj6ca]7xt예m2a-[,`\0@&8umڊǽ{[K*d8x0cǦ`@X$]mA_Viiv3\Z2W:$lؐ}[))v:U5k2ʔL;8`[0rٶ498xPg.+ڕit>6)>x?NOc\0g1j\n>ٸ4\"pY?pw~Yc\njFH\'bW3iy~||=2e\"nTJbOLEt\'j\n20&bKS\n]y-TUT˥2[װFtl\Z :	vµk.l+Rͫ\\/^p3:b\'sKGл/{b]J|C~+Pv-sar?ᓇ=8|B3\'}Aýq߸eD?yqfMOinuo%FS{9U)U|OuF+B\\DTCDDc(~u_󾜋pMTϧRV{Um/CCC%=S7[%\0$%a{Q&:vL[<֮P\"\"zs9O1ٳgpww\0d2HR#//وCf=Π0uxo\n8xdvo\05`m֞=pVh;ְ1Xr	\n/wҧ\r)3EDU#\"\"9;v. ɋt>/|hgk||bb\"uۂЪ|G[zy\n\0k\0\00}gXk\0c=gD?}|`®)l۶5FFFm]zAe:Gآy10}\0b-ZcpSQ\r\ng3*,MǏkIu/D\\/`n.T\n\Z@ݺ_[>F?MģI#DFt,#((\0-1~j0&s^^>fE04󕯕&׹xEHKX6DA\"Wx7Vhn<\Z>>m/p/+\\i!t`N2jCܱ4bh+ͅՏVY]AeI2)̷+X.<{);˚ekc|;,_q1qXVGa8s-D_G\'[N8{=\r*桙Ӹ^}eJKnN?=;0ag\0|a衊v׮^ǚ`oU\nDtڴ߰3\nJ>vT{m03\ZoE]e$RM4U~^wZw3)9T\'8:ݻ\'aRsʢ6~)w-/Q7u\r1VMqRaY6XIDDDDDDD喝\Z5ajj\ns33C,qϑ֞=0]G£k_xW\0koolڎ]S9.!!͂g7ybV5\0x)C>9wĜ%]|^LY@\rkЦUR8r>ŐqR!\"`,뫼&LA?EQ¢ʢ-^:vvy*bc捫ŢK˝My10}@|vjMMUֆ3Y+t0ի1/6Vuf(WWyՠQQ:\0\nsx{\'cӦLeǵ\\v\0*QQN晙ErKÕc֦[It>֬h_#_;\Zu?\0\n@l FV~l%IN䋓a-bD0l_XD޽my\0=۫qp¤\'cB3ih!\0U\"EkѪp\r1g*>p\r_阖mv/zV9+!RϿGEQ%]M肾S1#d~w׮^׺d̟\0-BÚppUm_x6\\Kܗ4[eqbbJ\0PG^SF7!\"\"\"\"\"\"\";»];S:onCF\'}ѮM+;q\ZV}섑223 q,Eƍz\"lٱj\0\0 \0IDATa̩\06nE^h ܣ~?\0Xnڱg,*=#3.ݿk,Y9lk_,Cƍp2~Q1\'s.ܹXK텳VZ[[#115kdXYY\0vއ;`uuv6XJ;M#y[\0x;vda˖LLi&>\Z5-w_XeZܠXYw2qdNC8t(gb^2g.?LƵkyظ~~4EZMj\"@~L\nmrSebrk2\nGE`5Z$N\rCs}fŗMΫq5yh!ԱǰE\0g?7a]\Z|~\r߬3Uf>Iepsո?uVZ;*o@ΝAüq<y\'8Cbdk^R1ce߮`ect,[V]l޽Y8y2@&FX:ƍyL\"\"_,$\"\"\"\"\"\"r{O.hqZvmTk>=aՊR|8?LMLTuܻI56ǿ֝X0k:$\Z>6oߥ6%ӣƍ\Zbrz[Ԩag.z=iu<w.]Tѥ;u\'Na8=\0g\r.@v{Uӷ\"4<-\0`L3̜ism[vğWe.]ƺ-qj\"\"Ѭ\"#j.gg~XĉL(/8v,}$Сlѕ۷3M Sx2ÔC3f23-IQXi?2Y\0B,}13H\nyidyIӞꥫ7l<1ɸ@~aFr[^M[JKߺ~.M6pU266.q_}phaʣEA\024,^Մ6y]6M̓Uu:oXWNLHDs\\R%Y^?w\"ϻ_+mJ&&\"|cVgW \"\"UADDDDDDDo:>|KY֮W0g:BR\\FF&7={Cؗ2-3\nXYZՙ=s*ZI5}<\nKX[vBY)5~278F_X5\0bٲ\0`\0&Oϟ\0bc0mLXLV𪎠y10}S[Z\"%hRn]nT.̛g\04˧r%*m׬ɀT\n|M\0`j:G$>\\y!YE\rɬ	&Os+ܹ/4&c|>1)\0|i>EC߻+=狈\0Y-X]v\0.FAhQVhǢڦ5\\|i>2)Bo)m,]+˻]\0\0.ós\Z 7\'e丑|lEك;}FU?f}Q3ox)GVo7ovX1uz=222 J{L0CFWקP]:8sL6йkҦ\"%ֳ]\")}>ġ$fd`hT~rl@~~>R).Ŭ)=w5SPPP2f`h$[llɢJ\"\0XIDDDDDDD	Wg.ն+L.^ADꗑQ\Z\n3JfxVHL*NNn.L,/((P,׵Â30_&Oa>G~swo/\\_~GG,j	!V-_GZjaР3*NJfca#LD\"O??忇mhٳ_]Yct@c|JE07T\nLb(XKcLt$FTMfM]}㓊 0vl\"\ZK%kݮ1$\\e+gx{NFC>C\ZX+ڭ{fH#ZgԚks3PtVȃ=bI0nL\n[ltX>/!a^\01exYץ-ɭ>,`PO}<B~:v?}vT>K,ı1yTux\'Y-ꊄ4tnoQ)`̜9b_Ī[\Zm&m*=j͗3}ޮ\0h٦%f/zzY<?ϧB^njծ^Ķ[g@ti\nTVZa+sV5u})mJ\0r%\"\"&/DDDDDDD={ww?d2HR#//وCf-Otl}Dx\rV\0\0Ɓ][Pf\rMiP?_O[6Z{+zܗ+¦VM9N؉\0)E˷0lq~lݱ[BBc`GC/lں		IXxJߚ+~~ōC[Of~ۧAD:;`bhF6VԤD\\<{B(.= 2rg׫b4<-몼ˍI$Ԥ|1qrT!z8Y_Q\ZtFTCmitlIX\\CQz\"Liz 8\Z5q)p\"\"\"\"\"\"\"*g(=Brr\n~3&cq\00q,7:JuE?`׾_3ZnjxSx#8D,F~AJBcsgb_У߇x3+q¶E/hl#<¥_cެj[\ZcauR׾·\\D.Eŉ5XTIDD*8c%f$\"zjJ#G휱d6cauej\Z\0ζ$TL\"\'ceʣW!>>T@*7Û>ce#ưy_EAi:c%鯪H^10oy^W,obQ%O{XXMDDDDDDDDDDDDSjwؽm?<-QUrD)1\"\"2`a%[hG*3IߊИGӷ<DDDDDDD$gP+^+lë:<-ɱH._:\0GEeo310oyD/ Py-ԨS,QHKܘ/R}4{l&WͅbDwGJϕTrWin:UPsC:GskRCQ׹*1}y0FU~}\'\"zq)p\"\"\"\"\"\"\"\"\"\"(qߌ*|/bnHHH@lS#GW!:a֬=EKW_\"++NN0)2ĻL5UzU<G\'\0e?2mu?EB\'S|:(Ȥx݆``(FxX\rtUO&ţ}`}47%HӃUCyxq$^i^&\Z\n002Ujwc-JtE$RzgG\'_`оQba%	-󝏜\n? `\nLE_*ݼy,]?ͭ9⣑cQ-0\"ųgł/ֶ6:wTLT)DߊИGӷ<%IOaϞ,lߞZU4~8t(Pfib[>0Wa*pum\rγj\0jUJs-Q;Ԧ)|O~\'þ\n%7)*8]^f,,1a6c\0sM\0zk׬`};~U)^00oy\rͅO*jՊ*]jS`nSBfK`wfOVprqYpqX..ؾ=S^^Hb0|x\nԉD[35n\0{fM>EFJA|Tei`a\Zh#SA\"yfHrJZRkm\0_gsDp3Ҷk	Ҷߟ#^0j\n?d*i6ۃWwn5.{lؤ8J+jl%-Z|{`n.2/-?\nTύ\"b	n/B׷#bn.HC]UK>1_G;ͅbĜ^AXk[Iw4ͅbDsQ_WWI.NkwqXDP[%x7^>:uц(Hwoe^bجX|t#HI`}~N{ \"F\rZ><96@Eݎj*e1$$\'=U]I	\\8[C¾\Z$ةhSG9pkK{ 3ڔvUSvMeq_Rs^$R]4{K{&g1\"\"XH*cou.^ƞ=p1}.\\²+m٣;-[)suQm?<-\0Ksgmݻ\0wcj2R۬,L88bg޻r%^^	pv6իjre/z`6ƎM7`T\nss$Vh(eڨ_?KGq<h\r#9!Beyn33RRpH6> #Gѣ\0JgO\r,1iRjעq8I)-.-̷&mB箉A\raߣ}prýHx?aUUh_=e6|K_4Kǟǘ3cnt\'OP׬.;PrE-:\\2\rnkNZ3I|<=UϓC>0DAn:bB\0%\\ހFaRxXgW4>m!t_{?Ac304?>D>6qס?`j㊜x|`%~{M{XR[BXnFc+#00V	\0?B6!+Eڃc\Zԟuw>Scĩ076ǐ擱Ncuw~z\'\\\\GBb$f\n~\Z)^;bbՍ1>VWp/w=@\\i.E[\Z4~)\0 i(|; +QҖqr>C}`A}S&J~n@p`8[8#2%N>[J{gBKW3趒{M	E	=35yiʎ3VH>r*Jbb\"``ei?995k\0L\0\ZIIaB||\0ɓldeߒ6ca\0ci02aŊx6BBjGO?5\0{wVc͞<`VKqv6ͯckd(5m|kUkP񽓓XVmv<K£GUWO(ݛldS80|cQbۊu:wMm4Ws*E_=\0[ 6cEj,M|u+h=z\0̝s^F\'Ҕ &!0 2þ\nW}jƽM,^X\r`R\0`j\nǁ2&d|SMH*4tA:M}q` Lm\\\0&\\.}q^\0HR?6p	aA6	l:\0\"C1\0@d(k4\Z0W+yKlAl\008v\r,XA~R?Vi\"_[+SןEҶl]N 6_XcZei\0x~|6}5ZLݳ\0}ȯ}ڽ}h{li-W+Wz>[tg&4y&%9FDD3V&LA?jղԶ}m%XktIpqiysg!8?WUM#y[\0弫ULhjZrWa1da!bTTJu#\n\r/-޾6aaJc-ձ)`MTTfLɓ9̔kh23U0*\"6ͬN	\nʄ*fLJmйk&ָwkGhl(jT\0@bv\"^[~FrN2{PdXRev%\nҶbE%22xJS3\n!+_ctY/n̾Ҷu5&DFJGm(*=;V#xm5k~h3N0,/\0mmڪtKmہտ_jLyu^̢kVYh邆\rɮ-aU]ð5\0 4.=mREPivP&Jn$Pۦ(]=+	M	Ei̔j\"\"\rVΝs.`/ClSX[[#11Q1k% J>+	-E+ߺ}V\"Juy10}\0/^bǎ,lْ)S0mZ\Z}ÇWСj-R5鈁ƊqZ6n%-,NK-[223\0p}h?6T^|ةahn׽՟E-ZRfJUTq5LR52_(riptO%*j0;Ҁľ-2_XQRQuNŨ>\nϯ!7)\nGv?$+A9/MhZf1FµkzO\"i0aZso)&Z~9FD_J\"\"\"\"\"\"\"\"\"\\lpE\0ЩSG?q\nÇ})tXL7{C޽ty10}\06693g\\lۖ;39rs_@WW#Ϊ?v^\0P?s1ΜEXXڷ7Vukc\\j-շ/۷eM jIm9;U2k\"7\n23\0i8wZ9g\\\ZxIixҶ1g36(9	r(͸\0v054-]XE݂\"#\nr@vrBxlfmoڿ߰\nKV!n;aPQw>wQcRUIMgŒ\0*0.,>kWz̪V}pSOπ|V1ѥNg-:km|v<8)&5iϩq:{̡=R>Q	o\Z͔uhJڴUۦ(mBXV3\\>PBDDDDDDDDDDU.`/V\Zw\0wlJL\0|ɧx(\n\0KĉӘ2%2$<<#(aa#L)֭HIC`Jݚ5Jo\0\0^MW1㓂y!_TT|}Sm>L1j|T\0\0 \0IDAT&?0w2Sx\n3uF-_\ZKŶƍ兪Gd\0.,9OݺݼW6y	u$uՍPϼ̝i7#_L!=競Zbýju3\0O\nWV_`|i>EC߻4UxLAڽ`]X\ri^&\0 y6.}oHs噳c}X9s{v9d|@&˨<=gG&!\'|D4a22\rC̙/\"!,O~S!y\";.\0pѿvOV	~5;.ѿV	6tAL\0Hjv-ʔ4|,?p!\0giǄ{WH@\0LhъD̼<SM>_]v->;-jЪ눴\0\0u{Ba$^Qm[cKGEۊR&L{l[1$O?[\"#T9hcse>53^\r_~~X n;v<E5ko8qwX[[WqrU6ca$~~IW.yR`3̛gUZX(Z% ?_77c~MVX%Dh۶Y[xط\n>>?	cJJ?HyYvΝY*׭=WaĈjX2;vX?07aٸgDv	Ⳅ\n\\h0,_Be1$o7T&6wތNG:]N\rÈ#Tdf\r6 B\0jT|e햡Ί6]v@I&b|4/;/o5_\0bs4Oŝ!φۨMơD	efQ2<*s}tn-1dR9z͸Yj\riK<>r r]Exh!K	3baR﬐<>CԮ~MyuCu]\0fފŗ/R}VyxS&?تl:LA~u{@xz\\²\04yD̚gx{NFC>C\ZѪ~D?Ǩg^Sܦ[/6t\0xfXzR?|V[w/rra[Gj+6\'a_X=fY}9W4*	~y7˼xJSu\',jC^=[yί>g}<S~>+	M	DDW޼DDDDDDDT={www\0L&T*E~~>򐝝84kݒ`DDٱ&hp!```\0H6+ԤD\\<{B(.= Rkg``Vy10}ˣ)彉ꈂDȎoxQes\0V5:ƴv)\0QSig$\"\"\"\"\"\"\"\"\"\"RW,u:V<G!\"\"\"z]\\x#\'1LkuͪEDDD̠i*<<#(aa#LhDQ\rRTu7Fmh:-YTY1\"\"/ጕDDDDDDDDDDзGӷ<ζDDFOvUG71\"\"/aa%6y10<k|Z^K*CzUBp)p\"\"\"\"\"\"\"\"\"\"zm[ca#y1Qaa%6ë:<Gc\"\"\"\"\"SRaaaʠm۶U\0pqFFF+UVEt+--\rCZZ\Z\0M6qǏGϞ==mt={ܿ:uD\"QٳgڔmF4<Gc툂D:1_Ke*u\"^Ī/Wԕ*:W 9)Ԏh\'})̝>q1q(((ЪOG\'ƨWGO\';M2>E<׌|{:p	q	h\0>~$*&!e<Pe~MwA\Z\Z{77=_׷n\ZVx6>a4y\Zs_\"$gBDTy8c%DϞ=_^^^;w:ܹs;＃.]FϏeo>\'Խ.\0J!J쳤U+Ե{vҙxzxt/bܭl)m|*z鯲БG.pplN]qtKWmF4<Gc9QFo_x<\0.Wa-%Us#\'G0,:	Ӟ *!\r~֯PI_)k¬#J1{,,)<~c0cF/QF]5>TyOR)n܆9g?gllްR>\'GaXpN͟e˪O\"\"]aa%霱1ׯ/_*ڵk8y$ĉx\"éSpUdgg+L&ӧC<y|.̙3(WQ044ׯ:(?\0<!!!8sbbb4\Z;##.]BHHԞgI]<gΜAHH^xh.x9N<	PՒJRږZߛڵ\0sg}CX`N	)T:,rcn޼asxcEyN邾͈<Gcạ}Rn^=\0B_Fn^j%%$uV}gѲMKբU}=~ڲS\'D>oa\0\0|Fb\'QyUK9yևK#6K#9yVmZ\"9)EgBCs!!VlH@PP&23$U=V#**\nm^:v\n+++<x@/\"\"-ZﾋF\Z!22R;＃\Z5j/PPP\0\0֭\r\ZVC(WQ믿X(͜WR\"BӦM5EΝˏH$B~~>^|	///4kLi{;wFJJ\nRʬDUZj?##b#Xl(^_\0Bws^V0We߯E6qf̞ܚ\0ܚcYظIuڄ10<G6y~;xt),[?syrmxv b(k	-b4\0koU싳:6	$$x| Kd͊yﲇxm܃Wwn5.{lT*fAMzd8Z8	7DppBHv/Tf8tpk0\Z6Ac&ĄDyfth恆5חwƮF6ѦI;ܺ	q	3m~ڡUҮ&~??|0tˀv}4y/49mOYޯ{wZwUס*S5l\ZijE҇*>_	q	i\rk:m`4·\\PC6c~\0yñ\0Umڵ<FX\"44WgiDDDDDDDǏW|!\'\'obRR\Z4h\0CCC899)(Ȳprr!ի4Lz@ɰE\Z5Q֭;ϟ?畖).L\r\ZkVqSh씔8::}5qa\0\n *\"*qZ[jXq׭h](jqUZg[.iqԍ8kY2.	~x}K<ևϷv:Q~}HKK\'ZGPjU1jÆ?\0fffӭ3ص;YQQ_*3g\Z$!ZG4<Gy\rVtXx2	-1:;?}K)T!#St}?rnl7w~Gާy߰.b]u=FMۚuʡWТJ?4i#08R>J:#G0pr?&|pPu?rNG>B\'{?Z\0CbU0ڄz\ral&͛8EZW,ZE_N-\\w5\\1si\n_cǏ;p/.\r|SE[rwo_|y\"`΢Y;~<v\0CG5n?{Cp+8uά_»]BsRV)U\Z|MalZwnR/*0glI/A3ˁ_}7fvE-뷖˱4)_4ok^]>!l&Ŷzs}b\\Gv{x#u1@BJ[%\0<}Z[8[dSxy%#44ɆޙHW,$\"\"\"\"\"\"\"ׯ޽{I&R.WPP9r\'OZn<9s*œ_YXX /OTW>~aa!*񁏏nܸu\0Ժ@\n@	启6ȱdHOOGa.X`蛃1u,\0{͚qV\0lټNJ݂u\n\0ɟ\0n2wh#y10O|_W_EbX->R_~e9\r]\06Xi3\r\Z&NM\0\0M`}tsʸݷ*[cu8nuހ{\0K%;֒KK>j}}TǾw^u1Ti;/]#7HbK	Vv,*U.\0Ѫu]p^-k[?R[~l\0Â@<vR}|[Yg,	]]w͵?|>\Zb/1kLt\r\0P;,a5㝏A>= a`yK\n\nX]!^e%]Ҽ^Uuf\Z5iy\rhӾ5b1,,-0kL8W氵$t֯fiu]9Qlkέ;hD5n承-8\0֯_u6UF\"\"qq,XLw2HODDDDDDDTJfffGVV---ѥKncc͋~k׮[nUU& \\iKYzz:$(V:|\Z=u=o])+;YũO*sB瞪]!?xO;[y_Vy%S?װ0Q;U<G5OJn\n/{#y*\0\03ыѵFrY\\lj,Uk]vvSesK%r\nrgFhuG}I}t\r%\r}c%goC#eK\r>ݼ~];\0ܼ~qMmIXXX`e~*-,-LwnA֭Tj\nwo0ɧ[633Cu0a7__>թ}z4׍GGfEم+u>x-t}tc^|\r>mU?O]>MEPzWe ?~RRWkq,.cvP~]i[\\ܜ\\E\0΄?|\\ږԭ8KK,-;h\"\"zꈍEƍ?ЭZ*ԫWHHH@۶m\0gϞE:u\nd/: ..\0\n?Vx\'FeNNNHLLbbbХKݺuΨW\0Ν;prrҺ!BvttD||<ԩx9o]H$ǣvxlSZժUM\Z;IBddvqၤ8;;;#%%E\n\'\'_\nѷR*&ba#y1ʚss\\rvŧZv!>/޳{8wcAoʤV?Lw?bm.]+Q\0p\0\0pc|t\\UM?a5xuP%T\Zi+ZµJUWLTOó\'~;}5jP,W\"{Twڥkxp?~;G\"1<}\"炂EM!kVê1G* 7W{s{w{Bqcs9`HY,+\\ԪU7oTtlԨ_\'O\Z͚5Smذ!nܸk׮Fe]FpU<x\0hѢʺX\0P)/^DAA\"\\ZlX:u\n\"UTQOI\"tly߿͛7X,Vtu+Whܸ12ȐT|?eGQ[fSܾ\r\Z6\0\r\rgc0e2WSE\0ХK\'9z;LIX\0цy10VYD<׎,#Qap:4u׺?NUϣCe+7h(ix:V\n{\Z̺۫LY}aF)bLd<.Qn?-<q}Y+iuնc[|/VVX&B6xUZa~0+e\n1j\n9+*c,,R\\W⟑Ne%uuԖGu.cEuS@ʓtlIQXi>קQF~:Zxи\0nFF3^!ʪL[J$|b#lйpgK\"b?i \"\"\"\"\"\"JOSD\"Q)0zΝ;Y]tA߾}ѥKTVM\nڵC޽Ѷm[XY!w͚5ѳgO5kD^Jdgg]gϞ^NY[[uݻ7zoooX[bI/Cбйsgӧ3]\n\nЮ];H$\Z!iohzϚO>_T߻GGn=ǣ.+\0Xt9ǎ6r2u111Ǝy10<*k6`e(@*\"QFG~=G|M>qRt,FGVL\Z(m:,?wλ;\0-ŦЪz?sz>8i?<޿+c(g8}\nnΠsN%{WQJ1=`@;=y>^4c\">\ZOAAN;wgh޲9~\'F+`]ʂT*ίwa)1>r5pRmoseLy%u4v,٧q\0@8̙AW^X8dee\0n\0?\0k_GAAR)ƌ\0HlgbΔyw<=`fKz-:OS\0sc׻zs}ZW4pZiC2uOV	\0>>sӧؼّEDdTXIDDDDDDDG:w$\"tsCՎ\"yyy*EɵcyGKoVXhFẆI\0\0 \0IDATQv-,]Moڡ00<Gyݏ_C*mF]cx.wWS,и!uje?4l۫><=1Mt>%_X	j/ёWWWQ\rPmB޳fOX-Yg##h\Z]1\\P1g_\0D>?Z/<S~m`}}C>øxתO~>y_tK̝:WѕC>C1~b;~֠{x	75V+[:>$y\'й2\"_WGnn.F7\ZqQ΄q1KBa9hY\03o+l9S硱[SȤ2n\Z-ǐ~o\'33#qp)\'cҘ?.ZZ8öczjx~ضwb\\_!Ѩ7\'^[%\0=[\\3C,wԮ];.L&T*EAA󑛛Ǐ85Yll,\rannX۶S-{Pyu\0srp.*t؇n}T;m?Mԧ97aaaecRD#y10<_,Nm:{吆u(\Z|Ֆg޸x|&!Jѱy\'|/5V[#	\\Sk7.\rq/ʲZ%VշS|`a%Qqփs8OSXEe\'\"\"\"\"\"\"\"\"\"\0=!8M{faaŋoԊvGca#yQƎAdF3\nTt<ԝAr0\Z+Ը~Pl֢?#VGVaQ%U*,$\"\"\"\"\"\"\"\"\"\0,ŵ\0\0\'B\'XjdKLL#`a#y10!nѠZ#cG!29S桑kc}<0ucǢ\nQغ{u[wooP#I27v\0\"\"\"\"\"\"\"\"\"u6b݆ƎQZG4<Gc\"5\ZhD&;cP%wcG \"p,$\"\"\"\"\"\"\"\"\"\0-pUC7AjDSLLI00!\"\"CaDT4\'\"\"\"\"\"\"\"\"\"\0+QeƏkD10!\"\"\"\"\"\"ʈDDDDDDDDDD*32 qp0R)FCOcbaCH\0(1HXXIDDDDDDDDDT?;;;e666(,,4R:20)?yгg\nP~^/%E)S2KlϭЌDDDDDD`a%QCjZEJBÿ8		h\Z5<T9{_\\:20)?sf\0.}dnгg\no=s￻\nJIDDDDDD/VQ#<z1J%he.]_ùHr`n߽W8ﯶ<8x/\n,q;mMudaS:2lڔ\r_\'\ZGGĉ]k\n0{=z,nnb]+)>u),lڔlYODDDDDDJ\"\"\"\"\"\"\"\"\"\nv][~YƠ_\nN;vں}?F۶mJVzSajG\'::Fj$|ㄺUN$	~hBSWM{DX[\'/RݻsKH$4$\'K-Oxx<=gH.׭)S\"կǥR`&>Sdp!~~R%	Gk|\rȴҀ={ѣGc6`\0#OFCW1Q8~Qר\'zܼyC77nh⣏>BV0j(dff괎3ص;Yb(:20.9Y,xy%Slۖ\r__l\'Oj֭N\Z;g\\?L+U22j`plڔ%KTه=En;r0izPs1bD\ZB^&O_d]\\y|QN+[ՑŋUSu\\$eᣏlVYY])>-[:fSxy%#44KL+\rAAAHHHĉ1tPcG\"\"	\rO͹.aŪ/1sZ\0N=\'}kpeeQe4sL{ưa0{l.\\v!**\n>>>ذaN^F\\T$jF7<rǎdDęȓe>VJJ\ne89:y:20=	Sf\\ UGDFD\"R/ԭ\0.tXl\r\0xTNX\\/\0ܙoK9R<Ve\0/:)SeK^Y:kzG!suݻԩv07q}ۋ0j-\"\"\\W_\'u<\"\"\"\"\"\"2tȢp!ܽ{oݻq+:$86,,111={6:uTa%\"F}vT^$3I򬭭FJU~d29			033Cf0h n񈈈D6>\0ZعwڵPARQ\')x\\͚ d88dB{mLU_nL&ôj^\0q<cRbqX̬\ZQr=8x7xb.\\888W^6m\ZOu\\AA:v@,[5k\Z\Z\nL9s`\0Ç#$$			SѾ}:ZK^yW^-c1hڧ܎a~~~jڇudạ|mŔrںUyj(פIюœ(ݻWi2psdgV(Gi!QeLR~]--EɑA*-*T[ӹ֩S-뢭KE-\0)Չ4|ʭ[bҥ|2233QPP{aƎbܸq駟\\TIDT.]d}6֮]qnϞ=Xf\rݻdffܹs;wne8t⣬ \"\"}tU-dҩNۯ\\5_W&X`ۙ!++O߅c\0qC=뾝v屨HvaѱcǊDE#VVVu^\07pQ,X\0/ݻwq1bժU,@hh(.],[[.\rFeߑQ\\5<\00}ZA<%$\"8XT2斄\"<<ںUMÆ\\X!A^ދ5q\no?\n\n~*\0\0<|X_Et}rseAO3*CP\\+,IV^r\0c8p\0͛##\"|XXY1~WL2EFNc	0/ނ3R(QYV)O.b;Q]Aa!>]ڢGNHLzXwu=d;ot\\sbApp0fΜq\\֭}vdeeai2TѣG}g0vXG)ƺȑ#x1^u8p\'n@gΝ֯69m*\r8ewRbڇ|:20ѮZ51M͛mqsE\'G]UJ$JP͛E\Z6|sW:Mk}\"ccooQ4Tc!V\0^_۷U2$#F<|-\\pf5̘ajLWsDDDDDD&]o)6ڵ\0bĉ*col߾dh޼9Fz)(OӺl2lذO<A1yd8;;Ӵrgg}6\n\n\nPzut\r,h$%%M4qݻ\ZJ[.yN///?3\"##l8;;G-i|2d2x\0܃tgsS^|rlܸqqqJzߛ&еkW/t~2۶mÇaooRY!_]egg+\ZW\'@ϕ~֕13QeR	)OSQõbTTQSHVV6z6T\\luqfV_ZFupBL<įcǎjfϞI&!<<#GT)8Ϯc+W_}Cz;wdEH(VvZX`>+%$`5<exFLLI10OΖIcGn}3V0G^\0x\r/,pR>z>},1{Rc{F*&N]NVMg|y&W:M9s1xʺeK6,+Xٹ{?S\\,1>>5~h[ےv\'\"\"\"\"\"\"e҅7oT<.>Pn0}t(]pXf\rjժ˗#--\r\0_a۶m:u.\\ѣGسgd2\0HOOǴiԦ6t.]>rn_|kI|u~˗/Gtt~NJT	ݻeڇg,Y\Zro.|ʿspxn]ڜ 1ѲeK;W\r*((ݻwo޽{s?Wte*{\"\"\"S֬icDFEc[o(Ey-*D\")OSUR?\n;[[}v;]\"33N<~\\.\\0XYYaРAXhqO?iϞ=:+ZjaXh<iӦԩSeoyz៎gLeKѾK7-7V<tlmE3c}cnrp>R)`9sq¨Q4)lmE1t_\r\Zd|y&ݓ kS~#FJС)S~ۋpLU̜͓\'+.d27̙cBosgu\\\"\"\"\"\"\"2=&]X%...%۵k\0qF`Ν1c610k,\0E]ujSֶm[<M6EBBƏ\0TmرCQ(ҰaCL0x|!!!	\0\0{XX)t^/*3gڷoϟƍ8xCDEe\\{}ʚ7oO?nnnjt7=M&!22R}Ǻ^G*T*EXXڱz*  \0!!!|2q1?~}E@@\0	}s%=.]:U&\nGZh`ӶoTAdth\Zw쁙ًNB:÷ǈ8|Z\\tմq#8xo{JE\r/k7f2;vO?W^yEu5l01}Eڵ!4G	Onn{\\U(R[)QjbjG	vj[&\\Yh<=qm֮Uk:PjҦ._.`Uv_mu0G9*^:Qe҅zⱼƍ)޽TCE/py̛7/:\\9sFxĉhР\0nݺ?T>?\\+?qjJѝlٲeUڵk~ءL7Ξ=[}z*{F@@\04\\^{5\0tѣG+z<xxܭ[7d2z=\\\\\\tRܹsǏѣG#G	#FP\'9П+2=)i兹3`ʵxТĒ\0\0?d2D\"KWoku̙>*S̚ேx5^NK.ܹsxbԯ_/Vkܸ1nݺ\0xwpBaРA*_+	&`Ř>}:j֬i_{\nF\r¿݁GRg|ҍ101G;IV:;;\0SzP\n޾ulllT//ժUSk(ɧP9CӸzO~QQQG\\\\pA̜9U(ooo|-\':T*u7W=nݺ>|8l=\\Y_F\ZQFhӦ\ru۔V9П+u}י٭3zvy_,{\ZNe0p@?ATIiQ?Ʀ/CP	BFBIQ:yQ%\0z8Nh]IK.8|rDaHHL4vJ:20|DƎ@DDDDDDdt&]X٤IEa3g0tPźHE+D(TهDR~/,X@Cܵk\rCQ舧O\0]J\0ݻwQt~#==Fxx8m6Uuօ.bXQ0VXXXb c3t7go&M­[ DE?I$딙!Q^ݻwS<WĳgTC1\\@\\QpsXYY7==νpAc*2*\Z~?4jPfN1v$\"zI-ZĢJ08<Onn\rcG \"\"\"\"\"\"2:߿ݻlDGGc͚5u-[T<>}4N>q<޾}[mGe2N8q?:tP<^no#..+Wyf<}YYYv\Z.\\zN(dddM4Qkժ cbbTt{vӕUZ#G\0\\vMsOkӧXzh\"88>Dnn.~g:I]?R]r*9\Z:UV5jo7WJ\0:Ct!|K4jXؑ%`aaa^LL#`aH&ݱo&8,]TΝCnn.6lؠXncc\0&MR,?t\"@d%NҥKHLL۷~ڴiz>\'Nh-Fw\rܸqC>WD7N<Ǐ\0̚5ĩu{vӕ8wmۆ:J*:_}ڵk\0\r6Yz=t対Ɱct\\9`\0Y:tH\\nݰ{n\0@hh(BCC{员d/SyZ\"\"\"\"\"\"\"\"]tJ\0=z4f͚VZhРfΜ+VְF֭b\nԮ]@333~~~ر#lll9sh܏3֬Yz5Zhy}\\^\Z=z􀳳3 H[b]_hh(5kpssU^\"2m\Z9m۶\rjժ3fh=H{{t7W=m	ppp@VVP׻wo<666^Z\\y,_\\zbؠq?~Jp=\0\0 \0IDATc\\w}o6WX#c]g\"\"\"\"RWfMԬY1J?`\"Ǝ1*=S<L-@$JH`DDDDDDD/5QrrLh{v	WqL&T*EAA󑛛ǏYfRpXA` !!\0\0m;u{\"5.Jحʲ)Q:w;75waaaNDTqЩS\nzDDwof~_L&sS\'/ԴN,$\"\"\"#ۻxc \"\"*Zuɹ^X})pw$\"\"\"\"\"\"\"\"\"zMGʲJHHDspᡲs \0g|2roZs\r]Tjl`jG)s3\0K:\'M{ʥ[VIDDDDDDDDDDDDDDDD/\0W[\njfx?:|Yw\\yyy;\nfjyJ)æM}q}ttNx=,kY.\nǙjqdy}M-8Aܾ\r\"ӂ7_+l+CVcǎV[h۶~{MyTZU^]\Z,ZDfjyèQZ5	~~p!_8M*]\'LȀ}\"M^:2_\'^|OdXZ&=	_0!OĔ)jc?>IL}\"\rJũSyz/\\ȇ_:TI鈎V=Qy`a%Qؿw7;2xmc}v}5kBdԭ>mZDfjy,xy%Slۖ\r__l\'Oj֭2\'G\Z>6ecɒL@)^+NbĈ4l<7Ll/ԻrɒL[>AZZ\rdew4)֯=sCZZ\rL`,rO-ѩS\n\Zd\rUDDDDDDDJ\"\"\"\"\"\"\"\"\"\nP\r;vB.//ewJJ\ne89:y0SL,: 20S\0I:5\"9 .:\"\"\\0j-$xM*Mj_\0ع3XqSٲ%[]T;8/euq\0R)`nc\r^QlႸzu$\"\"\"\"\"\"*@DDDDDDDDD_ `kcEWyc?vZeZz:F\ZM7(-kyZ\0ml\0;;Ջ)u&M~Y{jc:M\Z!QeyR~]-/?ʆ/&e+g1cl!62KK,-^7\0\Z]\'\"\"\"\"\"\"2v$\"\"\"\"\"\"\"\"\"\0=!8uo@Eewdd,k\r\0ſz^{m0ڵkŋ9Wqaaaj2#\0@B+%HM!  nnI)s:nʌ]\'eWN[&sCAAي:5מ=Xoi\rKK\\\'7WI8129 !LFDDDDDDTVUKZuw\0!	->uu_u|63gL+sbjGjĘ67oVCTŉ1bD\Z$uV	\07ouxwzlPãH\0(g\018\Z&oV=/eb10n-wFZZ\r[\0E#D\"IĈi8y2|b(ܼY\r3fأZ5$\"\"\"\"\"\"\"\"\" 6lDW^E.еw_.ZlH\0]`ocٲExwGu@daΝ-u#j ,QQޭ2$$R)zu\0l/9s\0\'f 9b|6M<x0Wm<HHg)~1yyE])Ss7kT<5k|u>>sӧؼ;\\JDDDDDDd(,$\"\"\"\"\"\"\"\"\"(>E4ᓧLGaa!FWNܵ: 20SS[[ƌٳUޭ\0DOĶm9S\Zr\rƁ̔=	։93#Gڪ/ѪMU939MTM*{|}.WOy^{)8+gFG4mjퟨ9{*ƌz\"\"\"\"\"\">[oƽ{ҕ+*\'Ǉｋg0yj4Bӂ3eĘT3<??VV\"* 4TPM~=\0lk/WոN,Xzj/8\'ϠA4H8\"\"\"\"\"\"DDDDDDDDDDOF 1)IeukQ6vsssLlUNV<L-\Z:ˇDDDDDDDDDDQ\'))jS\0\0̞AfxRLL#`aǐDDDDDDDD/#NNDDDDDDDDDTN,--x>m$H$ڧ\ZL\"3<[dggCg\0\0}zB^WD(((4V<W⺰0ĘT3<DDDDDDDD`a%Q9%!X\\AVVb}ժ.xKz;̻uV<L-.X;10vX\Z;US@ko70n$F\'1v#:(\"Qc|BZ\n۷y-;tb7oƉ\' лwo3b/^Ğ={p-888#GD*U\0\0mڴիqFҥKؽ{7nݺDcĈpppPINNrss95<AvB9ggt_/_H$B=0fnn`jG1{s0{3<|Xe2AQ S˷3tCm<)a6JuXXNēNd%5z΃swۘ{eRgm7cie\\Cnl\rM}j-?G\Z˴_C*{凉\"od9G#MXWmW@Ҩc!\"\"a򅕧N¿͛뽭r/O?L&֭[7x{Űa关gbx	\0\0͚5ÁpiC?F\r\Z \"\"k׮EZZ\Z͛W_!777oĔ)SB Dh;BŞ6mBTTf̘T``ذa:]\"\"\"\"\"\"zy<ywAff&QZ5xzzT?ڵ\09r3ؾ322p-ddd\0\0$	6m\n{{{c63QevȑO#GХK*<NRSҾѧ\0<yIqgΞÂqe\0plݶANN.jtÐ!0vvvzgyyXX^1b=fjyeҤ$&J_Ә@^ij/R\\SO&Bu4tb[<9	q?y)\n+\rUdjgSˣe-\Z{އ./éG]艄,]v1yVmǱ?\n>Z#úZ|aedd$\0Ch,,OӹsgHRlݺ\'Oo˗+\0ܹXVNE&]+,Yxܭ[7]Veڵk8v\0gϞZAvr\0;B&+1**DDDDDD1z*7ojժ!//<۷M\";;[W׮]\'TLx\\vMsc룴\Zs\nb1RRRT\n+!^D\0#p\"xQ ^{Mm,X?DвŰCZz:V^qMD-ʡKdIBL\n3<%̔a׮|u6\Z|R\0ZTi]#ɴ=9ljkeUۏSKA<$\0vZOGO#\'3\rkmju\0\0\0*~#L1DDDd<sG\0yacժ 7ￏ+:B%|ڶΝPT(\0}Y\0ŋ\0](7?,q|Eqi޽:tݮxN!9KZ#\"\"\"\"\"ѰaCB,\Z7V)x9Ο?Ǐܹse2\"\"\"#<yHHHкN.رc8<\n\n\n벲\'O\"99\0_8r233Uݕ&_qQn]tQ㱟>}?ǎCTTRRR;q޽cǎmG_!J,77WǽʐUptrرa7ڶmqo;#嚷4t<L-Oqy5*U&/.[$JH	2`okDC*U߇|&ɟ}3	pwOB`3W*&LȀm\"1eJژd)Əπ{,-`oARqT^yt=wC9wa\Z;UWjcowM`vλ;:iۏhNfm|d0sU}}kxT+vO\Z@j*o;k\\]$ßPݥ\"d&B[\\]3_*?r%CꕝjS>#WQyG$<1q9Wx\\\nDDXXSЫ\n\Z6F.ct_`WXok	N!k\Z~;v׃Kx֛[΢kC4Wx?4{Uhe޸\Z1\\>̓!_ǫ{׷X{.2SuFHIȊkw|q}\rwLOOW_}_2Ǐ\0\0iS^wlܸ...>|8\0`޽k3g\rnݺ\0O-B\Z5jW̙3\'JǳgдiS1o߆ZnoF˖-!PPPgϞk׮x	nݺ777u\0pM888Ý;w9n߾z7n@jжm&_q\r6_WWWTV\rUVYQg?иqcTR			E׮]!PXX\0իb,\',lllwqQU?3þ+ (ki.-dnlGs)K+-L6Q3Ss5TDDVY0\0~߯׼s3wsìX+vm-s]III|9:<n,f@xLx@8Ν})K;ޑ!C\r޻%%ŗY$|bv[.nFʒ^6^;8g̝;V1s|q\Z3f3aBr2cG;jس\'yx%l=#Ym9={r-\ZOo\Z5_յ;3=ҰJC\"FK]cSY~wo,k{`uj[ޛ	v&nv3h$\\nҳ1Gpa<i;~FpF?hjHkF5j\r4bw?#P!\\[mx-Ω3r!2J[\'Zl\n}P١&Vnk9Σ%_O~b[mxǆ\Zb6gSß.gm>M6j}G5l齅.&_d881<xEx{mRōUs^εFR$5\"?[\rCqh\\eČ3\\3J9C[\r1-sT\'f%qv|:M9~(pqn2z\"R17!BXX<;;}?_J\0Lq`޼yy1|dgg3sL}֬Yøq`1fΝ@l+.NSƏOpp0\'p\\I!B!ģ!;;ĄDQT?V%((JEjhjߝ;w]6*@̔K\njժ+RX:jԨ?7o䯿DYXBTRF\rZ-(V!ʕ~؛7o\Z]fԴ4}=*11\'Exw=>Ҡ)og榲%Ӭ-\0?8z+s]ݻ=5	77ÄrF|=cU/L`4|SϷf+u366*1cϫhwgÆ-||c洞COQ]Y~!;3ӰJC\0B<BXaawzb5&?},찐``}[;\Z.50Vb\n=W]BBe_9\\lgq$({r.\0ϣ8TӝCÄ#9p1!e-їL\0*\n!3_bB<t1獍%13~)csO;\n%vJ;洞״`caox,5Kj=S\\ufZPA:,b@\0:9xuc-:ÂqӖ9e*[꼴Й4zZ=\r2{g?S^+v)!Xuѣ$$$ʂD޿\\pwgXY1\n}رc			\0ԫW5\Z\r9ׯ_?&((H/\'\'ߠ|$%%q	lllҥLI}(|:TW__n+5B!B<:ѱ2999\n~2o~./}jݻ-?77Q\nrtt$  \09{,:t(RΝ;\\xt|BOhZ[n24kjz:mZ2*#G|@	ƍqch޼YꉋʕHOO?Ǉ3μ/xb#%cm3 J<Y[<~9oGGpvVPg{H,P31Kvtu5gdmr._şן\Z4ȁի3;6IRxI{zg\'ax,#l`[jm8w@D	TkcP=ۜz@TҎ{S	](6dɕDbwN\')l5IhsY^i|nϸy皆ϰ_E9\"+!Bڧ{QZ\Zs`V^13~)csabf\"OLguj1X9kx*Kqc1G3Ұ_5ې]9z!M&oDEEIc:}t2LE{k\rYBĭ^F#Os,0B!*\"wԉGr5}beI,X#cٲe\0t.]p<Vo5k/\"իWg׮]\0	Ѻ_*v;;ƌ3hذ	޽\\ڶm{o)3gIVZE>}Xz5\0z*B!B!|RvbّcoYѡCA$KSWYKNNM|\\\0\0 \0IDATDVVѲgΜ~TV\r_BaՕhΪfmRs6˯`g߾Lv\0}diԩ&M[9,IƄYUcp˖o381IRݞ:hr8_ХKŮ]Y[ɺuݛʕ\Zh58_	KSrf9ZSZqN~\'E\ZCFL8~`FeQT\r}\'ȾIrFR.nƫzQr9sᰝhT\'94+KR+Xj8=YY~«<5W mS\"8V5XۮJYw\"o˺}RB!DΝ;/nֲ]\0L6y2d\0}֭[Xӷo_@s:t`ԨQz7:Dq֭[ԩS\roܸnݺl7SLg*~l+jkkȑ#qqq_6X\\!B!ģv=z|||Pܸq6m\n\'Ԯ](<==ܮW^vr-Zl	y>o6TRE`z%<<<쌳3\Zk׮akk˽{Y\\B<\nAJ30J}ܒ\\ƒ\'7 MegamIziv9p ￿?gm[GCvv~`DLEP7ɰY3[!<\\MÆck99Ie`ΟWszUR	ī:uk{aݺRlYo{ނʡ2[qϊx,p`s1G+V?f0k\\,hHbeUTyl(\0iWwӯ~V>gV_?b0d\r~9TkLc81(cbP3 HϹXYx&ǂ\ZWmlz-]s)x}s7;2b^ScjYtvcfS5x{2#8-(m~/m~6B?\ZWC~i|E{ɌΣK`{R.nƻm)ءTeBQy+gR4i\'N0ز;vd_oÇRT7իWzjƍOplݺ5_}6l`ŊG_y7JL,G:pB6o\\$TL1u8ۗgРA]~}nB!B<<\\]]	\r\r%**;wrA\r֭KRR{!%%蒾Un]RSSٳgQQQԩSG^zDEEq)_A߿h]eI&w^Gvv6\Z52v9~8J*ԬYxTZbo^QY<RnR?<VZy\r]V뒬\\dJcSXv|;wx;͚&̛F0|x/@T)S\\\0K!>^rH%)ۢ6dٗy|yz2=z3%8;f*@Yxj)sJ)ͼJ5K5j^\'x7wI\0DD2aRc7{	\'p1\"[wѥ\\m_#1b|&;\r\Z-ښ25Zw6Z\Z\ZR#w{nFy[wDzuIlù~<^\\3IH@$}:&st[`_pϸ13~)㹅wf=FFaF}\\Ly[lkr2{>=dƅqИ:+ǪV&V._~zG_{EdJwu_08,iN[+F-ni_ŧS~q>%=戾LܾO\r()#Bc3V4lؐoð5B!B!ӓvޞV/Qسgb_gggGfEg\\pvvcǎE[ 7ont_V$88haa}d콯R޽2\"+3W\':\"y7IY[F|\\W!̀(fmI1NdUK,\Z\rLO(/ۦV֭§R];[zh<_ΨQDnn~Keٲ{\"C:^KZ\'\'#F8\'2uSi:xJ_3l0F%|uk)혰t_TۑW\ZT{r1p@\"S\"	rbN9<糥j\"5\'[Ik 3Z/%R(	~ivHQaYZ	\Z\'pCjpَKt3y46] jC/Ы49\\7IQyv\"^9#_h8`\0Ao((Ƽw73ngL1d3轥7QQ0D4ȏٜcN<ek{e	FO;vZJ\ro[?^#-ڃ,GQWYeпBoϙO\0poCpN2A]Q8h]\\;ӥ=0<\ZnZ&5#Ӯ	\ZR̽WԽ׳ƕ\"jx4C<赣JWR2B!<x=vB!B!|%扉!44\0VFAVCff&oߦaÆ&BGQxx8Y˖aRQgtlllP*(Z>^4%(x9\"#NNȁ7fqwɥ%;vuBرc	]jxfUzi*byoQh!/*̓{/iHsh1&ʛCE.-̴jZQ!ſVm<nү6|\'+<3V\n!B!B!;W\ZhrgLV;vEV$=4kG<oϔfSh݊d^?:cBƔ|Ћ_|Lٯ:sh1&ʛC!B#B!B!Ba\r+\0]d#L%%Ӭ-s+*;Q^	y	\'7/-gVvXϖanagģq?2Dy{ơʾRB!IB!B!BHKMeۯlx%B[Fڒ$Ӭ-sefVvO=?!94gA2+;!BfՉ\'`gTϟ{/j}=-52<Y]kf(N\\B\ZYjVu\"q\r|.MRcZ!B!BXI3l@\niFd)泶%$$!B!:Yub>{dSV\'Kk\rzjy0xcqކ[)YvuS\'	BO\\DqSRR)ŎakB!BF;90ڒ$$$!B!:Yubej\r^=S4WwmYc2lPSaPԛ0V>Gg8t,\ZVC;ۢ.ƎRvS!+;Mx(0k.dd稙6{;~UxRJA|9Qۿ`oÀ>ذ%ww^oOg\0ܹ%OLol\ZNNN.FUl%՟ְCtLA9߃Zgs\\+\0Y\0Ix\'^DB?Ɔ?ʊF 95ðs\0q4WAR\'#RhJ8v:b3xg.n2sX4Gjҡ$V\n!B!)ٳ\Zo߰BbzYیziiB/\'_jջT!\0eO2]FF99ւ;IZw\Z%ˎrJSƛ;rj\"֝6Hh3V~so\Zή0xcʾCWٰ%n\nc_WԷ15k}\0JsCepl8FgCQ*E/y0n^Nf\Z{;CnBl\\*k71u<\raLf&ؑkPwIJCxХ}9\\V~پ\"l{`΄Ǵ1{:{{2c*8ƲsyqhsRR߯\'h4p8/yuT;EfϘ;\"ؾ\"O\nWsmgjOB<JS2s c6>w8EZzVe0:vؤJ!B!/-5;#-5C{Y[җccS1K- >0ܚUt{n+k:?*}^s?\n,&OygI}j\\]1T0gQJ!Ǫg4F!\Z3d4\0}ο.ӼglXގ@&~h%;u7\0hڸ:*Wȉh 8ȋmkhУK]4硤vG\0pJG\\Y\ZQRG_gS\0ظ<w3\'IMk:8;ڡVku^)ꠅ=YcnJ&cg{9ɓgs#%9\r@˦8;۱A}挳.ģfl\ns\rOQTJڶowȨ;\ZB!B;SfVxnҽGo?|(3fԩ\r{$$$)#tNMUlp8t=:*Z>ǒb6NpoS١TP9yw@yOBz+mssuIs/m5g${GhˈhӢfǓ	CLM4YޘI-1A8\nΏ.Ҝs;3t|zF6\0TOr-4=\08x\Z펫=6*r5Zkˍ[)V_)oJG[h-8\08~4qɺKyg.eqr<rpw~/+c&7W;\"ؼoޤl#ju.iYD\\DNpHGO^gPFt\\Rb{!B!4~D&63g/t}o--K1M1Mcˇ٣dgߍ~(*K:?5,HB!@&V\ZӤQu4NTap~}%VTJrs55dgK,HBb:2s3y;ݞggn\'\Z_&{٩a0ƿhҜsmIM^f$ƒsIggfvn6MΓ?8NǃĔ?:ɝޟԅ5ܙ2@3!̑&;GǨ\Zn\nc_WmT#LƽCvv.;GzYYj,;X\n%Bݗ8s.~O6ĳ[%Tre?6wU̋CcSA?v%Z7ɠRi=fB!BQL,y_θq$Fme6ccc\r69s>>|CU_e8	2nFyɛϦM|?ҎÙzUu)(ˏ817Zɡ\rbǴtm(mۉMwr7c&n|5g~`߳Jُ-fK[Xԩ\n{?-oʎgbg+=fnn7	8zZ+r\\Y=	ss+R;QغQی\"e攵uWqk4#6ΈGV\'ux:13aNí?qSkpO.h=y9uûD/z+=V)R/oǷR.oޭS]gQ:/lOIqʎ*MST++&Gl vׇ܋;ջg1_Cs3-y1u-iTȭ]3IG-|:O.rMYm17撮ơ%۪!&%t%&te?뷄랭\\Ӎ.Zx7cS#-=;[~gc[7E?	m[ˏ1z|flS1xVuWE\'`oïp:MW/y(<IN_!u鷗t| /}칚I.<To5߸KZטdAϮuжκA<sSgo1SiejgkîhKƽe`[EF5N_uw>z/0yRǙp5vu_dVrFs:V}Yj~Y{}{;g{Dy?\\DnLxqjTA~617ǘf\"	.ԔF!>|aϵ,ט˛Y!n~«B!BGCYWvZ)WkKxLxLxJ9z3Ld}zw/O}̿O(Yr~	?]m}B<N6N和şgVcSo4M_˳_B<B|;Gb!\0܋WB^aA)dV枞O{FrzZ545k??\0#WB6L[0w#sA%-;]0`Iᄓ&][7\nﶯQkfɓzy;~Ig\Zܓ׈\\4n5po4.c1#%-^\\Y)9RwVpx!u^܌g0D\ZV\\a94ݔ?³+]Be67K[Arw[NſNw~,G5Zspl	wNDp!3>kGid4{zTb&=ܹ˳wND^\\\rZN%ץ\\L̦=ꡨ1J+/saIϖ\Zw-m/CJHԯ#PٹxmyՖ9sc.zR8T[#Qp~O6Fu7>[Y_^/Ƽ\Z\':F/v=!j\'~XyJ_Z9oj@A\\7k6[:^XTzt˺?X\0>)=5Hnuܾ6n,Egy,y0nBArJ&?\rwHkL5o~Y{̢B%oݼ&l@ ܏O>x޼zgӟ\Z̖9cTraպde<iIgg;-Ol\'_jY)Ajz~_iƙnť2}$4)DM,fl\n.<ճ>GnpX)sqքN\n}[FϵBRs3F[GVl]csrט~$IB!v/\\bأ?{gkos%2J̪EF\'0ƍ4mڔQFf\\<\\pCҴiSٳg+*^bb\"Oۥpw+RXXXe`@1M1M)٧?姮?\n_=AEXq1!!\0xBD,)~+|ڡT(S16_lP`<e!\0\0 \0IDAT뱰B8~NiҎ\'?S3z % l3sYa!n/hv䣼xxOB\r\'}l잏kyRB-(9ݒTGs{OsYR=3!Pt/Yy_	x;cJ;Oʥœpd5.[woqBיz:©F\0\\jwƱz(+@DïR.}J3?e_%eshx.Oqܶ\n{z__`LY2cn̖^P8T[BYyv@U&Ojg=3+7۶0YFsffv*؄g6)r\rcmG}4TyZ-O>Q\'(W>.|<(/<T.u9w6_-9@!pGT[\\Ȥq4USƽ~]7%K3\0ڷE6!٪6)\n%BYI0&o[qO>݄v-סf՛5yix3[;s[%u`M?wV?vDmEoX$}\'Q)Ч!k7cs6Qnq!B<,Θ믾BVQ?ѧ,\0DܨbժU:x$͜9VZh\"-[ƢExwp-[ضmɓyg8p ;ٸqc7~\"Ǎys;*+ͨ\'&&P!:v4Y&<)VޭnE`}3~b:#WDF;UBU¯O9^K:WL[|;L;v2GnaK-ֆqO%2ږ5h0M9B}wن0[RIݻu\ng?1UXt|/R3Up}`]rV%gZCSeƇY	u~j\'Qg$s:IaLB)pelseshx.Oqܶ|/4Ɣ-s;le8T[BYmbeɢrN+t}yuN\Z۞#Y4hx{:Ѹ/ifJT\"F=fkcd)S0y0=#ȉ<ӯ15<bV6*%^hEPZغMjՐ~gݽ>Dq7%6eKm|ruT{-5%9%?^fkD.	.Bʢj*88f~g1t\0^DZt/z\rh63N9G!̛=WW\0EY\'$dfBމ\'7ot֍~hbe{`~GYfѠn\'9NVӶm[Oٳe_j2e\n`̛֭7[niݺoϾ}>#>Fs厯HaaaV%&&<xF*89$~~%-\\̖3y?Adj$mdsf4ti\Z7oJlE[\ZN|4nukZXZ՟Iȸy;$Gl$fZYJvZMyԪa8TkDȄغL-w@0眔v-;xq!(&VJuT}*9ج>Ո_֞f҃8ЮU CSƜ2ԟ\"\r\\Duh̏ըB@TcF>Ty36o@.u-gooM磜GO^D\";\'oOgƾԆ%a>͐b_lk,wMxw5|ݘf7#BqƏ~W\'GxڷmOhѾ\'\0`ulݱO>ds_׭Of,\\=:\0_;ڑ=+VoGx)?`sh/_N޽V~[Æ\reݺum۶q666syv}xg?ٷo>rƌ,]mٳYn0XȲ_-K1M1M)Yjm+/:W\\lUs,mo;LwAJ4UfxjEg2OCe݂Kxg\"PX޷=[zoAPl<[m K\'N)أ/5o83s@{܂Ҧ[ZYG˳Sc̜^K׊pc784Sǒ3X3:=ssaCkPkaU^WViWw/{]B(!-/\\j6GE˜\\s2wCG[%w,}~Lj2>wBX\nx,E\r-][*}bV_^~%v%(#\"7-B5>gl#Gkla\0ڵ\nζrs5xOҟ+f9J\0W{Z6Grr]֐?dg Ba-Sn6n΀gGrqeW[:<;;[z[%IF>7\'\'G6>{!OɉgX7oΏ?Hzz:+W$33ز٬^#G\Z߰aCLbtFa8;;ӽ{wRSS7n͛?yzz}vn߾M߾}ɤGMXXXe`@1M1M)ɼE}`bf\"o~̸۠o~pϸ̫+/4٦2-[0٨5j4Z\rofEʍ7p\0.&_d~獝Y~y9\0dfVm/34Zf<	}7{	\'p1$[\\zǻÍoN 3.u\ZWW\'i5jR.mORjdWi15̹ɻl@VnecƏo;tz9K$}_Ckz׍֟\\_?EueXq{gըA!5r7хΏO\\[\"$&3mcՙT2g<WܶMmgJVEOWֶyX\'3-Ve|!~V;cBzYzs#begw9;oHx&;\',&#1)7;de&.hsCظ/^rd.~,G BWCf	;~4.!Z4YYf՝O\rֿ͟%-5\rW7W\0<	!D3i$-[/l>,l޽f=y9VZɓYb2UN/^oSZ5NJV;߀\"ϭqFʒXیziiOaak,gǌ3ʌi0u&*5\0\0&6Șcus#v\0gkp`.?jhӎaC:iOm}i	rbrd\rz_Fj\r`Óe芝Ҏ	\'p N7CWGߎLm>U_fPAwk_\"S\"	t\rdFEsOqGQlVfO﷐s/@7]pN2A]Q8h]];e:-a^y;~.2UOSc̜nI-w]=\ZBʕG fpusG&hsq\03QW1hr2SoDZוUЈ\\8Vsv\\ť:z}﷐ǒw[7?|0ǜS2g<Wܶu|+??ENuy2Lmޱ1uO0gZBa&GwO.?ez\ZY<LϔGZ5Rϛ蘻^/ޙX2{ۖVھWד>MѵeυB()y(&&P\0Z-\ZZMNNܾ}[4oYGR/w8&Ԡ8s#R==ˤҹc;(أ~_r8V|S-*U<S\'>VbС#/,,	&w^ywN^ݻ:RȠm۶9sf=nÆ\r|U\Zd-[JEӱATCo1\\w9w{q?wɥuرcYxYB\Z7񄅅YUccpR,QTRB!^*ʞjB!PjQjqpt,u;wqiMfB׶e@$V֩UJKFP怭\n[[%Nvx;o5Wj놽fl\nﾈl5J;;vrʵ%3V\n!º|`1͚6E&_qws%!^U@Yj-nܸ_bm+~^ٺc|9\0\rg݆4ko.\n\Z3f\rm۶_HdAaaaE?!&&gy\\渞}Y^z%zA͚5h4eSX7kKxLxLxB!B$B!{x@f:mmѢ՞f1|Tt{FR)ղzb٩\0hMOHLgG[[:ri_!RfMsQm￩ٻwxm\'3S{06[kc_f\'sw>՘$ǿ>畿obog:7\\,ģfذa̜9wҿMWxɸ8UVO>)S駟Rvmf͚U^uf͚ŻK\Z5裏\\n6ccpWWvB!\nLB!*$V\n!08:زh-Kآ~hGjZZV$17cSX,gcا!UQ*䒘T.E&myvA!Wׇ~\\\'{t\0hR=[m݂_0X»*U<AY.Wu֍nݺWxY\'O\Z-5kJlp}^wЁ[~AM<-K1M1My8eʬB<$BggBQY$R!JIz٩{ LK`+\nwkʥөRdn[ϳuErs5بo[.탘piuY\"Ǟ\r%ZB!B!DɬmF=44GXA!}w\rB$V\n!(\">1-^(`	ڷ	\"2N\\L8u4LLMbwr5~<;	U8м]䙛F+/T˳{!B!0СC+;!D%/44G!B!N@!>\Zw_%D>n쫽\\gU\'~^jOh3n58>G7\0ݒB!B!|aaa44G!B!NX)%_nK.ڔBT0fd\\]!A;\r +K͂J /ՍEWW{2prtMWcE!B!YیziiσADQ!xNMU}^Ў;hߤ#\06m6=ҬNsjU	*nganImU%ut?<Ң+_[hL1\'fc[R_ә=}%3\'`㚍2Ҝa}*-j	6塣XՒ\n$G_&O*A4Ӝ_ɺ̹!|X)([C6eެ\0¼\n|+ysiNʵK /&k$OJI>\0\\XΦ(0wB!Ba!nҨqs||>r\'{/7\ZYیzii6m6\0wP93?ەY1M}s*/QI\\OV㯧\\z5\"/YۆrOߘb-FF;ƌW.k*8sn6Fw37Y[4\ZMGfdƧMJU1{\nJ! B!Lªugش<Z*ƌlC5+ :C5m\0dŢ8p$*r[lLz.2+K͓OԧG/B!BX\"?Kf}Tmb<ͨ\'&&ksQ\nө[G$ܡE&Tۍ4k\"u5mޔE?|OlcNe9?n9MB7RQŢ]孢bZAW!u	W=xJƕ%OlFҝNv	,YAFFB!$V\n!\0dbK43?iwpHYʴejs\0<T#\\X<8kI\'قLAjRfB!B;K=7҇k~[I˖-*!*˲$$$)(s{\'<~s_oLPs~|MK\rq	} ~V[;jͲˊRR[x*N~iOR-s2bљ\nsssϜ?̠^S>5|4	F1UүҶa;<yq{~\rKmWKٻ{S\"K\"d-a}-3b$!3֌ePc_\'[-4H mJrqt=m|<z9|{?$3)v	KVhc}0ˋYKY?7sVbCkJeeTuMtNaV[w\\s0\r,Ѻ5Z\ns,8zu-SGO+s!f-}0oKVxP輹s]ĐYc2|.29;\rƞ[W陁zᑁFF!|(B\0YR	oJA/Mfu0e|g,+8Jv\0caS{\\UKX\n|exM\nuuB!BHp+6bJߺ-ܢ\rOƽ{UjTz;ţf醬IYH>\0\\Ƅkַ㋳2_zw)9lC|p&MySX1w\\t[lau,U%/kJ~_^]$fƞ\0_0o=VV2]Аz\08-ռa&3b!2\Z56¢Y?GЇxI:}q/?qV\"/aCCWc,Y/cq:Jϛ>#ǳwO6_3὇hgێ\rw-SiGU^Sy^Ųy˱qĥ@?_v\'O`#oًþ9۾q,y&R_ :1\n<ܰw_H?,.ھw9TFk\Z_ub\0iQ$W.FSe\'L5	gAQQqƺ_<\05=ѭAh6>>HNˢB!\reB5Ʋy}bA_|ð~-hkA&\Z]F5s]3UR1FOtdw?oհx>ya\0	8{)Jd~\0\0 \0IDATYі !B!R{vN\n?|믃xϣ0a8LƥKRuGxQ<j26>Ml*\\xõXy\04k;-jxo\0o7+mz	;w\0`U\n{fu,U%)%_z/l\0\"Gm{k.f\n]֦`^ZPZr\n\\P9u[/kk}V#`cD>ׄip<N۱x\"8}\00nk6^}{CO_.Q(nU(.*<Qŵ(M(sUt]wx\r\Z\r$:;ہCCSW-ˡ\n\nK+K\04.w\rMg \Z\ZNUOY!<6vz5}mXhզ%^ƾT:ƉS&ԕ8zt[w\rx/DĭԬ9Ο[cxpwEhh}$$4ƍs3Ѵi#%BU\0ggg\0@PPPGBH$Q~Ԇq?.1yl\'thA\">!\'\"\0|>t5! ;A+0oQ*&B!B6^SήR{>}}~ƀTJTz;ţoM%>; m]\Zvͤm-kd<k\"(WaCtjЉѦcc\"f.R̿ЭGW\0@lL,Df͡KS㱆r#6&6v6m6v6x,%ZNXMM\rf2f{?O0~`oIw`yljjɕ\\Gע4Y5Uk :w&=-ߧFL]}PV<#-c[92f{	]u):vfX)mߑu[elWM<VWWGaAq7k\nϙS9s\n.eW _J+U5a:&L+<hjj	+`%!\"UN>|ݻ\0@1uT\Z\Z믿3\'OFzXT$yuCٳg000@Ν1qDWRNu=Çmmm=\ZÆ\r\0\0p1*{D}Ξ=Y<ZX[x*\rIY<6FFhQmVdRMM5oӨ B!R\\~ׯ̪EFL>A>۶ƫP<UÎaG(ϓ(#(Zy*O\\)wY\\V⹋X`%\0ʅ`̟\0#Q^]\0%{?oŠ]K>*e#vKت6v6xD\":SݮI3Ҫ%.Q٫x4#FǓO:>qr(N]V^\raE:rĕ6#!>O3\">.Fpݯ,[7lÖݛ1l0+#yEpp>VԱn>&O֭h	!Kܼy3<y+W\0V\\,[Gڶm;w`HIIuXT$y7N1qD#44;>~eE\0Xt)6m[N:8|xLLMLL:t>۵-@~nEUdZBhaR-Lؓ}mxOq0!B!0Ғ\'˓T	\0/^Y3U![ÎaGC#\\tjSN|]\Zvo|Bx][׈ɣ@Tcܾq&X9^=nyj<Bϟ<zH2W]qhik:rА<lN9-Xy91GDVuEܹkjko[Uf[p0clll^$\"mγ)LLŏSSRպ	gBm7qR+rM-[Ym;mE?r?\0g?Ν8GWߞ6{*^O1d50xB@KIt1q4U!!e[8\n3Ξ=@O?aԨQXv-\\\\\\{nx\0СCqb]ll,\0`6uا\n?Cv_֮]6m@KKNNN\0wr3f`pwwGppx1vX`HJJsvv3n݊QF1e+**?0fl߾yyyeuXAG\'N	y)OBKK4ls\0au͢\"ƔuEs=n8;f;Nt}|||\n777ܸq5QB!B!6~2n޼%1/9GV>Eރ;ţ\Zc䕑\0(bE9G~f7ys\0@tz4<{TX\\ܹ}{\0o܆Swm|>\n*$E<8O`dYp<ݦ)**µk=dcVu{k9~F꾉S&уGضq;!px_\0~:GFU#Ҥic\\Աv\\T5mf\\js)	iXd-M;vؾy pz8z/T8?`~~%s	\\y :z\Zi\0|D:wEm*zrT	(vMwh$v}V(Nu\nCFػlVI\0P\\\\tE4{wmϯ6%UB!ԈwC0rH:T=22G+9xzzK.Çmzh\0ppP]հ*z\0Grx\"~wcժUPSSÁзo_\0@\\\\mۆLL6\r;wĪU}x<<xW^cǎĉ5k~zJTs,[Pq\'Os(+&F惕2055WIbei\\?M*&u͵(t׮]Ř1 r9ļyGGGUZ~B!B!b52^T1Xa3<\0os!@n(v;G5z7\rM&ߘI7\0=\ZR\n3p|*#.3ceǕ:^cqK<r]<\0\0vƎTW[[Qc\'}\\>	oԸ	&MWNݠsv3TibfϘ6qfL)mV더)0hۨj~D/@һ$ʣH<lΥMe^o\Z5X4k1FŠQc#i6X2wZ5nA	:aBc\r\Z:yyypい`E0M܆</^w(,(aCC_=P<\\:sAg.`ڤc(rMw&j>~3NWlWزJω{U^;*B񒓓Y{.\n%JՅ~Wx<ƾ 8;;#((\0Isep*7_6?~\0ˊ`֬Yعs\'YǙ:u*ccxG2b<|0֭+5~}ǎ:;a߾}8i,@ ٳg%*..z	k׮ѣ-`_٤òɈ/ԩS2.:00\00f4i{a81gΜ\Z,ۼnB!BөS\'o޼-\0\0EEE(,,D^^>|6mTFRDGG#h|\nߟXg?+te8ؘJi!OOO^V_;C7>ƴ* \ZB\"2>fw>x_*@qjJbӨ0jn{KUŬR_0h]ʑ#kEE!T,cSBh(<NFZ*j׫V#*V\nǏ	xejlٲXbV^\r555̝;WƵkװqFl޼-*9ȪVX~ܤJ\0e$=|Ǜ7o\0ΖhWNݗ\05jx[rr8Wv<P233%g||<rssѢE\0@nn.ann._6\\?;Ǉs{.k===T}r9kb׏B!B!.[ÎaG񐚪I+FBdWwxϟ;|W(]K1VoMk}1ݽ%U޺MWuBWF$Vnٲ3fC]nݺ@qm+y<w@5;?~v1lܸXv-8gdd$%%IT.Ajj*6l\0sss1%%EIEwKSv_;=z\'ʎʲBDD={.]0޵kc[y+]?y([jL]w\\gee1hhhŌ*S׏{B!B!ZuGxQ<ZjOLpj0\ZK,óP߰>\\\\09UV4w0]>iɖ՝yK4h`%P!J\ryݻ7.]r%J~{DU1\\f\rPXXW2ڗÇ1vX{.-[вkC\0ٳiii/#ک+^\08rrrrM6}VdQ\\\\\\#11iii?\0(544p9;w\Z\Z\ZdKe){D|x9>.خ7|\0CXXc\04k\0Sqʨ )\\t	3f#ₕ+WUWYE!B![ÎaGjȈ!NIT~t<^&\"mJJLp1C!B*5b%\0իիgܹصk8^^^\0cӦM.N&ňɬV	\0N\0,]ܹsSWWǙ3g:u`\0iӦ,j_5jJJJgǏǡC0eq;yɢ9ik֬C0sLhkkc̘1\0&&&ym֬Jk+^%Y999\0|w%===}v,\\qAAA$_mB!Bq[E=CHgo~|JPI?^!B*/99u^U,5[p!ƍ\'5B*øq㐖@\\k׮aΝ8{RAH!Uԩ7oވ嗔@ ÇO!_h8\0-55Xuuu|x<\0}4#-7\\c(ág<UXOOO\n,ҋ\ZBHţJB(9p(D!TGƦ-Pn=QxTԮWT֯__!Br999uuuBCCC˗/~DGG֘<y2Zh!Ǐ4h&M$	`&_vBBBr*\0a߾}@ )\\]]ѵkWϷ+v܉X[[c٨[B[PPsHJJBNN֭mby.I[[V%SyB!B!Yu8Hx!B!R:\0B!}׭[|}aKHHp}\"//Ǽy}[>|@vv6?K.Ɍcڵ@ `lOLLٳgqr0111wݫ_Eff&P,\\P%kT}B!BHuWݒ(vOƕL_W|yRKt{\0\0.>]ImwQt0i]353h^h?έ´}63h.2o^{c*\rm/sƯ+֡s0o>]܉s**p9wE懔i]3t0CGYqym*9$B\nU$/76oތH\"88!!!ׯ\0@nn.\0K֮]ÇKM3f\0cR㰶?ƍ3w̙3\0GQjѸqc,^\0)u\\}%KsӧOKsOTiRѥ̟*΃B!BH{猔$,;Xr\r>dlINNV=7222`fs°aCӓv.˃V*R<(/(AJS~&$U@ɔ-7#ա\0[ZjAv9K.t񉙯?z/\0\0̘;]%Il̥ceKp>}A\0̙6CF(?3S5.u~jħ὇q.U!BgXY(ɅK!Dׯ_~		+W˗/N:8q\"\0\"NNN\0>\'LWZv		ʈx{{N:K=||~իW\\NQ={2<OOO:. \"\"piqccct	իOY\\OA!˗/3nݺNE%ݻwѩS\'\0@qq1X΃Xi˗ѿq[GGGa3b%ｍ`$IOOG\\\r#x*MJ[¤L6-)aG(\'+ط/U!\nϙS\0\0a1oR&U*	7oN,;m*4K噟C޶oss:uj+\'!tUW[Lqt[	!PwvvF@@ÇVΌy(+..\Z5\nxF4eJUO?KKKL:-orLzzzӓDXo@H,((:::PW|Am`=\ZHHH\'0c+ܟ̟*΃B!</ѣɓKiii[qM:Bj?_󑚚ؖ!`>d5ٴyjשS=$8{R/QC\0@غusFaG(&<\004Lg/y33ioe-u-\03gfBW=c[mdhj{}Drʎ!kmypŵΏ{̘)u~9p -[\nj4	+V|RvLdlr\'l\'G=\r}Dz~:!eA	A=amm4=D8\\V		̠9bOZXf\\s}6	KV4j1HMI[~еM7շ@\'|-,!PpoɌ=C\ngҨ~\nŬϟ߹~+lJyZp9mG,U]S.]`շ@].|1yKnbE#c8^{\n\\|HYaߪ3[Ҩ}7a7ϻ*CRn^ݽ]qgĜų\\\r͐`cQVx\"j}SDģUxy` >Vh陁zᑁ}G!|\rub%\0<y>}§OpԩTٳ=z4FgܹsUMPPdʾ	d<.}WO400,J+ۮvmb-(~WR3\0\0 \0IDAT@L0\0PXX{*ܟ<!BTECC9q}ݻ(**ƭ[pU$%%!88X|Mيt0\\r7oW0wqedee!--\rSy\ZHJJBHHݻ		ADDǅ۷v\ZBCC;ɋ@ HǸ!0\nJ%C^7U;Gd||Ѷm2wO޽9M{FJJ#Fdf6	:ڵY2zn,lۖ\r77|_Sqd]4ơCupP.~sfIIcƲݢeW\\ΏvVx~NĉZ((hٳY\n\'Wh1-E \\]|\'6tـ9Hښq]21.	&`C\rsíoo7g_XJ밦DuEbk	EH|\rCaemR++^q,Yǔa&3b!2\Z56¢Y?G}~8tR_ϓ32D^<	Æ+^z=`x?\0WH=~1f8{\r瘹Ώ<=D;vmΏkJ5?^/esr([7 .9J;xKVؤgx	}},^P<^6?ϡ=c`em\'7щQݿJGMMudpU\rY}?Pk&\0d>0nlWj=}hb\0hW]UK?°4|I\"^\ZaϞ;FwOE۶VB!kP+srrpq;vQM7nƎ}>>>puun|gLHHf̘Ç̻9DǍ7ׯ_g1c`9^z˗c6l̙[n=73ѣG+Milq[bԨQR+_W>ϟ?c˗/GRRsv\Z\0ݻwgl}be˖QQQxl2\0U0K<W-n޼yJlǥ`ܹ5jm-y%R1<7\"11yyy҉w۷0J+XJ燴4dggɓ\'Xj)3.Ν;7n@ff&jժ+++>(ܟHe$?^m΃B!DUǸ&&&ݻ7ԩXϟ={Dff&DU:i\rsss\0\0!55Wy\ZA  33zB&M>uA^P^=>\"|	=z@6m8\'/NBj\nq5lhjjVqDWjj*o\'(q	HNNFamtJW@S*R<(6MܹPWa:}$$4Dhh}ܹÇe #M``uu`l)\\	fPm\0s[#G-[\0˗\0gOcq5wőGێ(QmGE7nkb]uJTkźXXչ^sp؁mQmJ~)\"񿰱7y?m[KmwE6S6\0m\0\0ju+p-B} m-\0-ͱg5<IxM~߸W-7N\0\0fMf\Z۽_jnշ|>lVbsU\\d͏2KYyMwnم|а!~ ɮ;ѱ|>445x\"\\P<|n믰yK2/@~&Hkhjs?:xL͚9ω*wrl <>4\r0QUIף?XXUS]ƃgKAS-SDm0p8\0ǃ.BC#!!6n433Ѵ	!&Uٳێ;\'N\0k.ļyGGG\\x;j*۷$o֬Y롫ɓ\'cڵx-6mKKK$&&ѣ$=Y:wSNݻwGff&Xb4ի}W>m6dffbڴiعsD\0eoEd8q\n!JTOڒ޲ge)[333vڅcܹ۷O>eTPJa=h 2Ν;uttK700QGƎ#\'\'W^TӧOS}pmw\0VTyB!GJg쑖GGGy}6Zn\r\0#zӘl}jjj\"))	hԨ\Z5j$q|AAJJJZ9yc6ojjjh֬Q@ս{wjjjhذ!=z$6[HHH޾}MJ)[k]\n|7N]81:M`Ѣزecbv3ݻKxŪԪŃK눒$+R\ZYڋEEWy2VnQ,*);?ϟ+V]ۓea`ZuqtiIᨯ]6yXqCz~:\n±xݔq\\tK.tSc@̿ЭGW\0@lL,Of͡ʷ㱆rKލ\rc\r^<&Z&YMM\rf2f{?O0~`oIwEM]\r5Z&k~ƣ\nyMD<@Yۤc/>ݐQ	RV<#=syse:v	:uS3Stl\'uūktxMVjTk﷦ߪ<ҲágڃQ1iOh3CЪgZ&ݔWSMME!T#+QRR¸;:$$\0$Ch׮]		a$V:88LII\0>}\Z\00eq5Yf1+}zh<GGG-,,\'OW		CVh\"%J|xInݸ$--ܠ-̙3@DYCC+V\0\0W>e͙	\r\Z%%%<x0LLL+s)8чxNNN())F8Q#((QQQHOOLLLЯ_?Fb	6l N6m`ҤIhL]֭[\'8{V8>oG1dN\\/_Ǐŕ4h\0{{{7ND(|Ţw<!BCT\\\\Lԭ[qO銔EEEe\0H֧pmhiiJ\"&iˀ<):G\r\r\r܅}1EVd-NBj\ndddh&Ru\r\\~+V2\r52AG}V.~mjVgkmKr\'V\'RjGx{bϞx{g3ѷƌсDKU%@H%b׮ژ2E|>㽃o_Ue?Ώ@ LdKN{qtiG^s)!a]\Z?@Zo(*JWzuRr&J<.bł\0+1<DzU3_3mV\ZZ#E^\"X-Y)M^`cg\'O$誃0?N4-ZBX\Z5|S]韽ʌgOs0bp<y|!W/ben؆-7ca_{<sL\ZYzny{iqȈ9A04Mp\'/G!00(.ZRǺu<YWeB!_\ZXrDzzzm$Hч6229D\ZTxrr2\0`ÅpԫW3gDwY[[VZxxٱ-[SlqVNݧl>\nΖ9rssQXX%K`֮}ʒ7gNNN8<\0a!>ϸ\\?Gr-U8.>jkڵk׮emS9,VicʊZYY1få?CCC,\\\rSyB!\Z\n-N	\ne+&ª<Ob[:::.;;<yD|cHZZ\Z\r\rUv,,,&\n7,kr)xlqR#!!sH$IKT	\0NNr\n\n\nZT8#_|̛W͛ػ7ҥ|xx\0bb`e.<ia!1@u<}Zϋв~J{XXkTa6\\TE?eLr~44Baeٜ4Q\"iSFBַC߆0|/_s+-5-\ncFF0d$׈ɣ@Tcܾq&X9^=nyj<BU=x$^+8x\0TbHSy :rZ\"܉s2BX@U#R޿Oܹkjko[Uf[p0clll^$mγ)LLŏSSRպ\'2\nj\0}eZ]=YiշVϕ7\n%V\ZGa!äI8Qol%BFUD&FP)JTt<AAA8l߾0aҰuV}111Bn]=-)O>}||UVĉ\0 ^jzǏKU>eɛǏCKK8y$>}q~j׮-8Q,qղx	Eb!B!|\Z6lׯ_3*s\Z\ZիW(..{>\0TvmyxY	FKK>|@qq1^z;w())oRQ91 11HLLdܠX~}$$$7[$\n\\L?3gka\"frr\n_#$EEEUu;G1aЁys6߄EƌQQ͛o(Ym[AA(((O?I\04~Y(O~(O;Vr~:vwUK	̚dab;><]ḛ5GcXp-LL\\YQc5W	 ( m(<{HaϹ3AV=(~-+#	E\"\\L>(|^ܹ}	B7n̶|>7UUqa\"Ǳ1iJ??.O~p-\ZF#Ȋe\Zgo	xm܎lQ4iׂ)u;6qM4ZarqlqczZ:V/aThg7@QQn]BoxLGlL,\0 !>K0!A.8u4ӄy6m[K«h2\\\'#翻\0Twp\'FQȔ()w}HJ:h`HK3_mJ$B8|\r\02aaaml\n\0سgҐi)}\09$$$`ӦM\0˗Յ.w@??kWw qge)]WW<z\0ܺumOYlsDhorEQ\'\Z?,,ׯ_g%#&&n1%	!B!51bb>W˱ħOp5ܜ۷v\ZXZZ\"::\Zׯ_>	[x6mڈn\ZaaaPWWgT,y	+?x-c\nKKKڵkܱ̔4lIHMR^=L|Ψ	\ZH|\0NNp4ߏ&M[Goԫ[k֬XT;G9<L;wy{{s]KՒ%z2EBW=jՒ,_u訉C`hFdW۵6ZVG)މe*EUxybbپ6ll40rdDCjԩi$hkǢEJ/:b46>ڈQf$ww>܁>=hkcsvXzo)x<gw870ژ~s:~M&v1ߘmmǛnRޣ\0 <689B:Q(cU\Z;{`hfnQbꧻS7L;K.yKj\Z0sLǬ36I~>C\"33=zìwco6e,üv\\T5oYEô9:Uk߅~wHj\Z\rZ-Xmc\r\Z:>u076y^j^έ´lz{_PUV0	=\\vA5M<nll`6Bcݹc)St[BOBׄZBݻQrU%PXXڵk\0p\'Nq3g۷SFWTTG\"$$)))066+p]<y111055ć\'ddd`رE@@s[ҎeWD>o޼	???deeQm燐\0@>}55JǅgŋѣG@ y`cc_UfBaPP٥Kp!C aE4ހ333,\\g=.%%ׯǫW$닂tW^\\*,,İaà#rJ!BaשS\'o޼-\0*\0EEE(,,D^^>|ve߿P/EGG#h|\n狫ww3Rq$г?bc$ɹϲ7{zzvԶ^BTTTJxQ<7!śO	\ncZq\r!D3лS<[ .cD\\]:\nB!D)Ʀ-PUQlu@^\\zub \'\'cǎE1|emW+V0!B!D+k/Qbt\\+zJBFXIje+umѣwJa3`cgO|\n0ܟ?X	c8++	%VB2.%8y$ѳgϪ*w9L2*	!B!_dxNR:ţ\ZZZ<hiҝ˳x\"̟>\r,7&̘	d2X\ZBn*4Ҽ%LE+THB!EӤ<pvvFΝ:Bܖ-[:B!B!RUe)vj5CFC:B:sJerlC!jXYʻl2!奪 =	!B!BHeVq;]u%}	!B!_JJ8;;3Wt\"\\e\'\Z!B!B:T$4îC!B!jX{,,,0rHt֭\\VD2^NN\\\\\\\0\0ǎVDلFѹFP!B!B!DVaGnB!B!D_ٲe\\=zն2aLLbbb:1ʣ&]B!B!Bȗ%Q<(v-E9s|OU{\'{iBEvB!OXhkkGhٲ%V^-yVVV>}:U;w@SS_K\\)Oy>}\n---!::\Z6 \0\0 \0IDAT:t`Q6GGrWl\0@II	gJJ\n6l؀8уgQQ8Po	.|ŀp\rdggS(!B!B{}9#%%Io߉ʕka$c;\052ڗ.^)~#\'wVVaGn(3\0o4DӦjUޏ;KJ\ZWq$B!BJXٴiSaڵx8l۶\r6l{sN~;;;X(>e)7ohec)xA\Z{{{Ǐ^nGTT&L\0SSSFǎÉ\'ѣGĉ8v<Č3	B!B!B?//oxؾqYB1I$<<&ct	\\޽[2[\ZÎaW%+9-{\0;RURQuKorrJ:B!BH%։,@۶m3g_ŧOgΜz>}8VVV\0SbĠE055ELL9Ţx\\8;;ʫA;&QE|\0	={d\"VU27B!B!T\'6oA:1uľaoQQ޾}\'Nsd?U-**C`xQ<[<e=I\0 \\豴%ٖO``.ڶM;G$\'m\"#1th:C[=Rpt́hROӦIXc\"ņ?A=W{uohw><zmm3g\'8{4*8q^]3	J	[h{wUq\Z{f{\nf)k[jf\Zkj\\43\"\"5-sCDCل1_F;ۨ#syshsV8Γb2+9.υVĹiN\\Zu~$vLu$SOn̙\'=\\o/Su+a]2	?\"fAm~	qyոs6\"G=ڭIq=Msיn~9APP\"J&_+B!x2YV+V$44?KrQ<xԩS9{,WիwYR!7TV\rTojԨL[\\>K/aooF_|PD\0\\\\\\rԙ5as			9ʹ}!B!BXN[!Olذۗ>lCQDΟ5k[O(<ʬ-@||&kצre\nWӧ8ݻm-M\'2۶S]xdfڟ8AVYSɓ[Wŋj>4Νض-		\r-ܹLpiJk\0_ERFOL$HmӕYs~\rCi^9j)p$o^FW&qӚLɶ&t%quu?g}؎.<~UYfUhƆ3\r)T+xĵ}wgMXOH.s맫5<F(ΕTsZom퟾FHy$->7bj[YOSZ\'q3jy߹SMRY.SX<^P1p}L^F!Ba\'ԩCpp0\0\0L6[m}KZqqҥ,]TXAY<i\nKCn9::R~}݊h\0$%%魚	;wq66?@B!B!I!#X%T_]⻨̧tV<$2kǸqPl3W%*\'\\]k׺Qv??v~\ZIȀ+JR\\͚*y`v`$ʱcX<@2h//\0\\]컪?}fZk-i6hZ)KkWn]5^^\\I;Ol*K/ЕjQ\nWo}νu\'<JqpBN_zڌs`cp0~_Ṛ&\0eRs^ţ@\\k[승~vq߉(\\)gbk3zB!OX9}tbcc?\023[<899eVv;YZgLL޽ݻwcoooJS˯TT	X}PjI&\\x&M+K/pQ9wM6sG;fk!B!x4~]]=c]Y\n6lKt=\r\ZDF4hPfx\"zAq9ݹӧO3h ϖD<dCҨQ<5w>bŊC2\n\nֶQ&yY[GǼMh*iKҵvoѶ))&?ݢys\\9uJ[DN[O\\\\fE풵^;:NսNHK`[[,.܎ƷVguߟu5{o^9+/;23+	_\\9WQ$pup~]_B8;ņۡy7TlMiqnw698}B!b[mۖ0/aРA\0:p&NY׏uHffnlK댉rɄL4^Fŋ79Kŋ$/A&M@ƍuǕ0`\0qqq^:ǹ=zƍҥݻw7?!ĳ-KS<|KKKcx{{ӷoBk v{f(ȱ0B!lg}x>_oNOYtA2kOe[B06m	gر9}tڕիWk.ٹs\'\09#F}(V#G~ȑ:Cx򕉻y%r:Nş[0mU$2ɣ\0ܸQv#Fc{w牖.gdtiInm\\ډy䙟z/sןt7m7Cͣgj2q^XޜLɹiyǲ/Pwػ>)1amcJHKӰiS\Z7r>:uT̙S,W!Bazb7&=z~7x7̪SIDDŋX{G֖I&P{ٽf `J*̫Tg2e7os`=cc#H*11+Wr߿O͚5֭-Z(hO%K\'ń%KЬY34B,*Z>fݱ۷ʹ_zu7{*%J\0p+|n|<}GFegGc&m>Z΃QGb\nnSsL\Z7\r_bȉܾ@cٴv5W՝5Jm>]5h?j(okؖO(,Y:G68rڴiԫW[[[z-f͚;n:j^~eBBB={6>dddd0|4\Z\r}:u`߾}̛77nPJBBBh֬Yu	ah򤹓*>)cǌz7;IhGQfmy\0ʔexgƏwرtVLenĬ&-E(N^xQL>ΩS4ono\r9y25ǢGqzǎ4I}s/v׉F8WFتrϓt9~ߝ=|?*smWכdd@b6;RB!O>`ҴiSㅅ\",yfd\"c\"##u<c2pB{\ZƺO!OX?;6wRԪ=[B][;hrھڊ3:gY>䇃.-EvsF-)p#4nR[B<i]FPrM2JErr2`ԩ̜9/rABBBXJSNe={!C0{l{(/Ż*(:ɣL(<y{;bEI<aa%iłTk9̙㊽=GLvK	Hԕ#oFG|v\'2n{N/dogӸLcf2uLM&Qף8bx%vm{wd-ͣTs>.|s~6L5h2)+;^{Ww\r\0݊eLi+4lhOXXI)GxxIT)B!3?\'rRj\n[[[j׮͌mj5DEEhhӦ\rGRѡCp^^^;wmx˗Yjϟ\'55\Z5jЭ[7Zl3ח\'N@PP>>>\0ٳ7Aݺu6lʕ3,C6^n9sI^J`Cؾ};ׯ_ݝ޽{?c=+}6\\tVZjèj4hʟ$WN=K%kkSޛ>!q_Ɔ5SfufL֝?ygm\\SqFAu~IcqvrgάZIm*Y;Rn\r_oc>kR?|ȀpvrV-Ix<xbŊPX1RSS_t9sW_Vff&8;;ѣ<x1cte=<<ؿ?JcǎtW+ZN>>_em+IeGɍ\rN_톿\"~~wprsfhܞ\'K3uj\ZFPn2%#۷IxzakkC璣KK2i}5MV^ưcpYB&ZJ8>6kϽ~Ʊ8ʷbJ)T%Ww#6KV{Qn8748WjAwz]|pv$%ܪPTYm\'J{B!B&+)ŋOxwQܖ-[غu+C`ҥ899ѻwo\0~6mDϞ=ٴi)^\'puΝKZټyщhԨ۷g,[L7ҥK|ܻwCdMXWn[rg=c)ٷo-I&L6\r;;;\"\"\"U쟱[ߕ^hBffF\Z#~)NNNFWpTN=%Jc?K4`i{?XBlڞ;--8B;Krr\nm{mohţItu6<t&+l)CijLF-\07\ZMm(Daqtt8::SkOʬYUEk~=W_}En([,SL`\'6ƶ|m?(((_mU$2ɣ˔Ɇy-SG=-Z䚣=;v+ӹ#;6??˷mǏ{:{2|u<dq^S5i_ُ;WػzR}^O)հ1f[B!BaLBĉYhǏ租~ǇÇSD	W^:7D&%%(^+cccC:u4iRmym#GPT)\0k g;?|CQFΔXܹs:5\Z\raaa9AѣGNTN=%,gɚ:{3?\n=&$\nU<ZT)wٰg\\\\IJNk	O\rj\ZJE\Z|<O\Z1e\"oP̮tR[B<*Uč7V\Z7nܠrݺuK7ybŊ̜93fk.Ə_\nedֿErcm$2ɣ!B!B˶!(X+V$44PV-=ʼyG\\\\\\pqnyk]Y)]7aW޽{7nɓ{{{lm:{,Fwѭ\\`d`̦wC}W3k_wN.]\079S4fJϒ5!ߛ9fBt{UKU/7e-c^;W:lݱT6lڪWWiR\'SRXklM?=>\nz6t-;9r+]ԖIӦMGRR{M6}߿P&UуHj5*U2kU{d.z$2ɣ!B!BK&V\n!3N:oVKJJҭxuLu\r\Z4`lܸs.\\hrL222L.?|.\\iغUv1qɚ5Tw%۶3))l/kHcrNC)1SziMi13cB!.]~O/ֽ4?/۱; ~s#۽S^=ÂIV/^\\RAxD1s9WVF-%%ē&  3g+o;WN{O>N:GW.ȑ#Yh\r6dҤI̘1#u\nfm+IeGB!B!LBӉ%##?xE=ѣG)Q.88D\r\0|dM4Y+899eu2?www\0_nV]4.~~~\0,_;whҖjw%/#G`ӦMpΝkNڳt̔%k\Zk%~	!xr9v Ǳzukxkww7>l&?7WаsjVg9}٩C;EnPVz݁:[4k¶8^vlZMVkz߿#Gfk_֖O\Z/_?LXXκsY>W*Ur=gHJ}||طo߿W_}5]VV<$2#B!BX\'UQBQڶmKXX0h @]ZJJ\n7nK.thJuԉUV-?*&	`ٲeL:f͚ܿCĉ1-TXǺu$33SWrNi\\:tJbΝF^g}W2`\0Xzuн{w4\Z\rb׮]TX={\ZS:,3gɚZcKcB!BQPm?ɣL(<B!B!uWԩSE!B!fjڴWF!33ZMFFiiiܺuzFT!CxwQODDPΎ\Z!!T*lmmu+6iY<JhnݎXtmPPIemU$2ɣLq^^^2cƌ#xm&,x!BXU^ʬk7;	,wLB!B!BİI_GQ&y˚^P͓ <cb,Zk׮tر\'U>)B!DQB!B!\"U\nƍPW;Ӊ/qی3Z_b\ZԪcL >va6YtttQG#yIe:3QІ\r+V((B!B\\J!B!B!x2Ç8g9#5gNp߿	ʖ-Ct\\YۊzGQ&yF)\"=X氰0SHiB!B8|0SNtС\0СCg\"KV\':џmB!:8/\0\0 \0IDATn%<8 ǹlI_	%\\\0(Qɓ\'oַz\'yIe\'#((OOOprr}<x0G۳gZWWW{ٙWZEڵqppZjDDD(xzzW_ݎ}7Ē;)yV\0ԭ[W7ׯ+occOVprrɉΝ;oVf]vѤITVʑǔϧJ*Q)MQX6>wlll	777/^;o쾃q69B!.X)ψ+VpMVZEdddQyDFFʘ#SS&\n!B!E?\r6p<}Nt.\'_b\"gҹsgֶQ&yIhW	|7x|2:s\Z#{CuYPRRR}6%K$  v%[l/$22t˂߿\Z\ZJZZ\Z?#˖-c׮]feJ15{m6͛ǶmrC)S_­[x\n\n2+sdd$#F`大siΞ=-c-[ƚ5kou7lؐc2))g1O߾}IJJʕ+߀iݔq.B!x+Eԩ\"\0[h4\Z5\Z2Fk@i<ı.O8!0_ӦM_z///@KLj5q-իWQÃQ#$Jn5&-}\n;	~hӶ=V.Q\0+_Wr5t\\VӹKwN:;ִicvl߂Jnݎ\03WsCBttUM<$2cY[AVё.PR|o333RRRLy,Z͛뎝8q_~Yv֭ׯ2Ǐ\'88ܖ)}ϭ掅!ǜ{ۛsҢEݱchccßIڵueqssS_3nݚӧӺu<e\",,,}2d?s2gWϘ%\r[nk׮91徛2>B<6m=:BaU^ʬk7;	,wLKY!O=>JVATT\Z6mп/Lʾ$\'\'Ixyyq9ڶm={ظq#ԭ[aÆQ\\9n߾Mhh(.]UVz,͢ԞS>|Z7\rx[%_+uV9___N8AAA(˗Yjϟ\'55\Z5jЭ[7Zlib\\~wwwzb{J9{<w0̙3X4iѣG!7\\!B!!#28P7\\SͤBr$*ƍLx*Sd挩6mҗQ&yIPF\rZnMf͚zL@HH[lݻddd\0`gggV=gϞ!O8޽{5oޜcǎV~O~9s90\'(888jVǏy%bbbX201SNΝ\r7徛2΅B!O&\n\\!rٷM~-[غu+={W^lݺ-[Ɔk2|pݱ_~+Wr1VXATTܥK/\r\r,YիWMZ^yɒ[{JLҧOLdd$6l0ZYQ\ZkF\ZBBB˖-냡O8}4|7>#Gͱo>͛GRg޼yFSiӐ5kpY?k9sx?dWPϵB!9!SgP|e1ϥB\0TPe,:ɣL(<gڴi0h Vݻy;vYJ?LzznU_eff쌍	vwS2>\'2?\n3lJP!BXX)ϰC++{\\߾}qtṯ\Z`%tMJJ9r$JMaΝӵ}Kdɭ=%d_ЭPh%YLXv듺uAy<t/^HժU4i;v\0 005jr\Zisɓ\'6J٘|!zB!/_YMVs1xYۊzGQ&y\nW͚5ٳ\'\'Of\\|*G9\'3wu?Юw)c_{{{Xb]}ES:>%M6ĉzǲa~en޼y,~{MSa>cO~wwS9?C!BB˚₋ݎ#;777ueffEF\Z;Ｃ\\@bby͢ԞStޝ.]\0oNK+kxN0իw^ƍG~t܊۔g(OS޽5r<~Ȯ k!Bkds\'Kkӵ1ׯwѣӹs\"N\'yIenݚ~ƒƲehРA*Ub߾}iܸ1gFVITTf3fÆ\rvӭ[7GZ;}h۶Ym:0vX݇-)cνP2f;6@2O<~&%$$0~x\Z<x0{\ZÐ!C<xuSϘ)㓟cݔqίP!B<dbB<<<<\0HJJ,lllLs\\piӦuV\0ݧ[&%%%q|ɢԞSl޼Y={i,=@[dffaS(g\rXx17nܹs\Z3kBeKS۳T^Ks,YRwݽ{r-g\nB!B<=o6ᡡR2HiӶ=@觳*nmE=ɣL(<y|ǿ7\Z`Μ9DFFRR%T*5jڵkڵ+G{?G\0۶mĉԩS	7O]veĈtJEN0a^^{ɓ\'3l0qqqa޼yL2ŬL_~իW)]46Y;1%)k׮|GtJEW4s/	\n\nBRѨQ#^x2ddohVfS3f{}7e3A!B<TE@!DiӦ\rׯۢM6y3k5E\'\'\'νK>|GXu,J)Qڵkٴi{l޼\'eT.]\"66VJ$$$o+*gpp0}ZjOfMRTŋY|9#GΎB pwwݻ\\~{N/%97n9rH> k!Tovʹ)i֤!Wj*W)79v\0ar^?h)Eן9vޯ<sr*NZ5?z(U+W$px&Ƌ/<oYx!ڵkL4_&MpBJJ2331c۷oÃ`Zn>}m{lV\"d\\i[bŊ15d\nSC̛HQjQ&yIL)eZhA-Ljk׮t9OOOvaQOWﵷ72Ǚ\n*KLS{{ｧ{}]ʔ)cǏzO;vHǎyь=zc{X_w0> B!M2R!a=z %%7ХKw:Jxx8\'NG܀c9YE=%JYwFСCڵ+ҳg<g	\n\nb|dff	@@@\0˖-cԩ4k>(Q\ZN:j*bcch:t@RsNqssW^F۳	Я_?֭[G``9KsܼyիWӨQ#\\PϵBa/ѬICbbr%O_/3\'O^zSsYAw\\ign甲eKMMcHBfi2fLfؼ6r\"?M6Md\"\"\"Xd	\'N4znӦM/^ÇsYmfpRq:Pbm$2ɣL7~~~|G4mڔDFY ?\n\"]!Bxŏ<r!Bg]rr2ݻwݝu!M*z*^^^vՏLj5q-3mң\rE<_.#rwc@͚KZ5ݽ\0ΜϗkT(_	cѢY#\'rY\06]FϾ9v\0Ç؝q`24\Z\rG\rv՝r1|L5ٟ-]ma6rG7wb9SS؝cv0ԮU]L\Zcͅw:Bijm-7nÇ)Q111?^a$s.!!!ԩSG^{;w)uj^~eBBB={6>dddd0|4\Z\r}:u`߾}̛77nPJBBBCk111<5BBPT>dդD}@۰wv\\lߠ L*eX݊zGQ&yț]v1}t)SdڴiEK0Bi&B<*V{)q,^v$P1[kB!x^D;|\"B<MV=O\0\r^|AW6t2}z1+taZ\nhW|YΎ_L\Z7/V/XF[ ==ǤJZ	ٰy+mZ?V:Rhx\\bŊq5]p-Zos%u߿ÇӰaCͪCR:u*3gŋ<x,X+?uTϟٳg2dg϶|`&}IeG\"o8}4iii2!]!BX)Bae2zh֬YCӦM	(HB!US&7nƑ?Wr&}*j7]ui{l׆7nՖC텳j͸[s;ݻ{=s_忩U5z_εnי}5CԪQΗBQF^d6nHZZI璒mۖ3fSN=~z3Lpvvח3x`\'kzxx~nݺEǎپ}{^HX袎G(<ʬ-B!B!TE@!IСC:tP1Bv\Z9vʢ|2jV[5e<H=7\0ۣhtǓ)YRpes~R..]n[?~.))M[w9,]]k	\'K!2zh\"\"\"8p &svvK.8;;3`\0V^mÆ\r^3\0www\0]_?㫯[n-[)SдiSD<qmE=ɣL(<B!B!В+B:K\'6e\'--v<JqB!\nR@jjW]:{=D0ѕowmowk\'\'\'u+>r%\\\\t\n3wbtǥKe\"Kjعs\'NUVxxxtӓdFM|܃t?|0GŊ9s&?#dySX7k[O(<ʬ-B!B!dbBgֳ0Inɒ%4k֌}u|g=}B!U_Ot~תUcOҋ/蕫Z2UT\"#Cu(Zn䨯k	n\'1+uj}W$IɬzkWʅ.Uw^=xGZ%jVZhȾ}عs\'oIڵkݻ>4k`]ta$\'\'F-̮=z 22ZMJsºY\nGQfmytllnk	z7mJF[88FeG!B!0LBQ\"##,ecǎef_4}W4BQ^z<Vjvʴxc2t8F^/ҽ=oۼGĎݑujxGͪ_}~$>;]Qھڪ3]^={6[&--	&tn?x{{sq&O;WNgfժUx{{sy&MdR\Z9r$-aÆL43f\'ݍ7y~#ʕw\'i_\0L1j@J5y-[VdX\nGQfmybʔ$\0f*w|{\\˗ˢT@`QUO~ɝB!Bt(8uTaeBQ@:۹~:___j5DEEhhӦ\rGRVĉ888uJe_]	j:tˋ.Źsh۶-AAAee9|0j\Zooo\r\Zc}5kqʪW/_fժU?TjԨAnhٲg6nHFFueذa+WNq̔}6\\tVZal\\,k5fJegJ}Pz柄qBjڴWhDVAZZ\Znݢ^zu<INʕ<)](=ta(U(_9^ΰ1ټ.bm,LcsᝢgZ*CLL\"\"(fgGT*\0ФOx\'cΝӾ};B wfձq1c&Ԑ))SWq4ߏW^yWE3WsCbQBIJҰaC*VpxOe^}Ձ(sY:2/JyZ̀NS\'\'&B۴	z,B!E*V{)q,^v$PgeJ!x۷yQT)Ù7o;\0[la֭ٓ^zuVl٢w}F		!!!e˖N=c/\\cǎb\n^O><H6lؠ؇eԿO>ӧO7|9r\\t/PN>͒%KuW&::SjUŒY˘b3wcc\r\'a\\Bu`^i6{	s,VSgAfL{)03xLB仹Pҭ$\\	x7iҤٺ>L턩=Yp>kh^KX\nGQfmy;~<DJ#((3g23Ze^ZQiGSٸ1qpML2]\\]oxFncG^TjGH}9APP\"J&B!zJ!xر@<<<pssc(/:++w,7uFSj%J7))hv}||x8zTKGC}0NCKKKӽx\"UVNȑ#)UnhW06f]w9]֭[Ҹ;֖>Ky3K(ݔI!Y1nEnxT$k/V깖m[cbP;sEXBmWOlذ[G5^կ_#<$2kԯO˖	\\B,_^۷s}x:}W_uEG\Zɾ]wksW4lNzz֭scݺTF;D͚E5\'O&-<7C6۶ѹs1+0fӧ\'M4%ϝ;Y--_?sLB!BadbB<\0t[N?.kҘ...\0$$$蕱3Wf2fe޽;]t >>^>RM0իw^ƍG~8yM\0\0 \0IDAT:Ϟ=˨QxwtJ\'\'\'ct]bb.g$}P\ZǙ2֖>Kni򤌋B!閐!#X%;{w;+04#W>k[O(<ʬ-gCaΜ\\R(pu͹*ڵnԮݻ6i=22`Ŋԭ-WGf.X[p/c:|yYY\\\\lw\"*ʃ+Wg¸q􌳰B!B!\n!(Xʕʕ+QbEsܸqCoBu*]^AʲyfĵP\Z4hŋILLd߾}DDDpB֯_XIHH 44\Z5j;h\01SՕ;w;9.>K^2.B!OMEA3xQ]?{tf6m !k? 2r_\n\nq,,,̬:m?ɣL(<\0Y-^mpt92KnUU,t!hxP{<%̎nc޼y9OҖ)Q8WtpA;h|B!BX7YR!r~~~\0,_;wE6m\06Y[%gStR{M6+W;wI׺puJ899ѠA@¡1Y+B:99wNi̔{饗t99w./K%SƬC9MS{A<6.B!Bgӑ#?2uW}\ZSX1L_peGlT虯9r|V<$2kpF9>̕w5q\nhZV.۷\ZJzm&X*3SۿǷh*V73-MCDD*3Qq9sJpFwB!BQdJ!xuJΝ;͍^zУGRRRظq#\0]t{FTNĲ^GFF\ZCnuFáCصk+VgϞF\0Я_?֭[G`` JԩV\"66[[[y5tPÙ8q\">>>9ۘ)]7`\0XzusX[,J\0ŋ7q?+i!B!ĳ)ʕl6l7ۿXV<$2kP-;3~3ǎre*kצt$Z`ʕ9N\0\\QE{Nԩ77A\r9y25Y+4Wכdd@b6;oc$B!pk\n:u!w1|BBBhڴiQǱ\Z2.B!LeWF!33ZMFFiiiܺuzFT!x \"bvv	ARakkv+&-}Ԑ7w8<ՑJCG\ZȑèQ:			,]mwq`n\0\0EyLZ2((0/0h&yIe֖\'7))\Z֭KeŊN(\r@۶wJS&MLF9{6R:ЧlْWĉZM*6ov^=.=d$KkW\Zo}_blF28&m^q\\ٳҟټmӧ8NNo.BMEIBkSj5Ku%Id)cB!ݻ	Ƀȸ!B![-&oyVq?)M6	M(<ʬ-OnltM*_〟J|ye7ԬQۨT7.ӕsdvw2&&c@-]ZWѬmlln&~8Q@\'T)B!O0\n\\!EjE*ɸ!B!*JۂuzNot|am+IeG1UppŊ0kV	eM;ejVq\"(eώ;wvsgGy3^N!B!ēI&V\n!B!B!xbX$4ɣL(<:pm؄B!B\'LBo:t:22<[>̚5kÇ2Y </B!B!,am+IeGB!B!LBo&e0\'\n֊+HHH`͚5.]L!B,	O3ZF ۋ\naMB<$2k#B!B-ۢ Bs@N$B!BX袎G(<ʬ-B!B!dJ!xu///.\\Νm۶V **\nFC6m߿?*Jw-o?@rrnݞ={ظq#ԭ[aÆQ\\9,Y>|Z7\rё˗/j*Ο?Owq=:!&s>MrVlmm|B0Z9Üa6%#f͘4l9#N?ѧ>?MuH]JIjժtڕ͛+GRR֭#++\n\n:6wf˖-ܺu|||T1ѣXXX{,+Vg}X%5rX+m4b,ϋB!\n?(hW]\n8\0Gjo(-6\ZU}nW7׷CjUzjޖv}r	{8ŋ.\\r\nժUcʔ)Ԯ]^zqqUݏ>	&kʕ+?SbELBzl߾QF廾0$2ɣ!B!\"X)ӧOb\n:ٻw/\0lڴݻӣG6mDhhhMLLXz5c|w̞=\'Nxb9r׫W/Hxx8k׮`ڴi8q	&qFٿ67nLbb\"oܿf͚i=oǎ̝;GGG;w.gϞy\\ܘ8q\",]TrTR>}p9V\\<X+eɻd׆JO3.!:ON>>߹!K+i˂ETQj\'X|1իU#y)oX6n8|||8rݺu?W=x={pE.^qR%رci߾=GW^\ZϦ3dl+IeGB!B!D6X)[[[՟III@\0-[e˖jrݻ7j:GGG*UfiÃMp\0RSSUu\\BJ7n67nŋ\0tXuV\06L-ҸSV-\0^/G6O><Xz*~q1E!g՚gXX\\40yU8ó=\Z;\0gdcz惮s\0!..myx\r{8nCSSSʿV>|ԽKVp6^]HOO4po˅KWTy<?&:6\\y4>\0O[o?O?;*\r@;w!nx%Y&Mh,}(QN:qUUUT2yd|||>j{7,t\Z6l?LiҤ	[n%44f͚ѴiS;vm۶ԭ[>cǎi(^lƶQ&y[mRP(LaN7yI98=т?gDhB!B3X)L7lll\0W^}SN1l0t颚\0C͹7:u 66O?*U믿2j(/ԩjb5jz^tt/5mG˸cj?LLLWwuGyX:.!\\zwZ6W`֩oaqsǷK`V&sr$6bܨ!,\nZWV2s,fJ:TiC8ybn\'GjTʉ;v%9vkuU+\\Tt14md9mZMk;0TFؼy3Ʉ+VR~}zͭ[4Qn]>ZyHH=z(0>ڵI&1uT\\ĉ?I7oN\"  3f<n߾Cn8}]u?\0¥BU=Z1o\0~fV}(ׇ\'yIeƖEUrEC\0YT^2i3+ާo?TJ7\r~m!B!DB\nsrr ))IeαLL05o<._ɓٴi\0YYO~0fnn@FFmذAW.dݺuۗ,X6fffq\"\"\"h֬YL̙`)q1D6nhkC\"Bp.u<Gݻ`meEuUYzFzʊwZ4Nt6uʪztczmI[zRy)tlϱ\0AlW.	]M0vu?gk++tР>c|7ԯ_Zme3|p<o)Sۊd̙|cǎlٲ*UJLӓ0p@ܓ:عs\'111|lٲ޿<0$0@Ysz=N?Dͫlk|\0>}/DDݼJI>}F%tƶQ&y[$%eti2͚s/cS8\rR@^RўJfq,]LrrM|B!E%+ֺuk {{-s)Yʊ{+P\0.\\P;	INNƍ̙3	&p%Wd67ҥKܻwOm5%:t\0`ٲe$$$㢋m֯__k}CX,ϋB!\nG)\'\'bb~/>%wO}o{2sss7ba2m>JЛnd%ry\\|qU=~Gi^_g;4o>y2A%g+iP1ydFS5j&LPM8777<x/^ϏӧSzu S~׹{.]vǏ׽/9scgo~jǷn\rۻMlK_vmKfܸO[\0uǲ\nGQfly:r1*\"\'OO:>66w\"UѶ=itp%qscT:VPF,Q#d)Gc9[>>(W.\Z+;,_Vg,y۸qc3qZjV+踳#juo喔_S}7\"-)R}tWNj2*̪K˵ {h>V+_i³껶k\r:8~\nTˑZeao9~7\"G׏wxċ۹܂ӓ,{JInn\'#nN7!=)C?d+jOO0*S-8;2woC8;N̡yz4qt/ѠX!BYQBQtuFrr2֭SNx{{k=oРA3f<<<pBƎKff&@YYY޽0\\\\\\=O۷\'$$.`jjJڵթ\r6kkkz-̌m۶닽j+:CEW^ԭ[}johC:g9_E!:ٵ.x{_{;qϿ6l\\k+h4m@ܶ6TZ5Bqs}k++\ZD)iku-a	-vPXOK[!qI(^8:tP[ѣG/^^qBc111\Z4ӧӤIrA5k?SF\r30uTLBXXG?0#v١SX*U.L6Y]6L>|ZƶQ&y[LVNaŊdΞMw,ի%ꦤdq~YY4b|:z4-V͌cJQW3kC:v`T>XdIi?S-]sYʞUc*WI>ڄ{JNwW:㏏;pur%)-1Gߟ63j\'}?Υדig\'^~|?åd6M4!=+ߏm7\Zʢ?j%qzV]k×:n$+˵/ftܙa{VR\Z62yj 9(V5@S?ڻЄtn>[1_[|)4J]W8;{޹K垛,KܸKI8UeZ:Vj<PRʲ~}\nk֤lY2˖%S[ѻw	J5zB!īK&V\n!K.gZs477???|MyѳgOz왯QF4jHKo4377ܜF\Zaf?mڵ]v\Z+h\\IAcTaÆ1l0E\\CZ?=/B!(\'F\\mZ$a2~zD\04rc]aP\Z7tөm\'PɑMzm(Ύ]{ٱk^m$&6#awJkۊ0nP\0i;jN}M:*NHKKgؕ%۸/k%,ޝؼMOȫrl۶:}vT*ԩ~~~k׎ 5kYfѷo|*!{%5kT{mnݺӶm[*TZ5UO@BV,U~$--!CG1rdQ޽ZrĈO?kH0	F5M(<ʌ-@ѤAz̜iKϞ%PƺFYcjҥc^+ǍOZ\Z,_nGZ?׫V͌\'͝PZÇ[dI2%*Ubϣ}<SST@_:^N\r7ؘMo_di1LڹdME/b	j7xnP}nab3	yr=EV\Z\0k\"[rٟ*@Ii:G~r-SS6H[QΪ㏏g03WMWVf:hdXǓ{aR̂fr+_N\rSz+^eaT_e\0t-\\:,OWTeZjunn7R	VZqfקɌ\Zuqq9B!e#o3BBd<z~!BjTʬ_fFn~\\~>Aޜp!8=fd ]|gߟ/7k~ڈn[\nn#miޖN=q,]4\n.uGsLLLh<{{\0ӢNrSΈ\Z>^&ޝ;нw^|/QF5[X/ūf͚ԬY3\0ӧOgڵ4nܘ5k0uTUٌ3		ݝK.1n86sl߾iӦڮY&ׯ_/:o3n8U6_%0p\0nnֽH>Ԯ]N||i$4ɣL(3<j;%We,xſɐ5jdNVV94O:r${k&M4pckyLkG\'}!~LaajAJzјTQӤLERO\'P ΫXfRqƓ-OŝQi7)}˵rX=Lk9p&҆A8p6O߼Oρ3Ù-85ބS_#+C5aXWPuy\Z{.1xwA[W\ndaaE=<@!BWX)bff7.8[Ny\0\0 \0IDATB!fM\ZҬIKr\"x\\e\'*{m[^\088SD67ws굍kmrtڵjo릍1\0իUa媲GUJdݺuٺuƲzM]WTL鵇;vl\':};7Toݺwhƍ:@||jJ^^hڥi\nGQfly\0nvfժm,O	w8Ѳ0\'`\0O&5J22^aXq_7TuVn,u<8..?C3gͫe+g+p%V|$VE=,SZ¼{qj|b,֯Oeݺ~P3gҿUQB!HJ!/4}.*/JN!B!/ܓ\'sTy	gju=<sn|ztS۹k7͛?$4ɣL(3<\0K2z5G[scVHad~~~m\r|B:jqJժm\0V6kfξ}9~<&M5iÇsR:5j<V뛛CZZKS-sҟq/ίe<{k/>P#ϡ;+?6*݈iR*c}gEkE$D\n7M6ţu3ѼU=<t!&Vg=ov ^Sk^SuF<yן?eY.;K:KZ%K!-\r7_?+> +B!ī\n%兗^uO*̶}V:/55zBˤR^B!Bڵ?ѱ73fL7 `3g~MDY\0\"\"2},=ZEDDu5GQflyrw`r;+KP]Ɍs>$3!\0>>%j̒=Ν˞_ΨQ֪kkϭA|aaʪW7S+8^Y	tՕwNLgFUA8=t22{k/~̥K\0{._]<L߻2b,{9~FjF{[;nեqF$$RoꫪSD1tA^nl#ŗԘs\0<J$*lZRrsc\Zs(x^ת_ߜ ;	IB!B\"+V\n!0j9+=3sYs4nܘ޽{?X*/B!B<F_\0yxDݼk=L߀AܼE\n.LX-m?ɣL(3<2a\0+P\Z;df!|^6ibαc4)	78ӳ[\\Ν-YҞzmT)ƊvtÅMk׻dddY)s*;.66&cz>8C+(ۂnUu6C	!3+fnGNʝyw|HH*VdRIGk=~\r;<.UРT\0\Zj@ʝrh-ڛt.r+VTcbJޯ87&)TJ]Jy0gL+4\\\nPh8?7:By|7*Lɪҥ\Z\r 3-?ba:Tz]RzB!UbǏ+!L{ml^ܳ%B֨Q#(\\]]\"33tHMM%&&7xyDBʹsxjŋĉajj	\0\r7IB_	cg^oZfPPPs]\\5\r &yIeƖGWJ{!_u.(Bн{QB!R2zcYB gqvNjdJ!xɥj*Gzz:|\'XZZr5BBBt)))TZ]ҼysՄw}RbE>3ؽ{7[l֭[888ョgN&۾};֭#--Zj1x`fA)zqqq̞=HZhq<KVV[o߾)>=Ç八+/_Օ3gЦMϼNTJ9sѣXXXA_y=gB!B,	&5חMB<$2c#0k:XoDFj\"QI(B!OǴ!(\\lڴ^z1p@Yv-\0ӦMĉL07ίR\n}ܹs\\Rk;v`ܹ8::ܹs9{,=NieH;fϞ͉\'Xx)S)]4J=ڤ\\KJ4gѣ6m\"44T4!7V^M``ӧYbbݻWm{\\tĉgҥA~=ĐgW9B!BADDDQGP#yIeƖGWŋPIQsz{*k3c	!BJB۽{7\04m\0s*Uĸqoٲ%-[\'iks֭\00\0\'\'\'6lNYjڷ۷7n&&&̚5KΜ9dVk+%.i(}Cn{V[2ϤgS]rSV-\0\0Y=g3!B!x\nGQflytZԲEC]tIsS&U\n!BQd+p!xLRVO?%88__GGGJƍUumllT\'&&jm3::\Z@mO:ʕ+\"%%Ն&9*MMM9s*r9r,>>m<\r}^kO@477w,޿xv9B!BADDe\\u˒GQ&yC&ߋ~Ix>BsQQB!^82R!^rNNNܾ}\r6䛠V^=.\\Hbb\";v`ժU,XQU\'JvvvZtvvƍDGGsyٳZ*]t!++KUnnnNZZ\Z+VL6o߾رc177g̙.]Z,Y2{qqrrtOC{r31)mt͙\n~^AmϮm9s&B!/c%yIeG!B!0NB<==X~=ܸq9s\00a.]xVf\0Xl			$&&5gΊVVVݻ7_y\n\0p};v,ŋg֬Yj*]ﭷ~֭[r%.oKn]{\n\0nCs\Zzi4*)(>gB!B2\\HeGB!B!X)/9oooؽ{7aaaн{w\0ڷoOHH.\\ԔڵkvիW9p\0u֥o߾Žm۶닽==zP:<<A̘1c.\\رc$<<\\k9)G׏hV\\[n$\'\'n:\0:uVZxPD|F`(\\f\r>\0?/OgWIA99B!B\'yIeGw/?c/a̘:GWoMc&K%!>{v?,Z077btŰc\n|X¾yٛ%dW3-]W!BWIll^Ǐ^YB۳gcĉ4jHs>!BmWDEE\n@VVFjj*111#BPΝ;ǣU(^U\'NSSSLLL\0h\\7V+1!C4۷֋8\0?	^}IKKbҹ#Ç4{c?cҤ:uZu^^oiW\\\\5@DDQM,yHeGw݄x,\n拱#IOOgowVW}nqbcw\\@vcbeOuCҩk~r%^pubeguxHdtI:E!S߶nǢ!B͵zcibW	9:Bf:OB!B!0!jfϚq!n^ePF^ϿTL2y՛M<$2ɣ?M\08tp?X/.6KmRyr֐+Vr/|ۢQ(\Z6)FB\Z:B!BJ!9?>:t(B!B!^bsގԎo\Zwgy_t)5k׮Wٴq\r6xy\ru#<$2ɣnB8;Xrq}%Eqnj[\\(~NVq)cK:UYj111z+RƖ9Уk{ۣW̹?הU,|54W24kX7_f-긔a|h֌5j&66FvкEc*^ʬ\n	.0WlL~S5Wtfy@1ԖÇT|́9#o-﷦BY;V(wZ>}}%lKsӫ{\'\\2g4>|*+_yuC^3/B!0LBQxxl?m>!B!#v,SX*U|]{E#cl+IeGQHTV@Ոʊ~uqGssmko{i:ݻ|H7rEbphx|rΖ󹦬-hFTeu|lGoNTmc\0._HeT!L<we^~ݮCѓkQq7gN~..ߤlr1XΆ~dW3~.Gɒv\Z6H}M\\M<~/;S|~m-V\'Zb)[6GP{QZU!BLBQzEEͯ}ѿڷoo}U8իW?\n!B!DQ\' `˂cog~ZZ\ZCba!ݳel+IeG?~C\0Nu7ߪ^4*Ua+f˔aڬyju._^1\0\'g͙kPZuf~?YM1dyZk2^6Ϝ?o\'3w&_Nbݥ̜eKklçW_Zi)%4e&ywAemmsس{Ziب	[X0~T~ߵ#_^RRխ!\\\0hނo#*ZM+hBP{Q)[B4	!B!gVBcƾbʙ~aL3^|9*Ud4nܘ޽{u!B!(t0p\0nnֽ@j׮IN{-c[QO(<$nΟݣ%\0/}ؚ$bn+ƉGi]:Cq4soAJiԝUҰQ\\\Z{}6KksEc9ۍ+VUңg*?y86֠ǎј:h<ꚹj5Ԕ		̞a6xiii>emmCYĠ!#tͣIFzz>.B⫙Ln K+B!B!;c<(\n\0`*#G>$B!BQ?8iq粯}[6BlT$2ɣL(˙}_0b@.\\}v,;Bץ1Gt\\~ZKkA}jOQҶxVf&^sԹ=SS+>1ۋ?Rk㹟|xm~v5gdd|nAcｘ=A1B!Bh&+%ΪUطo鸻\'`iiɵk		ҥKPjUvԩSȻ븸8fϞMdd$-ZNoκuHKKVZ<gggy=z>}bNC޼ysFY{\nicsw<|PUyxx(])Oxݻ,ZnM߾}133S八+/_Օ3gЦMݻٲen<==%JDVzΔr\nB!BrȎwRc\'\0_|>={<xϔ1MɣQ&yEM#۳+5ݜ~z<r-4\\*TUM\nԴrNu^׬Y[V:\ZlGMncŋ+LKYe>tBU!{g*-U曚/t.*B!x4J!K#44M6ѫW/Hxx8k׮`ڴi8q	&qFٿ?jVrJ\"\"\"۷/*UR+Ndd$}gĉ,^X͍\'ҥK4OK[gMLLXz5:_/rߕgѣ6m\"44TOfŊ:t˗w^}رcsё`Νٳg.95Z9SRXϠB!BhvOt͌S^I1<$2ɣݟN\0>\nkj\ni.:rs@6ғVl\nˣG^:uئe#Vޅ=wXt<\0W\\f̨!*ϏTV_x1з^5|IOOgt{z>o`lЁ?5,@CG,hڱg4߯z~B!ϖX)/ݻwZYߟTUj֬ɸq\nlKgΜe˖deeC1{ϫw]4zj}ϖ-[dvލ֜\0?a֭\00\0\'\'\'\0\rӾM.9}kLIa=B!BɈc\0 4W177ǹc9kZ	ۊzGQ&y;v{u\0?޳Ax}Ys0zD Cr/ꌟ4K0rX\0iStj굛\r䩳ϝ;N:wCGҳ[GnEJ:b:vQؗd|vw\'c_xsƍZi3wFLvtg9dzƍFe\'23iب	s,{Ou:oիϥyȾ_zt&\r*VO?jY!B!ӑB˙4:~Jpp0++:ƍ|D\0lll:ԩS\\(RRR\0xZss3y}ץO^i\Z3C3m||֜dffjCtt4VYRz3%\n!B!Dn\'E2A\'Qju٨&IeGnm7}Gݷ۾Ew\n,oب	\r59[	|оc괝û{OT3 `X\Z7iƦm;SjO144sʽƪ﨓v((<>v\nʕ@u\n!B!t$+%۷ٰaCIac$&&cVZłuj;33c%K$!!$t9o<={6UVK.zIaܜ4222TVr311Q{m{x^m2g%IJ̍7E6uͩZ9S}5&B!:c%yIes`i)/{q !BQ;m!xyzz~zqs`	\\t	+++ի\0[̙v>V[oNd\Z\0\0 \0IDAT[!߿_9+ZYYw^S4}WRB %^оn\ZȾP;f(>t落ӲeHHH 11Q#s)QJ_cB!jeuJӴWܮ%īhޖms5w;Όlwc\0HKKcoh׾z3cη?D]^9<$2Mi`JY&ufQxQGFe\"?NatK핅B!z	!Kۛ,vMXX...t055vӧk֬adffK.eҤI-ׯѬ\\2///4h3&yiߟ2vXFz=Cޭ[7Yn\0:uRJ}̌m۶닽==zPRaTz3%JAkL!0f{uE]}E-ċ<xPk)3re.KJj*#>#5`Oؼ&~>\ZP5zZVԓ<$2unN/7CEK+B!BLbcc=~\"B!B=5jH<**\nWWW\0$==4RSS7xNin瘴\n[qX2{_#Zt-ױs2cZhU*ױ_pt]}[FdCJ3xK>,_\0xm7:ViL/JZ|ί[h≵6ӳ[gj\'zNJJ*@.^ʮdfdzF\Z^H/¥\\t̬LެSOJOݏsh*+FՉ133\0\Z6\ruJL;\Zp/7\\v\"5UcY\0DDDPn]2ɣL(3<B!x	_:,!B#Jwp%NbB<vNjd+p!B!B6_>If|;&`PǏr&+oGNOcߍblSQrbf~WNǈ:\'zj@J99sڍ&-lY:NB<ѳ[gٹ{\0eJgFT%KbgW77˩uoV/_Ēofsvŋ&IeGB!B!D6X)B!Bg)?]\\Ey=ٲs@lM߀R?yi^I̋Ñ;2ҡhglMqЎ蛏u: \0!ٙ:̡$%0ܾ1[\0|@j#\0̊|>~uSRRSV͟<b\"QHeGB!B!D6 B!Bst/͈.3Gu4a`\Z=??SyܮTv&de~&3T9ӵu&NEFF&k(aIrr\ndefZig|=!6as69۵~ϗ\'yIeƖi9yu~sfbr[uVV\"J\"B!E +V\n!Ћڇzehً3!BW۪i44+B;g⃻x\ZXoN=iyHΔ)xNISgSX1Lw\'UY+\0pPr|mhބli%~Ad+pn߾Cn8}]u?\0¥BU=Z1o2⪶rcbl+IeGy\Zg=}m\',+LB!B3X)B/ᄇu)wy&Bb^܄\\~#ly2ٶ4:Mm4z\rK*T/N,͍c1n]Ӿ\ry%p\'=9\rZٲyq,3ٰ wsb/mi_/ =#Z2ǻm[m៎eC<[V%!	P;6{\\u*[r5\Z}NV<$2cS,.MY8G<fϞG͚Y<t/fX4dY]!B!LBQ(dB!īթ|2Y:?t`|$?^R-K׈`׺N+݀\nxÆ\r(MQ:o\nq=O&?\\.J!^Y\'Ojz#u\0}9UU\'^NtԞA+~*>х?׆_TROWAŌR^sގԎo\Zwg-]kTnLm?ɣL(3<y9_DJ?\'4ӴZmLLn3t}ll`iyD4-S Oѡ]Jn-[SZB\ZXXܦFXBByn\"+;ܣ\\h|yZS,,n\ZǑ#Otd\Z8:F痨V&B!~VB\nٞw<|pYj#==www>,--ؾ};֭#--Zj1x`uVܓ+={6h\"߹]OybŊ|g_)13t\\t]FHH.]\"%%UҵkW7oT}Lݻ,ZnM߾}13{oɩwmϮB!,pJLYowp[o^7lcK	4^WtsM7|z͜ovVשJ}Uv.ʔ+g衊תS&!A:|O֮=;tK\\^Tm?ɣL(3<\0^ɜ=;XЫW	K䫯mʔ,/K@@\"K&R/}uGh\"j8vjqJ:f=cmޜc\0+,)M``\"\'bccwh*{V᧟R2TW_%kcmm½{e	KSuW\0PSX&e˒Y,:uߊ޽KP\"B!EI&V\n!+ĄիWg\0BCCٴiÆ\rҒYfaeeE\Z4ŋ3ydk䝸ʕ+   L\roM/zӦJ*TR%KrJF\Zs򎙡0m4nݺŜ9s^:7odÆ\r,[-Y+++|||tSڞ]!B<_N}NIoLd0KZ?--!CG1r0ʋRDDQMF<$2cP|4iiP93gҳg	*T(V`}MU6j5.]̏?5rܸvԪkj~wܹծ5|5K$3o^RMRɘTyt&O3Te66&Zk͛_?$3j}ƍ\n%B!BȊң9oyswqQ3LK<2ӵvlԨL-<ZYnfZjjfngA-\"%3+3|10=\02xu7SϥR7-J\08\Z5Jǭ[J`HsN{rڤI ͛7$>|F<xP4p@+>>|Uk%Y8v**3}(((_c2Ծ}{͘1s-ku\Z\'Vz=\0\06֎D\0&jX=53+K11ձc{\rrWD\\\\ӱ~kIhcxZ<[uX+.]JIdv+q$ݻۏIڻaǃǪKWh]oI.K\0\0\0\0H\\޷o\\}\"\0#M:nx)IRttXZZ$iZzN8|IRnnnʒ$9ExF<Q/OWyͼ]9݇\\˖-|>@͛7פIt5x=sX*ƙv~FhFk\0\0\0\0;viǎ]zv[jԔO<{G;Ќ\';|MU7_G<ƈǘ#I-`ݞzlMo!`DKw*+dA$lRcCHL,((׆\rZ>__JK5wnkq\0\0\0\0:wtKI\0Ԍ呑JNNoh\"k+4l0d@@UZZ*?(<<\\qxF<cwoۡM5]untu%K(++K~+7zFlT\\H{U缍hFk\0\0\0\0磊ɓ6*?O?zw}%11kHRfMC\'EZ2_k.ԸqoQIJIJJ*Q:zZ=+5e2%Kr]_\0}Q-V߾.+@~Z#GJԮٱzp> @*.&_kQR/ST\\,4fEG\0\0\0\0 6	Xmp-#\01%I6lP^^?H~nŢ۷;%IIII׵kWI-wph<vعsvuB=܎gvFs0fґ#GdXԭ[7Iƚb䦛ni[31Wu8nf\0\0\0\0\0gֽDw4/ILL11kTֿVPff+G8$*zZr\\I/ldj0wnL:dt<vTeٯ6->tv,zasW]pgT+#@he\"H\0\0\0\0CJ\08EGG\\[n͛զMw}GyD˖-O<8Ӓ%KOL[l$\r\Z4:[lј1cիW;i4Q;O|ڹs:wzȣUvFs0wyVZ$fuQ1115Ƚޫ<_^4dF缍hFk\0\0\0\0pOHƍqΝ{m|#cOU,bc-nQiJIjĤI\'j>ҷo><JggS*))W\Zի/9#)Y_+#4thSKD(&&KsZcJ		Сf҃ݖ{DY\0\0\0\03_ws\0\0bR\'\0\0@cէO\'NP%I*++SIIUPP_U:u:@r!&$(OW<e6e2$I?pJVF>?u:7_K:U۸8{t].M%&&T2\Z#cn%C;wiU&V\Zm\r\0\0Ρ\r$S\0\0\Z6^͚?4͝ Y<+\0\0\0\0\0\0\0\r%11kxm\"\0\0\0\0\0\Z0s}\0\0\0\0\0\0\0\0;cxZ<)(Ȥ S}\0\0\0\0WX	\0h\0\0\0\0*11kԦV\0\0\0\0\0^b%\0k\rҠA>رcuwz\\v~:zy2&\0\0\0\0\Z_G<ƈ\0\0\0\0\04DT\0TɖVەWXtYFQQQ5>?[\\$/\0\0\0\0_G<ƈ\0\0\0\0\04D$V\0m_FF$JRe]DF=\0\0\0ObbO%1\0\0\0\0\0\r\0Zj9|]q{tuI}_^С}Q3ơ+W&f4^vuK˖-%I[nզMtI5kLÇעE+))QBBo߮rtMz衇pmݦ]v)77W[l1Q\rRwߩ{:x~+..G}_?|ڳg^xӈ70OwmUbbbd6l2IҸqT^^˗ޣSNi:v~J,\0\0\0\0\0kIqcxEtpCoӱLdIRyu:NUV:x2\0\0\0\0|\0\0ԭ9s/ЬYS=va?1꫚?ז-[}xq$}Zp7oe˖ioqF;twƍb6LZv{13S8+WO>ъ+}vXFk˖-ZnC={Գ>t-]7ԔњUw_L/ݻ${zj%&&ꡇҥ^Z+\0\0\0\0@C;TVm>ƌewPP7jѢWTVV&I:p&Njw\\|;@s-Pnnn}MJ1F<uΑ$BzĘɔ6A*_FjK]\0\0\0\0hxHF@ѣGu饗jƌ&MR	hT{\'IUdd6mɓ\'o֭j*\Z5jCFoiҤcNNøе^+IڹsCCU=Q޶n,xKt!:tᘑJ믿Vb\0\0\0dc-Ԡ/~?6m~SO?#I=t`:\n\n\nȣ>| #k<2wi۶BpC<~Ni<w(\0\0\0\0\0/X	\0?/\\|M|P$i<y\rfO*i%\nŒ*Iޮٖ0IRzzuM6ꮙ-h\r2Dpm@@fI޶n,F}κv\0}7o.]m%zmI5\0\0\0\0\Z+iƏp6*:z\"#hu6rBCC%IM#\"4?kv𵊃cxg\"d)**UqqYڷuU*CN(..KxʁQɲ2iҤlY,)\nKԩ.[>_;)00Y)\Z5*Siig<S3eu},=Xq\'!!_Yj:U>{}ŊR\Z7.KwU\0\0\0\0@\0\0\0u[nZd*!!A|M-ZH?\n\r6L5+jҲeK?~\\jӦǱDFF*99^5v2qޮ-~۞YSYHdb~5VΝu!s\nv.<<\\q\Z.y\0\0\0\0Lֽm>4]zI[N>/kU$c^ZZ֮ʕyI\r7jEG8]Ze~~[i,-]6m3hΜjbc-z=hl)Ի6Svڼ@wuZeeқoZٶ--)O=>-Zw-љzP͟Bǭɧ=gMth\rZ<O˗5vEFE\0\0\0\0;7\0hf͚#Gb[n	pjE۷;Wh֬$ɓ2X,IZ|222xqtM\\۶57,Iڰatq-XU>k/Xp5޽{ѣջwotUرڱ\Z4m\0\0\0WkZj\ZbM4MS:nݲU[lV:vgh*dZA1F<niӲoܹMtھ=R11;AjM*Q|3Z_ol?]TYwlcZcG?gÆOfͲԩ~/ϳ_fRLE۷GK῍֭S93\0\0\0\0@}b%\04rwyVZ$fuQ111GyD˖-O<8}o(66Veeeڲe$9%>߲exFb4hQӦMu{U^^֯_/I\Z2dSڟ\0\0 \0IDATb4?wkVhk֭ڼyڴiϣU>k8-YDO>CޮdM\\l$W^Fh̘1JMMիƫI,\0\0\0\0O	cճgffe)&f:vl!Cr8r\\ksj-θ8cxVqx{CBP]]JI[c%NTU=R-qhoXѱc>=[_UZj=WA꣟sٻ׺={&)SS])hR`Jjq\0\0\0\0gJKK3t޽*\0\0\0\0\0PM}1<	u]T^^2X_թSs*\04(RaBtų_fY&51uuZYx|}V&KJ;C3n39ڭ~8vvgߪ{WEqqq%Qũ{|w&h}*9x{iieJHn%n9HÇ-mVO?tJvY痬\0DU\\Ož{>}D(6\"-?Tg}ƪ>kÆ_PR\Z3&DcZ\n\0pnm B\r\0\0CK/Sfxb_hwpHHHWDHc|\0\0\0\0\0\0\0\r\\jq[n}$mRMV81F<haJJj]\"CmVѣ3~*\'*%))ZVy++NLl*9諯UǏ&1Or	~tأCUѣ3GE\Z3Ƣ]\"BO>FR%\0\0\0\04|\0\0\0\0yVm\r\0n[{H^|y=N>J۶kӄ	5j:T;cx@XV\'Iҟ#Iz&},\\2s%IÇWR_z)ΝqmRr=*\"믢(Q?FO1y}zysӹ3$I\'g+-͚ygO=mG\0G(#-PU\'\0\0\0\0|\0\0\0\0\0\0\0i*--ոqԲU[WqqLk;֗iճgw_8H<ƈ;I%jԤIaa)Z2_\'=5sfbc-JHȗŒPj5xpRժ__\\sʩRfu1R~BCϮτ	=,Ynt=b<8X65SNNZNUppfر5{D)6\"\'\0\0\0y\0\0\0\0\0ШL&{P\r\0BɆ^YqvھھuH\"11ѧԎYrdr[R-\nעEה_X9YP||/;׮vt8s`\r\\u1ٓ~*<z\nЁQU`}9\0\0\0\0\Z+\0\0\0\08OfL&*((\0QXX($sMl|-)xOw\0\0\0\0\041׽8[\0\0\0\0pU]32\nTJJ\n\n\n92\0\rJIIQ``+j(11Cp@<ƈ	\n2)(*\0\0\0\0\0j+\0\0\0\08ض5LSXXB\\eee6q㓚-[6cpb8GUfbMRtm\n\n\n\nRXXU`2ɤxck;;\0\0\0\0\0\Z\r+\0\0\0\08ϘL&f)  @aaa\n\n\nRQQJKKUZZLIbe*..V-\ZX1^m8W1tt5o޼*//W&fLjѢ=O\nP@@/I>\'11ѧǘ\0\0\0\0\0\Z+\0\0\0\08OL&;%VJ\'ْ*I;\nktcx\\\\q,K\\__ kPJW@@*TWZx\0\0\0\0\0@*	J\0\0\0\0\03Ud%9lF7V}WU5\'$$Ğ\\X,\nX)ZsT)* 1_10%Is$\0\0\0\0\04^$V\0\0\0\0pXϡ=u\'((Hn6k:N```\\__\0kbepp=ql6ۀֆJkIzc⩉ݻtu@mYoؐ>.UqXm\'Oڒ2m<dN\0\0\0\0J\0\0\0\0\03XY1o,k_@@}4V}WU5VU\nI*3)00!ibJs<99E72HNRjqIҧ?Ӳe+G;T\\\\K.iaC֔)e6ݶ%VxZ<5?H^xI?eJRRtjگNư%FVNo$n\0\0\0\0jSU{W\0\0\0\0\0*&UI<n~$s.Ǫjù7U~~~2M۸aTZM0Qgg?o?6B1\\^zQJK;UO=͝㶽/$=1kT%\'\\kժ<t~\"mVnT~uCJr-_S\Z3Ƣ#Cd4we\0\0\0\0@}{᱒{O\'Oex\0\0\0\0\0UN r/^>.UG6.VD?{mTtPEFZ/n\"J//~Im/ILL1_ݻTei߾b׹Vi2%dJ֤I\nKQppTVv+>|}Uv֭SgJY4iR,hlkcj:U\nKEՊǓW,5oq㲴{\0\0\0\0\0ҿO/K<xUw\0\0\0\0\0s\r1q!;Z:1!&k:NQs45Owuֶmzt}ZZ.닯U@$cdM\n\\6_+WoJ$I7#Ctjn	tiڴ3τyOHnw-љzP͟BǭI=sWskkEG<8C}V;\"DB-\\8O枑J67|y/WkXF\nQ\0\0\0\08d>u~\0\0\0\0\0\0.==]&LeWӈki:uW듯U@$c$niӲoܹMtھ=R11;\'[VYѴi2%7.xJfͲ9u5MyUw%*+oj=0bb,ھ=RǏ_^\nm3\0\0\0\0pWX	\0\0\0\0\0\0\0\r	5a|z̬,ČWǎ5d]n_qqqNՇU@$c$V!!RhIUWuWR:t];cJ\nem%;6ip<5ocECkeiʔlA Zd6n<ho\\n\0\0\0\0@̧#<vuo<Nb%\0\0\0\0\0\0\04p;vҎlV)ퟟ<yRНwޡONvn+>G<|-IJNn\'fkʔl|s};$ZVYQ}\'K$NWzf<ڶP6hӦ}q֯oZkÆ_PR;ƎԨo\0\0\0\0\0V\0\0\0\0\0\0\0wzَ|?G*=m+|-IxZ<ԢYӧ*)vCYm[FTxꊞT$kG[+tia2%dJ8#@tsL*2Gw)3>$iӦ1ѣ3GE\Z3Ƣ]\"BO>-5\0\0\0\0O:;S\'c\'\0\0\0\0\0\0\04rֽD_Hbbb}xZ<+\"Jd@j檬Lze/w\r̜&I<9[ii֌={5tik{ss.祗iu-zYRڶlRiu\"믫(v:ףG#R˖E\\\0\0\0\0ۡCN9[qݛBb%\0\0\0\0\0\0\04rJKK5nlU\\|\"xbkў=Q<V)IM+5qb=6*^VzYڴrrԺuS4cF,PnNΜXeؓ&+_´qc. Uɺ=@6mjf:_\\s)={k\0\0\0\0Og^e93gٞϵkקu2~\0\0\0\0\0\0\06lۀK\nG<|-O͚ jhQ-\n7B]I{I`}wz\nЁQ.ϙR||#^~q~O8N<k`\0\0\0\0o%%mxGEb%\0\0\0\0\0\0\0$=1kxm^!\0\0\0\0\0zV\0\0\0\0\0\0\0#11Cp@<|-dRPS\0\0\0\0Q\0\0\0\0\0\0\0`ZD1kԦV\0\0\0\0\0#$V\0\0\0\0\0\0\0|ʁO[+ R\0\0\0\0\0\04>$V\0\0\0\0\0\0\0|F||y_K\Z$\0\0\0\0\0\\\0\0\0\0\0\0\0\02e2%w\0\0\0\0\0$+\0\0\0\0\0\0\0\rUd${wLdxcƛhilldu횦i\0\0\0\0\0/H\0\0\0\0\0\0F$99EWwڏ}3.6_nԢELԲU[/_k9^hRϑԭU^~5EEt^jGj΢s%\0\0\0\0\0+\052hР:ޗ\\<x}i\r\Z4j,ZT}q}q71۫:\Z8~jVmQy:J7y\0_&L&8?o}{i?z5)ǝ^*2wrrʵti;EڶP7~qto_tBp$*ҥy+z|\0\0\0\0\0|\0|ך>}n\Z5J|AƳe˖Z\\&d캘|![attz)<xsf޹|PwuM={mx\rE]?ƼnFRDj靻o{Fm8Goqw|-[S׃k(+5yU{q_gd%xpYG5\"[8Z+\0K,\\\Z?~ۨ衊?XQzyKZnC}Y#Vxg\"d)**UqqYڷuF*LVxxս)\\hj۹Ievs4&+<<EFe*-̩w$$];k?[g+u?1sk4En2iҤlY,)\nKԩNW,5oq\\\0\0\0\0\0\Z2\0\0#GhzGյkW>}Z			jҎ;n:<yR[5p뼴e(11Q/ִiԥK\ZY/^(jҤ=۷o;_eDEuP ~J]Zr\\{w5Egmu՝JY?m{\0|3[mУt%gc:s挂tujGջw\nkVxKK+ڵZ2O|S\"I@U\r5)36o.А!5rdjǕ_V0!KKM?=L-zfj_7讻NLzͦ\Z=:S?[h\\=5Q<|^kjvZر}j¬_q8gRYU99z\\Zkz,k22ZiÆ|F/yjkѨQ!jт\0\0\0\0J\0h@6lؠQFk$Y,=ӒӧOkJJJR4}t5kLݽޫ͛7}1c\"\"\"$Icƌ_]|#<7xC111ڼy5j(\r:ԡcķ,͛7OIII\Z2d֯_p|hʔ)ի},U	|Zz&Mo+\"I5J4h&N6;VgV۶m?׊+$IzWw^]z饚1c7o0>xVXY\Z1bndffj޼yo5x`s\'O믿Z۷ן\'lm;OkUYY6nܨ.]~]VEԱcG=u;u1bt߽]ki祦{}>\'bɳ~zmܸQڵӌ3Դd#rh]\'M>SdW_+V㫭%~jg%@ѵ3+y]ctt*գq\\PKo9j.SG}\'I*8=)#wT$a%j}RII/W.nʯs\"\nukaIIi_Gy2m;#F_FϮϧѳd4?k+\n5okgPpӳT~G4T2ɤb8vP>SV^jԮ 3P뮌o?z.*lW\0u+==]&LԪKki:u$iл5~8uEeeeڶ#0Qsn햺Z}*yxk:URn;x D_WF*%kB,}w$駟JkڴP֏K7+׮=@9xu,[HOY8W4ku.Sǳ|y^+[n=W|lix07W;ZӦTfRLE11s6l(К5y6-[3fdȻ-\0\0\0\0 \04 |zܪUԶm[%$$/իj͚5˴f\Z]O>D\\sS/hڷo$m׬Y/Xk֬QAO8+WjĈZrx>=vyݺu<y>QFi̙<y֭[維;YYϞ=k_:ܯ7xCZzzЧ^`F~[/kbYz~Wg]wݥ׫o߾ZdGs:rs?W\nXB\'N8\'PZ\\?/Q,5yvϜ95k/WBB\'diVRlW/Twޮ=Nפ)e_ա7ERt|{kVWxݑ]}z\"s248NW,N#讷_ܣ&m[W.\\٣vFܽOTz|\Z=KF󓤢3mjz%&xvߍAo8~F?.XOjʏt5njzq68i[-c%\0&jXYYرKMݺZ+֛fz2/jqqqNAq϶vHcpkUߖȫ,/^*:X;U<v;VCO+<q;jc4٤ILdYIM5Vޒt%U\'sulJf`I{[1F\0\0\0\0\0\Z2+ɱWl\Z6l4l0}m{ڏwM$ڵe{L[VDD̙6ν{{QXXt{bM7ݤ_~mFվ}{;zeo^\'OQٳgOWNO4rHY,\r<؞U6駟/(**JSN(}iСgKW^\nwܡDUGhhrsU<\0\0 \0IDAT{U\r\Z3gOO=~ζne.FkkZfuxz}>}0&ϮСC_؏{JAF\"\\w.,%jO@5=KTy\n(s7\'OۏAa%j?Rt*8NWf)&%L!Qj;Ԫ);+-G팸{4z\'IZQ?({UG4f@~q?@zK{)RKn:3ָ]ʾ(zvrP3\"z\0@uرK~^-[$?ڜ<yRwq饿>?۰Ν?Tq;q/9^z)\\Okl]xa%$䫠1Q]ʺ*{OkӦ͟I8ϖi{Tc.wZr%$P֩<9[Ok&JNv\0\0\0\0\0	SVVaeߺiӦr8o;p[nzו~Iݻwwۓ+̴oY*v,00PEEoʅ^hJgQ~~̙.m[ɹ:Bcٽ{w-\\PgΜÇ[KRFFz!IRyy]3<~[rrr{\\XZl~gxܮ:\ZjMJdUriuDDDG#<t;7o̙c.FkkZfuxz}>}0&nH[{+͊THv[>ʂ Ѝ2ɤr՗_U2?mXֹ5-Ta*2( 8]}Jz\n}%*	PA?KRDಎ9T%fq>Qճi,O{Ql{v6#wq\Z	lRKr/u-/LeE\Z+\ntx+rgީ`G\'\rx(\0;)ǝl1cc5\'j*2{-Z5}zO\'i|]Pɾm\'*=ehT\ZLZirxUG\0}y*QNƿ	4(H~ZPbԕW9Rv]=<<ERPIcX4zt=\0\0\0\0X	\0\rHN_[ou:LEEE)33)Qv.++K㑑PBBr$IքӧOE̬V[x&ߍ1B&OaÆ)))Ibbbܶ\rVII}%%%\n		vY,]vez뭷tb9HkcW^iO/5w\\*?-^Xqqqӧu=xԮ:ծ];I[~~~*--_ȑ#5rHIb4}v}MKڬOϧF٭Yq=ytYH]rs\\s@ʊ2yh+WYdvȻ:Y[^eOtg5bdULǊՑ\\ez52[/IJ2JnObqWu;V}~UYYsGx>኷ϧѳd4?IgQ{T=r;ft̓X\\]PD3iEf]=MTHB\0\0Kֽ?__wt~ԃc5>awfrN{RP\ZKLLA⩞տ^}5\\o+uʅs_0|5;wڲP7>3g鮻Nkl[T-ZgOѻ:Vs+@}V͛t&Oy3\'GfnCC4kR5=z(&Ƣ#Cd\'\0\0\0\0\0/l\0\rȽޫkjϞ=WJJ͛\'Iѣ6mڤ\\;ѣC[۹M6wu릭[뮫8飍7*77WW<v\Z;v^uw}zwnvQo׫CՎ={wZUV̙3_h\"{?XyyyI{FzeùBEDDXׯ\'rssg-]Tђ\'ZjCy|ٳW_)77~߯JInkkoL}(<#pΛJ28K&mrToyy┤VyJ?smUTx_k=NM8_߾sZ8UŹ:,<vCY?6QiI%y\nRRhVPDʊ:J}oOgh~ȦKua4Ǭ]uKmk딎l̿{}{.gEvp:\0OTMp.e*..Ӽ+gԩ=lyZ xb1)6֢={;fJO5ibRXXVĉ93~j@\rTjU?蔤iS3䔩uThƌl%-@sZ&S$gQ@]}uRԶ~z+mV3kQBB,:\'NXI\0\0\0\0F\0ЀtAӧOך5k/I&z$IGւ}>}C[???\Z5Jڵӌ3ْ<VrLڲ۶e>sjԨQ\Z6l̕.r#::Z3gTnnG@8P4e-[L?$k\"۔)Sܶ3dM{7x-[LƍSPPJ;Ћ/Tm\ZCi޼y\Z5jgll̙8ڹ3h Y,]uU<ytRWM=z׿̙3=/vV^^E]tѺZ?oOo\'bɳQF}1SցNI(UzMJ$u/wW+;C:][>po_{LG:=.]/2u\ZyyT$}&5okARfWeբKq_b妆(]3霞*+1ꑎ	Fx>኷ϧѳd4?I2_3=r7}moټרt=󧭭bd_\0\0ԥۀ*oM~[]T+|\"#ԎYrd2Vj[襁6fѢp-Z\\vڹ3x}wSJWz\nЁQUoҬUjժp7oOl#vG_vN\0\0\0\0\04Vr{b\0ԑA&m߾];wԬYj}쬬,=cZvm\rq|Pne\'NVr8O?K.эUՆssM9p.]tEɓzI*b:瞓uNz_7#21[]a)>>#Vѓ$C\0\0o;\n\0\0ԴRq2,X	\0b}ᇺ[j+V(::Z[lQ׮5v@\'yX\r/UYj|9\0!򵊌}5\0\0\0\0\00Fb%\0.uU_}۬Y3;V\\rӶ\0 5	o#IBmY\0\0pג)(hU!\0\0\0\0\0\0Gb%\07:WCСCo\0CCxH\0\0\0ԟj_uۊzX>\0\0\0ʓY\0\0\0wZ]Ժ&\0\0\0\0\0\0\0`4mּC\0\0\0\0\0\0@#g\0\0\0\0\0\0\0\0\0\0\0\0\0\0\0\0|\0\0\0\0\0\0\0\0\0\0\0\0\0\0\0a+p\0\0\0\0\0\0\0@﯁S;Ihh}\0\0\0\0@P!JKK;\0nX	\0\0\0\0\0\0\0hN}Sa\0\0\0\0\0VPG*Gp\0V\0\0\0\0\0\0\0sN\0\0\0\0\0ҥ\0X	\0\0\0\0\0\0\0h	7\0\0\0\0)Sy}\0	\0\0\0\0\0\0\0 J<T!\0\0\0\0\0P-^h;\0\0\0\0\0\0\0\0\0O%I;uPx&\r\0\0\0\0\0U>sF֮]w(\0<@b%\0\0\0\0\0\0\0A*-)wh;;\0\0\0\0\0\04\"l\0\0\0\0\0\0\0\0\0\0\0\0\0\0+\0\0\0\0\0\0\0\0\0\0\0\0\0\0~V\0\0\0\0\0\0\0_k}\0\0\0\0\0\0\0ԛzJ\0\0\0\0\0\0\01#;\0\0\0\0\0\06O>\"\0\0\0\0\0\0\0\0\0\0\0\0\0\0zg\0\0\0\0\0\0\0\0\0\0\0\0\0\0\0\0|\0\0\0\0\0\0\0\0\0\0\0\0\0\0\0!\0\0\0\0\0\0\0\0\0\0\0\0\0\07\0\0\0\0\0\0\0\0Qii\ntL;&M,??\0\0\0\0\0\0)--\0\0\0\0\0\0uĉ*))0\0?iJӧ TZ\\fe6\"P\0\0\0\0\0;:躃IXQ\0\0\0wTTGcE&{IkXW%$&14QĚς\"uwPnX`w>sdΝ̝Y8u.gB!߽\"*[arI055ASKH$޿I\Z`Z(+(IR9uX9mvy,SSS>\rP4M$\Z%i-%5K\0;[[>x\0Fh $U\ZΕK\nӢEahhè0244ibx.Kw$\"\"\"\"\"\"\"\"\"!&>ʕ/0ԳES#\"<*WFL,uTIDDDDDDDz=Ԟ!޽8w$\"\"\"\"\"\"\"\"\"!<\"e*r#F$\0Bo\\(UyGD:D\"\"\"\"\"\"\"\"*`!ɄWRrd9j;VQc\0\rd2_5jBʉſ~Ff9έ9n;VQ`jjKK{;ѨT2DGmXZZD!Q6룼ӏ++S;VQI		˚5Qâ&RSSq90\0M/:L\"\"\"\"\"\"\"\"*@RRSzl+\n!3SS2m۴F2}\Z\'O;~EBb;[[ZjF:u[HRb&VIfz|8*<6Y֝<CB|Զ_PM>/W9w\"U`k Nd{ރa,t9\01ٞy?`,D(Ou=ŽgVN9,Fރ0}b|ɭ+FZZ\Z6:o*y1Ouq_*l\r\re:-RCFCsW\Z2EukQ{!W$NM\rd)g<zgɞS\'qQᔐNKSܱ{~#n*G/MN~x\\igރhڸ!\r\r՞rftNMq7m&Y[v3ڵqG+wbۆ*~=fYZ]wc{\0\0I8yVٔm[9b_ö^]̚:G}`:o\'?8vMM<})ZJ6Wy΄)Ӆ˔4-\r[w\n\0(QFkݡJ)qH܊>.Sv\rA׮	ǈrIcܱjԷ[ogq!]RiT*Ebﻅbc_cBt9\03#>pO1|~;~У2;eM`#wa?Lƭ(\0x\rZwꃿ>Rz^n{Z4	Zٞ7ath\n&hgOeob%ۻBZF&h>myN9|5.͛;6*׶?oYap=a艸1O*Gߡ8{@~qRЮy2b\0wC(ׄk	FDCtUyQFܱT=:k\\Le[n``Awm\0l޾5-cص~}7ƍ]pn];`HIIGݪjsݦX8g\ZjZT_`0b\"/G%slmKh`|$e\r\0L&ǙP묉d^žƜ+0lP_4Vyp)896ɶ<@/^L\0ʘ+Mr?oyqۯ>{4vv}=?¯[q-˟h@|)ׄk睻ݻC5\r}__$ǿCJӗŊ8o_vH:\ZX¼ \"\"\"\"\"0{\\Қ=RVxʘt*ϓܡ\rL|)p5033E.0nLtnT]L;EХc[DT,,YTpwuSm=O[cFĩvv(^Sy~ۮt)Z2G93C.#99%{VT+rNNX))062\0!))Y鹹џ2W	eͱrfT&÷=9cByjNfE5y&0EСm+ھy5&9)	hQ+VBPqoq@uk\ZLסr{\ZKX:L$\"\"\"\"\"\"\"nEk[{aGBeBB\"z.|644Ŋ&6xM_a0/]\ncu6Ğu	/c*&OSj^}r۔	?|0uB,YVk*C²|99b#9%&HNN?FqOOfWDq\0RZZp\\<Q5\'3ǒ5RXя1/Z;O<|ӢEahhP344w\07D:qӠohDyH$޿I9]CDDDDTHt\0\\ah1\\&vkݩ~(s%K==8{lNC(+R\0|ܙ.sR\0MB6+\nƍޝ[ѳk,]!Ş;hSS9ݘlϻz=2h(mU-*Y^&bMxl+RNe)<Be,\0XTP^鹹џdKVCNׯq!rcY\Z\0xi&4k^/MrJ\nH4C#CpP:LIMaR%	$>(XIDDDDDDDJ\n;3\'}2wԨVUmƍcHJJ30ev-K?y		8tBҥJ\"\r|HHG/xYL\nA.eŋE7jM+VHJNE@T\\1~s/<djU+mJ劘8v-^g)OJNϩQ#}<C#_ƇiFjh@fmTT=xJ2;OTIuԭg. !!>΋nSSbi~׼Y|o]ADDDDDDDD`b%u>\n;JO+13EEsT?\'1F#qP6l`_Euzm8|<,WfUmvڋNbfL;B(a`=IyiQ8vz#OabdIF?;OøCEo[\n}tǜ+,ۺS~8߸	(f+KקGgGF1{>zugIf6b6{~8v6uѩ}6DE\\\0\0 \0IDATTG\Z9{E-\Z062T&ݶXbi~Wmiv|.H7ar%Q.{e \"\"\"\"\"\"T~¨u>ِnB-ZDס)y6;io_ǢDisQ\Z!E\'}^ﳧ07/u;刍}\07D:\nHKC$11*ឈK㎕DDDDDDDDyo066uD*q~R=	VΕDDDDDDDDDZbb%JaJ\0hH%/UTy*$	jJ\"\"\"\"\"\"\"\"\"-03 ː,Mr,gJ\"\"\"\"\"\"\"\"bb%Q!*MErj2Rn^ɕDDDDDDDDD9`\0H;ɲHHKKM}È\n/&VrT X/Ǉn##\"\"\"\"\"\"\"\"*|XIDDDDDDDDDTHMA&G,IDDDDDDDDDZ`b%gI)\'\'ԫg(\\~III011A{{_@$qRvZrII051ASE__]IDDDDY3([c \"\"\"\"\"\"\"\"\"*T\Z96uY|IIuзOo̚;_vvGRTh޻ԫgB=[[4Ha_L\"c\\[[:uW\r$8t`?J\"\"\"\"<&u\0DDDDDDDDDD|O=wJu͟ҥ#\rA[Z3zİ\\`zÇҨ΃PbE\n\rE\\&HKq+4*Vă&X\"pRvbG}=4upP|ܿ>{L$\"\"\"\"\"\"\"\"\"*tSk«[L29OYr%Դc>Z5dϾNiݦ>zիUEʕD׉JUBŊ~*ɸ~**TJU\"2vFLD\0!e/<\"e˗Gp#$zFHʗk;1匁 \"\"\"\"\"\"\"\"\"+(56yz7Wt	Rm=},\"*d2.y3G޻_T\'O\0YׅL&Õ XXZZ\rDFʩpKOvmVǑPv\n:\0h8rc\0M=d2\\z5jXBʉ(0rd2ܩ,\\f\\~͛5EB\\[^(U?d9lWT/ڽW(qh/W_cjo\\~\0pt\Z6K\0UێHJU֗aخ\r\rpF(\\7oި\'uT])L2Cu]+L27?>=$$mZTyLLL`Q^|QQYnGEx\"))It{u_Jr9qM9惫׮<ŋ8q4~cW]C\0WiTɼ3lrr2\"n䙳8s]V-н[@__<%_?޻_ΓkY\\[nC\r\0\0ugŰd|roqlH$i\n=uA\0hijbx5oҲ&oXbiaW/_\"1\'\"\"\"\"\"\"\"\"\"\\Uٲ1>O:ɎE\Z#Ѫ]\'li;~;FelplTlݾuBn=r#T({B˶aVLPfhh\0*$?<}GLU\r*+MǮx	&8NmSuM\0o\0SBJ\0kO޾/U:uQzu7hbo/N\"NbBxNaȠ7fT\\#;-E4Sa9u8NWpTO,Y4Q\Zn]:5sC=ѧw<u~yB3\\UF͚Z\Zr\"\"\"\"\"R;VQdyx9QQ/\\¬iSTollw)KLLD!OKd2ܹ{O({> 2͞Q|5Fo\0[(;\'o.wdwPH}W\ZK.@++}Ȩ۰\ZR.\\Y^^a~_\rТ+ƌ\"]9bӺ5ҩoڒRDO͛9bwOGt;uln];{Xb5\" Q9\Zԯ\\^N(qp9UhQ:w7otMM`e]j׭HԃT*/<LE__CDDDDD1r$=1NN+<\n<\'$4e,6Fe_[K\Z>t0BڶU/[أG\\S(L 26<}\n\0߰L;*+a䰡h԰MΞ_v,Y0I\09m\nڴrБ? 99Ie}1RR9{qqobBtQiң>\0 ))Y~*U|\ZGѡ7HLJ_{D=\0/^C@k066Ƴ1\0@J1t\04wlT)v\'0oSS\n_HIIA 5o޼A=qXZ{FDݎVhe1d\0:;6nي+ƫ5uثGw\0^9cZ\nƎ022opl۾C+%JжM+gk>8tXT:3zIc{!Rl{m`ђex5,--`ddK砯N^R\Z&GcTܿH<~\0`kk]\"<<\"WGDDDDDY1r%4_^3a?	@.RRRajjD\'O1k|SvXr)\0X<.n9**\">$!!A>ꚪ!%%Ut~Yv{ؕL\\l7̊a\r8r	7!ӃS3GQv-5qz\0Z*Y,^BӮf{\rUTڎq˨G.\0\0:	8x6y@sVzuqTעX\0*+׻UܷO/H$H$m\\ƚKall\0SW.IsS|U{%J(xUWL&tkմ\0!}o0o,s1Z,E\0\0KCcF9ժVm=!Q]y̻>N<PSĶ{W\'â%˲\0R?}1;[xZ3g܅m}}Hc!(u H0h@?WкG\Z\ZQZ_\'\"*\n\rS8fgk}}}d2<}%3$S+V?L&Ssmr+$v}TU>}ckZ*&dG]=MbΨvsGÇp%DݎFRRpCo\0\0WWpws\04uh33S8uZT}M}!4)R~Kk}\rUUԵU[j5wڪ-֬,٭KgNWϺ.\0`pm֟>>~BbF{vW;R?\0^s`nJhb?BGKWkXr51n8%J}оswjF-Qꯘ.}ga###C9{HLotAxogk\06r\Z;:eذiru$z^\0i1ߓ<}h殘`1\0`$\"\"\"\";VRR6#5Dݎ50e̘O?ֻݽ{vv6|E8ֵsGXFFFx	.o+VcŒ011,G`Ç8m?ciz(Qc_eSuMUlν{յJ?&Κ>UatNc`ѠpvjTSϊ/VKw7\0@Е+Y\r\rТ+fNy1z5NwG`X6fΙ}zc͊HII7Aľ~\r33lc˸[dv2&>Z\0<uF4IS[87=q֟cHLL)/^ghM9v\'NƉ3^\n;V32oxLǦkװ믽x*VTyv|-MKߝ3ӣMLL3m\\.\'1kT}~XIDDDDDDDDDD\Z.)˗ح]?s~6%[enJ_Rm+~#o]?%%%zj|2W.$$&&b\0\086m\07(RگPSbepuvK~WTRpws Xd2$&||}O	\\CLrK#k\ZhzM>ֹ{/F=~SCeh:wýp#]\ZTInG߁M=k\'OA6\0Q%ݸyM#]x>FFF011)/8g?nir8y\Z2U*WrnJJ*Q9L1z,nh\"8>\'A.þQClް͚:75$sl_H\"6d\0^y\"\"\"\"\"0\\o{g\n>\n\0kV*\\mZ>\'N\neb+{T̙HHTuT*ŊUZ_CLbNZ8w\0܅\Z;1Is`llp쟇\0{@(_n\\\'>vknP6lފuW`$L\0HNN\rs֬݀MנwG|/\\\\T+\n~3c\n?߼uM\ZÈ+:ضY}ݷ,cq-+W@qJmˬxb^<KerrZ߶yr9F0\0fr85wT|՚DDDDDDc7oxHR<|KWƩ3`R\\Gjj*a]Gs\\.Ǜ88u\ZR14s߿ǹ1b8k}\r1/X@*7s~߹{Os̘Qזᒟ?޿\\.GBB\"N>\0޿ǨqppoGݻyX;w1cП7C!ٿb8|8޾}T{1믺bæ->s6BoBJJ*RRR6~/[;wA*8w\"RRR{! 0H8W\"܅xI1:CT儑=Ǐ@*\"!!>\'OS%~z\0tQaȱyu,J6kﳧ07/S\n\08ot(6SӼy;N	P)cމ?8S*\"\"\"\"\"\"\"\"\"D|o]ADDDDDDDDT13P	+`\0(dlQz\0^z3zyC;z\04Ϟ:\"\"\"\"|Jcb%gD*B\'A\nV?w+MLLs92\"\"\"oyNDDDDD2X1bX=mާS\0*2KnZ_\\II(YJ?(>23IkQ3-U꿗y2$K!5Y%QJ\"\"\"\"\"\"\"\"\"H\"N\"95RTxU7J\"\"\"\"\"\"\"\"\"XIDDDDDDDDDT(IdY\nR䊯/9@DG)t\r.NdXrQnR_A\ZtS~AT_P.K?bh˘Q#{M9*/byZcF:\"\"\0+\nIKg)NB&m[|Os5͝~:lD<A~޿qk+7ǿCvBr!t}T%K+{㍎ų9yn[MXt+\\+\n\Z\ZbX|E~Cf\"ޗ17\\Y0<~TX\'fff5׮ :\"gNk\nWy`hho\"\"\"0IE_Y\0HdI/gR%+T[a*)	=~;[D :|990&keca#GvZ9=_]˖,­k\0kAXt	>$$ɩz\Z!rPX_RƧCvϞe[~?䵂:y{_dI>ѩk7XaԘpqv\0x͜bŊuѦU+4o(c\\v\r:tQ0ܶ=Wf49dIL,:osO\"*&}\'*T(/e!\'\'%I$̞5a!\r\\YH!!(׮(\0<\'OBXhB}4ޭIƧJ*زq\"n@tD؇-D_U㮮}cϝ>0=x\05kZju_ݎLu`4__liasO/_u^vL\\<p@k{\\\rFXh<\'OR(W>Ŭش)VYg,e1mBYn/UGto!:\".gn\Z]_<2&zxk珻ڴa^x	\0\0\\p:/_E:*Gܛ8ϧtڷeKlY_lʨ?ݻ3>\0C(#vԍ90Vuq5zp\\ê5x%\0G:}&\0K5bc\0O=Ô3ݷ}9y괐IDD+>3L,;:Μ2mwK\Z3j$UfήhJ*ąYkꊮ=z+\Z$<p\0ZEKB77m}@lٸ\'N]C{XЭkbW՘k\0zo]}\\ż^.v?ugމiނE]ξЩc{Sf__3Ƨkhڤ1uIꪚCBMKK4sv{+85Ϻ\\[+jת!)vjn]+xax\nuZ)8;ר^Ærc}篪wsuY>V6vڣj|}U\nL?CS^/;[[ZT\0@jj*_C\"0(M\Z\06_\r\0\r!0(H뫚\0섙Ӧ~\'@i_uGU\nkذBo̶~PQ7OaU(~:Uׂ[!װmF(\r׌1)\\u4l@vH7XIDDDDDDDDDKcRe!0k6]hlokmwK/G||<lJt1yfϑ#ynݰh2	5m}@Ԩ^!!\'.ז,ZWXa#ݾSv4޽zb܄9*ΑGѶMap9G)#f|OǌYLEK[XUGXr,_ڙ_n]2uSFsGG|JF	%#Kv|˭j\Zڑ\0\0 \0IDATÆc4ܾ\r\0xk|}U\nޫW豏\nٳfRŊYʂ|uѸ~\04j\0˖,Б#21㯮}UU+eM𹅛+.1xXءAcڽkVv]Z\nʔ1ÈÕ\0̚1\0Gb(cnͅu^|)CDD \"\"\"\"\"\"\"\"\"äʂ\\r7N͛\0 rjժ\"&9&>V<e	jZf	mgO\0\"\"uW.ז>{&dB?;~X6aTO7\0			\Z+K~pqv@ 9:bZŚU6>y᳑R7,-,ޟn}]puq֟\00|lkT.|έ\rzHD_vZdx\r1Gb]\0>>Il/a\Z(^ -MjUQ6]~[z\07YԍUQwT ~PyG]`\r066DOiW1)1s\\.%_?;+WCn0b<}e1}̝3gaE4a<9ҥJ!}Z6[n03a:o_HLJ\0$%VcS6ca8fxUn??|U,Wĸ	*6Vru:~\\kׯjⰶr9+-ק>4cST*󿰏~/M]޾{%V`ɲ	f\n77BC1b0ܿ\\֭Z޽\\aL/Ԫi+ԍ.d2O/_fk%-u맰vb~ܾjժ\00uLŴz\nϜd1Mzx\nm~Ul~\"\"\"򑭍\rV[Vli2ÇPfMK<|(~w{1QB}M/J=.f|nߎ#G1k61ˣ*Օk+/v133o	Kդ<\0!7BQvmiJxĭ*vԫ\\s_d7?3Gn}]_n8\"jZYK~po4w)!f`ߨvt̛K_w`Fh(QrW% 0II6dBזt7nq㬏HCҾ4%?_?5bք<}\n\0!$)7zs5nl7B+?<D\0\0*Vļ^ٞg\'?ラ033CѢE1||D?xyzD033Ôɓ=/&:*۝֏N:d9n|~ڲM H HС};Cʭڸ~9*O;t-Wt9N,?U>=޴n]+lX-RX_ܟr333L2uSU7ױCA\n;ecBnlۆ˗\0PdILkV~/Uz~e37s$	ƌ\Z7\0\0A\\BCo\"\r+V5ӦcSG8nR럮\'%?l/Nwe~7WࢯUŷmFa_ajli;\0{rR17sqq\0%Pzu\0@ҥ9yZ\nuAFDDT0(8i20غ}{-YK-ԛlpr\0>z[o;\0?_/h,	Os\'0\Zo!u86uѣEOzL?k۾:ڎp\\_]y:e/#Gt\0|s;wlǝp,[Ϳ_~ۉ\0_<,׸@ߋ|~;~ԭOW+Լ9dY s>vP&vK~;oΛ;8z\0݋ɵk+?*y=mߎ탛!\0\0ׂ/lٲa\0w+CūX<oD߹x5<Nի`ll@kKQ?]Oc}Р~}!A,-1xϟ?ǫWxUw &׌ذi3?\0cs-\'}8l܀;9zEE\'\\J*hP>|NtxHG\0:\"\"\"\"\"\"\"\"\"¤c<mX(mPϞTXҥs^چD:dllhԤN\n5o=c%_DG sۨ#`U6&Lu(w֯í,XxII(YJ?+e9/+H%PBycd9z4_\nI$L8gΞu(DGRRRtia˶mL$pwsýf]؍7IDD \"\"\"\"\"\"\"\"\"\"%(\nK3g5w^yAWp񒯮CwL6/]}]@DHTM\0@\\\\&Lq4DDDQDDDDDDDDDD\Z5G6(p\"\"\"\"\"\"\"\"\"\"\"\"\"\"\"\"\"\"\"\"ab%\'L$\"\"\"\"\"\"\"\"\"\"|%w77\\;JcIWFKAi|WL1q|SAA_xʘQ#{FuNAA]byZcF:\"\"*@t\0eVֺ#We쏮h?w~qn\niI~޿qk+7ǿCvXz~4>\'NjZʮj\n|T*ſNc݆HNN֪mm7[UKwxNmq<k#CCC8\0]{ʶ7+߂U^Q֯}rp0e$t	x16mيG\nVyHMM͛Q+SBI!QC?-[\"r\\\\tJie-\\keca#GvZ}Bcn+cneKV5\0@X\\i=Fx9(_bth!7Bٳl˹~~ZAӌ\\ս^[oW85s+mGVмpǏq5t!OADD+\nVcTpuhNDTMNTP^(ǜ<Q\"`\rAXhz͂D瀘(<A~vE\09yBCr5}GW5>UTq#p>to!\\\Zwu3~IDGYR?uOU<uػ\r>[ZXi;?WEz5033S(W5\0`p!W\ZɓխO17786mUk9KgLP[KQ7-[}CٽFW ϯ?xڹ3_6Ë/aߴ\0N9C勗RB{\\Cvw	_-p\\m_U}f|/烛>4_~nUIS}[Əo߽Î_~U8ޥSGW\0Ϟa>\n<u\Z.NNL$\"\"\"\"\"\"\"\"\"*b˒H1*;:Μ2mwc\Z3j$UfήhJ*ąYkꊮ=z+\Z$<p\0ZEKB77m}@lٸ\'N]C{XЭkbW՘k\0zo]}\\ż^.v?ugiނE]ξЩc{Sf__3Ƨkhڤ1uIꪚCBMKK4sv{+85ϺK\\[+jת!)vjn]+xax\nuZ)8;ר^Ærc}篪wsuY>V6vڣj|}U\nL?CbU^/;[[Z-<\"755/\\!C&\0֯Æu\0\0U\0pqviS]xp\\i_mꋙ_\r6@͛UW;\\U/)ԼEO*ZP #p+\Zmި9\0I٣;N!1)\\u4l@t}\"\"1z1.NH1*fxƿrsN:`刏G||<\\Ν:f9o9x90tޭ-]8&\Zի# 2r9r9#0vE*6r6lvv;~&лWO01G9r(ڶi#ռ#.(>eČ1k6 ɰh2t뢘jVג˳\\;ѭPn}]h舀O.$d?ÎrT_U?r0xL۷\0bc1bJA_YZX{J=qW_0{TX1KYPp0}ں.\Z7/7W1|F\r`ْ:r>zP&fյ/6̯ʖUH͈W5߼~~h*|nK~sq6V6vhvU+]WK.\rU+0nD}.KGb(cnͅy/^!\"\"2u\0DDDDDDDDDD3^aˀ+y#eʕ+yԼLLL\0\02,گV*bbcbj*Y˜VM,5m}u@XDn#gτ2LbO˦^=Lꉾ !!Arep.ND3GG;^X33Ƨu]]</|622R_查<խOW..v\0\0;~Q\ZՅϹuߠA}\\	z(Nn2_>Xa#_<<1fH۽G8-~B ^ŋ޽QjU4jӦkt}UokW\0~&KӾoQ+ؼq!Ӄ-.ڭVLtv̜1Ex/qǎʕ8\"֬\\[gâ>Y\"V$$F\"WcbAѨ;X#Xb!xMb/J\"FĂ\nF0aawg<ĝ3s݇=5YaaڔI8ojBիX2ADD7V٠y)rsr\nL\\\n[058yy\0񑇕X,^9?MCv=r$8١s%Cur9&N:ٽg>J%.Q7JT·Uk}~ۣCvܩpKG#GxXsbҔipXs8		H_\nRW_+WҡT*ì%o/|)&jZkZ}\ZJJ11U)ǥKix<CvΘ=s9iE~~~hѼ9n߹r~uCDDNDDDDDDDDDd<wQ#<~ؼ>VeX*\\QK/=Ohׯ߀ׯK֕hGz]HHq)sR\Zۏ١szPrK7)7r%/\\$<U\0ѤI+#ue͘.E\Zߕ*}n|\\&R篶&G\08	o_u**\Z=4WT2?O5ڶRy11J|sO3zƏs\\6Ocێc*iboj]#ӥHHHDkZmJ  ￺j޺\0*Ur\\*ڷoDc#\"+lЭwqeoQ:׮]ǀwlEPݹ{ݻu9\\	HgfM5j@.cF4祧Ӑ/^Brg\rԱ#d2d2?]n(cohkpcbJ/Jٷ.NEGMT1wD`y͚`p!]lgJr9f`{4)uܩ#Nǩnv9}&Nxe{&ubqf,_Z\0\0ⓙӍV11ڲqu6d23\Z		\0gի#˗bOӴpL[4OH OCs\0p*:ZmsVE%RFEE#?dTkouVXlŋbF\0\0777LU>XIDDDDDDDDDd (Eoj$\\iHKIƎm_bV?/^K-7kpL,Ο7afoS\'p	%0mʤrk8~,.+~AN1jXbJ){Cch߭kW,?OxK/JݷCzU]\0_́H[D|/a}B۶#_gbs8bO.Wƙ8:_Ξ~MHRXkҵK={\\ݻuG\n_mҤ}OOEEc^,勿aݸr%hKS[CR\0gPn]4!^~23 3]sRdeeaOprr p!z#59	_^)mZ65>\r%2GL4IHKIFOvݒ?/\\\\\\Я@dggxzzMֈNQeAْ4YV[cz+X̹\0P*޾g*\\\0,	gbжC\'\\_jow6[DǺi5\n>M`JpCJ(-%>-ZY:[f5~MN|L\"\"2\\SyhУy;V(u(\rTI<{\\{c`ۿ߬Wv~2ScL!Th7oJ\0\\nӶnITIDD*X:\0\"\"\"\"\"\"\"\"\"\"]r(#Gs]pUE0^_z$% 9<eP̎ͨm!&\'\01%x!\"\"|8Q\0T6P;/>\n;Vu\'yJ\"\"\"\"\"\"\"\"\"Y:\0\"\"\"\"\"\"\"\"\"\"\"\"\"\"\"\"\"\"\"\"kDDDDDDDDDDD{CP鞪E5\05\\FvU:]cu7&k9v]\Z.c-A(p\"\"\"\"\"\"\"\"\"\"\"+鞊w|-Qn:WESs@jC`qeij\\y1{_g7enBjfZUUEqq.rsUP(3\0u[Q\\\\h\n7VUPܨ?ن;B~A\"UWƺɵ\'P*;^s<~5fsj&NFO(@f.#QZdd~\0\0(RD~ȝ4w*CDDDDDdB|8ɫ!*\0\0 \0IDAT{݃xAՎ}!c}luw	*^{hP\'XTu\nxuv\05Os\rQ,\\b{zahX?\Z\r٩JzIs\rP*%\0\\k^mkO][>&٩;96b?{V7<ݡrx(v㎎-h9O\0\0\'x8T;gzEDDDDDdiXIDDDDDDDDDDdfΎq/k82r|!_r%wbh+?7?\ZNK뇼Ӓ7^NkGVP!zpt{=q+pv0jlbupGƃՆsmվprlϻmTfµkԿzaR3ϩ^uRIzfk\rO.6a$\089d=]܃Y}dv.\0\0jV*\'6Y+n$\"\"\"\"\"\"\"\"\"\"2sP_ɱՔˏ|GAJHVmd?Z\n2-7jlbP(2P\\Y.㯇sTfP Ro\\;* 2)>)_f_\n}b̿*U\Z٩+?)Ps<kǃgfφcGx48OTx?\'ʞrBy2Ym\"\"\"\"\"\"U,\0Qebo_jvvUXMyPZ9CKǙ-~))nz(uPEWm,)Zfpw\\xog*R?MIVB\rQWs?)w2nEqqpxt;\n\n^Zc{}5f b2l7VQpCfv\0@#{Wy1s(uٸb%ZcrERq2Z7+o_kUٳT;;uSg֘r=7E>\028\0Pd +{\Z֏RXi/2S縈7Vcdd~ w3MsK)Ǡs\0P\\Rw˓z(;>m\ni_W|RXtQPxQmX\n¡?wԷ5)..\0 Cf*\r\' NN퐓{xI`k-fxd#JodS3ҋ,wɩ\Z,\0QeRXtoxiVP)٩Eˋ?#7?JgIUO{Z}:d\Zfizg*FVyb	\0ppAZBXA\Z!Cf炚5[DԬ>2\\k[<\0 /?\Zrkj޾0áʋx[s\"Qu	\0xvgJ7ES@+wB^~Yn$\"\"\"\"\"\"\"\"\"\"2`?sɨ%=٪GVs7\0J)_\"JE&Y}R((Ѱ	柀H<ukoopOs	b4WQ?#?Q~Nx=	kin$[\Z_\Z!xx^p>7Q鞊u@	Tcr-lbKADDDDDDDDDdKvbfe[miuhW\'K>[pvrMr ;+Kk0Ϲ\';	\rEVF\'KRp*MbP,ο:V0YMDDDDDDµn-GS*HDDDDDDDDDDP*kt9sEC֬S\0\nZ:ps]@o*GO6[:_,Ȇ)4ݯJI\0\02ٺm­(ϡ~]j!7(J=Ȕ8*n$\"\"\"\"\"\"\"\"\"!\nbs\\CV=leC;VWy>*?ntDDDDDDpc%\r)(R\0Oo߽\r\Z^CV7Vِ\" 7\0P\0yyh8k9CqnJ_CDDDDDDDDDpc%\r/*JR9)_|n4XzZ*}mRsM͚bS5fb3w+\Z/QōDDDDDDDDDD6((\0}zRa9xJWWWL8x5k׮a\rC#*	&Ckc┩压m>^TT;wCz:DmB4߭i\"7MUnXIDDDDDDDDDdCm,@a!zRa9ֶ{t\rB4k惏5+͚ҥ4_߼\Z7ƬO0g<&\Z*J=< \"\"\"\"\"\"\"\"\"\"\0ųP(p{bӞQ\Z>{Ƕ(,,\0\\i!3sc\"59	쌀{!MJukdzP9aFjrք\\.WI9=ɉ??\Zs?\Z!ϟErb<fϚЦukW8vظJR:Hx{{	}6ȟ$_obc\"-%ܭ/\0L&ߠ[~9R&6!ѯo_\0L&9xLm/~ӔIOKIp]:KoHñ&|9={`S\'0%Ǘ!szr_[KDDDDDDǍDDDDDDDDDD6^\rׅ{WuUα;V8OZҹ3_ơ#Gق߸n\r~>t^nV1w^ﭾԡ=zm\"33!Ӧ#?tE:v\r?^l#G~nk?DĔCH1>Z獵}OEE#{wbN|1xЇm\Z\'67THP6A=\nz\\;иqc6}yƌϿ\0n3Z|~-wO cİaْ2xԮ\r777:a\ni|2\'>-Z_mS|݅䥗0b?տ9eImODDDDDDց+lHAZUeWU6HaUusfŝ;wT*sh߮_l@TBT\"Lƪ!cΆB%K[lv?,]O<\'Ox2x2˗;ۿop.~{F2}#_x#%_o\0` 3J׮j%Xd)U~~>6nڌY3flb^#|r?l3rro:婭Ĉ͟s~_T7cٻ?޻7n´)1m$lؼ23kGǴ?_v?#i\"\"\"\"\"\"2*+T(\0ݯ!GPtggg\0B:ܵGX$ 5Ξ;\'7mǅ*{5n/6j$éht1׹3NT.mw4XƝ=\r	2;;lg$_o\0lU(y\0𒷗\0;w}>B +}l2T(ȸw~\0<ۘ\\~{zꔿ#6J\\qCcbco\0̙;O%M%>ޠʶWZх1<Ȇ)a͛hP]+׭Gs\Zܼ<\0؋~i&ЮF\'N`v\\\0RoֆW\0߇Rą_~1D1bT*#<<**\ZJR\\J%VYɓ& AmM`#P\nC.#\'\'G0QDDDDDDDDDD6`#^[[hMuM^zI%@x6\0x4lX.KҰw~׃z<Reh\\cWүKx_|)J_&MW_3qe/7)  \\|RH~͚K~ܻ2xpL4Oj&ׯ(7_|wH}i+6a1سoGL?N%-dkVR+~\\V}7;ȴȆȫ&lŀocGC\0hѼ9V._\0v:6g憪\\\'@&\r[%}\rԱ#d2d2?]ҷy5B{`fHr9\\\\\\0=xu,^.cfH8P=wũhyNb<Ke@wwɨ(㿘z	}OQF\rrRwe3z^lT?T3CBL;w{压CyzzO DgxUB͛|j\0OfN)s{šb?DDDDDDdZXIDDDDDDDDDDf#`4j勿aŲ8z8\0``C$cǶ/iV.D&\'ovoU=\"Ǐť~Er/ܩ#F+ĮoEW[qoXh\'o߯\\39yO\\X:_ΞAիjrݷCzU7X2R-XiS&hhvD EF#	=~ G=v\\\rƟpIMdM5?gbq\rlشYH/ɯ$ϲZd,ZXZ#E:{6nR	BM[Ŀ?)\\{**\Z`aX._\rƕ+:w&.N6k_!\"\"\"\"\"\"`Aْ4YVۤehs-8;WU9w~YYT!o1$çE+op&&\nm;tt(dRk0HGyypߧrsѠG-w$\"\"\"\"\"\"\"\"\"\"23LSq1+fXx3clHK@DDDDDDDDDDT٤$% 9<eS\0\0٘<ۂ׻V9yaDAAC \"\"\"\"\"\"G鈏\rNDDDDDDDD,+ƍDDDDDDDDDDDT)J:VQUڂTy\\]Eiߒzc|ǧ+KAumSO[>>/7f4քhbaꮊ \"\"\"\"\"\"\"\"\"\"Rk0JUQ\n=zGbejdeeY]_Zb¸x޺7`Q2mn6-5N4kxOC[PPwذi\">L#FPPX3g/h򤲦W8c\0翵3~<>K888`GCѯriփO[nEY9pDU\'vV2S<z؂YC!lR#6\0TuvGCbxD:oqcFc	HO\noo/lٰot?W[5u3vswo{cߡ{ ++^ڵ1=d\Zx5\08II=k&ԩ1&ppp@7f5jQc1F]2PEW\'\0	uv4~?S҄\'\"\"\"\"\"\"\"\"\"1u~rtAŤ<_4MtlW!Xvvv4z>$|3\rҏYk={`S\'04Lsf#91ɉ:2??b\rHKIƤ	7K*׭EJRRwC%JKOKE`@\0>dq7t$	_\\^<mѐ,1{Lom2>/Ki)[rNsYH斛7tXmU_FzU\0@zU,[Cb_Kl9ާiSIxoR?m6tK!X3 91bGCu*0l}(Νشe+\roz4OUVq}\0CG`ʤ\0}p\r\0@aa!NEEl4!Xe7盡߆/~>2)Ə+ߔ(3{wٻOm)ƍDDDDDDDDDD6ģCV!;\'\\}9QG5ѡcgu{Qn?ڑuC\rG/Б#l|!WDɿuDw|\Z:	OV |}	ƌϿ\0nz5a{`҄X2?TukChr;jv$\0}Vq2*\nasC%_ﭾԡ=zm\"33!Ӧ#֦ݻu+5%oV)CRmKi_\0~¯?F&70&̜$IXMp)c\'N_bW[X]\0TT4ww⇘ӧ)VgCbK[#?tE\r]ٻ\0^S7m=z?(!CV-[bŪpxqhĿ\0\0h\\|2FYC/K/,BTtNm?*#e\0緔MY2>_~\r}g4S~?-\0T\"\"\"\"\"\"\"\"\"\"ֶn\rt0+5j;.nMaBwWoqG~שSϿPnAT,9J.[pvrMd}Zd2$\'_V9cȾUh|ȟ0~d\"^Xf5^TNMNo֢&\'k@6W2_goo_/kMvF\0\0?6;J}TgM*WRh):>4/My/}R7&6>h(;ʺv:;wXYC-OKIOV:_ueIg=C\0vElǆM[זs/&OVO٥>hʷGo|Ԑu|M~:j;N+G7^ǒEqTcb~5ɿHο$6M/_s0ud7h0rrr$/uӷ`χ>Hi_m[]?[eUw&~j;~?yypߧrsUACr[\\J\"\"\"\"\"\"\"\"\"\"\"_6UFGO?}AVg<ɂ>(.[omׯ\0\0Ba۴i_5G=)wڅ~FLL,SRz	gϝtmUgmSNR4mǅ:oyQ#\Z\r1Ɨ򥶯M;l8t}1#x\Z&١sE?7/ub+V?c6ΞÆukZl3qqB1濦\rIRזWӅ&%4t}%o/7t|?-d:ƍ\ZGF|7oA~~>:s/k?t\07Z2)/Kc͛c@\0\0 \0IDATPMR7\'ןJ>*#}5o-]?6gi~/ZSsJ\"\"\"\"\"\"\"\"\"\"X$v\0y\'\nRH<\'l$nu8Ξ~k!uc⥟chڤ	:k#G~4R)ΚǗkQPP1-##ptYƨ\'\'\'ǜTteGT\":&FxbTT4JU\\bԯ_w1J^oh#,^9/i4e\Z>V-&N\0deeaO\0%kŲx=9Wur9&N*ܙ\\[zCyiX_EGuq}S,=v4稼.OWT	\0<\rTwrMӲEX.䥗Ԟ](~MFm5_~^{oo/\\ݫ4t)\r{йx=7-w\0\r[vehܠ<ʶ_|_:e6>-G\n֫[ZGOOQQ#@X`\09]qb+V]  K0_[?S+WUu|\Zc}(OЛ8zNߕhGx_-\0Ǉv2Λ_nΗw<<\Zꕿ]r%/\\K*_g>T_D|SׯτDoNr\\%6~7VE%^=oY+}۾]Kwuxm\06\rU{ޝwѽ[W߸y3/[V-[\0\0\\]]BH	\\.f@d大ĖЩcGd2d2\\.\'$b	dpssçֹlmoǗ5k惵uʻ}r9f`7Wk\ZRǗm_QBSYt	ƌ\ZpppIq1绺bOq)IXKퟋ\'(oS?.z{{aF4pXկQQ\08fѷ~ƚ:ܳG%Ԟi|\Zc-Ѱ!ƌ\Z[t_~ܳOG\Z5 1L\rboٸ]:L&ø1\0\0ع}^}\'\0<ߢqglu]Ĭ[AtLKYL5~`χ8KRX_EZ6~NDDDDDDDDDdCM$;;/S7VI?hHGcϰp~u?[\',ÒEQ^=\0OEEc^,CӦMqVY+߸	fL3dafTL?nEaa!NEGcرBzXlF<R`F+@d$:#⫭hذ!.__]+~a)18uNNNر?jvך5U樓1CWl|Hiå/F#Gb(,,ŚujW(/>|3\\OXsl\08}&ko\r?okµ__	mW-\rxΌddT?eWjl:uX\"|\Z/wi7=-EEE~NEG_)}+\\l4rdC[⣡CaݳcΞO?c)\05cab\nݻ8|,(/6~\r]ֵ+u튅穜\'\r2~`χ:Hm_M7u*?E3鉛7om/f-[-6)\0D\"\"\"\"\"\"\"\"\"\"׶s0+5j;X/g}U+r1su0y/V?&*&wo߂sU<xvVRZJ2|Z\"kODmNf/;=-U\rDs̨QiSC,CEf%뗗Z}*/7\\\r\Zz;O(p\"\"\"\"\"\"\"\"\"\"ra:e_ƍk^˫|\r\Z;[(R\"+W-Ept\"7=fNƾ-GAAE%̟2I3k7oJ%*\'\"\"\"\"\"\"\"\"\"!>/ƿ#QNժ%O(/WA&I\0lL	nh̋H׻V9ya÷UkK?gSyNDDDDDDDDD#K=\n\0jjx^FZ\\88C^\0ngedүxԩ|>\n;VوjompE<W.\Zիk\0>Atܽ#_\n&qc%\rujg{FOq$(d\n!<R`DDDDDDDDDGf\0HwȺ9Ep>jjbrP]KID&j\Zǲi*/K+㳶\'FCІTqX1nh	_%|kh_]p}$kVQ?|rL7a\r+PzZ*}|-F,?Uz<G}Ɵsssz긒~7n4k5Vkb¸x޺7`f)[*mG]{߈0;xQ#̙8lK\'$J3\0P?\\\ZGl>&WNn.Zi\0h߮-f͘kRm?~-6mيBK7V pǲ*z~5k7;#k~i>:l!ަhcܘ3~ӯ[6wp,)\Z7̞5uƘqp\r888_g3\Z5ᑈ0?\0 ^OHĭ۷Us}Ԯ\"?G`mmiO#	ۯqMp}޽&*>\n̂c\"59	쌀{!c}aػ$#	xm!M&aHNGrb<΁LiزqR1ix|.$%`ukdzPɿRc\"-%\roo/?b0F#59	kWA.K_Jk˿互s/C*iCFHNijC_Jb_#>RƗ!k6?\r)_,~a)3fG}<{Ǯv2̐!>HY?>iCª/V#=곲үbي2xpGC>Y3u毡RGm2c߸\0(,,ĩhaӐm}k_G|?14>+9r0R}6ȟ$WQG@سw_\\>r}4_/ewxOo|}plȰHLJzCѽ[W˥ʉ+̬K2l8Z~gi>]9J˝C9dN(|ZBLH7f4^xu_7xxx`;Y\0& x7[BUk̝%9~\0xw\0?CjQQ*~oEѫw_l6Erb/%\0~¯?F?FƄXK_c/C>G|c6星\r)_,~)T?]d]?$~`ې	>:u\'O)ڜҽ[7aبF.9>/6\rIѢxO(e}[\r~bh|bWͩht.1OK̏_nvsG\\M>/)v҄	6<yDJ._n5Dv\0--i۹InMZ6wo߂sUcnnz痝ehHL&Cr/he>Xz	\'OhkV^A-$j-Z~jr\"KCW2_ioo_/kMvF\0\0?6;ꔿ˿ڞ!զlo_\\$]/XK_c/Cڿ,MGSbڿbL=?ҍ?RH6FL}KKIOV;?)&RPJ勿i+i7ugM*WmYebW[R0t|zu,Y\'OE!:&Wӑ[NӶ>Sv\ZƯZ:u£1x0\0ذibޜ$_EA\\>룔:h*_ltـǑبvElGW_G~~&d]rZKOˣACr[\\C$\"\"\"\"\"\"\"\"\"\"\"}կ_asCѵ\0\nhi\ZkLg\n|S4_{{{IܵGX$ 5Ξ;\'%?ڦh\'˵u]jXkkbeHch+gIG_2?**;;rǤl2(!6?)!w딒yQ#׊kb78x0Ν]ЩC;p\0jaZ\\(9MX껾K~bh|bWDsذn- C˖-q&.Nr|RGM[/eM0lUȌ֭Gs\Zܼ<\0rc-0xػ\06iaȑ8~f5q(JޅJ=~1?>R7VZ+k\\n\'Ν1o_c\\l~^\r?\'\'NNN*)4\'(7,?x.~bRWXX|J11tT*%WQǽQn]ܻ_8G*J[ʼ>/~^n!3fUzu\nw%Jf\0*-Z`ŪpG&/<}bk2ڵm1{{{uɥKiػo?fAѷ??8@&	\r[veh|41/\\fP~eikC7R現5~447QTTWRC\"o|ѷ\rMK)2$qqr,G\0ΜXe_%y겴S︳ᡚk_SbƯU\0tq-%2?Ѿ}rǹ>jWQ\\MGJ/c2u*mبiS۷CBB^RōDDDDDDDDDDDftuxm\0~;w{:qf,_Z\0\0ⓙӅ\\	HIOKU{-7Sǎddzv]HOH OCs߾#σߏlkW뜿7F%/13$ܣs|5Ɨ:ec̏\'(H?Ʒqf\0|)!>;O\"liعkᜲgb󷄡Gms6JOaկ_Ǳ\'$]/F}>\'6~ևhtGw)2?NEGmU7GqR׶~I_[|-7G/9}p*:Zrh`,[ßnagޙgeXh!ի8ya0,M6Aƽ{Xf~&̚1B&oÆMS9\0#\"0qXk8Qc\nabeH=zpꌈaÆ|w|vehjc&.N	;w֯I쏍{k|ij#>b5~44u? m~-X/V딷GZ?}{i5sq5[u .I3qX~lXwwwyX/\\ΉώW۶K_l>KIɿ@0t|Y#G+Ww#G`g맍XJ~d*b_뫶ȀL\0Of̀\'n޼)]Eֻ>J)_egN/VkL?hӺ5&NSDv\0--i۹InMZ6wo߂sUcnnz痝ehHDFzZN?U&d.i)iac̨QiSC,CefGb59lt(d\\SyhУy;VQ+W-UqL\'˩?n$K@6+̤!Y-2$\0@vv6Op4 SAh[\"StG놏\'\"\"\"\"\"\"\"\"CQ2C$\"\"\"\"\"\"\"\"\"\"\"\"\"\"\"\"\"\"\"oXIDDDDDDDDDDDDDDDDDDD*̧N6o*V\\:r+VL̑Y7VU\"׮F|B\"\'O?b{\0&J\"\"\"\"\"\"\"(p\"\"\"\"\"\"\"\"\"\"JU˖Xr<y\0Xf͌zZ*l܀dL0)I	8?\0@&aHNGrb<΁L&+ǈůJzIZjrք\\.7JDDDDDDDD\07VU*?ɓ\0YNAs.ĝFZJ2~֡M:f:xL0Wc0\0qcF__7u󇇇ƍ]. cİa~oEѫw_l6E \"\"\"\"\"\"\"R@ \";.p54rdR)\Znۙ#W#˭{ge,E@Brg~RpfA}=qk}ss4x\0\0\0\0\0IZYߣ`ȹg\'O^c<<ߥ3\Z2E\\؁;*66VS&M_)aY,խS[ÇkԘy\"#lO}DX+jc:GQQ$I5kz^z]ϿN<-Unυ$wwwݹ]HI\0\0\0\0\09*s?Eر\0\0\0\0\0\0\0~U<xV:\Z<OԷ$YVm\rVׯ_uuu$(-RSO-RyUP\0\0\0\0\0-\0\0\0\0\0\0\0\0\0wNV-UV]vM_iАڹmFj#G\"Uē\Z712V{59\0\0\0\0\03ر\0\0\0\0\0\0\0[*	V5J*gd\'NgigO:q\")Ss$ʗ+)\0\0\0\0\0\0J\0\0\0\0\0\0\0\0ATd\"#<-k5ix)RXأj1\na$3UF\rY,BP[Sh+|60t_-U<e˖ь\0\0\0\0\0ī\0\0\0\0\0\0\0>R}?U˖`A]pQ׮gSI_B%IkƬZac?k\\\r;bojM_<yhy*ZUfȔ\0\0\0\0\0\0$ER\\v\0\0\0\0\0\0\0w*>/(G,Ñsg(Ov\nxxK/f4$\0\0\0\0\0\0Ǯ_VG}.Z,E~ǫ\0\0\0\0\0\0\0\0\0\0\0\0\0\0X	\0\0\0\0\0\0\0\0\0&\0\0 \0IDAT\0\0\0\0\0J\0\0\0\0\0\0\0\0\0\0\0\0\0\0$V\0\0\0\0\0\0\0\0\0\0\0\0\0\0$ \0\0\0\0\0\0\0\0\0\0\0\0\0\0 \0\0\0\0\0\0\0lv_\0\0\0\0\0\0@f\"\0\0\0\0\0\0\0#_|QyQDX]g/yʦ\0\0\0\0\0\0p/#\0\0\0\0\0\0\0#ўh޽\0\0\0\0\0\0$V\0\0\0\0\0\0\0rJ+Wt%UPA²;$\0\0\0\0\0\0\'ܲ;\0\0\0\0\0\0\0\0\0կWWα}}߫Gw^\r\0\0\0\0\0,ǎ\0\0\0\0\0\0\0#hk<xi];Oϖ{Nׯ_׳#\0\0\0\0\0\0w\0\0\0\0\0\0\0ǧfM޽G|}t0bcc;$\0\0\0\0\0\0\'x8\0\0\0\0\0\0\0 H۶ܥgGX\0\0\0\0\0\0c%\0\0\0\0\0\0\0 ,㥡Ækʕ,㥐}z]{y\"\0\0\0\0\0\0w\0\0\0\0\0\0\0z\n޶]E*xk\0\0\0\0\0\0#$V\0\0\0\0\0\0\0rU(<pj\0\0\0\0\0\0pq\0\0\0\0\0\0\0\0\0Hn%I\'NTڦZ\'\",Tt;\0\0\0\0\0\0$V\0\0\0\0\0\0\0:^;\0\0\0\0\0\0ܣx8\0\0\0\0\0\0\0 ۰$\0\0\0\0\0\0r\Z+\0\0\0\0\0\0\0ن\'\0\0\0\0\0ӐX	\0\0\0\0\0\0\0\0\0\0\0\0\0\0J\0\0\0\0\0\0\0\0\0\0\0\0\0\0$V\0\0\0\0\0\0\0` *2©w/3Svy:;N<2*\'ĘOzs̹O	\0\0 \0\0\0\0\0\0\0\nl:el_ny3_T<yzǿϯ#ժVizEzjߩc_Fa\n;_sfPʕ$_S?K&y^{UQjګ)%~Ei˦\ZЯrmz$=ެiڸ^͚6Iu|g;\\ˌl2%Y9zfX9 \0\0\0\0\0\0\0\0\0\0\0v9RG{BB={fuwϞ\Z=v\\z?W^CׇLyoOC4Pyk*S[UԷ}]l2yc.կ[7EYbVܥyi<TVMݻvQ>={zjvc\'~/jӺ]}5K;|\0\0$V\0\0\0\0\0\0\0)EÆQ\n;_bqx^O+\",T,^\"E\nە_akc8e,*2B\r׷Xfryz3__[oyݭvmj\n;_Mr3vY{aZ\"ô=hZ6éMkG]3\'#/93g(<\"ôjza7ck{\"B5}gʗ/Ss4jof~}٣Z>vO,WҥKXBe}I?7}wlAMTu04}vASNӑ##G\"5iTuTw~Kɓ[n)hkkAYS?LuqXԬI;ҮlZIi)jmS1>2zeTF%_|zZfϏ~q|\0\0iH\0\0\0\0\0\0\0SwOozSOŊSI1||ԮCGXY~QcGuAK˷N=kjתbZj6o#/ڲuFulʖQϫ^Ԡ~}(~I_5|Au陧V*7h\'C5xʔVUtfvss4dԜÆ\r\\U^5lѬ]h~fΏ5mիכJUtio4?IjPh%:lIwUTd6mAO+uznKN.\\tuԱO,Ν:\Z?3ԬA[m\nRjUMtʗsRRL,[~	?15IⵙY6o	;yK|3!ye>3K7[+dZmx~d\0\0 qA\0\0\0\0\0\0\0ݤODt(c8rɓXtwŌd\'*2a\"uѧm0OҚ5=@/(Ea|ʒ5ԧo?֭MubP/ٳ$WWWbS<zcMFM*w473f\"}0]{CBF7FǬU\ruOk0*sKIܮJj/*2BϿmWNAA\naQ*+>5R^\Z7SM8AVU\rvO^}=I=-5nh\rx]ѰcFkKVoۮcQ\n%<EL۽-Zq7RڹSG,XP>!7As*]?<!L2^vO*2<Le{sYɥKo|=m\\N`{K<?2a4Ǵ=ߝ\0\0ܟ_VG}.Z,E~|\0\0\0\0\0\0\0\0\\%J<iK\n_dϏ?FWZʓ\'$RtR);+i\"GllmIzڳt7?yQQTT)3Rڷf/9>xmmۮpED={lY=yUmsFQRO͚\Z;~j`!\r\rS%I+UԭIRgh%O*Y҉fĤJg߰Q{v-_լ^][#O-^:vhƍ\ZH(W~1Om-RΟu\n1i%g53#3Ϭ5jSvzGNx~8z\0\04$V\0\0\0\0\0\0\0+3j=_E_.$dMT֬ճ<UKyf\r&)oԿj590y<IɌgd~Iܶx.]5>NRO@Mx}qTē13qt}3ҥ@|/^5kiuZ><q^njUӻׯwuuUjUS111ruu%pivrέ7n؎Ν[W]3lkkvSw傅)#<\0\0榺}U.D\n޾#\0\0\0\0\0\0\0{ʉ\'dWHO:q\\ϕ/oeO۵-][1-[FGDsQ}&Ǐ;U.\'#G0UR%W_J.aFN8r$RGDj5*0yN1;#iDUrvKQQϳڴnJ*h||~CC}wobcc;muAO7gԮݻհ~=-[vaڳgoߵ{+U~Njc57oQ^m̜\rkO?##fǮ]jؠohΝ5vrF#ze݌\"E\ndɒv;Q&#cϏ2|\0\0pFھQs\Z8mݖ)[2\0\0\0\0\0\0\0\0r\Zؿ˧|P{U\'ԲbEj0+Vk?_Loʕ\Z4`?\'?\'7_-|i`Z$L$8ƍ\Z9$sM8^ϕc_<wNuvz|վ3[5kԐbbQ^OHZǨ_-U<e˖ь5jU^U۶bB;v6\n\nڪmv^v͊Hu\'}Tl[|~wz.)cFO?oNԵ>5kh.$;w`\'ͷKm	󞞥ׯ/TDi_Y?nF֭wߧZ#{Fw\0\0\0g/<U.gJ\0\0\0\0\0\0\0]\'WszҬ9s5o.칟OǍ#t;NժU/j\n*;֭[\Z0]\rKs줟Ė~]\'~zu뚞Qs.غEs%K4o%iĨQ6e>܌5XG#0}SKҸ5~h=cNotEԫG7U2OnRPp>Vn4+c@ɛGSѢEu诚61bMK*U4-`VÇeMxm{==\'$D111sf޶v4?W\";$~ovɰ_5j8M(VLϜшQcKgRN4mds5jTogU*$I]|]vdعK3fgH\":}挦͘i{FMR-G\0\0\0zLK/Iq\0\0\0\0\0\0\0/_tGΝ=<y+.]ѐism[UzL/*2aQ9̉}]1#s7<ҊyfP[a̮]nX\0\0 \\ ~?q6)(\\X6,+\0\0\0\0\0\0\0&u\Z8VY!I$|\0\r϶blբFsd\0\0X	\0\0\0\0\0\0\0k-z<yD$#27of\0[k\0\0{\0\0\0\0\0\0\0\0aVѪYKnO\0\0\0\0\0Kv\0\0\0\0\0\0\0\0\0\0\0\0\0\0\0SX	\0\0\0\0\0\0\0\0\0\0\0\0\0\0W\0\0\0\0\0\0\0[Q,a>԰~}>L>\\]]Mèg̺+~#ϗfq\\GFD\0\0J\0\0\0\0\0\0\0\0Rq$ g\ZzPn(LyNw\'u^EG˻Rc?֬X=L?\'~}մIc͛W\'OҬ9sj\Z[jUh*x?gN<Kn2#`֮\rTmڿw+\0\0\0\09\0\0\0\0\0\0\0.Eq*wx!uʕǧNTsӐ~xrW^?.XѢx ڱs$wϞ\Z=vk1f?ү.__ٻ7\0\0\0Œ\0\0\0\0\0\0\0\0ŋk\n=0ZoN^O+\",T,^\"E\nەGEFؾKz<zFwA+\",Tӧ~|95Gf=cj-6K.M7s}1j5K\rjj\rh}_F,n*U{\\RN1p@ܯ{wcwS;:Qj׶ݭ5__ƶX,\Z6tW\Z?T_we4?#Fϗ맍5+ӳc$*R6~]~eww|/XTM!υ3goM[v:`hhcv$*2B_̙0C}DԪe:i̊!<ߌ֗6~ߌ>xdI]rE.]R\nJ9\0\0\0R$V\0\0\0\0\0\0\0*sfN6ȻrUyyW԰#Fvuj]*_6Ǝ\ZiWY+Ȓ%~5mիכJUtio4?IjPh%:ԩCSc8*ϥ8^[!!Lo8\'C5xʔVUt7ϨJ/[Ưf\\m3ݾS,]Zu^TV-r3~֩g~Z:v0=~]TSOuXb޵g4?3iV-w]Q[nՈaNwϞ7?۱ժe\Z8xHMlI\nٵCa:?DϞij3ͷԻgM2Uz[]l+{QF2zo1Z}:R^]EEFhӆDbP.W\0\0\0w%Iq\0\0\0\0\0\0\0M8h/(G,Ñsg(Ov\nxxK/f4$;a].b(>X9EYTdD	4ҭm7wwwݹ]0S_Td8yԘ\Z7j4n§<qV\Z(<<Bk\rw$g>7鳀j{rogި<o<\r]V>=S.^ƛ(p*OQQ$IaZXF/*2Bخ)ըI3So\\}ص5=@/33Һn\Z3gJ\\]]uhH\'#O,%/ƍ$[BzjLƎ\Zܹsk܄/^\\>W^~Ie{oʤ+>,Ţujk0\Z3V?ob8~>~*/iuOzӪct/6Z?F7:S\'O ^Bj5\0\0\0H*O\rj\'nEh2,\0\0\0\0\0\0\0\0w%KiڶmqD챕?\Z1_k*O<jRGz_Ϋl+W.7jov~&UJRhXZh.I\\nH<[F/151*UԾ]nthY-um\rV:m[ަۗ.Uʖ%{O޾tR/Q,^h~F/3$&IN}^=klI٤O5oB[RF+#:vLLK/`}~V[^:iʴmf2֗h}K׏\'55vC/\0\0\0p\'X	\0\0\0\0\0\0\0VYgyFիVUΝ\Z?L43`vޣW뒔!5jY-$ݵ˨}VԩS*QI(P@V$@*QI[2FHFg7/7cʕzMYVۗOfVs4_f,ʕ* |}TGC7;74n§\Z7S۱;#G\"Uēn/J;|>%s`維v;w骠\0\0\0,\0\0\0\0\0\0\0\0\0:r$RVazju[skgSmI<tH+̨#GU\\9}{r}f/-Ծ;\nٷ_{CB;muAwt}p͛XnzXѢ\nS*UҞAg4h~bvMgK/;wM~:&OҶZI{zǏV\'NL	Y(>?H3gϑ5!:QgK%#\\nղ6q4.UJϜIwam?fַ#foFi,㥡Ækʕ,㥐}z]{y\"\0\0\0w%+\0\0\0\0\0\0\0w/V\Z5dXdXWOe7$\'柮q<wNuNqܨ_-U<e˖ь5jYK;v6\n\nڪmv3IrFǈQOX,\'۵4q+/)~.7:FetFKt8\Z7jf?F+WV֭\\ӊ+5˗O>kWnf\'ϗ/+Vm`@3h~9ArTS~tNƍS%KJ<<<4__5_OsggϴIP[SnY2z6Z_F;-F)az\n޶]E*x;|9\0\0\0*p\0\0\0\0\0\0\0]eEգV[n)(8Xtf+ӷ&#G3\Z=vUj+O,s]ƍcF+3m`ͣEhѢ:zWM1QC`A		QLL?cFǈQGkĉ~g\r4m\r4z=3yLaŗVo(M2YMes	/K\0\0IDATW^;(*$iWTP!ݹ]nԀjP߹kvlݢܹsk%7͚3Wh䭯]s?O>g4?#f/1p@}6- #I:~\"eB]`͙9C%KO?nIZҥKlu)Ĺ}|>K+xK֌Y~tǛèh}=̮ߌ>TREfj*\n?|8Ŏ\0\0\0ER\\v\0\0\0\0\0\0\0w*>/(G,Ñsg(Ov\nxxK/f4$\0Z*j٢N}G̬i	doySyN\'{/Gھ򮘙!\0\0wz\n<rSZoɷDGpb)ڤ8v\0\0\0\0\0\0\0\0X,#}JQ͚6CTlA2%\0\0\0\0\0\0\0\0\0\0\0\0\0wNx]zU[o޼cdjrw^\0\0\0;V\0\0\0\0\0\0\0\0GsǸ;16;Y\0\0\0:v\0\0\0\0\0\0\0\0\0\0\0\0\0\0H@b%\0\0\0\0\0\0\0\0\0\0\0\0\0\0@+\0\0\0\0\0\0\0\0\0\0\0\0\0\0X	\0\0\0\0\0\0\0\0\0\0\0\0\0\0J\0\0\0\0\0\0\0\0\0\0\0\0\0\0$V\0\0\0\0\0\0\0\0\0\0\0\0\0\0$ \0\0\0\0\0\0\0\0\0\0\0\0\0\0 \0\0\0\0\0\0\0\0\0\0\0\0\0\0\0	H\0\0\0\0\0\0\0\0\0\0\0\0\0\0H@b%\0\0\0\0\0\0\0\0\0\0\0\0\0\0@+\0\0\0\0\0\0\0\0\0\0\0\0\0\0X	\0\0\0\0\0\0\0\0\0\0\0\0\0\0J\0\0\0\0\0\0\0\0\0\0\0\0\0\0$V\0\0\0\0\0\0\0\0\0\0\0\0\0\0$ \0\0\0\0\0\0\0\0\0\0\0\0\0\05z5˴I\0\0\0\0\0\0\0\0\0\0\0\0\0\0w#RK/L	\0\0\0\0\0\0\0\0\0\0\0\0\0\0 )I*UFqD۷̴I\0\0\0\0\0\0\0\0\0\0\0\0\0\0wؘm\Z-[^\0\0\0\0\0\0\0\0\0\0\0\0\0\0J\0\0\0\0\0\0\0\0\0\0\0\0\0\0\n\0\0\0\0\0\0\0`3\0\0\0\0\0\0SstGb%\0\0\0\0\0\0\0PG<;\0\0\0\0\0\0U\0\0\0\0\0\0\0\0\0\0\0\0\0\0\0	H\0\0\0\0\0\0\0\0\0\0\0\0\0\0H\0\0\0\0\0\0\0NqusSھ*祇x \0\0^oߡ\0\0\0وJ\0\0\0\0\0\0\0SUղ;\0\0LFjSnp\0\0\0x8\0\0\0\0\0\0\0)zew\0\0\0Y9r\0\0\0\0\0\0\0\0\0\0\0X2\0\0Y!\0\0\0 /\0\0\0\0\0\0\0S\"#;\0\0,u\0\0\0wn\0\0\0\0\0\0\0\0c$W=C\r\0\0@ￊ8wfw(\0\0\0f$V\0\0\0\0\0\0\0-[ekpv\0\0\0\0\0\0d:^\0\0\0\0\0\0\0\0\0\0\0\0\0\0J\0\0\0\0\0\0\0\0\0\0\0\0\0\0\n\0\0\0\0\0\0\0`zttv\0\0\0\0\0\0ԝ\0\0\0\0\0\0\0_\'\0\0\0\0\0\0\'+\0\0\0\0\0\0\0v\n-!\0\0\0\0\0\0\0ƒ\0\0\0\0\0\0\0\0\0\0\0\0\0\0\0X	\0\0\0\0\0\0\09;\0\0\0\0\0\0Db%\0\0\0\0\0\0\00=\nfw\0\0\0\0\0\0}W\0\0\0\0\0\0\0\0\0\0\0\0\0\0$ \0\0\0\0\0\0\0\0\0\0\0\0\0\0 \0\0\0\0\0\0\0\0\0\0\0\0\0\0\0	H\0\0\0\0\0\0\0\0\0\0\0\0\0\0H@b%\0\0\0\0\0\0\0\0\0\0\0\0\0\0@\0\0\0\0\0\0\0\0>-%=U\\]dnԥ(]\\6Dx4V\nm\0\0\0\0\0\0$+\0\0\0\0\0\0TԳ,BP\n^zg;wnrwtQ?Wph6F\\rG4NW	_~\0\0\0\0\0\0 \0\0\0\0\0\0\0p(ҳOVf$ER\\j~yrʪ\\V\\[11r߅\Z?ET:jہ#FoG\0\0\0\0ݺySrewOGb%\0\0\0\0\0\0\0d17vXN%H|jڸbbcV)v8.%5iXJ 2%vL\r\\.q,\0\0\0\0\0Fb%\0\0\0\0\0\0\0ex T(XkBJ^Us&HbV).>2.!߲rr:y\\Č=[-ըY &\0\0\0\0\0\0X	\0\0\0\0\0\0\0w?zNeSRZ\'#\Z?+[g$ێTӲZSNi\r}bs:z!M6M;=R1,V*]m=- i\0\0\0\0\0\0\0\0\0\0\0R{wʟ7PVUn\'ſbgץ&],IMܮ2Nr߲-TܷsN:w:tҵT˫PܒԻGw$~}zkiiYD|#WTFҸmrqqQllL]Ĳ_Ai5jxI2z:۹v,&&FEǟSRmH|C˗On_}6mMsb\n=ݺZz|LWu\0\0\0\0|PУ\nFMm+z?wn2>#v٫YsueIR|/W^V\'ٵMoMc7nҔ~)p\\l\n\\3gϪ[}amUNm͛Wbbuw-[Jwr8&\0\0\0\0\0\0\0pjk=q.RZ	b$]\Z_\"觡Gd(D%ݾ\"ǟwѼyf;܊5[I*Zu$I*j?,+{Rg,ѢQ=6V]k>i$qŢ;~ҳWuǌGo{Wu^TnݼiŊk6l;kh\">^uYI\0\0\0\0^Iǐ9zw;vꍦW\\I:Kͫ;w.\Z5n$)_޼zɨ?w8nn\Z5nHW{@qNqXo_?]pQ譿Gnnn._NnJ\0\0\0\0\0\0\0^d7ףGUb%%%YU.\0Oع_Ս7wP}>s:+We(ƴ:}%َ˳rs.yjv%czK~ޖEbbr^\"jռi֩\\j5x^;޺uK{Cݩ3EYgOmݶ]W^=k\Z9?Si\0\0\0\057JPSS$V[k4ml]vpc;Lsը5yr8B~ؐf=zVC@!Sc{\0\0\0\0\0\0\0)W^MK^]CXVixHYk/j]4=p0Ts}(eйc[\\q\ZVVZU+ܮ};]z+X,m޸^;h_s$ߚ5b7u+fNm4IvWWOXvmVN-_[o\Z~tP[jE._Qۏl}7C*]]jQke{CO)jX,ۻQ;h꤉۹]իUw{VO>\'4MS\'MLwiYG9{F]d;AtXJ_g633s\0\0\0giїs~\n}h֮ＭKh7UVZZl_BKSʕΘWhof+hSjIVn\n\\-7}\\\\\\zٷa2G\n)p*W&hڕG-Ә	#9GLmKz8p,p}_G3OY@hA..I1+\0\0\0\0\0\0 ~IRn}9҅tYZRVbqjmuZVXjՊ:~.]8yjo>M;Z?Pu>x^h@}\rPͺխwoԨ]><⪾Uշm7\\n\'%c..s˩m@\'%I?aʴ\0ȩ IKk λ@fҀʇՌٳ[\ZsnŘ[rs͢-j=hZ*77nڣؾOfqceb]fXԡ];<fOFO<u+{d)ߩ|l:Ͽ\'OivujT^}VY^ry핗btISԦu+zJ=URmZԘ	,q:Zfqv\0\0\0\0T:~]5kO쯓Nyw4)}[Nk\'#j~yf-Ͷ:\Z*I:z\n5Ջڒm(VTE[gΪOpUb\r6Bhа_HK-\'Lo\rqSswwW-a21LOwfjؐzS3q4+RDK~ﾣ\'5?\0\0\0\0\0\0\0~T2C+S_su\n1XskXkbq=gv=R+%)>q05o4m!>ѱOq\r>\\M_=S旨4zyW\"_|YsW$oŊ9շ9ے6nIVj*66aBajbbbMݴpxWD_U4?NSnw7ujRGԱ}X7-eAzatRuw\rTϏMsgNהvQi5=VtI6sj3}l]zvm:Ο+/()~wGEwLwoZjiЀ~JZJ*3֙fqf\0\0\0\0bcc~$m\Z8?pP=y=$iǮ*R,z~!)66VE3\ZteUZ:.ҵk11A$IV6Uz*]GͷO>ϚnZ~[gΜG=;8l&LL4_|Y#Gk\'rssӤqc4jPSɬn\Z)\0\0\0\0\0\0\0@on^/*8Iq:cƎ$;v\\9ׯ\Z4_Q۷hI_<Z~ݱ86KI-THgΞMӞգkUXQrrjN~սz-[5W8\'Vƿ6O;6HOWY1{z.!o$Gզ9굁z&0P^yE֯jPbV~bbb`.3֙וe\0\0\0ujϥ*Nkcn-Y.^ñ\n,e_/uڿ+77Wm\n\\iǮݶcO{V^=5{Ą[IyfW~wWWMԴIi&ɞ8yJ__y:^9a$V\0\0\0\0\0\0@&Kt=V\r\Z%5T(pN}zHd]ROK*YBWW?NZ~E*X0~\'Ohu-SNwFS\Z0x\\]]ռi͞>M~tؘjjϵez۱^U-usk6pzu}==Y^~n.}:re8|7oLNf3{&\0\0\0pgX_.JGSLL]r3g5|8+/ӱ^מvv|_׮]6mئն׭\'zXQ&Njfȟ_Wr2\"诚;o}~55..N/ъK%\0\0\0\0\0\0\0AOLc\'=3^Tq#G_fF}2L#F?S%C|*zVUE\n_vtƺ5dF]%Jƍ9=C:~bccհ~m6;G*Up3z#ƍbU}js7X,ѵlݪ#Z*TIM^-I7lkʴ\0yTɒ_\'$D>W<u*}\ZI+2QfR[Y1\0\0\0Ѓ3Um_y)\"bccu?SjV\\\\+~$h_Oױcs=h!M\Z7F__n0yWʕKm۴֦7zBۻawV^\nc...z};mߵ[GMqqq*dqu^{Ib%\0\0\0\0\0\0\0ܣ+eɝ>`A۱$P.e˵`bVe鿫WեGOuLn;4&-;K]}<y?М/s4r8M2YyђoNmvjLRܹuI\rKjNO.f7o^hP+ZTEN֏?lwާ͜]>_@~\nSI+Wıc4r83#2c%gR[ۙ1\0\0\0;k\Z;ɓG+V~wFiO+W.>sF&}fv˹Dq\0WnQ;2Dph	8Q<HB%)Z=Pr8ݮha5>~>4LA>|X+F#++tv7cSf:E}xENNN37;GYO\"V+KTzstt|+{nrkq-唊\"Sշyח(Ʒ+%i]{\Z\0\0\0\0G}\0\0\0\0\0ܑ\0\0\0\0\0\0\0\0\0\0_V\0\0\0\0\0\0\0\0\0	V\0\0\0\0\0\0\0\0\0	V\0\0\0\0\0\0\0\0\0	V\0\0\0\0\0\0\0\0\0F%כ\0\0\0\0IENDB`',NULL,'\0JFIF\0\0H\0H\0\0\0C\0\n\n\n		\n\Z%\Z# , #&\')*)-0-(0%()(\0C\n\n\n\n(\Z\Z((((((((((((((((((((((((((((((((((((((((((((((((((\0XR\"\0\0\0\0\0\0\0\0\0\0\0\0\0\0\0\0\Z\0\0\0\0\0\0\0\0\0\0\0\0\0\0\0\0f	DY]Z65xyF]A΢R*JJƏ>m<9;E vjS\n!P6]C@(2vNE2J2ۙ	<:Fwc\\yɧݬ=KfћR\n\\:r\ZkLUN\Zm5i=j̜\'YyrԖxY\rOcIPD5h$ӦTmyɝpIzz4B\'6RuPih\r8e%S^e)y>yK3<U\'^\ZG2M1u׳&\nU\"Ě:g mONM0]6j\\!\'ZC:qiUq\n_YW\"hialLYyJ:gцN+qWJͧ\Z9XAA\'sq	ġW=yCJ_F[8٬PMud13X5#Br:42[$mW;V*+W8ŲU\"ƀ\0d\0׳YPS{]%y}D\\ۃ<a^@0,jqu̷48f[X\ZUdbrW$)f+h6oMyWbzVVNWgT*sܗ]덴z3ǩj #meb:N!PkYrO^TH:)VvsV	EZ};vxRUq@m*kokFוMiG덯.VW9MuJ\r@Ҽ^R6QբkVig Pf3i8+4\0܈gQϫV-=newمγU\nM)cBavCC+\\f.ټ$VJΙP!tux1njW61|}ԣ!Jdz2Xc6)SL$!Z:Ef渍B.P\\a#\nVmUIXjRlV+150NU5QA:Z8C\r=LΑʦ͜^gbF9HSu^bM!5`7hk).k\ns\nlä\'K@˭f\nY:ٝ/y^z..M>kg3E+Um0E\r6]\nYc+XO*<wE\ZpSxL쑄T)U4nQy~OYѻhKyVڗ{y`PԍƎ;46z8\Z9	V3\Zpj	[ExTSu55LZOX65k:#wt4zY7nKk4vYiOdl`]4\0kw\ZZ[by@rV[ )!t<^bZ>^se٢J`c=Ur9泞bkA]\\gW>~Uke;cIMM x衛J5sf\\Wpuwد׏F*]\0d!MFuePP5yw8R\ZfR<H)2qwqtދd|.jXA[K+cˏc+X^ɸwZ;9AD(mˤeW\0nk-MqW%I&i5f]9si@@}=ah\0S]%|ml͎.y\'\'gB&hQS*ÔqQP-g2]V3A\\쎦ۆPyoş{9СDz,TqyQ=foJCib\\BLm^f~P\nM:HEϷI$<HOOy@4kqu0tUktgQght6`uG,=mN9雙m<%.J\rCn\\MDIdh2Ij@SXB?o}Kq{ګiܯ:<[>ʺcn,skV.Fd\Zfp#&ɕA{9Ũ<CC8\nQ$nS<kZo<SJ\ZGp:Eƻp|U\nN0ޑn4ݫl984)dfbO,PAzI<c*<޽\Z4z4GZTX \\W͔il)r!ӞVab|fnL \Z0LwS2Hx4TYgӤwW󎇓z7rV4ʤ6ǝS\\\Z4c͎4t^\"L\'ʌgHI&LI;1:@8;;\noS.c9B+GH)Ey*Ǽտ*9^dqEXB=LR*_<-\"d1@d!6nr/݅|LF:pJ^d6ɻp-\0z0$E\'EM ()\'fi`@V1HCڮc]QJ9\Z5nxqIPA44(ZsS(d	;0L3(͎D^T\'F\rYw/^1bcb3 Ӌ$$i萛\'pI(́;fD(OjoV^޳Z־Mz(<d-&ݐR;SԈ;#\'pe#\0s\\v$Jp XƳyԹԕ[5JEEv   \Z	1$nLHQrNXkj:hVѿi58qhs=>OE21Mɘ)IIk<&bI!jSkw9cNukG!me&;LP4}~SY\rַً k{,b=t&@iȲz/#R6)Z\"~g[J$4Hj}\rVj\'G-s0wȭ\rZ\\՞QvksAO~se܄tH3=>աtu_C#e]8a2A>Uv:\\:i$CTɒ,M@Za(陃 ;Q&vBIe_tx-dtdET=Mv7!sߗۺ{^awĊbPjSqɩ<S$)BBL%a2W$	1IB7|9-dzgc^ǗcC\\PGJ\ZJdRgi&BI$D6 i%N$tEKK8LNNi&mTʮd4RbIM<RA$IB$c$\0.\0\0\0\0! 1\"02#A3@4B$%\0\0{q1,:K\'=%0};1?ch>{^*sɚk#w->o\0XEv{\0}K\ZQL5BQ\0t?R\0{{U\n=yR;1cȧͽǴOðxI {jC[h=͟ىIBo\'홴rm@+=h\0lD=W}ޥ6=\nSve8,Q5-gSҮ6׻\rƮqG<W:+Mv,쟩:V3]}5|sCŁضլs{+3\\&%8{nJox6qi3fr3jf:pS]\ZUkIIb{ſPaJ]̹1zZeZ#˩Y+X>ɹLR+jnndʟE~;{ݺZfmE9l3DkB4N\">ۏ-:DŭD\Z»@Ad?r1kԩn\rwg}N\0`ZYЂzI*skDWa4޻`5	+~k٣M1t*ǈko\\5iWP7iEa~^DM0\rd-71ƌjOѻtu|CJXt@Rٖ*ęBSX49y0	Uw\ZԴy\'톻#_csa7SmgӲZ%@\ZhlIeCYdkAHXH2k8a\n3ɊP4}FXVmWVj\n)R3\Z\Zu6ɮC?ڣOmSLS$>]|K]l]MvL(<f,K@[.Mŧb7\0?cvu-ŕ<)ص|F|J\\y/(j1?VUH*\nɚc>HkĿ/2F3Re\rfx+q^g\\R=G\"vz%yXt4dRʶ܍8[V1Eum\r2do5.~M޿-DS}^@\rC࿕lkYZkS]g`qbyoUg;r)+a[F>\"~*>YAR	j-\\3J*k@߸osBS}Ʈ\055-v@}s!~Vnlen{jUه,pu,MvtV\"3OtTcf_ˤ?#Ϳ}$v\\C7:\0/uW+=XmHM\r8-(o\Zd1r4yiTj,2ݾOՎ])w(nv7[;7g{YTozS+),snAygEHʇ\0RfB)px^\0N{hfqOa3ZXY>GWc7!XvgE\rU@Ê}Ϗ\\:zPr=6]ρt)3k?]L^blIU>>7\\;QSeNbzr\"bcK:^A =~OW۩\niZ1Q\0p=N[Fr?C UiHck>E\0U/ͩj^>\0dɕAV\"moR+Q]r/iRۨ\'t-Xϕ{hv㾧(nt7GJ1_=YWE\0zXuz=?=.ڂP366@҃-0L\'50iGYLVR2*},_-Ėi)`zqgfƲױYަ5Fe!am}1Z٘uNF)ȴQNVKd1;qT(owKx^IVuhꂴv	R^)Kj~ߎPYUA=[USJ֮2*kZ8O)NYa}Ji\ruݶ(ʴV{3BZVRfSREƼcĀ	ME\\ف׻\nЙF06-ڞ؈]JXX/*ý\nhz\"DFI1l[myB5+mw4R1(?D).3=/TΚq22ZimD喆9M\0Xa=/EOVn2VAk\'xMK1fF$ṇ^emq5q&^Y$}ь>O`u,\r56u=(=@*iqSt+a}JT	1mŷ$i\0]γbB׷zC㹌>0gfF]\rMޝ+4\n6ZoZмC?wJ{9£|9XE 7nZN=ѣdhcx8!=[-Lw׎CWKN5݊^ԟö?=\'s>{z4v/\"gGo?c52pET\'PQe&5̬nIR_isj@S>\"Ԧ]C+	VS5^azbccIvr\\x\nX\Z]x_;\0o`Ews	߰OS1DF>H<q1OTˉۻ\nVQF=7ҬJ!*Kzks+[XqZnehznTraLwXG:WK*oSPmͺȾbP(\Zk)J%_o\04A>7 CgTu2ќ,{	퓏qrq/vzC]Y(ɚ6\'!GXdUiFeRjeJmbZg]lnSzOԱ=Oo3g{jss}[.I\Zxl=;7\0K]7lEfq=OM=>f8$\\WXH~`\0OS4gH#_7Yg3v,OY\\>;nnYXˇq㗍0]ɀlR~evs3c܁mQXYرv9D&:#\'џ|3@ W+vCC^qPv~RjTH5lەXN\n}6\'6yUW)[Et<55+_;?6`L̻!\'Ԩ^V8rǢ\rwvWbȮɩe*cGWg)pc>xʳF۰20k&Y{>\"3,[|Aq͉1(SR^@k5I\0\\wKH\0$vԱbAf.\Z\0W̼u,de]uh!X~>W-5f*fIS\rMW\Z2=Yeċd5Szno8$[k5Y-};kBP75	\0;5>J)N/vŮޫCszQe:MdQ\nLfJ<lso:rM&W32mǩ,hȲ/{22q+g>OcW;:&ro!=rqh³{DGYq60x_!\"Oݨ\0aZ&=}I>7-^!Gݨ\0{m@ Ir&NNZ:}7t0bT75b\rwbx*ܧkdێr)[\nN0a^4DìYs-qrی~SծO9ctڨ|Rs)ȯtr.6b}kFNtYC#2#}~r(_,^<ksZj0\r1&nkM7*涞ZJ){\"\"ΝOn^OxW(`+55\nJ6_x\0T0.z[π`f[|,:FWz6ͩ,s:{,&a\\Bp4Ṗ\r7\\l>_,mo;>nDʛԳ &>̭.k~)ZΊw7}t &p9Wnnn+E}{ݑec9vEJxW83+ї=6zU޽=_ѱq0Ig.E9v)-8=G?k_p!ˣ9=mG0WR\07}3{hwLFԵ>՝&\0Fγ_:ޯ5p:J66\r\"K\ne7>ƨ׌/Lk87OoK[+SIOZ2o~k͡ȍNvSy`)볷VѽJdG\Z?\0\'\0\0\0\0\0\0\0!1 A0Q\"@aBq\0?Ζti5HsXecOBSF\n\n1st4\"nLw7F$1>IK^c\'H1h8fW7e_l[xएBH\"oqz\'.beǎOOj%\"ħ/S]-l$,rHjV?T%\"ͬ>E\"HE#SdqEVlc,lCGE87P\Z.F*$0ՓCw6.\n?x(^r>ʡ<t\"|ē\"cs#+#L{7\0\Zcƚ6]!pQ,(b\"5DG!Ap<(ȑ\"=b}GHM(ٰXeF^F ]\r7^|,6q*cFNjkA)O{^ZVȪ&\\tͿdN1tF~8Z~ZY%#s}*&r97}n	h//\Z=9|S;TA5\"2Ql\ncilv[q}I!E}&c4fJWGIoV|U-n/ጶ&Fyԇ7pQEFӄpʯ:FzvIp?Z?R>U-6Ze|1DuXwTՕEХZc9G/ɟ~JbGDQ+n5&vpYӏ_ƾ*E𯆄\0G+B,<XB΅~>6|+r?=?^\0+\0\0\0\0\0\0\0!1 \"0AQ2@Ba#qb\0?.X⍲ye[zHoD^3<.\'7rD~8f\\,1V-=CX#D:굔U>gW0J%i&,Gun,9nx҅Q~VznL4Cᮄ֕h/?].V>xJ$+e6\Z8DS_1,b,rl\"NmrlTZ(Fщ萼ˁEX(Bt&.5)vȭJ17Xr좸DEX:H]h==(6FGȥieiZj4\\i[1\"}#Ѿ+I	jC5)fɮJ1~U+b$B\\yhƉbbb\\)&%kSG5EF&MCf֗+pI9rG\'-SbyկS)=Q{D15~kEBEz򘤢ܑd_<hY\rnH}OȆX!+_XǓ\0d#\Z$Er!Bc֫KʑQGӾƝf)\\>* _G{G얟sF	d3O3F;m:F%\0/-)\0Up^\rdjKlakF)1a.ŉGC!;ϏdLŚ٘\0-MݛYEm63dӇ\\m([&b^/KfUkOd<E&m71O9_b֬g3쟧:R(mCzl{VϋI(F]xHx71vˢ\0eZ[~E-/1-Ym+r7b^^7ܥ|&+^bOF&Y~ddڇ\0)BM䧤|ѱнρ(\\rbF-MҊIUGQdrp\\\"W-D(\'}=݊6	c\0=\0\0\0\0\0! \"102AQaq#@BR3br$PSCc\0\0?\rNoTqMx$r\nTl%[DHhVj)7k}v5N=\n=b5KOJ\'c詈_*O\ZTl~*詏28q(5HhUv5O\rn]mM0KθE{cU\"u\\NPIjTbvط\\&z\nnSU_cy3ZR~{`4\\Y,ҥcy\rLqD1ʸ8E6PeK[ -ZF̀\n\'-ؠ9hURxekm$z*kp];8%\\J.MOw7as嗝\\J[($0M:`sy&q.? \rrjeEP\\Tb٩TCdC[\\%p3p1phZuW7%]\nrA*c\\\Z-U00&8F@jo%ǩTTSvUズ%\"TR*㵷n#Tlj\\dKfUta`mꪳ{idơO\0!Lau0K/ZΚMpUVlz&rBz+t]SaXV)3(\n*j(.EԡaXS{J;<m{q+U{5l+eh[ftj.6\rtQY,p\n9ǎ\'OЮ++BUBw!8GTSUf5@-\"\0<4+ԇ;	oܤ7ErD{e{\"{HSgĤ`qn5ʜgIhR4WT1A=\"uByeި3`mEyѿI=zɝou51L\'86*V1&u;6,ԭ}Ӈ5z-y.BYp\0h]?{ftWވD@3{[Eɣ0gl⡱\'Vߩ ;)hno7\nu;}/`	`rZF,_w>!@Z!Rp(OTXE6nW\\xnR\nCR@):F&;m(vqګ\ZG|7DԎW[,C/Y_ʙP\nMӐ!\ng,1EuqdqK;\'wM0uSl;~!*1z\"0\0v^i6$g.ELiqPctP\r0WЏ8&ŇXnBuR#|6q؍r]8S_	gz^*J`6\r\"~ls<5UYA7GuUc}(/A~	^g7~[{,uq1e#M.rT7xCP\Z7wm\ncSO/$Bjm	(w!:$8i*n0iMŬc?b/ԈަCcPfNH\rM1*CrQ7,oZtK W9Zlz)TX<j*,c\"N+Um1N|=\\uHSpU0⸭J]w^\\\"	>E:!P~Љ)5v4yXftGIW,5܍~T۪\'%q-$\\K`o\0v?(0pS%2eJ5{NJCpdi+hUxM$]=Ngl͗dU$T$mWpoTOLMU-akfcU淎lTNS+gxNὤ}.N=K(m/r1O\0e3^,f+m5u\rDpNˇV~֘n}VZ\rOpЕ\rTIpsNY!U7/=ge⼿&jGf\0j!ݗ,ɤ\ZfyjV[^nEտOMJowZg\rUBmbօ3317Uj˨UJYzkǪ\Z>xRmm\ZFNj\"Xg3ULidԧ5伨N̆3q+.G.¦4O^D+̆5[W\re\0+[Uc0z{037 ,czɹtRa>Ҥ\0tT.4S\0\'@emȂ?^:ʊ~KCbQ\ZO.*qRr-5W#fψWVEW,Rj6\n9\r5#a5<|?W89R*g[\ZVZCuW$W\0ޜTk]yaR\n+МZU<}dlhW#d\n;	~\0PN%WU>7m^GN\n^%O6Bpx邫[hiݫFOZTeOѠr+sfAY4ڲ=nU\rB$ԛezNnW5J*Uٯ0 WMftV\n$\0ynM_\r͜I\0!O\rPE@\'C|B{nT~mrCsly&DR	qB2ܜ7K,xU80&\Z\roR늟	|)CAo]dh>O\rEycCw22S~)_D:4yp[o]xxPX)Mēt=)?5R@#nOtccGdF女,5\'ꔑ K6s o_%_\0.E0-^晅4IZ\"\rd677W;E*,\0^zՙ~/q\0Ģ9\Z@\'P|=IVGeNo\nktGBWh<JPp[ptˈ]Qe~G$|u;0^\Z)ľG6kcE(ZO ꫯkF ϟgR\nqD\0*Qf|/Lwa4܂-r8s3<O:`TLPb9;H ƍZU7,ßv*M=[9\rqa9cA):(͋$qV<_0:hb,V\"-\0]sHw%xo%c:3b/!Viv̈́9sOL2{e$	=3Krl`qW\0\rSso4o0\nT.镪N,\rdHm4q\Z*yaw1S8;yJTƺ)Rѣ^LA\"FO\\\n׸5ډ_SUNZ9$t\"e3j<p\n}S6\ZB#,Jbe\'{ÑoV.p#33	WZޥdap%u ꩫa&?50&C!|#ڲe8|GNfQNm\0Q;\0(\0\0\0\0\0\0\0!1AQaq 0\0\0?!cL=0D76[P}/ևKLkO\0>mޅ\0%[ZV7#im1%|%fbK{ie.}K+k18Y\ZBFsi;	ZE1}+cBB>	\"No_rD_Po5KƽJ+Dks#K܀jL#Z	=NGǡ\'J!A\"׬90$/\\	LI-!hǝk1X0>Xyv$К,dYz\ZjB2	k	CDl5b{F,Dr,itQxW,EH,y64](\Z\Z\Z>\Z7ӍH9,D6`kp$ٷg/6밈%b%D!k445_Δ$H,ZVʇ\"瘏R01+6}#-v*Q\raY*ٟWcz-q7sەLqd7/BI;ۉFMQD{($֤N֣F#mt$!e{e1zH_qJ3Z_c9I, j &BZ \Zm\'_Bee.O0ix52Kti$2(\0uqoO\"Qy{2 hzLOȑhO3\0&;\"ñ;őC(f-n \"HXcaKm>Ag+T+,ca$]:\0BXN\Z=HAhٸ/.MD$CM\r=ɉ\"Q\\\'E%~4d@ DN444EОoȊ=tܪOpmټ\'l/͊6<	)1.V=kK(2/@2\nieӗ0\0x%zdv\\Bk[,^&XV5H$%ʈ̑vɼ\r$3X\Z\n;4򉋡v&fЂ<OF\Zbd	j4:̥.\\RddEhpQJ&vMCv1Hޮ*ɐDɫwl7[\Zg\"yu	Rx F<lZ@ܟ\0FtBRo{teU$;\0iV[hv#&K-U=Bn	`[34n\'䂆\ZyClI@y\\jFxBKD-	҉C1R̓	@l0HTH6D9(֛)В	3HAF)X\ri\rtfvg`inK$1BToF\'\'QXl%1;1dC;QaDFD@\rAtbٚ^j+(#l.\nzDŁDΆ	G\"VL\"*eYr!0	#[4NC@n	]J+$\rCƲ!^	aNؚ/\"\Zѩa(Z&o(a<cfL\'용Z\Z5XyaB\Z^LR9NZ<[9IhĲd4EFYh7X,d`0PfUQbز\r{F &>!chWMH2Ot3M)\\DT&(\Z ǂ7\"ym$ucV\r7Ibq)Y`J)Xغ9A3\rD|e&6gɆ\"	$R4tXK=2&j:eCB&UІ9_+/b,rPpfw\'K<O$a_zLd=77HŏA!!@qŸ\\	#E<\nC[+SCx\'Xg\\3P[#;`E0oؚQp7T<q-I@17e\'N?i2s<EKm$.QX\Z Nߣʝcdc`_g,l5q!WؐC\r&3|H\rI\r\0B]\\ry(,.MZbJeeZehc<&?՜JbNl%uqJgP}RtEB|`{Lyƈ)[{DLaK6-	ۑ-弳Ynluc&\rajˡ8*M\\.9>y}}o10i_շO9RQЊ-%5ZX@- ^DT=X?bg&+Mn#(y&!ƙITQv{	Wcyx$.%cȱ_ԛ2%m&E)Dnf͖_sAȆxEτ+|f?yrIm-e,d9Y|$z\"F\'QC\\K\Z\'g[C-d)E,ct71[_!*GYY!]`VQip=țHF@Ʉ*{aeJ1А!I贒K6ecTBkR(Rn0);#ȬpƐ\"Lc[%3@C5X>tOl#K^)ת\\y|U`Ʉ;yrڔDp-3ɄthŎߡp;{c^]9E\'-*X2@ OwMT)N\05 KO9iBl!vt%@$l ½E\ZiNO+\0aYFFx\')u]y;]^F\r	b\04\\ֱ6 7㳑=yd1Md3Knw\nZ!0\'$a\Zk:ykO`\'~˔%MB2D|QF(pLo&nD:D	\\H$]/=ܝW+j\"]4Cw !vJ.J\\LPN42ICP 4y$Bt<0`5ۣX⒗;̇n <b67좍ވRc\Zn$;rQ$Kh\'<\nH*bZ.ZKz1]Β\nzj9]Oa\"!p\',C%ǜ۽5+D%8\rcB vO8}-؜ 9!!M,Chn|=\nenPt=ixq-3R4FQ~K&;.r\'QlR#zl %6$XVPٟa\rH8\"4j\'DH\"]ƄlExcht$.+$5,\\ʙ8}0\'#8%d4DlC~F/4<y0w}\Zd.}q\r6r4:jܕpO7s.bNVǡj_#YZ*FM!HE!tŅy84!7p\rig(b>җN*Ďz<M,y9LO,B>(E°dC=ǰ{\n\"2_pE<ޣfMgJ%!)t	2L8cRbT~`l=/\rjh[Q>qU	(۱/$\Z4>MNkjĊi6HCdr)|\\AdCqD	_&A\\na\'$](oh)J\ZkR;\npL!V5L񾭉ҷΖn`EE2!*OcӈkWb&$OlDD6Ԏ,GLw|	ycWK|lRؐZfGE-}؉&^vAFc$z\\Un/),9D9Kb|a;Q[.0*G=(v	<$RǦdK$肼ҍCc`PSSe)Ip-DJl2y\\D%w9 ͽWHZ\rH݉+J1)\Ztѵ)7\ZT$YKAJ+q\nԎњ\'*es\0b6&afpkba	C6\"okRi\Z7l;ai⽌I2a5vdḔH%d\r0<k\"H2	Db-bmFZ/\0?Y|і	{({ԿG8DӇ\"[Ȅ#a7Ԟ8B\r{ϣԄYؚ1\rr-;$lOm[%;&zГyRG>q!4]4M;8I#\"dĎyv\"vaM0WJHAn\\pIxuO5s?:ݙ\"L!_\0[\0S9LcC0· ~W$[ 1eG	fbcye,ȎztiXbjoB\"WdP$I%_Gʇիꉗ,_L{\nPK)\Z\Z0%H1N/H7\'q$	IDA,yYp		?C	[z(jw:RM}YWK}8@Y|!r%R,u,CrRH:z҆Oc*f7??9a\0(v!eM%VL?R#N\rе\Zc(->\\YIdgD6ff0~P%(Kޡ)D@I	!z-\\oZ\'II#)#\'Zk\rrj8]M\'Ȭ1-%Q8`;|\0-Q^!(>?1A<:6]fæt#S2ޠ2#[/JzR+cMj_=y1Qeو;K\0vojFbVB&c8,E[=XQ2O)ds*]Y -(*#Њ̾NY3^#8B\0W,!4V1EH[ʏ#F[#MU\nػ\"4d\rje/bg|\r#z\nCbZ!	CVI#Ih(a;DOg(ހH	f0z6H\nE3#y8;HkKvއ<hlD/CmBD%%̒R=3BǸA}c$ TlI#_:*K7Z죋8N.O}6E;4/,%\ZthBm4EP!\\HUёسih$eFX=rU{a?^#)2Z\Z<$бk0HDsCсZ5BBDa$c`Kj:HSVKlК~0s~bMC,726M+G!萅LK~Iׁ֑pYMwQMH\'E[֨.;$@_zA^`؄\Zv/5ȌRLI~\\k*M˰$$@8di1K2,>f<;A.PjI\0\Z\r8i\"z\rj:ӭM5UR7w}z8|Rs*\r5֢Ck\ZU?F8oė*vH1[u\Z81H6=D%6e22&颧;T~; X_d$$61MOwjhbY1\06i4(YPS$DnyjNF~IRk}=e[\r\"\rz_Sƭh-HI2N#W.60tcevJ,\'D)eНF`+)j&cgċ-c\ZE3.J,+zMȞ#&*J\".4o%r2}ɓ4Ӎ1Fz=W a>Za{?xǤz{ofkLK\'*CSH9RK4B\\Zi,{Ri\"LfĥLCCbAE\0\"2-)`jT23_B8SYc\'ִhBDm?\0\0\0\0\0\0,9&\06vC?+}َ`B<{=κ}j!\0)~/clKjvxC:;l\0kلkܪvՆNsCm|_;;^]rr.Y?o28;sUvg/O~|2?6s/++jwg#~l0{\0$yp_F5\00n`ј,|Oc\'o>!˒ĭ?I4qW\0etkm%o\'G4t1^A̽a#Z~a.cH;Ht}޼@syۤZڊ;F&;o}ܳ)f\06y\0<π\'?]~y\"]\0qq/{\0\0}6ߏT@wʂk?\0}T7.ŞtU[k\0%\0Nmv=x֎ \0¢[q?~5Ѝumj{Cs\rV(޹C_5~)K\'_/|\0a/>\0\'\0\0\0\0\0\0!1AQ a0q\0?|\0|}	?^ۗtɭ3˓l1oKfzedeGDBgמ%t9`>.Zpz[\\[o{i*}K9c,{jTD3~\'̤,ܳ{z+9\"/^9v~x&rA-rRZ60忘.\r^X[D{aRϠ?eifY#w9rg2|7zvHz;/`G`C\0N|, c9M,e{lS`.6,N>mlN0+L[c$Xo{<afC,N}B8:~?s;o\n͝2jRm+;-?EXlL\"m S574ˏي؟z&08Hج-Ze#ӓ>. F[~{\0,--st%?~kmvw[zv,H6썄/`/p_\n{;tޣ9<\n$$dseU[!ێ>6\rN-\"=(z䦖Ű6Ztòc/3z18nxS~%R_97kݝ,p/\0b>-d[?G:̵Not5]cr}^Z/7I\'_/q?eKQ\0M1 bYn#xG&_YX[	zIbf_ax-W|#F偯KOcy\rX~˗\rl{͟~.@;s^3/D{_ci{`{`Edy-$O~Y\'\\Cls[X3-O&~.iF%-<g?3P{F1NH&<e;,bF#sQ|\0DA獥3Osdoa2o,dKUze\0~eIX996I|, {>;^?}\0(\0\0\0\0\0\0\0!1AQ aq0\0?9k<IJ\Znv^#3z4\0ɕirmH(T%,0&\\#z	hhl̫\\T	BuL,AEJoe\\>K(b*BFV*$N5+Sn?\\%kQ]˷\n$}I8w&W.vB!r#XD˘\0ܧpx\'D^bpDpL!S1Z j$GQP*->s+@FۀTΧUx4X*P(GMEi,J75ppGq\rګR\' [SAew9!&f[FTRwJoْ;.*\rfHc1%S+0\rjİEEե\Z5	qBQ3x]@=cHC?8\\yES\ZCK΄lVblbVe	p0vjb\rb\"K`%;`߻ʧ#k[	u*06V(gfe\0;0tй	H\0p@@!\03==,]*TAlb>AZ)yGf3VN\"4Tnӿ_h7	5\rzeT|RA\0ib\0h˱HǇ2K9MfT1wd\0DH0LqQϨq(0g0b,*`vR츭X4<A%3^䥃%RP/>w8fE	(rHfH,|o~sL8?2qB./DaԳ=~YTV<nZ_5O3߈\"uL%P7pL/$ZT|(,Ӹ`2LMʓw),s^ϞC׃,-Cwq`Lggl!4}fPG3KX_&5Kn\\\n\"kHeS)+\0;\"[3H{˗yyrDga{r~(8c!5uŃtJ;Lx&f0h3sT|4p.\\5pHZY\r0 GT511^6VWVтaqO	ܯ!0eVw(1N+ÎC	r.$EB\0E+qzBr1Ô\\zS\0\'\0\0\0\0\0!1AQaq \0\0?sgJ\Zsaz\\GifhUQ֏E *\0ee\\b\0\Z\0Ѱ}\0UfV+USEbY\r\"ŕs*\n!w*8{Im*՟g:g`\"2\rV:.U2-9F~x<u`JPHtc}DNy..I2&\"JɻvDi$\0\0ߌ}0qo.ůL=@mwOE/̖>.5#U\r*k/v\nf_)\0}Qu-WP\nU2X	41̾D}El%Mdl)`\"hb$qpr˹zAsp}7PlV]\'Onűk7/#[l_1HZTGknG_ab?l,afѕ	W*@_=ǴlW\Z(yo0%\\.e`8۹Hb`ĵ\r;ǄV}a]<jGW\0\0\0V=J2>Pw*$Er\0.A(_\0~_@J-PXˠ(=صur3=2@Vp{+M\0f\r++S	\ZQM}@8?2蹴or\nx3bk_ L@^\\DA[*\"^Uh+\0(q|y+2F\nS&Ϩ	N\0ZK\r8Fcv_@SŊ%Rm:-ED@e\\Â%QGw[amv{?Q*aM>7_X%ܴh2|G#Vt@V}:UW`Wsk_pp2b+bĻ\"`Y0)I;\rP#p`l}8߉Gd-ߗ@`̭@&B!6|Sd+/PKY\0#cS\r^(\\\n[Ya/i\0^O8\n@\05n\r/\nIc*n68Xfk+ >NU\na	.(()}\'6_ET#1AoWU{\nlʅK吏c](EA.)a\n10Τ0aћUx#}\\M~eJ=GN\0sPB]fUD\nqe=6\0T0dh#\\e8Jo\0\n7z%:nqn=Lpj04ߜ^AgP1*]L  ̠*4ў^ UʚIRWi#\0LĬn6\nX<\'%GW:VrXJ~l4K]rOQhr++ja`K(+Ϲ$s{؀;YH8;;A[IzEC,hbZ=cj\04ȎJp$GoodZK#\n;2~b#K!ME=D\0zQ,0\0R胄ԣ\0eAڌUa},l#XZ\' w	]M~<DK\na\rGW22]]*]EƐ&ApE&Hhn,CV&dpмс,t_6Y_0[h]o$(0˩K*o`p\nM0Նitۂl%#w_hW`RdRv8xjR i5KKӿ$3Albeۨ-;,;=D}22q3%K|r3+Ա4M]BA%uv\0HC\0JC+ H?>\0ؠU!dJq<\\@b%r/P@=ę?PY*̧>_r\\xJa\ZLT+q RHR	\"ejAOB¦vb{-Dḱ_>&-/ڼʍrZw@-}CmDY` R9~wP)a)4V`*g#=(RPJn%A\0t۸X-\'QM\'2-GLdop&G=xNKqeN^c\n 	=D%Kbǲ+U*B6DD{XDy\rz`\Z\rA=K<	7.ﶈra(=f\rW\0s)neK)\0z\rB:ؿh\0b\0\0Dj<jm5bFoi$eR04%OQcܸ!MRP.z{vA`;Yv\'CѴ/\n>e\Z`bQ#xPXwWv<\0C]~b;&Nçyo\0}}?w9Kׂ.M`￴q̵Jgܳ^SEV +lz֎[$X?n-\ZO#X\0S\Z	tq~S8Lp/_B#\"5P)+N\\t\0(Wq\"[\nR>Pk2UICT-+9DSbdNǘP䊢VS\"*|tcAGWj\0.+q4xCB` ;e);}@nF	k\0}=AJЫIB=_\'S>zaeI8\0\0b\\ry\"v&XE楲ѐ<L\n~ac3I9B@ℸdjhb`\"ۧ^!W2\0)j7!z(\'(6;@9{ahpw(P(\n\"5O\0N>\'!x^\ZPJ@szM0)@R4VuN\\dRtMN\"u\n\'O$|Dh}4	ǞI\0߿~A@Q{?#k~4Ai@V6cW^;[f9̲R\0P[	+˄5Pw6֏;U3@OQ;5`Bk$1^Z\0(u%vL\ȑTj\0/|e+|A`&Np!ؽgl㰍B;a&␿ikm^A9q\",?LEXr-Q@QJ<ǘ((8#iw(D{q*ildr}#_BeK|B\r̮TG\0qTkde2%(}w	-@*<31@1}!@hġ#yLh\'ݏyreG;+&6Z@-!p.̩\0y\r	Cȭz%.e&8=ċrQpArH(_oǇ\re,X[G>F]ckOW@\0}J	rev33n&pQP֖0N\0/*z \"pEUV^[ơV*+\\Ҁ凥J?a@|[@d\"0RG~RZ?fs`/v7,8|1E\0\"WB\\$Hj(/qE))Q #{,Yr\rW0ufq;F\"]JEʧWv}<r`TBUAK\0R[~Ek\'\0բ\0%?1\'`Y^opÙ=,+ev\\c?o+#2! Ԫ<\ZM	eC[W\0ZDC&ˏ)^\Z܇\'TZ<L@\0&Z-DunZi\0|g\0)TXXbfTb0-bX\nDabd1o醛p*<v+2zvE]A}n\05z9xFnիvѷ=ʟ`X-P|_ɯcUQ\'nn=&\0^]OUZz%5+RXkNR_L5\\IKUc,K6W%he\\X\n\0zpyCAPP+J\n\0ABe޾O+B^Tr#[zB9a?G 1z̴*qh9:1Vlfm>0b?RޅXJ\"\08Ck~)-N>Dr*<+~cE#*D=	콬РfvpBQG5u\rP#Zt8Tf352W\"nko8kQӚ0n\nCmS\nz?I@%·X\0E RRG<i@RzWlWݿp01WTU#;gT~\nA>?Ir\0ܽw~@hSq@QYcn/ڔ\0\n >\0TG$?2?\\EGk~\"iA~Ab`B9`P&~ࢍr:ga_w~bQ`zbP\n[uwQ\nq!OFy}@M\0b\07b|w\ZFrP:Qb901Ո}xC$y#T:./be?TfD6f\0\0uu\r>1dv]vx\";\0\0?pⴳ`,3I\0,#@8P|D1EV\nE<lg)Z1 l\ZR#V)Q]AlA\0&<sLhE\ZF}J8M}IC-i_QdU۷KaPDlOp)RGKFZ_!H kܷ;Oby.qihs0]V`\0Ĳ WV)H[\\-f=#ķGDuϿ1i44nE@UqYGsGQY*6g-\'+h!B\"4$\0-ׂg1k@r׎2j6G1U\"(<\\2/*ϗe\r;c%Wp5UO^;\"WHt5$JK\Zjv𽻯%\ZTJzb@	0^MqvFc&9{En߻\'T*A_BZ\\@_@\r\rDaZAB.kza6g5[GDNDuV_g8\nbf}fjPEQ0mr?Xz/>yWCǏCs@;Հ?La]vSch? _Km=e869G㥸nw\r߸_/^))\ry!c\"2Mϼ6|Ht=(FʍZII&@j)|òRbJPEEJ헖~JF|@Uaů|\0uMdg-\Z4JSgp+xȤvkJ+0ξ_huWBBSm\ZTk1C6\0/\n4\03/i>b\0u xLLa!L#v >|CK(	J/}v\0V[d-@xd]OD8T41`eT.8PDMk)/a9h߼63J,#܂ը\"F\0c\0fP8>ԯ(AdR̽+NGd&Z$S4.\01Is--%R\r[2w\rel!d?a#AwfaP6tR5UମEW~1AvcLPm8CNO5	u̺<5auy^0D\rKJL1ʦ\Zĵ t#\r\r\"+k5qvya?ToH]n0U-*)-ޑ9Vխ[\Z!6Z2$x !4Q֪-[RQ ҵ;M>`,5Ui\Z`6\\KpiV\n\r\0**;/dUX\0@<#-ۀQG\nĮQpȆeD{v:V?˱W=\0\r:M<]%ѵdi2\"Dz\nz>WߺBίurtnTseJSTK#Eݦ\Zv\'wFR]T5}&+&i_=kd(khа%=vE62٩Dh|ܸ/~8˶S|,0A\ZiA%MĶǸry;Ci$ho6B:]xtyL:x:~ǵ*കE7@Izz)z\0#)=,zZKM\\\\&HPPX5kw\ZZ06jWG/k\'j[Xs~<p\"h<#*qr97U%cQ\rhN}IOY\'}\rѱ|3{&+v\0\Zw2Ct -e\0\"#\ZtԱiCێPR2/4)K͠|ٽѧ_zWERh~_65rhx]v(VDX^1ly (]Q\\Wrz\r+0oLJɤx\0,K)[vxU6;8z2{Ir2\\bRF=~riOul QA>N|BpY;XNWsR+}`,%Szb4/!\0\'c%\0e:#B_J+:\0IP=ލ/Q3.VهiteڇGmke&?l\n$RyOEN[WQ^Q.;HN6qCu|)\rw\0=&\0\0Zk.E@F.UK`iћ`	]:_:.GAFYejV:ASd4=~\'Ph\0	Rj7N\0\0\nH%/gPR#TWr*OċMgP|.㋩]\ZK_Nz#1J,	P=Jk#{\"&$`I2ǸLzO~lo gA;.ʥa4X]vۘCG(vӲ4tPA]1Bz>_n/ٷ[ۘG\ZN~\0c@ZWO^) A[X(,YruĶڎӾcRU3\ZG-)n&!}XN\Zp	 Pw\rDش72V0_岃E⪻]_-3pL%	ŗt܊_Q)vEmy=8a81Jسq\"D\\gM>⨥]WD+>&Eg_R{t}xDmlyPh\\OAzNGYÏlAYbݕYaD83|qPLw-I>o\r˄v\0L\0`iy\0fh$TT+z[Aˣ-Q>ze(_`{-^\Z!D!jǝ^K\09Q=\0C#2ڽD,\0bWf50\0j.*s\ZdTLl\nߞ1Nܲn*M\'5b}~R݃KKĊWI\0s\0ndaFf2ryrQtrтQ-1zlJP.ؓZ_j%p`5ix؈\05`(K  te[.Z@{B@YKD^C̲\"wN+w~g9G1[vr@~חmjU_MFA,T/6ߧg\n#`GP\\mP|=]`JfϴA*7&JAj<VR=܁ѕMT&;nR?$`gVrKz;uqL@^.i)Յ<tXmїheܼ\0-WR\"\0!y|hFb8\nSY:4wC7Rͥ۔q%\0^`ΡmPĩˌ@T\nN	B4vH[cfjEӃi0DDM-Άh@2GQI{ $r:\"Se\0\\l!\rb\'xѶ>N5uލ@ܣ#UjlRpy]Z6W[\r5~RG\rq\05#>YlXյX2BGPЋC.`,Kc\\ePc+k1\\@Z^y().`.~S1+~|_:>>o+y^Li><BR?15\001v%-e\Z8T@̙Mj$	U\Z̥ܥu6\ZiMi_GKm\0R!/@}\r5e9 pzO\0P,\0\\X90D1(t\0uX\\,G\'\ru*Kڠ\n/~c.zMz瘴\'`\Z`DspF7epcnb6Wy>D]픀ZBtz%\r#V҅MT6Z6\ng~#X\'\Z\Za/,b(-4˚Y`hϙzlDX]|s~k\n\"a<& a;˰r%Ξ+`7O+D=5i@{B.L]3-wPvih7\0,Qm2\nVwh8rОaڧ\rmWV)ybu4h|g%}cDYp8`\rU⠠@١휸]dzn桷EE\"v&FAtQ\"X\n-\\/%Տ	t/f7uc㨴::-U*GFl\06:*o)ĴQ蹗4B:>XM_~|<Թ㳭~V\"tDzk3^l()ז6y6\nw6gUD:	e\00/Sj|ZZ>Դ.^?kyy_zJ\0j˳O#g)\nBƵ=EM?y`0Ĭ|F	\0FNoR -)e\\5O6Zm^^_B%[VtO\r\"gaD!\"9%Q#T{#ȹ,<,s~\"WCEoD5&02=zt\'pps6>bOc*W/\ZnI\0= [O,f^r.\r&m_Q.ţ @95{OԺjZi{|@,B-\'}A;j-,\0WpݾnB7M8Վ8wZe	D/?\'\n&ڠ(:;x̬FvnF>!}TǤxI+W۵lCVp;`*8Im\rZtcKXN$K{lvW>d_1Lxu)ix9۫zj,ŮAuPP^1?J4-`=\ZF9m:DqK<5\0װmK@#cyCZ6?0.>?JJu)P&/lR\"j.!ZOx}hIg.hɰΉI7KU\'R{8{GJt$E78YY{ea/t 6Zz/:6*F7 tO.f><`ܜ-jw/YxEaOyJG.S;\nsqVUʼrV1J0)^0Q1FUdGXcLx%cUH2)$i2Gܦ@DNȠ\Z쨥k+cQQU^1·|ǝ{e^u׃ӫB>$@C+Zm=+DR\\u\0:d˗)i2T79&p+\0>RUUpqҴ)ksWkLXr}=\'fz~Tø\0\\ԯ\r7*\0E/$a\02kJ\Zؽ_,.Ѣ\0JTXQNpn7Q*FE1KV}2Z(ODc\n[9W\Z${\rwO]c`5GM\"Vix\0\rhHw_.tV %V0-Z;bduVD=\0B0-W\'cfPǩT p`%ˊo%J080io[,P&]d{,\0-/:\\3*cfS}G\Z)uT]mw\0Zd\n#n[`s/\0Ng%.Zy}\ZqPXDF\\lJ \nx`Y\rngtcHal\ZhS\\2,o<lb)O ^P-dA:P=µ\0^N\"lj\\s%TOWSrj\\fŗuQc~c.o.ᙄE\Zx\"	\'V^zZvː0<j\nq=EwVf6\Z|p{\'u*B~} /UOrK? DVaI_QJ}8:t=G\Zŧo;sY\nK3;:F9 1FNKۮ9Vb2lN\0\\ĩu%AW1Q3*EWXz**@,Dge!fTe5Z&x\Z6TXAJ)HJ^4-oʬ@6:GY|V\ZDC#JhuY[a,K`5t\0/rڵ-/1Wl[ -}E	AkVR-z[J*+ziE(QP6\ZX`!\010\Zw1-?q|aa\rE`k]:`Gz~b	b+h&\\jƩ^:p\\<P/ǓdU\n&en+e^C3TGj2sXwMr[UbXq.mr9,\n	]L}TUcDWkj<eKS[Rh\0U \\\0./ĶOη(j/Q+w41` `~5nbL	H\0(b(*.O}L2X\"pPAKj%\'.A~PXtAAINيdsSK|m/Kec&P7YD\"3ShFM\0රq.RBP0ڋO\0q+-	EG[Uu@PDe\Z\0]SȗM^{&a>:wZTDSQ+h*~%ЦB6f8.+\'bP\"AE$K(b9x#\"\0D%i,`eRк&\0(|cO:ыU[U?Y+PeWܡYE? Z\0t`*@eG[CAjqq4/2=~MǮÚt_+8hG*]U֭	g\r\\cjԪʭsĲ1(6@1NT/<kt5VBv-gp+	Fp|JMW`SaKi63ew nH5ioAÒƞ <	 Z,*<K-n^	[P\rǔ@*+g\\)0=0(bE;#MqeFj-tPy.sf1DA9~J0ƺHmFODmevPyK}GŢUb/fl!ȷTqUp/lq/uR⌛w	PڤJFdR#ځUp`zlMV+1l`_E3 1ZܕRa8[>vW2<侜XDRi4KSۢEEĥܰE[#c%Iή%EG8ekLVVues-{9`TKr\nݔtSbSapܼekpǚsrf5Kԧ߁BnI-W8kH<GھJW*ܱaz LJc~PpjhZv#Bǘ \0*\rP[\rv[^(3R\nK(+S8;4]\rގ2&3V(F5(Qu@I%+0iTJ D5񹾥`f2C&\\O\\y\"]Fx\0esb,r4\0 JaEXsQGs =;y!9!Xx`\nڨW.e6wq i[b>|6{,`5Zh+Z^Wr77!W2(ؓɤ\0Q;\nV7y.)~Q*%YY-OoU<c5\\ķ1iɶs/pRWhHK\Z\"5r:`?e1cB%DIk^2򉘊6%f\n`g^?g	IN3J9PxRW-`g?pۭQoL\r%12㸺<ˊpZu1Q}x*EU_kjh, N\"es_B$pͰnPeU+\n^DfUJ*A\r`=\n%8Qw\r;S)W\ZI*Nt%/hK1^ep˩qeQz.>*kh|=]å^e<^efW#lӻ*&x|gk>\nZ^.VmjrX\"i+at˴4`^hŌKpPKYrcOҌ/V>bc+Y(K[2Ŭ	ܼm̪QPDFO$y@Xe)8ATyb,+*(Ne 3Wh?Bo5\n!:tj5B@)H?δ>> ,{Ej93zQR0T]M(H$Hfhx\Z(|=DXpD?',NULL,NULL,'Captura de pantalla de 2020-02-05 19-33-00.png¿¿image/png',NULL,'Zenitsu Kimetsu no Yaiba Breath of Thunder 4K HD….jpeg¿¿image/jpeg',NULL,NULL,NULL),(16023,NULL,NULL,NULL,NULL,NULL,NULL,NULL,NULL,NULL,NULL,NULL),(16024,NULL,NULL,NULL,NULL,NULL,NULL,NULL,NULL,NULL,NULL,NULL),(16025,NULL,NULL,NULL,NULL,NULL,NULL,NULL,NULL,NULL,NULL,NULL),(16026,NULL,NULL,NULL,NULL,NULL,NULL,NULL,NULL,NULL,NULL,NULL),(16027,NULL,NULL,NULL,NULL,NULL,NULL,NULL,NULL,NULL,NULL,NULL),(16030,'PNG\r\n\Z\n\0\0\0\rIHDR\0\0\0 \0\0\0 \0\0\0szz\0\0IDATx^mhW3ddDHYdZmQIPU]-v)jAE!vݵf5M\Z-jFL2˽;$<Lĉ?;SSX~\'N|Fhoo?jժ%܃ָRTKKSN}>-ClnnWJ.L)y NxL!I4G8BJ(x&AJIuuub߾}Y`A}\0K\no6>\ZB,Q\'H,&wގ 9UB)!{a  M\0Dmmm@S\nدTN۶2-Jٳc޼yŏ`%Q9▔@,ƁrnݺٳgGךsMEEErΝd\n<ap+gHT\"\0J@s%[DQ[8>а_X5bu;H)0P\0`p<^L8\\Q~z#,\Zx49\rBO@aNH	}醰L,<y(2hMd]00eq:w\ZHm=3wm8^\0s.~\r}}~x9lz\ra	$u]@ Rb_yeQ{XuCFiBa{FiL{	뾊u\"z\';6@:.\\|]S،\"oBgXzè>ũSؕGpC}>\r=Rcxsd<ɝU?kڼw!oӿa9󑞃*! ۆB	CsnOi]=pKk[m+V1uHVB.گDJBaHGb4߭nٲĬ*C8R(eĖ?I<3/w\nh2Kr{pLn3%~TY6EMW9C\0	8\"!pzz~SkIxzd(\\xh))y9Rf|o=\"5ӑ8?_CfJ;sW#rdL}j@J$\0~7[Phʅ 5Rfh1<BLpӨ6HR\'͆v]km#A,t:md\0L^?\0&75!+*-\\kD<N>zA$\nh0A\0YWvbEPTk+7\0FR87o$9X=ܱ\0$!cA\r=Z|d\r<	5(|ଏ:ёPw%J+\"+V޽9c:P~A(~>8{2k. {d2\nk9DH\nJ!\'DVid{:;J\0(f}˯e=Ø[̮P\rF\0\0\0\0IENDB`','\0JFIF\0\0\0\0\0\0\0<CREATOR: gd-jpeg v1.0 (using IJG JPEG v62), quality = 100\n\0C\0\0C\0\0\0\"\0\0\0\0\0\0\0\0\0\0\0\0	\n\0\0\0\0}\0!1AQa\"q2#BR$3br	\n\Z%&\'()*456789:CDEFGHIJSTUVWXYZcdefghijstuvwxyz\0\0\0\0\0\0\0\0	\n\0\0\0w\0!1AQaq\"2B	#3Rbr\n$4%\Z&\'()*56789:CDEFGHIJSTUVWXYZcdefghijstuvwxyz\0\0\0?\0ܾt9=SBs}M\0}EPQE\0}EPQE\0}EPQE\0}EP^_]Wh,okk/ueHҟ}Ul\rڋާis}hײwDkvs4`|ƸLǉ4H,l`1F0y$gGfY٘}cciZ[X[kik\"\" $I,Y٤Fy$wٍ(袊\0\"(袊\0\"(袊\0\"(袊\0\"wB4\rlDE$,YYa\\A	-o>WtP˺6MIaٰPnLBBVdX̱{;vO<,$i\\vRhk$^>s%fA>\'epCͣkHëX2Ǫi2MH1{iyQh8G\Z\0}IEPQE\0}EPQE\0}EPQE\0}EP˚βZ5~%\02K,0__H;xʪG{P\'Kro~\\qČŚMgaEYԒHNtac5֡y1/wλDVu|ODq/<KWzܠ(\0ފ((\0ފ((\0ފ((\0ފ((\0ފq\08=װ_OqM(\0ފ((\0ފ((\0ފ(+7Vլk7w8ak˩e-ԤEoo.{ f]*:=W/%Ŵf!fEaw=<އ0^e[4Oxo\0>iˋ5j$0td##Gծbrab~ƒM{E\0}EPQE\0}EPQE\0}EPQE\0}EPQE\0z׆.n5ݮ4\rƵu4rִ\"\Z8[ys\'WaYj_1^Yܦn mȹ Ue`U \\U/\'x.$3k* ͪ薑F/,UPZ<]\0<gymZ{g2mpHeP:Uº2U]2:\0\"(袊\0\"(袊\0\"(袊\0\"i\'s=A+yZ-CQ9|K4NR]3Ld#uh=N&\r}>ŸnXY\Z|7Y2B;g1I}f̚{\\!Y`-.j&W\\F(( 8`4bE(BGQT8B\" \n\0@;PEG0\ZE1\"QF#8H\0TEU@U\0\0*J((\0(\0a<7c@r@M֊w>>ǵ\0}\rEPQE\0}EPQE\0}EPYz>;FN$\03PH8袊\0ފ((\0ފ((\0ފ((\0ފ((\0ފ(+4yZ\rGKYvfX.2,j:trP%OnU\r拭GG<RC%AXKַG\ZM-M*ukZ$cXU[i v5SD.,9>mgeHi}e5D)`RargMA-ĖRRxX2\0ފ((\0ފ*V6wW bH&B\0$\"\r\0{=ÖujX#Hٖf\nDPid*Iا/eV~\n.\rn>kđ]~qB@xdDT\rɶBye^xð[,5Js.]QA&Dg2\rh7 \Zh0գg4M2MF5n~	}Kn\\ܲ`60 ,Z\0CEq~{˯Kws?,,VHЙ$t8,`i@DQEQ@DQEQ@DQEQ@DQEQ@DQEQ@DQEzt>h(>w((>w\0?撥u|袊\0ފ((\0ފ((\0ފ((\0ފ((\0ފ((\0ފ(Qމ\ZmԦ_ЭigotӢv%/gymk\rqmp$rF9WS6p-W}cuዙ\n4L߇|oN#\n{f\Z}(QUl+Xol.aA$3u>te9WFсGUe Z(\0ފ((\0ܐ$\0\'\0IyWmQKy\\ے%]6evdHP#E$r:8\03RX4\riŚzlJ̆^hʲ;`d<\\3]ԵhᳲRI/fěW$i%\n\0>1⯓IԑBk+kk	ˏ0/|3J77ůi+Zs^s$$W*	o\'HyY]GksX]BҵA7-a DrO{((>w(\0((>y	B{H#0}\r9;;j\0\Z(袊\0\"(fVw)\\S\0T\\OAbp#\'s2O;zqÓ41`o<ߥ\0}EPQE\0}EPQE\0}EPQE\0}EPQE\0}EPQE\0}EPQE\0}\\ֻI|jTNQCm.\0͍\rKgc=#@.hZ\rZȪjzD=̈́,Dvm:2G<g#kE۬\rgG4͎d	ݠes\Z\\2\r˵sەppwp]451Hf+LG1H̱!dIh]@bN}Q@;ET/bӬ/	adk&3vFq3@xEukxϐ	&dFeƌKmQ23ŶڎiY݇yc03AEqfBcXW!<z\rJRIt2}ϧvV8DvJHҼ(V3J+.mb\n4+	!}cVmhdb-۲,%/ȏ$Y|ݡk^\'}iP_j!6g{	VS4sñ۴]DVx;khG}tN@]]p6>U\"@#U?)i[\'Y\"`ܗ/o$dFBΫ\Zψ|Cđ*]ޕ$,Yٙ1EM\0@=Ş5QoGfG5Pv`~WXViikamVѬP[QF\n\0\0u=$I$ؠ袊\0\"(袊\0\"(袊\0\"(袊\0\"(袊\0\"(袊\0\"($cvϷjJ\0\"(@$O%J~D\0p2O}\0Q@=;8\0p\0Ndm\0<ktp3s֘I\'$QE\0|EPQE\0|EPQE\0|EPQE\0|EPQE\0|EPQE\0|EPj6\\{2f3k\"bE\net[Xa8*ڮվ] 7JNR.m.2\"p*ꮌUsVn%<0iK..%x#7Y$s3\0*<r((\0ؐb@\0I<\0$\0<>(CKůeD5 f2<RHo\0\n铵ǋ5mnmcY1`rbh/v~/h-4Vq$hucP\\oiC\Z.R@%b-WN񾙤xk^ԢF\0,FYLe=G.	Gv|M3exR;5YeήTb5ZN\"~-kZHl쥛H4֫	mAQQkuVދ%U\"@d=3O]jv6r{^9fDle\"Hݜ2(~\"FɨkٶudXWʒi{amٚ%blt/i\ZKd9 aܕ#q<o	n4,1FT-? Hϒ}݅\0}EPQE\0}EPEPQE\0}EPQE\0}EPϑK\'>8ҟG\'O>\0\'H\0Q(J(>w((>w((>w((>w((>w((>w((>w((>w^8@/p-\0mQwNjyM?M_:ss\nnRrXPS̐NCbW\Z0\0>׵/Zyyͽon]ci[̹cL\"PB+r0)\njZǏ5S-.\'D0Xmdh#hOV.^c+QΫ&~qb)a0C]L/\0 4U\"lu[γj\'s]JQb*$hR|ՠxWZ]m*uWuKXE9f2$JmE7mEtOhg㶶yN-%\0c^$8QqY\Z9m+<BKmgIbGP\n#޹eܤqM:i\0/O\Z10HDy!\'`zddּC$/YilC*`$IQk%|繏hGU{KK[h,⵴bX4TDP\0I$I&\0|EPQE\0|EPQE\0|EPQE\0|EPQE\0|EPQE\0|EPQE\0|EPQE\0|9OҒz=\Z\n@/q^(袊\0رzw܌w\'h}~I9\'\'ހ>(z(>(z(>(z(>(z(>(z(>(z(>(z(>I\"E#*G\Z4;*\")ff\'{O A\0 x >d5/]ny帑g#b^RFHe%H5?t\\sxsJZ0_!m|Cp4%ctpȮ%yox_&,YAY*r u$A6$ǋHӼ/xMqZޗwq*d&53: @Kӵ[k/	x?/w֠(ZX6F(_*9Q_~_^}3N=±β6N.<˙vV*UbHt|!CKsN%1i]b\0Fdn<oVz򙌺=#HPƘ.|(@@>u+{}\Z\rioy#mtlK2CuI,|krVIic;úkhHӭ-e9V8PNp>C.&Z;ᙚpo7WaYHRBTK(>w((>w(\0((>w((>}\nG$\'ϱ@Dkp#8<Iӑ\0, AEQ@DQEQ@DQEQ@DQEQ@DQEQ@DQEQ@DQEQ@DQEQ@h~zv(2\\$6$\njw+|\'ĭ&xעu\r4[Ip%kaڍxiL̐c+k \ZߘuK#BT{m>Gzyqt3LY}wQ4V{[d\Z;wܒ+eu!*@ xI(<M{|CjiFj0zCq\"oS)GaÚ{cud{MSMfj[1k0\0\r\\ޝ~)~sݔd]*;fPt{@#27HD>mt7Ryx/%r苺ݖFVVS`F8\0φ2i6t8\'@nyC8DP%IC1Y+C#S#\"D4T*\"*\0>>w((>w((>w((>w((>w((>w((>w((>w\0?撥,EVm\'@AEQ\'̘\rKӟQi	*WT˧Le(qzM(\0ފ((\0ފ((\0ފ((\0ފ((\0ފ((\0ފ((\0ފ((\0ܐ$\0\'\0Iy\"iShZ:뺅Ɂ5@\nd3#pHхeexUaWVҼ#p,xn5;])g1C`o-*7e:ZM7O4U^eU.ea[dsD\"\0\Zxn.χ|Uf4\0KV[<7:BdXD%`ȫ$r&[/\\hmñ	\\mf&[X si<0\"|+?wdĩXKs_\'q\0ΑWɴ~Rkd\'ilMJ:=CZ \n=_OCo\0V#W.7qHܢV|ݤ(,WhZRe ,cnM]w<02ǽAr̪X#8tEQ@;EEQ@;EEQ@Q@;EEQ@>(10,8= ?Zk#?tFAWܩ{)/9S=A4Q@;EEQ@;EEQ@;EEQ@;EEQ@;EEQ@;EEQ@;EEQ@;Efk:z6}Koqun%2Aw$,qT4%^;!{]U%K	\01.YG8T@I9KE_QM-CIYnq]&c@K+0u\'hq|A<MtZGKK8nLf`T9Ci,x@=KSc!fW0\\OR@|3)l`@oSψ5-tZmSDե8 N;7\"1+3&\0eq:gj\ZC~+D~ǶC?*lݽU5v7	grmo}&]FccnCHpUIcZ<+e&s#<_as {ສI$EZ\0/^%o.+<јM\"sq*o\r*|{[+Ov$ƈJȆvw6eL~k*_\rxEХڭ?f,ĐZ\n1ġLNSϋ)_\nhV:-Y眀g2O;0~I}PEEQ@;EEQ@;EEQ@;EEQ@;EEQ@;EEQ@;EEQ@;ҀXJWllH\0?0\0>h\0䣃>ǊxZnP;\'^^\0ҝNKHө\0ƀ>(z(>(z(>(z(>(z(>(z(>(z(>(z(>(z\rWu6i\Z$;.te1Yra-(Tȅ\Z/01ie5>\r^)R8/d!dR6fȏ>Zm=	lc~ѦZ]Lsus\\H9Yr*\"\"U@\0OWmWDm+ĺ|^GAt6J)!RFDt\"oPveŤ\ZGn#GbyBt\\ENcfx%%\"\Z263o|5(ҼU%8/>o\\>6:䣆Fe9:υ$C>}$:д7qsmr9Lnm3p_=)44\rܮj=o\0FPP<\'{$U0??:ۤMzڝݴGZb5BV1	J7O}qufë7\Zܹ[xeX$O-J[4Lz[X&aEd.ax;,(#V4,UKl\rrx r~EQ@DQEQ@DQEQ@Q@DQE_lu^## .*ATup\rN\0\0}EPQE\0}EP\0~އ=;q֓u?@CQEQ@DQEQ@DQEQ@DQEQ@DQEQ@DQEV6:;Ah&\r;K3aUcY\nF4r2@߼KBW[D[IdYs¢I|x\r=kdYF䝔DK90<Y[km\\Axq	.K21VK$l=X6hXYYC++)VG*H>䐮?,?ؾuV\r3YxؼRY.$aɄ\02@P>xfNx2\ZtWĻ5U4/\\	O1w9AN\0xJ\Zt&yk.9\0Evw52y+*\0\0>=+]^nted <ʪPTUP\0\0\0\0R@;\0\0\0\0\0p\0\0(芥S*KH\rm9d.+2\\,yr xF.$PvP˺.sE4jV.C>d@Ŕ/iuhW;h{,\Z,6\Z_elgsМ-qnVDѵT)a}?To/PҮ^wjRIw\n%ѰdY#@袊\0ފ((\0ފ((\0ފ((\0ފ((\0ފ((\0ޔ\0dTLh8Pz\0Q@AQEӦ>eC{\Ze<1MÂAPQE\0|EPQE\0|E; v}1M(\0ފ((\0ފ((\0ފ((\0ފ((\0ފ((\0޼UoJw{b)A1?4-rȸr=\'|E垓gz&$bkKA)8&u*xmda2)YtRFtM-qN\0ռs\\ǸϾG\"=)1\\B[CLArd)na+Mf DpFK6QiZ\r#UO:Hg:bO\"vO݈Y.w&1</?et-;zeΕ[\\ɸ`{wuo*x(# |ᕲּ)]FG/tEݽaH^%Pi	U@X9XXdTY#etu8*AR8 *i|wۦ<+o5ĢHPX@2g\0ex[ñcJ]*+˛yKE%V8@\0c{`>(z(=[[nk!.Chvн!ijz|M<Ob|c}iZ{cqլ)ut*Y	Ѳ!;#\0n\r]˭hIs;Kh1<0ۙu.!&Byf$UO=.ZjV_X\\Gugrd6L$*dud`H(>w((\n(>zG(}A?z{>`ܑPPzހ>(z(>(z(>(?4CE?\08:b}Gb~>(z(>(z(>(z(>(z(>(z(>Ze\\iw6wQ4S ʲ0:)WhKK{\ZӤמ\rQaGm>Xͯ8dk,Gr,A+G<mM(r?\nl]G4=R;KsC ʲ㺺2:2\Z\Z_,=NhQ4D)\\`bP@푣hh-!0M|7mqcOqW,4#?4qBy,~TƷ{MZ6M:0 ၫQ@DQEQ@DW9ho|zdOlT[ HR4m([HE͹)Y::(ZVI1gXTQ43QxfEmb_*X:.`k:<[Zl\0dsl!H2DEVd	lc2HmswC$m%[.\"\Z\0}EEPQE\0}EPQE\0}EPQE\0}EPQE\0}EPQE\0}EPf\'؊pX,݌(A#\"?W\0Le*pyb=hj(>w((>w((>wpyonJm\0}EPQE\0}EPQE\0}EPQE\0}EPQE\0}EPQE\0z<xLk;Xo!~\ZkIOQLIN0Gxgx%G{siZ~M<v;|`jpF$&5+(Y#|q4V=5/Cyfm.7InG)W\0\r6~iur̷[TM3:\"AWڤG*b*s\rKiw\'KnK\ZJǨ|2*$C_KV+m;P@2}<B$a]YFSTEQ@;EEQ@;Eww[ѢM5\r̹b\n/~/UwFr7Ij6rYUee9WFV\0*q7^\ZY.3\rJJ\rif[,Y\"ETJU[+]B)㸶E)b`8$\n(>w(\0MRP2M$P]\\}-SlVjkbwC{{wϢmkm!]`8kV4\"L}YnGQh謬4H,l`1F0y$gGfY٘}%EP\0Q@DQEQ@DQEQ@DQE>>ǵ6K/%|\Zǯ7Kq\Z?=fߴ:_\r69\rWP+x#K{;ynnnneH-FiVXդYR4Vw`\0u/G.5|4f_$o>\ZKq_mZ	<i4YGeip\0_Y\08\0x\0	q٫74߂6qxv<V	i7!m+m6Of?kZT>3r\0D!^[g?\Zv\0Ya\'&c66\071I$5i羿\0\0hEx/.\0mXW+m8i^Uh	R27%H乐\"\0\0ඟ#\0i\0G\0?+\n\0\0\0\0|<\0\0;Z?!,??/\0ֿi\0G\0?(\0ඟ#\0¿o/\0G \0\"\0\0\0?\0k~\0\0ඟ#\0i\0G\0?+\n\0\0\0\0|<\0\0;Z?!,??/\0ֿi\0G\0?(\0ඟ#\0¿o/\0G \0\"\0\0\0?\0k~\0\0ඟ#\0©\0?Z}RkGR[y7C+(Z\0ְX9ExHB?\rII$I$I&CY>_\0~/@Q\0 \0m?> \0G\0~!Q@_ǟA\0kGD7\0\0\0{\0 \0m?> \0G\0WA\0\r\0e\0y\0vCY>_\0~/@U	?-,kݯ~	|2Q,%uPQ?h?!,??/\0֏o/\0G \0(\"A\0|A\0\0;\n?$- >\0*(\"\0\0\0?\0h\0\0\0|<\0\0;Z_?o$- >\0\"A\0|A\0\0;\nB?h?!,??/\0֏o/\0G \0(\"A\0|A\0\0;\n?$- >\0*(\"\0\0\0?\0h\0\0\0|<\0\0;Z_?o$- >\0\"A\0|A\0\0;\nB?h?!,??/\0֏o/\0G \0(\"A\0|A\0\0;\n?$- >\0*(\"\0\0\0?\0h\0\0\0|<\0\0;Z_?o$- >\0\0_[C<? ?<|0WA\0\r\0e\0y\0vCY>_\0~/@Q\0 \0m?> \0G\0~!Q@_ǟA\0kGD7\0\0\0{\0 \0m?> \0G\0WA\0\r\0e\0y\0vCY>_\0~/@\0!m\0?#]}]\0lW\0k8\Z>;w-jk4ݥ%gFh]$*c}u{g+qo\"ȎFpA1oA6I28*PD7\0\0\0\0\r\0e\0y\0v#kw\Z[kͯhư=,t-͹덠i\0G\0?(\0ඟ#\0¿o/\0G \0\"\0\0\0?\0k~\0\0ඟ#\0i\0G\0?+\n\0\0\0\0|<\0\0;Z?!,??/\0ֿi\0G\0?(\0ඟ#\0¿o/\0G \0\"\0\0\0?\0k~\0\0ඟ#\0i\0G\0?+\n\0\0\0\0|<\0\0;Z?!,??/\0ֿ\'W\0hj渉dTVM<$KF]3]Ei0V&7G@*+>U߆~ߴn8x<aO\0xII&|&ּiZ5>8KHyOE\0oC\0e~McÞ+<4YEJyLĿ4\r+L<:0[@֑o<W*A%PW<o\0	\rW\'𾱧t˥mh֓qwv)yes=G#k+k	}\0^4Ms-fj?c\\:de῍_fcn!_)Ӭm\0\0gKH&>rhQ\'WxPGFlݯQOٻ\nm9{<JךeGxZԖx7\"}K;.l$:^m$/tmu\nOI\0ފ((\0ފ((\0ފ(QƇn\ZUôց\0#r7\\k:b!׵wYo-Y\rBT\0N7qoE +U;k\\k43,\\˽dtKH-ϙj\"^pʖ(wv^ZJ&eUѺG!]eh(*XiZ\"	\'K;y$vi%Ivcn(z(>(z(>(z(>(z(=\\oǉ<Ei?\Z޻pXiZ>ZMꚝmeV]I40\0!/cUڂN.\0cUg̳Wx\Zv\Z{3w>Y|\r,kK=sRc\0_̿\0czg[P4XO4:=%ۏOÞx%H	M9bVvh|Cj\'!#\\uq*ŽRE.m\'Y )bb#U`A \ZkiWoMmiZiii@<\rVc\Zo%%e	\"q4T5FO8$YXz j*\0(\0(\0(\0(\0(\0(\0(\0(\0(\0(\0(\0(\0(\0(\0(\0(\0(\0(\0(\0(\0(\0(\0(\0(\0(\0(\0(\0(\0(\0(\0(\0(\0(\0aw^Ac).Đ)*QG*r#2<r##2:$Q-\'tX\0eto2ha\r\"0%J29Ԃ0\r㎫~{^C\\iwnŢːUWGBRH2HT@)Q]kI0,70΁.&ڥc>f3ħ:taͱGN:\n(\n(\n(\n(\n(\n(\n(\n(\n(?G?R_Lڃ?\Z]^&\0߅/-[,wf>\\j3-Ǉ5yj:__\0i?\r>>>YOkOSg[,>hBFr}k\Z\r1\0UvgMs	^i]:r{%cN夆mK\04mQ-V$r5Ա\0Q@;EEQ@;EEQ@;E7^[ Mk\r=9m\ZtX ٢El3ma;i<rrv7n1q6[5Ɨq/x~m@5;(/QU^_n^5ct_EUԭaє]FUj\n(>(z(>(z(>(z(>(\0*_c߳|G<?j~Qi(iM6}}\00Mύ}o!yVylO?Ŧe%t:;[FSg\0QE\0wAa\r7XwMV([m9.yXoV#un--\'	!bAq4N9+$R*68e$A  9 _\0\0naߊ߱77N?t\Z/~K>\0ޗkOl/~\rKs\rCJ<Ckͤд\"fu󹢿!q\0ь\0T.?B1ٟ\0\n?\0YOw\0FS\0[!\0#\0є\0h\0\\c??\0Dg\06g\0肠S!\0#\0є\0h\0g\0e?\0\0?\0\0)?\nORe&(-Qf5ialI,Nԑ2mP@\0;zHm%G$je@$Y6eQ7[JKsD]\Z߱1I\\]EIQ̀ u|Gy\rpa9Ƀ\rw\0~1Ȳ\'J~ǽe\0UIcta)PxZ-Vh,[\rBYaTXMsYRpq:{\0_^_	2\0gaQ ]!vs.7VC;\0G\0)\0͏5_\0\0\n?fl?*?!Gl\0@EC;\0G\0)\0͏\0\0\0c\0ko4MtW.?B1ٟ\0\nQ\0F3\03a\0AP_)\0\0\0c\0ko43D2\0\0\0]_g\06g\0肣!q\0ь\0T@W3D2\0\0\06?\0@EB\0(\0\0͙\0 \0\\c??\0D\0-\06?\0GC;\0G\0)\0͏5_\0\0\n?fl?*?!Gl\0@EC;\0G\0)\0͏\0\0\0c\0ko4MtW.?B1ٟ\0\nQ\0F3\03a\0AP_\0E[/4[KȖ;dׁ92[Mds7\0D]V)#kMR^f+uk0F$hPW.?B1ٟ\0\nQ\0F3\03a\0AP_)\0\0\0c\0ko43D2\0\0\0]_g\06g\0肣!q\0ь\0T@W3D2\0\0y?ۿ\"ΕOXZ~ƦYԯ \0jپА-2OFdkQMX>QH\0\0*+me\0a5][[Ul7M:᠊\"D0$yXɪDxW\06z]dkXt@Zcq҇BP%\0k\Z=F*/wys!?k8̳+cA3,hTEF\0C;\0G\0)\0͏5_\0\0\n?fl?*?!Gl\0@EC;\0G\0)\0͏\0\0\0c\0ko4MtW.?B1ٟ\0\nQ\0F3\03a\0AP_)\0\0\0c\0ko43D2\0\0\0]_g\06g\0肣!q\0ь\0T@W3D2\0\0\06?\0@EB\0(\0\0͙\0 \0\\c??\0D\0-\06?\0GC;\0G\0)\0͏5_\0\0\n?fl?*?!Gl\0@EC;\0G\0)\0͏\0\0\0c\0ko4Nze7S]p@yɢlGI_l\\Zk\ri0miOn*GB\0(\0\0͙\0 ݏ\Z\0\02nྲv/ߵ\Z9~?̒G*<r#2:~\r\0%\\-,I\"DrXV\0x8UW\0g\0e?\0\0?\0\0&+~!Gl\0GB\0(\0\0͙\0 h\0g\0e?\0\0??\"?Olm\0?ɮ\0_Q\0F3\03a\0AQ\0\0\n?fl?*\0\0 Z3=\"YIԮ2J0\nJ8ۥx\0T?\"LSC\"~+9cuF~֒.p˺9><4n(*Tu56-JMCW8F~*+kٝH|\r6=SWՒ) KY([0*Ʋo@||N1%\"K<.Q9c,FnGRU5_/\0Cm/ؘYC!?kK1Gg\rif\'\0![mǶ\"JҟHLc6\',{W\0\0 \n+e?\"?Olm\0w\0FS\0[k\0H\0\0xH~k߳\':?>1|BK_h<`ʻ<66.uX[(H?_\0\06;Zmi^\r9T_rJ]eSxЏ$2+E*G4b;Ifh. XfHEtee\0E;ZĞ𯈮{zs\0\"M2hcvHws3d>(z(>(z(>(z(=Jwskz<rwftDi_LU-\"~\0gR|hr$,o5+K{1, `!\nX-Wyau˭oEK6Okqs$ŎOFnl5ʸPd\0袊\0ފ((\0ފ((\0ފ((\0ފ(M\0~wߴ\Z5#O\0s־A(	;\0(\0i\0ـ~\0οkA/&o\0=p~cϱ>2RIy\0}EPQE\0}EPr7e[<q>\0LdHLc`;`{19;ǩ9?袊\0ފ((\0ފ((\0ފ((\0ފ((\0ފ((\0ފ(+4)/UҦ6v7䵒bXjOYm<_>\\uc9mԬŨiJx%(7e1$]::.Q}6KuF0A%WvyHg\\\"7*IcbVf&\0}EPk6\ZsjSmm,NvKIdbrO\'w|\ru}s\r4hHD4J(2J\Zyf\0u-ǩxw1+\"FE?#^Kӧ@=?|P׷_¶vZI`֣WySm`Qvܕe#=xZ>}*QwVG	HZ5C|(2Gϱ<ct` ]KźP\Z\r2}>X~xa|ow ށq?x^~/CΘ4ldŅ$aj+є	_\Zo%7{yd(vD*UB&jvh\Z{vi!V0C v2C2\"@BW{~O=$KX@nڊ\'\nI8$}I$h+H4;KTl9ඉ!2y;cE\\4Q@;EEQ@;EEQ@;EEQ@;EEQ@;EEQ@;EEQ@;EEQ@;ԁ\0v۞\'ޑ.{`#>((XssO4mT`g<~T((>wp((K\0$9נן|%\0U?khz(>(z(>(z(>(z(\n(>(z(>(z(>(z(>(.o>G\0\Z6\0m;/3\0Wk\0(\0+\'?\0	k\0(\0s\0وȟhڊ(ʻZm(J\0(*#u|ƚ#>\0\07*cx7hz(>w((>w((>w((>w((>w((>w((>w((>rycy M2C#	mYU|6#1^}E6:NI\n#BH37Ȃ(û\"EwZg\\j\Zvv\'SEUƊ#* ,	gA}sP֠J\Z,42\ZI,K[5k\0ω橬C_IzMk-Mj0>,4S(09Լgv^(u-|5yi$ko\"*ǲ|MR!UHnqMoKM, \n[ i)D@LD+)\n\\W\ZQ-.ƥ\rFMM>$BJ a@hϞe\0+\0*SEԧVo-d{C¯0X4q+PZ|Qtgwg=ηwBg/դX^\Z隬ݤvw1+G;E4D0RL3\0,1ɫ\ZFcDrNP@=+KXlme6&sx(=(|U(袊\0\"(袊\0\"(袊\0\"(袊\0\"(袊\0\"(袊\0\"(袊\0\"(eI$u^zZqlױ#?/^B͸pJps>ޟ}\\\09=h*(>|B9$~__ML>(z(>((4Y\0$~\0{N?L>؇G((>w((>w((>w((\n(>w((>w((>w((>w(S+\0Ƶ\r}}\0\0?i_\\5h\0(\0\0N\0,`Ú\0j\0o$	\0f\0:9w((>{t*{\0vp:7Dy NGaOQдQE\0|EPQE\0|EPQE\0|EPQE\0|EPQE\0|Ex	B|ǿh\0:|O}fVeL,YokWi>oyk垗^C\0j/x?6~߳KuhxRM8w̂]GĈḾ-)ouFE2OőzEo?য়R/	\ZeYxƨ\0;.$\\\\ixWm,gտ&?#A-/R\r@/L>\Z52\"ڝS\"Ѽ?GE{{MPh4?2ڇ_6\05Wg-\Z0XNbSu65rNt[մ;ȥ=>_\'Xi|a,x?F[S5=M9$LӒ٭\'L4[mC[gMb?ɇI\0ğY1~R۷MX~֢Gw\Z\\/\0\r<#zk<e_E\0\0?^3?hO\\j8WI@:χTҭ/_@zYF.Dvr\0Z)[|i~)KN	_Pƨ:F]EixgZ&HZOQE\0|Yeiz(#,zXuyf(r:ZU)-$io&#,-hn@	2`\n{ğZukxvz-quy5ʔUnA\0\"#F\"lğ	\'<Lڣ̚]ԯrN}9HA?1Qvy&41y`/`\0\01\0\0\0b<_gg}}~4&fYft\'Ȍ9A\0C_[of;?YXڸu(O\"6RM9Zzjx\0e#GũKqzD)+&hPc\nF6\"p\0[xnSsqyL)!yql9wIQI!1r:=MӬ]7O[\"%$@KI$ffcݘU(袊\0\"(袊\0\"(袊\0\"(袊\0\"(袊\0\"(袊\0\"(袊\0\"(@\0g\'sQԳ}\0l}?y袊\09=}\0FI#8C\ZJ\0\"(袊\0\"(#+#\0(\0(\0*e\0di5	|2\0}G4\Z\0ފ((\0ފ((\0ފ((\0ފ(((\0ފ((\0ފ((\0ފ((\0\0O\0?pxƾMo>G\0\Z6\n(\n\0h/%#	\0f#\"?|=}\0Z\02?\0b?\'\0v(B;CyVR=s׵5+r=#\0\0:=Oƀ>(z(>(z(>(z(>(z(>(z(?ߵw?P~%jx]|W7Q߆\ZUH\n-c&}*씘䮶	\0?_:\n~6|/L5~Ǿ\"gއ~\"0?6 Ow{bu57ǺĖ(CW\n\0/\0|)O~3ImkW\\).umw:*^nYnLѴMK\\֯nnE\0_mG\0Ǆ+~~7eggj4F~|#֜[6[D!◈tMok\nƀߵv(}_.It߂/%6(Gkty,/\r^L+{\0\0\Z~]I|jxJP7N4nfǋX<nO<{.۝R/|a-y^\0$\0X	#>Լw?Rjg:F`ľY/|RЬVߌ-Kx-K×W6{\n\0oᗉ㟉i\nW߳O&O&#cD#oZO~\"j$/lukO&/o4JOtym/lom%{{;[{kiyIa9]YEvw`#RbB!vp]ʮwfX\0࢟n~-~u[z\r6\ZW_z=#h^\0r\\aژⶆT|IK[kz)r>&o_~#x+	k;z_\r\\\05GxZG.on淰#\0P?`43go4_8Oń7zO(\'_si4!=.WǛK]c#Yjxu$w\0P~z\'φ\Z/!4?V{o[d_i:سi~;\Z\01CXe|5/\nk%f_}	S=|UD\rz]EZi\Zݙ/nvx^񵶝lF`\0\\ǿW/?Ze7̓uxCd]Y?|#&K6njZ}8\0~\0>~\0<I>|[kQ;^y麭wK[h$nz\'4KITֵm.Qs7XB,@\"(oR??\'OuˋX5?\0\"Ycҵ2K?߂+[mƋ3K[kKǺ5L۷?w<:m[K*nT**@\Z\"mfy_zVo-Fti#/ (ܰV\\Oh+\0.jt^\0﫮^X[]\\,\"9tpbO>>tO&[IA.mkgNѸ8<R+2&׉1xMOc$<HYTdB7!oȠ4_~4OD\ZMu40%m%fX9&MP[|Bh-ǅ+.!{pR*r\0rIH\Zcާ-	|9ZK3ۙTGm;3=qHUhܒxc%t9\rƀ42fiY*UIqj\0=G-o\0ABUЙ^NAYi_n/GZ$Q}_^隽\ZRNC%;ٌh\n!d=\0|E;[	7+ND3;Ɠ4YO$r\"HT#<nV\0(>w((>w((>w((>w((>w((>w((>wPϞ~	R}@ Te@ǯPTQE\0|G&Azr/˭eU;OZbJd\0=OR}Q@;G@DQEQ@DWWEPEP|,\0a?=Wy\\&?CuwEQ@;EEQ@;EEQ@;EERddH䁀Hp	==E\0-Q@;EEQ@;EEQ@;EEQ@;E)P?ۃ\0Z\0~wߴ\Z4\0QE(\0	\n	\0	$\0@M\0tEӬ!8l{8\\LŔ`0gcC\0[_&\'V\0wVϿc@_©/\0\0+?^?-u\"RsvddMb)T,LpщSV#_\0\0Y4\0?cg_4~\"r:0G_=\"\'~\'fIV%N0Hqhj(>w((>y{g8&Ah}x\'П\0ފ((\0ފ((\0ފ(+S\0~#\0K/|x~\r|+\Z-Gm:L#P~Mo6vI+濌\0O\0fߋ?<M37>q\'(z^|}i\ZG\\>>/4msXOZ\\@\0\0^\0g|kCoGO.%kSCaIBහuXauiMkoZm\rΣg÷oQE\0}EPMO?S4oᾀ_/&[vq>C\06pvz\nݘQ-fHdl?c#~kڝhL/==\'M\'ž\rGwĺRmYɲ\0H\rRԴgGCo?xkQ/Fi/~s@\"^/>K\rcN)83	k3?|6d\"i/ê٩o4Үf#L6huoQDv^ǉR	ʣ/ß|!~|0O_|7xC>\rՄ:f6PFXC\ZLv~R\0]\0য়&/i~m;Vo{s᧊O;]3>iel>M\ZxSP6ՠ.a_^Z{0|;C$jXQ,?3[վ/(/5i¯͟GEq~!j:6Um\0xҵk\ZţױwG:کbڔ[m3gs`)i5D\0\0G/4ۇvW1}}3D]s?ZK~\Z6f<e}\0Z\0D>3V7>&M/kRsyWJ k3|eZ77j{]yw\r,r#\0y B|BQg48\rj()]gQA*\\pˡk5]6C%aHLyʹ!dG A?7oAGۗIna(#%|=NM[[X,푙x(;vڠ\r$O\n\0N(袊\0\"wDԴ˃aK;C[ӮvP%vI4]j-Y\'XUq,g%0%ͷ1ёº.s֏-Zl[sLᥱ X7|-aqn\"hLA-c fIpNd\\͵tsdY#@\0ފ((\0ފ((\0ފ((\0ފ((\0ފ((\0ޤ\nC>N~3Jj\'\rq\'ڤc`?(*(>zt̼{cL\'q>PQE\0|EPQE\0|E8=Gݾ\0\"(#+#\0(\0(\0*e\0di5	|2\0}G4\Z\0ފ((\0ފ((\0ފ((^%̶wqNג[N-^\'X\'xb)R8kCMLco 3l1X[F̾\\2JцI4nQc~{]Cƺ})J[*ag.cV &|C\r5ffk#B&}SnIquir탎KKM\\\0((>w((>w((>w((?\0h\\1k/O\0?pxƾM(>7#osiryE\',!܋:T03WO	\0Iio/+&#h_Mr+YkNW	\02\0~{Q@;EEQ@;EEWh~g^p폅o<F.# Xbh8^#ke#eʤ7v=<u	#Кe?45Q@;EEQ@;EEQ@;EEQ@;EEQ@;EERtZ}?Q\nKX@##uꎸel (Tğ	kkX[0[Ix\n!X+:w}>x/COD\Z.hr Dle[ k{\r:Xl(\"-5;;6hdVF8#XuWRRzG$Э_&wgg6ɊVm#I\ZxwLW\0\0}h>Ҭ}:/*c1%R\043`؀\0բ\0ފ((\0ފ(+47\rWL+XFe}$^tr۶.{w\'ʹ͹d4]euXky4R̈́Zrʂ*,K+w]+LD\".sΈrũ.Y/8yFO\0j+*ѵU	b:=)Yc>b-żɉ |Q0\0}GEPQE\0}EPQE\0}EPQE\0}EPQE\0}EPQE\0}EP8~TnTaW\'J\0w*3_z\0\"(袊\0\"(袊\0\"(#{qH\0\"\n(\n(?g!C\0Q:0q\0b?ӫ(\0ފ((\0ފ((\0ފ(Xtyu\'>f/y\0:mUxv໥ZcmzlVggWg;:wٮ&Fg>U6ʁ$d:u;\Z+u;:/xܸ+jȗC>]BAD\\΢b̉QE\0}EPQE\0}EPQE\0}EPQE\0o#O\0s־A+\0Ƶ\r\0QE\0?IEO7\0us_\r_\0\0Y4\0?cg_4QE\0}EPQE\0}_X-\0;g5A|@?gWj%0Lwx/᎕ <M.}}jM\ZN}m6[ӿc٫GKPm??3/a)	\'ik>^ye9ZE\0۷\0)~_u_ZM\'Ak,$72Igi+QQ&nAݿX\nf?9.\':g:#1lmŪ<-?<Y[7[TVdetfGF+)YXUA@ E\0~\0<\0O)U4&B-C_?\ZTn%<WIE\\mm<\'?\r|$??\\O\n#mZ+x\0gد4[xG{/S-t߉ǉ|;-xt>!xCO\Zį\0k^%g#h#湧mCLԬx$\03FY{;hd\0\0sov?\'8}i+\0	\0y<3\0\'B^h|o.G\Z:|ak\Z~=6~61Ak~wj:Ƈ\0XO	w|_{@|o|5m\'Y5Ռ#%WW7Ρ\rƕ3WdҀ?j0|gK?|=ŏ<ᯄ}3!DwXu[h$(aӭچtcnnL?lo<9\r|M~>$<$F_FG/^[O֤I5Q\0\0_Rϋw\0j߿hFAG3xmx+;\Z׌mĞ%n#Y\0lzEqoWV_O_]xٴ(Cx7Zh4S7,H\0N?8\0jzïxSBk^]ߌOOj05Ǆ#\rI3^maD\0%Z{;9ẴK{[yk{kY%x%Du)]YA\0El_ښE\0z3]t&og_\"ucw|:]J$>*sGmG~(κ=JȾ5T@;EEQ@;EEQ@;EEfڵf0Muyu;l@edjڵf0Muyu;l@edˑ7W7}GLä0E<WZʖQPYy߀xN5gk`\r܂HtJIj6\\\"奾B-={{x.5袀>(z(>(z(>(z(>s]%{}OLzgy#wա;l,7n ;:(YUxKMJT%Ve$H6mgujkD{ Դ٢QHh,d%S`A&Ki{\Z>r,XVl_1qTO2mۭ.:tPEQ@DQEQ@DQEQ@DQEQ@DW\'e^kKE>YR(Ax$&J\'Ҭg>e֨ge.璔?k;I%pa`%xΗʘ4TRSOEQAQ1P,qEj8qƊ\0UP@\0\n\0((\0ފ((\0ފ((\0ފ((\0޿>Ȁyz>((K\0$9נן|%\0U?khz(>(z(>(z(_Pn+t=Sauai	\"[k]Ϭ̌,,w`\0Rԯ5;ɴ\rc]o[UY#ѣCK@ᢸ.\"`uVkkwE\Zq)b\"Fٝʢ݉gb\0K1$U46I\r!I$F/4!in.n%ffyfI7z(3=.X{|Ahh<3*x@$E \0yLl/Aם`N+oi\0+lٞB)<#pOK^2C_:t;.`p$TFA\0b㴽ZL#u̥E֦khhm5p\rĺc@;EEQ@;EEQ@;EEQ@s{\0?v_gɵ\0\'h\0~џ<c_&EP_\0\0d9\0dOg/_K_FGGD\0~{@QE\0|EPQE\09lz7\0CX<MoƛKY6ѴS\0ǅX\\_<M7*Z h:sGυ][Ğ$ctc\\5N;=7I>OS.{cOwW㶩U]l=Gk~.,ڧiZvD\Z|Aguqfq\0ߏ ?`w7e~^2Y\ZgnѣA6IuiucWn\Z-+#mkI\03z7S|ExZ\rV\rWC>\Zk%8\0&nD&x܋Xj?J\r[\0W\01x\0<f˝&9R>\r)0O_x\0ZL: P2\0?jGg\'\0Ȱ֚˺׈5xC\"K۫_^%=/mLƿj]42bF[Tu/Q5Q5Wum#VnetSN\rF/l)`(\0_vgI\0Lz;A\04~h!榯>1-1@5h_: CIbּe^;7o>&_Z/<j4ص\r2hTKK沿y쯭,\'N5>!\0/ov׉Cw 6ZfivQ~4k=@ Ҵ+[Khcx-CuSCHcH4by5HV[m\Z9.Nm]HGW\03A?j\0g߃X7u[/D|>]eZMֵ+k_ź.ص]?g{\0 ;P\03\\|CGD78|-i){@a)qkxM>Z{vuo}kڗ\0V\0\'\0|#\0:\r\"@|3Zh鰥iv1gcgk\n*E\"Ke\0\05\0g_ᧄM;\0Kާj87/~*[tfkI>5.;)Xs\'iq)IO/<C?|\"K!kUt*隽ĺ~nRJ-m7V\rCM?ޢ2?_I7\nr\0	[?|z֟e\0\Z,ֳZ^x\Z^xƕǦxL\0\0?x?_o^-OxFoM\\\0wQմ=kL綿5+KkI,\0N~ޚ5K6m6O|l|idV7\'}?L\Zm?-軸5QP/\'\0|C>~~-zTW2x#⯂$\r3ƾ\n?X]yf\rOLGoWDmo]:\0<\0l)~_cj\0h\0>\0gŏQ>aDG&cVfdv<jcQE\0|EPQE\0|EPm͆m[jp	¨\0I(\r/KM{^D\ZG]7MWY|?k2xuw:gf&UTM5\0OEEQ@;EEQ@;EEQ@;EEQ@;EEsZGS.٩=C}m+Qesۺ8`-捭ê1cXSd9,dl|xYnyh9<d6Z&1j\Zd\0c֬6$+5+̈́)@&n&&Iza\"J1I,QY3]D\Z)]T:(>w((>w((>w_6=ʪ*pFr!XpMI@DW+:dcGgSd\0c4dIiv,N1 uTPqEG0ƑCHQH44@@UP@\0\n((>w((>w((>w((>w(\0MvmoB\\[ft;xJA*I&ӥ*4Ls^ؤVZerm|NQ$^T+\"rG\"3G$nF̌\n(jZݔv?o؈\Z=bGKyѝXHB㏠(4Y\0$~\0{N?L>؇G((>w((>w(5[!ҧK&˼Ԙ#PCjgDkZngaa$I#y搴7Mqq3<J$ěPQE\0}EPEP\Zmevʔ$WJ4wӯ.2 -/R5\rs eEz(RS\ni&.n-Feg]g-m$oI!)c!d)p9V\02W}x{epu=\"Bb@q)a@;EEQ@;E>.EtYk8dSooeϕo䓵^Y\0|xq:,JC`]9p&Ȇ	$\\4e!r־-J,|^tk˩Dx%IP$0R0tg*ǉ<SQoxekE:P.UB0x1DVe[05xLxbXO&wp$QH3y\Ză2+!c1{rG4i,2$H7WDatu%YXC) A?дx^cn\rqz[Y\"YfJ1fHaUeXˤqP[l\'VY>!PL\ruplbe\0dJ\0\0_(G\0g}J\0|__B??n;W\0W?k\Z\0(\0+/&o\0\Z	;\0(\0i\0ـ~\0οh袊\0\"(ꖥhvjS]j7Nmee7SD#,0E$!n-KN4CIԠ[;Tӯ]	-gEYH٣tuJ2\0\0k\"\0/\0fk\n|@񟋿d^=CP?!or\r\'[qi\0:\Z+M:ٴ\0-s~\rw>xG/t+^)\nzJ|7VhmqZizVkmccgo\ZComqFtQ@DW\0_~4~_>o~ Ri֧\'ĺGpzZo<;v]4@+\n(#jw\'i/^o]8X𗊴fuu41x/Ovxž,ִxcZΫx_֯aӴG,P;{;+XhA\0iڧ\rm#KѿjƔУ(L03xszO|=a{+,\Z7,lnaim?e?$\'g%d>dχw1;/c;\Z,ݟxǉs\ru\\KZtXK-R<F\0\'Ǉ?M>o#ah_|oi9[&¢MyớssSoeoZ(~t9=S==y?\0K_VC_<|,|5/xlEΩP]K/گⅷ mnl]zV%/vѡ|94־_s[xK[\r>\"J,[>)af@mNkO-ZJ\0i6\0$5(\n\0ٯ¾WƽCO|M4cyj>$ծ\\\\]/m60rǳT|OW?\r|0ϗ4_hC,UZO.&|h(>wE90s\">(;,,`ӌZ>(z(>(z(>(z(>(z(>(z(>o\\Ф\rWK+#Gc{2-ۦ-sg9$6PUJ(YTI	5+&Xu\r:U\']|»$1t\\:.sֈגGie{K\0[J6C,BV*$sa#g,[N̵E@>(z(>?n//YCC=K[`O 征v&nIf\0ꎰUjO=V.\0%dh~~,|i[;J]I߃P#Yd9I\nWxVּAGnN-IE)!@E_\\KB$*B)eO\0a4Myk3n!\0:z]-t\r\"[M}yq,M\0ym֩4suU	f47+KƐY	-c\0\0l{ᧆ7˭^^-:kX\Zif0n+6ռ@&WPC6rxz;\"ԯC5ľzq3*yELYj7Z\Z޳⮭Zھ0{WXuWhS\0ѕ \Z\r~۟55\05k[kmS_~+hZՓ;{+GF9VH\ZGh1 Ew//ഖG[$<-;{a{>^]m[~~_ys?Nf\0(Hn>x;e{>%x?R,fH^VԢ\0\0M+\0${qxk]~E1{M.%瘐L?S^N<\0gx\"嵧1Vޅ֋Y:Vj:^ĳ_iri{gu6:0$袊\0\"(袊\0\"(袊\0\"(袊\0\"(#+#柨iWp2^[hYH )$n!(H=.떒z)*eִy;ϛ؁nt,4!i	kb/W,/˸ol23.-H!\rDIc,\n(_֚n\\[F&t+X$X`I,M:FPdMi90q%\0U?kkϾ\0*e\0di4Q@DQE(9f2Gs_|Ӽۀ3\0}O\'̎~Z=Du={}EPQE\0}EPQE\0QE\0}EPge{U2[&L7VA1\\|2Xu i:~d3]t]B,`g\rqPBuJtUU%r(Y)<f\\А@>(z(_^\Z.\00Ǘ\r,\"CH	-#<\"rRfnT)tRD0GXy$l|Fey>xΣhl\"hJ[(\\\"M1ZA28N,}½jEc\rѕ6ƍvt$Ul)\n\roxS\'|(n1	k]\nՉY#T8{|o+2-MjZ\0V<iԵEA֌f!m\"K\"9xKsag伵ukܛх%^ItYUhz_~z|i*;fw{<&$iW\\\n*+\n+sM;7mpVg$nĒI\09H@x]moq>g?y$$+04A\nySj( 8aԎ($qDP;\0IE\0\0\'h\0~џ<c_&_O\0geF|@Q@Q\0\0?A-N1\0Y\0~QEQ@DQEQ@DQEQ@DQEQ@DQEzn=խַ͍wPqkukqCqmso2SSC*4r̎A\0oxK^\0	\ZÞWtO	xSd^FkÚmh|9o&Klm\"\\F8tTQ@;NSQEG4Q@>p\0@1/ 3藍@(>w((>w((>w((>w((>w((>w(5[ǋTҧ6:?\'\rYYQt5~\\[N\0GԛSwݬmg{=F͋#Hnhk{ʚQމP\\AiWSmkm77$0[\n4O<21F$Hʑ3\0\0w,?~&ӵZM}\0՚j>q:sޗ^Cnm\'=Fm\'\Z`\0G\0\0J&A	\'~Зzjkk[qcB+YS72Jj^+Z~H\0\0Q(ƻ#oٛ}!Som_W]8-~%BYgktSC=#5G\'OO\Zx[w|Cx~%/uڵkZ:jZ_K-s=ď4I#:\0(\0(\0(\0(\0+\0~?Njvo5Zύ\n4{6y~oۼE;\0xx`\0`~mQ@\0\0?c__?c\ZZF\0x+σ?H!w6:^oFk+B}O0\0Cg|!6~:>?~%\\\\\\Oem쎕yy+|JaHg>t%Ɗ\0¿e\0FQ\\¿>8|:ſ>5_>mC\ZxWQUе\"r͝@uM-F.>(z(>(z(>(z(>(v:mUʹHY7\rH4nAWK-\\Ӽ+nRU\0sCy,2L.\"\ZLLcqre9(>0q\0b?ӫg!C\0Q:\0\"(A7QϹO/\03>{\0:nuoN?NF=d=OdS۠\0(={?ێPQE\0|EPQE\0QE\0|EPQE\0|HV\nHV#pV#+23\"[\0:P5=FQ,\"4\r!)Eg:&uKX\nEǵP2ꏼ<Ѱ+IE?<;g8!,/p[5kw\"g3Ѵ7(wZW:Ɲ6Z^#BRJ +5V^?x@8	k ]a$,Őc@Ytnvv\0He\0\0\n,QgnIԣBPAF7E4$YXЭ<o)t|7gM2kf[k\nbMvKXVAs\Z>%ƣIiS\"}cF6IL|=\"W;$s,r#]`$VRVD@\"\\H3hZ+.<Bhc@?r\Z(e#9袎X4(HB\"\"Q@U\0E\0|EP\0B??n;W\0W?k\Z\n\0\'p~ҿk_ EP_\0\0Y4\0?cg_5 ?IEO7\0us@EPQE\0|EPQE\0|EPQE\0|EPQE\0|EPQE\0|RWq}{*pC<zqQ@>,\0Ƽ{gz59z{EQ@;EEQ@;EEQ@;EEQ@;EEQ@;EEQ@;EEQ@;]5gvTDVww`fb@UP	f$\0$_\0YM?كf\0r׃|+\'e|k]?W\r3Ðswv-\0/8\0:nq~~3/-@|z{M[Jݒk$~%$It>Eh\0(\0(\0(\0(\0(\0(\0(\0\0\0t/\0%-o?>&i>.|:oVXEVZW4esB3{XmrkZ>(\ZW?<iCY7z</ݭ敭躔{6eftح=V5kK=NS\r\0~_dO?G|E7yMh..f.FIOѧm7\\=x.(р*	A:>(z(>(z(>(z\0\0w\n\0\0(\0(\0\0{J>gmz\ry_%_x3\0Q6>apqi C gz1/B=}C\0ຌj\0(ˌmA}?]*:((\0ފ((\0ފ(((\0ފ*9f4¼ȱ\09r@}~]I@+q4\nyǛ<2*L.(aVmB54ۇӭ+s1*8O2F_=ܗ[;<=v+Q~вa7B;McH)X$\rs\Z9RdNu*܊\0N\0É?./,!]sH<\\pF>\";1t|Pl_ao)\ZzRX\"60aOMu͝\\c\rn)27b9f`_5x~;~ŻζzŇlLVKˡis$-mDvv&j\0_AuڅƧ][S]2(\0t,\0s!ThՕU\"*ª\0\0RUe9VdppFA-\0|EPQE\0\0\'h\0~џ<c_&_O\0geF|@Q@Q\0\0?A-N1\0Y\0~QEQ@DQEQ@DQEQ@DQEQ@DWp{j[\0\"__¯r*Ӵ21N$ԵKYi\Zm}kzfj7V:Ǆ>+\0 Iw^4fw\ngLu{W4\'Ks+x$sbC\0\0e}hZ\0_~|%/-Ɂ&ċ4freВEE7^,Rg\0-ֵ\0\09hO..l]jK,#T/K\r7v41^iZ\rWėxakQpO&ķ?=Eewou|]eܡ%?[]J[A5ϝA+cԌ31\0X\\\Z}գAskw[Lʓ\r,vᶓ[\0W\0~_o\n}ahgӤg>\'E)+4.M\r>_5vͩ\rsG[Sh\0o\0da/*?m?45u?~\0c#¶˴]^Q6~*lxcWxj[+]KT.?kM<MnM}^*t2#Rb	rQ~#|@E\nLU?;f_w>W\'iޑqkȲ<o$/)1\\<s\0%|RG?ϯOʿO\"Y|}?	\0d(;|6/oK\0:}+~7m|Ommً_\nZMN爿t\0[Xy΀>:iڶ}gZ]֣zZ~@7׷/R\\]]\\IF\Z3\n\0v*7WIǿ\Zd\'xK/\Z5͆{V%[o;t$h\0\0i7֩?0𷀼@Z׊i\r\'\Z-P:]z|\n-5Q\0W巍H\0S\ZVݙdOω:+Iğ1)6*9{?jO|A:|AV)׆մOkici]o-kv*\0\0r\n~Q?eڟƭN\'|m4XIS{˧xK\0-kGx\"I[k\0\0_𖹤º\Zxhqe:=YΉ576\"mD;g_Oi\0RTL\0js};ik}I*FVPᶺH7/|ꢳ4]kG&úx^,5]ouMZKX[IeQ5)༰k[YHdG:tEQ@;EEQ@;EEQ@;EEQ@;EEQ@;Ewk\nW%/#:n[Ydm<7QSq>2x/Xo;Nռunl΅˭\Z=kX \0x_<m<KxǾ=&:|O-BV5Zvin\rOQ^iX\0\0(\0k{+mkǄ-VI*BA4t(Ӭ>MԠ[i{((((((((((\0RW}|nKjߴ쏠6^5{>\'/Aq<߾ԵiI\\OxX5oXЯ\0f>1\0t~۟k?׋lxAI]-$ռ)}>5mBFK<\n|O/%xZ\'!OÞ9g2XkngwZ^T5;g tbq@GEPQE\0|EPQE\0|EP\0\0\0\0QE\0QEtGMZVywn7btlR%Ycy\n+CYoR_\n7/9/1{f#h^SJi\'[?	#+pCz$(z(>zi1?iQ@DQEQ@DQEQ@DQE\0QEU{[4n  yʑ\',>ge	af=[=2\0RËlFܥ&i2~]Ku\0{jqΙYZYinkn3P:mSOBmfHXcsNH1D%dHBYeo4Hw9mu+dP	݉H|5g\rƻ-A\ZTr/xC\Z\"k*`i<)-%d>kw\Z.rM\ZP<me&\0ŀ-\"DVx![{h&FXP\"0+)?s\\|!mkP[\rAOѧK<Z޻.|8Xv@-mV_x\'4];LzT6\ZI ecm]aKyoue	/e.k+OH\"W\0R!8( di=ğ\r|3GOUQcˍP$_2F*Q@re%B·vtlc3L夐a#EPUTUE\0*UU\0{\01KEEsis?w,b+,w\0$Ga,$tVdi:\0ފ(M\0~wߴ\Z5#O\0s־A(	;\0(\0i\0ـ~\0οkA/&o\0=ފ((\0ފ((\0ފ((\0ފ((xmm-aTifyeaZIe#Egv\n	\0?\0ğm+~i\n.lh;\r+*Y0>S\0uvPKss.0yF#Fz*b@SګWosPt~;\\Y\'.)Kym2j+hjj︺Y-~Oῄ_K,7^&n\0sVQW]z;M@YByv\ZNi~5nOo:.<amR7̢٣.<V2[Ώ(SG\nDM5D>jIluxwEKyڮaKUVi(Y->kwY{yQC\03?\0Omu;>X.6=}6cBInaGgu5YY}?ĿlHt?ڣj/zޠ^/7x|y~\0ei=Լkľ|U=ϐ<i3(yh1Đ+tb꤂76 FL&fS	_įx\0ognq2_ZMڅuYK	m9U,#?_BG	ɨ~؟\0?54~	nuSCJn5;>\"n-_\r\0G.]{Y$\0i4_x]\'&9}N#&flfi-4vebT4\08Cg~߷};uwo\r]tψ\r\r],^-`\0\riwZ#~HCs%ԼorϊE\0חBl#7H7&7p;P\0\0\0#ߞ#_/kZßأE4KQ{3[Y>\"_^%Ԣ|Iդ55[ج!Q;xXxeT7HWK0+K\0@\0?OVZ$M\rM}[Cs苪1\\>y[tzCc}k:fy\0Ii^5 xǝ\0Ӽ@5|4fzEp]HLEh?\Z	ᆇ|B~/O\0IҠ#j=$<qG?έ$D}+o\'eίuk^ï?𷈼o	j׺|!Q7i5oiZ<7V7\\*K\Z\0si7U%g\'s\0{]a?<Xuޣ;_AZG<W[S\0hWO^#\'5kZ]h*𯈴t{Q=kLOP;;[;9\0IB\0~?\0jŞ\0sbQbO|=JYMľs<!zAH4QE\0}EPQE\0}EPQE\0}EPQE\0}EPQE\0}_V?&\0x~\Z_Cg1/#]|_W\Z֞9k6,G7W(!F=_\0cFUe\'qgnnbоh~eVm7\ZĿ_D\"IxM1-K_{wjz3^_Lww%ĒOss<M<<;3\ZQ@Q@Q@Q@Q@Q@Q@Q@Q@Q@\ZfKG9%}_GoI>\ZS;K~\0e>j7rmXI#ǀtt~yMaJ\0?_):T?/V-)1YAc-\njr!$\'|JlUcK&YX袊\0ފ((\0ފ((\0޿>¿>\n(D/C􋉭FvR6y/;Gm,AʋD)@w]_JzK颺Q9\ZKݝ%dP\0i#%ĽzDѴk9LzUQ$ɰ2csB#9;w_7u.O\\HQŤ[202FJ<+4f\02;%)\0R¤:Iع\0q1H\0SS(voYv>әrI5ן|%\0U?khܻ\"Sߓǯj#B2;GׯEzc(\0ފ\\dgӨ\0JJ\0\"(袊\0\"(袊\0(\0=sWt}KYVx4I4*)~HP<pk4?mooTϦocyd`VJp7y\ZC*|].5s(0.\"Y[Yg_m0o(w_\rwZ9^m:N?`	 ڼIk,L)\'v\0>NAaI֬bVB,I\0,dwa\"ltMCvWF41uwj72hI\"wa22QXW]][[uu*CooK#UXFw$:*W$EMowV0BucmdlH}0>nkz84Fw`SϖO2(8بe,YEQ@DQENZ궒Y^#2`K$,l)煒X\'xՔd`pJ=^>e˫+U9oCq+Z1Kܮn-N]&ZPfd\\Wxn!texxXiZyE)ekֺ`5-^mRPÔ^?\0h\\1k/O\0?pxƾM(	k\0(\0s\0وȟk_k\'?\0?]\0ފ((\0ފ((\0ފ((\0޿1೿f%cJ}?]/xkQVK?>,>a>9\r\ZX#@s_͏A[_~д\rC7\0k\0	=G\\7*)o\0i}vړ_kk:^Y\0}wN|+&\'ugIA_>DhE&ԯ K-_ĺ恤]\0S	_	5xk7°$,Yj0|601^\\	5i={J;HnoXi\0[zW?O]|mށwĄY\\Cio|֡\0]2_|_>uqi%ΠhI͠OeN	8#?4*@a=WJqb\nznǠqTTEpW!/Ɵ>&xO^?<\'@.tx_ĺmƓwGueu4k4Mż.-(N\0\0O*g&gauOx$gMwqCmm.k|T֖YCO\rx\r\0UuYd_?\n!w?_E?m-=k|JG/nUῈtEhtE\0&w\04\0+\0u\0Og-Z~ǿ\'7%֚٦4Zel.OrL-u=^%_փ~)t_xkHԼA?vFԵ}o[!#Jӭ#\0Rԯ [ION\0\0\0h~g]6D-ďYo|u񾝦xInk{\nm7mqOhsy>4]ú6~h\ZehU\Z~UV:nXZYZHТ؜>&>\0\0]yFE;G\n;e<9<VM%{4ih	OXMOO85׀>&8\r\0gZ:t%EEsisC}vRiƗugwwm_\\\\h?i؃_ԱxZ>_6\nj~(mFPG,:wës%{o8g|g?l~[I.h47|5Pe~^Y%[\0\0\\pׇo1-\0?\\~̟UؓDc|p~c\rq9%cuDK{&hP(z(>(z(>(z(>(z(>(z\0/;;|H\0j9~\0~h.b(5A|dXۛ/TriTۋwo\0$)a}&}Ѿl\n6	ᔂ\0k+\0[?nwKŢ|coܴ:[|?𧆼ke$iN$+oڴk1 Q@Q@Q@Q@Q@Q@Q@Q@Q@Q@}\0?\0\'~/%ج!S>\"$7!oK|enQ&ē+53Rѵ-;X.\ZRү5->7{k.%I\"fxVDxبTV/IPA%:kPJŪ}:|$I8~Ve%x\"(>w((>w(\0\0z\0\0\0z\0ME=\"\rB	&7Wr\Zrd`Eyy \0@ֵkbӯ\'ҴKYz^a#\rX ie$2?o0Bv\0$ǧ<D\0g*D\"i`Ѷ&6y׌!_UHZ]:i}>wi		bUFEtpm,$7ȴMzyuݵqkL<cBᤌ:.(ؓT>-7q|%x$uYf26h̢Ï?oSZYf.#7H4\\`wd\0kW~m7VNڬ\ZuAY\n*0ѽblx88`\0||2[=s\0?+9g<uךY\0$~\0{N>(z(>(z)2?=қ@DQEQ@DQE\0QE&FH\0@9\0>9^\\\\xմL9mC\\Zd#2F2+\0\Zе66׺玧4hg\nʔkKͿ1P.6^XE~;kKXx\"Pjt\0$I$8\0}.ox_PG}  T0mn%Q2s	[z(>(z(>(}OK6!Cdec\rʣ(8:fu^Gk򩹐uYen*GQjp,{p@:kexbiʄ4S,OKVԐ@?o\n\0\'p~ҿk_ OlC$;\\~<d4id \0^B\0Ĝ=\0QE\0?IEO7\0us_\r_\0\0Y4\0?cg_4QE\0}EPQE\0}EPQE\0}EPQE\0}^olE_\0~ O~(ֿf\0~Z_R7ċx>,%HSÚ?<α vgG/,}դ\Z5wDi*RAwE$W,#Q}\0|Pz\0V \rAq9鞽=>(z(>tIHVGGP#R A\rP\0H~>;#ZxOj\ZmSTԮ3x>_G+OG|1,VwyF?3\r\0n\0>|s|XkYà\\	RIx~B/#_4=j=-|OkJt􌦛٥~E\0}EP?{OLzQN\0>\0$Υ~~\0~:ό\0tc~K~07m\\jS+¿/lZ?|GfZ|>*~u^PͿ\nlA_.K*/m1]iZs43o\nk_<-eGꐣMh8xǾ	wt/~\04ѹ\"m51,Z((Myo߇7_\n|I{)_{o7~-^ᛏ\\{Kk>.7A%DLy=J>(z(>(z(>(z(>(z(>F\0\0\\?_w\0?6+b+	c	Ia\'Y\")<r\"I#::254?p\'\nGa%ƋoZfAkzbԭ|Q-ңC}-qoq\0~4E\0QE\0QE\0QE\0QE\0QE\0QE\0QE\0QE\0QE\0QE_kSӴm2Zym $?2yc=ۤ3\0zWVOٻ|M|u>|(]ho4՗z\0N%5}Mf\ZV.X׷81j	亃s2Ksaoa|$n:ʬ/\0V\0|EPQE\0|EPQE\0|___@{QDSGuvXp]$k7=?<q4ca^amE:\0UghhYOF6mvSVvOq좍-v%*o9m\0_%_x3\0Q6/_O\0^@;EEQ@;EEQ@;N OqQE\0|EP&A\r_ťq8In@!-l-C,)2-Ķ&`.o/_QDo٬l foi^|m-,,72Isq+]QnFj>{$Pă1idG-kڱfwiK%RW(\0ފ((\0ފ((\0ފ((\0\0O\0?pxƾMo>G\0\Z6\n(\n\0h/%#	\0f#\"?|=}\0Z\02?\0b?\'\0v(z(>(z(>(z(>[VѬ xci.mVVWR@쁙M[VѬ xci.mVVWR@쁙q&<CA4-$Y|9k:8Rbn;5=M29}@/KM{^D\ZG]7MWY|?k2xuw:gf&UTM5\0OEEQ@;EEQ@;EEQ@;EEQ@=gw:LapF09 c\0ފ((\0ފ((\0ފ((\0ފ(+Y|i,vrau]&4ɐǢFjzLQ`~]]1,Yl#è0G/Mi!WDբ86=Ÿn(( 8`4bE(BGQT8B\" \n\0@;PEG0\ZE1\"QF#8H\0TEU@U\0\0+\0O|;\0x;/*j!WzynTi\r4\'~౼#hI?<iğ\0dGUſkum+ⶏi	^rd:vzΛi 	<t!KEPᢊ(\0(\0(\0(\0(\0(\0(\0(\0(\0(\0O%\n_	|$koԿuvwkx7m֞5۵\">t3b\0C־=o/xNHk[_`>ӝ+[6@Kti\"2B4QE\0}EPQE\0}EPQ\\]Wrz)b*βakj4sSakk5-JS@&0	UU=\Z98\Z+r&\r,->\'[mֶi_զzM6m@,I$1yiKqsq+434HI\0Z\0(\0(\0\0sOL>؇G+Y\0$~\0{N>(z(>(z(>(z)ddv?Sh(\n(>w((>w((>w((>w(S+\0Ƶ\r}}\0\0?i_\\5h\0(\0\0N\0,`Ú\0j\0o$	\0f\0:9w((>w((>wM[Nl.⳵E\09¤hQT\0x৹X\rqKŶ!BY\n?@ \0Zce{A{i0W,822zVks=!ҠB1<*r[	}zA=lv0aS^lQE\0}EPQE\0}EPQE\0}EPQE\0}EPQE\0}EP?{)?0Op;CZ\0\Z(袊\0\"(袊\0\"(N^)xc߱hjִX$RrjV+M534KrMkjȚPqEG0ƑCHQH44@@UP@\0\n(\0p~\0OڣVyI+~7é.L1k_wV~;Wq-Ex^.H\"P4ߠtP	jUY]麞wsaڅws=ݕGqkwkq\\OsA4oIs<\0\0Lŏ\r]F|[IO	H\ZĚkXQX)am(\0(\0(\0(\0(\0(\0(\0(\0(\0(\0\0T?cٯ	`dO&k0Swt\rFψM0ߤ|FXPs)!.xJ<qk\"TO:j<_s(Som&.tETU^j\0_׃\'|_\rh^\r\Zg/.DY6\ZNciagf1ƅ2@>(z(>|LnX--f5uW2dd\n^ER6.cΨ4~)hBR\0÷C$Bʠޘ,c%FC\0C+\0UFApA8\">-nm㸖Igycd[D$~l,Htޣz246I\r!I$F/4!in.n%ffyfI7#+#\0(\0(\0*e\0di5	|2\0}G4\Z\0ފ((\0ފ((\0ފ((\0ފq\0䁎zoM((\0ފ((\0ފ((\0ފ((\0\0O\0?pxƾMo>G\0\Z6\n(\n\0e%f5w	٤kK~?[w$)btzO-\rq,\"NN+TD	Sz[N<C WZm^w(sjJ¬Jݸ աDB#;\n\0ފ((\0ފj~g-w\r+HUDzIFق$⿁AWΒ dX̆.\"p%*F1`\0=z>!^W6૥,4Kn.2r)\0:ucce^4-3Yo5Zi1\nj\0&#HJTW%bTy\0n4aӼy<;)!.%>Y^;\n|߂/vmV[Zյ&IDfurR50l(@>\\ݽù=&i5MusyxͲ		\n*Q I+)x/#}F议.r_l[m\0+=\0}EPQE\0}EPQE\0}EPQE\0}EPQE\0}EPQE\0}EP<7v?=:Oa\0>}}	>ƀ>(z(>(z0>f#;F@=3R܌4w#|Q@<G#4w1>J\0\"(袊\0\0\'9߮|Oӣ\0?xQ1b;ݟZ|[4bf8-.\r7OE\0|mǞ2_+: =6\ZK]6Ǉ<OB}/ZrX%ՅH\\#5uG))/>+x7e@举Zt6v\Z;;8k7Ь|{f!5χ:u\"O&\0?B((((((((+\0mS~_l\0kO/o|;|x~+)nw{Vp\rMQ /\Z\0e+OK?k\0蚖jbso%\\gg;^w^7\Zyj:~MJ^QE\0|EPQ^}?f}CQtM̰\\X+Pl)V ]fo[Yխ.m-;ᲂR)nR\n7/M+>\Z/^{{gn);r䕂9_2Iw-}?xLԼ*\\wڔ+jdu\\YH\"h!kB`8m6_|MB\rMͽ:t%׮-I[e0lR-\"5՟dw=p\n\\GBk{\"	Sl\\쾃\'^mZ<6g(_i%K3scXe0i=4qV	f\0Dv8`NWQ4;KYëT֮e(%1y>[fN#0\08J(>((4Y\0$~\0{N?L>؇G((>w((>w((>w((\n(>w((>w((>w((>w(S+\0Ƶ\r}}\0\0?i_\\5h\0(\0\0N\0,`Ú\0j\0o$	\0f\0:9g4=b[H$*$C,RCE43D$SD<r#di0v\rVhxໂ9!y(KE.@(tPQYzd\Z[[A;7T,q	\',®Af\0<.{幕d+H8i\\FmR5flaA8kupxnEeu빂&ghME\rqP\'ok=ӤizY]juur7~𤑳B[dXƃjKET[k[æ[y&TзnVBF/ugǈW[#\rQ5S*=yCpV\"@HU3\"yJ67kk_[EvBGNh\0@!\0@>O4m@CsG.q-#\\k+)Ȳf%\0Hy.\\2;ɳ8{\0|4nwW]EŰ#\n|ƍPĸ۽,67BAe&CI\'R}=F4EqYœ5ޑ8j*E\0|EPQE\0|EPQE\0|ECqq]O\r2\\\\Ho(M<HP\ZI#*F_\0,4\0c+kU|\\f߳i ֓B|Z0,Z|m-\")-u\r,r*\0RttIc5gwv\n31\n	f$\0$+k\0</\n[]SEt?Y[BdY;;^xJ9ZФPxgw5k	{=R;g-\0j{˛?]L&:wď~2FhU-/Z7kXt+8Yݢ Oۧ$Wu%\0Wq{~=>x>9^K)-C:TQ3IkpP\0\0Xjd?c7\0/h/3_\0OWQ@>-]Gc&^#C7$Þ2Ԧyk8,V@i\r3EqW<ƓC4.4RxD,G\"2:1WRI\Z\0\0wG`\\~߂)o0?ş?D;FSZz\Z4ZygpQ|$\n\0\0\0m:+\0e?;C\nOFm;Jc}\"^\Zxzģgi~<k`Iu9}Q$I?b:	ZMxO_u\0⦪֖|t{8j\0	a>4 >\r:	\nƺH>\Zr\r=ѵzN{VuZ}kF4[M.,7R{;y#im!t)XPQE\0}EP$s{0:mPQE\0|RF\0琠`z)c@AfxzQgd}?\n\0(N8ӊk;78!9$3I@DQEQ@DQE5$VGUtudtuee VR F)P\0\0ȟnVY\0x\"Uj(\0:Oy?T\'kW}K\r?۩dtc/«eԴ_ἓtIHVGGP#R A.w\ZEi\0Γ\\IlD𿊮6uk\0\0坭x]W_ogƨq\0M{\r󺢷UOxĺ<ms>.{&ү?h\ZΝ;j\ZVP[j\Znequgyo\r$+\n(\n(\n(\n(\n(\n(7\0Z.)DܺW	-&xwM;-}WN$_?7kL?,[Z\0|\0(\0b\0U~#xN־_UoE|C^&Ԣx-<G⸠B}^=!Bε~|2%\0߁~o+\0\0{\ZL1\Z(Zkn٤WoKoφ\0~xC/xg?\0趾oh~feQ*<73ko&yz(>,O\Zƣ^+jzYAulѶYK7\\7\0F\0!r|Ձ\Z/iqw-ɹY´:}ɲ[I/W͸ku\"c2FʮjxG=]_T(VOqy4vp7cRi>c/Mj5-gYei|ɢ\r\0X\Z!\n;M#?=ڟI-NKyeRH~gk43<Q\\~}y㫻/\rOݽwCN`ׯ-wEc!MD#fP`.#[\0}955\'\Zg4iRPmF\nhj8ܛamix_⍆>}/Vc2P[{4Ky#++žO)XĒ.d~>+-%M\';,h`cR2D|¡9;NkVhVVR+nRn.V47Cpd4Gÿ)wi$Q]!R$\"b!AV$M緢\0\"(#+#\0(\0(\0*e\0di5	|2\0}G4\Z\0ފ((\0ފ((\0ފ((\0ފ(((\0ފ((\0ފ((\0ފ((\0\0O\0?pxƾMo>G\0\Z6\n(\n\0h/%#	\0f#\"?|=}\0Z\02?\0b?\'\0v(z<izx{+H_})qn]H_-3*WWӴK)u\rR;;HF^Y7Od4\nƬ*bO|G-Wmc*\0N\0Fg/q,ͲBJʋU-E@[𗈵mK_𵷉5CO\\OM$r[ErDr)ܳ1+D\\[<UMG\Z\'>Ə\ZЅi4f,ya? ֑,E#_hQ@5m¨.`)x\nxk(T,3AwhQܫ\nՁdIG#\0yǆ>%*[:	%+2ٗljOdH\\/TzV׼Ft1>Y\nQBJ<&hpAtYd\ZZ>$*>>dKwRD!DWusv\0 \r׳Ph\";;Xb2oiZI_s1aT*QEQ@DQEQ@DQEy\n\0g/~|..\0W<?:Ds{v$\r?KmV}KW.*Q*\'\0jExY\0 -~\02֬\ZúЧ=qe糽MΗs\0w\0>+||\0?W$#RF5x5K#\0/ĽJYK}fSǥuwwu4WWW4773<,J$3;3@?c\0](?P4?m&o~N^x\rBHKwZ_5\rEs%4E\0QE\0QE\0QE\0QE\0~W/ۿ	ͯ?Ɲiv.5?&/sy	xfi\"Uc}tۙ \0d\07~\re ~:֚]mz+>>էbG+t]U.#![x~/> +\0/\n(DI#u9]2:0+)X AW)#?	7~Tտjowo3OoeQÿW9t+^jW:\0Dd)O߲-/<q\0^\ZGφ:L߉>}O:{kcw\0i>]o^<F@S((>wJ2}G~sKpH\0\n$M;O\0_\0(Ĭ0V\0c}ن\0M8$03(\0ފ((\0ފ((\0ފ(?C_\nϩ|g<\0geWmUM<Y4W\ZWį	,qŠx}&\"Ks\0R/6\n9\0׼W\n4o=i&	5_xK;d{WR_xMI<u,q@E\0M\0k\Z>6~\Z>%jh_	e_ٵ!Xֵ\nM\':_˗6ɇa\0i30\\_߱텤jVO7nUCu[}mI:;wKηF+0ᆊ6\0\0ZOG)E@`\'|6񵾠^O-$׉t/m	vgt=L/)Y\'ᄊ;۪~f.o-5tM70=ŝ/@4W-_n|@\0z\n~7#\0a#p	\0FwRK<xekd7T(W7A=	ZOA|1OgMė+˃Iе+ۈ٬	e3\0W%?k/\"V_4iټg&y5Η{m>wo] FO`#\0ldj\rj_%-灾i,am/>i>0\rIܴm\0\'ҼEqr}xmKX|CLmmh-N.4u/:֖mrKdO4-/Kt6OӴ>;\r>Hm-mkh#!\"T\0~(\0ث	q|k?\r^ԟ_5SiF4\0]\"g/uu/EQ@DQEy~\"iWĿd\rQ%XRw\0|V |=sz<owta%+Z@\n%vJQ5@Y||睖-*\Zn<G}u;\Z8W#[$y8<yqH\0u\nE0sPVK*7ښ8I>3\'cFs ]Vh7V\Z#l`Toc4g\08firg>W,a>4TFfY\02뛅\'kQ΁\Zi\Z)fgτ:lJAOO<UV\\Ic{Ef.IS2Kvw˨X^]-ޟatIԓm݉EB\"߂9o.R\r<]D+]Z2[Ē~]CˍWPE\0}EPQE\0}___@Q@Q@iIÏ!\0]p?|8\0iPQE\0|EPQE\0|EPQE\0|EPQE\0QE\0|EPQE\0|EPQE\0|EPQE\0|EP\0B??n;W\0W?k\Z\n\0\'p~ҿk_ EP_\0\0Y4\0?cg_5 ?IEO7\0us@EgjX\\jZZ.%|I#YQ;A5#fmԥ>AF`fWpºά[)@}~3&Evػ5Kg2,Ck{e_*E\\4sȭ5%4jy8\'^+<9?v\0_VXkb\"0.ՆAqyoZa܈[\'p\nL,d@h/Y|>_ī;\ZB!0\\YUc~dDPo,yMgC>xIԒwk}Retl\\q&IQSO>1\Z\'6[GTo5/ApC%Piv/Fikk~F[^Tůn8RUL@2\n}mkmg\n[[mj0FDBPOEQ@DQEQ@DQE~+d32\\x~(Ӿ9e5:iu}nǺ+ᮗwmZJ@\n\0 \0_~1~1[)s@{;\0<EcRɡóڛm\r͗5)</odu{)u\r2W\0ڟ\n%u\Zx+ෆ5Kυׅ5O#%:α!_k)fƚo5\ri\ZЯF#?gw|n/\0_\0y	<86\rLw<5?\"o.ZuvW.PEPEPEPEPEPEPEP_D	_O٧w|FSSgY4wKib~/\\h~.uxP$孭;Q@%\0M\0g)>uo\rl{/nm-ƧOZ.<C0mM_\\x}+Ku-fӵCH,um&KtmGL\r;P.lo-+KK94\'IX~B:!\0H76y<4Hvy?_e\"f;]i\0?\Z d\0Q[<7pAuo<3\\ŵ2A2,$K	#ІRTS.b`X|` tQE\0|\"l9_O}$L{IiR,c8^\0}EPQE\0}EPQE\0}EPQE\0}EPQE\0}EPQE\0}EPQE\0}EPQE\0}E^*~xRd2˘Uїv	O1?t\0y>~^jQ&l4۸om$dUwp\0\n!ž ]zkF_wwč+e$j[nvfCTu/]]xjMZkh~η1^LDV1)XOy)F&GC47	󈷴G)L~YF\0yZmg>Ewip%U;YO*C_7_7\0AxgQ|%mEi)&+xdy\Z)drzcrMg&v@\ZzI4Nб VS!W2˞.?!\\j)XUV\'H	1ݭ V}Y<\0gƖl!0,2Ѕ\\ѻ\0䣑1zIq/|:[߰,ayl5Z\0\"(袊\0\"(#+#\0(\0(\0*e\0di5	|2\0}G4\Z\0ފ((\0ފ((\0ފ((\0ފ(((\0ފ((\0ފ((\0ފ((\0\0O\0?pxƾMo>G\0\Z6\n(\n\0h/%#	\0f#\"?|=}-\0cCm\0Ok{/j:;&ɨ)uId	6Uɝc4)`;11Pǈ!\0~,.\r\ZW\0헖3YSNUkwYws\\=ŴZJD#26G\0c<s^xt5_oME㶚!Sp&9r|\"Mj\r7i1j\Zl3WV\'z3eWXe+2|yeyYMSZov䕾icF\r9$\0āKtx#\Z\r\\]E$	sE	,<Tx8m\"I\Z9bC$\0Az]6Z[XaaP,f,I}0(f:vC{*9\"^h4r0DK\'}?K۽J!;Ku啙*\n\rwPQE\0}Er:n}&9UiyvvzgxXvh5[x؉mkq5žT/]@;EEW7C	+[Ah|KngA{qxON71Z7ggMCI쵯Ք&=ad?[?Jυ\'>:o6s7o\\\0iV;)|C:h*OgBltYtx/{ǌ~8{<{K/%}{$PiegmahUn6Z>U0%O~+~q5ψ#k!<Cp\'5MBpGqĐ^g\rz]v:6acZC\0QE\0QE\0QE\0QE\0QE\0QE\0QE\0QE\0QE\0W)T^\"-V2\rqZӹ\\, \0zOT>a{I7kq	VܺHi#w+La$.?I#b4U3;U\0?r[V?\0bnm>*{ĦlC7{\0|!cZB޷{p9_?C\0/WO>$2\0ƺ=<%?k6 ψKMOFtlo\\gUuxlUhz=6~ZH*HKx,Y	K8eo?_?J?()\rxYƟ\nmd?­cU/k(,ru\\jzo|b3(tu#\0\0.2ON{WQ<sGWC_놟O.,rE*Cym7:^z΃͍cwiQE\0|Ez>ރ߂hj(>w((>w((>w((>w((>w((>w((8Wѵ4=2xD\"+(T%cIBEcrxϋu\0~ګ Y6lsrXZA+f8[@چkmO^FLon$?1L:&6\\z2{k4\\	-ܡBvWU(d+$$1XI\0@@+DІ.ϒ^=9\n?|3xNOb]\"me,pN\n\0zu:NR?6\0mRwZC:yʊ6\"@HC\'{:g5M*q,<dQCqbcH<a ֔VR[smHeyI\ZS\\.AaE\0|giqImuxN[u$+YDNWg2`2lH\rƓ_2AoX7nkY/u@vX(F؃JGᴷ(-\0\n,q\0\n\0\0\0b\0ފ-/W6[iݗ0]<JWJZ9IAfmxt]j-Y\'HŞbSKiDXKlUDIͷ|c<QEQ@DWWEPEP|,\0a?=Wy\\&?CuwEQ@;EEQ@;EEQ@;EEQ@Q@;EEQ@;EEQ@;EEQ@;E)P?ۃ\0Z\0~wߴ\Z4\0QE\0W|\'\0K&\0?c;|9$I$ܒO5 ןI\r	y\0屻ⱻ\0`xKe>?}%3L)\0zg-:=tj0CpЅ_[\\R\0N4MG[2WVmq6Io!?Ȁk2+Ar8ZiЖW~4p-ˤv,fF~vDp{\0\0\0\0\0\n\0\"(袊\0\"(5-2V{Kȃ|^cn!l<RʰrL.?ʦ.$ya32qEa| 5Ÿ HKNl岼W1IGxeB\Z)牖X\'x+H KQ\\q{\Z6\Z\\\ZIy#bTfiS0n?=\0૿ToJ?[^k[~M~/Cn\"\'PF_qe5t$\Zt=`,/,I])uy.JM~;O5\r\'ᯅ3Ms(ZŢxCs˫\0(_-~?㧌?UMU[Ǌ+[K;;;ht]MѴ\rLҴ=I-l,\0k_\0/|[Z<Z?Ӷoi3Or|/k94JQ\rST\n(\n(\n(\n(\n(\n(\n(\n(\n(\n?\r{\r+:0$ɧ[-\\AQ,F7TC<G4:LOiXFHVa\\ƅH@I21wu[er׷!;mmb㷶HUV\0ϽܗvcIx_TԴLrn-˺w\n/¡r2n%OP};şdx%Uҵ%{X˚Itr\0nQRA_x\rɄ;!rYQqı~a%@o:MKOդR%QI\Z+|Pθ`<Ś#uk}:1.V=ВUUxbw\n(mIxķ:OU;]de<Y%UdI6@D./O$]2\0ckK1D[ϲYPPz&i6v\0i3Yh487mn <)[-/{+/ĭ-o)%ch/Ru\0CΑ?jz΁ZЧ:_q	(־%~\'9/T`?>\'hvC5\Z{Y-|3o	\0-	w;_<uEWGYǉiX,e3Sb|Asڵkw^gk{k4)EQ@=}COO:QN\0>\0ފ((\0ފ((\0ފ((\0ފ((\0ފ((\0+Ş.ztw_}[t\n	NIaīTINrq\0KT1ϪZ;KnDbI%Th7}i5WVRXfPdd|Q^_|\'X|\\,ά\rΝtiުyJ*FKD6?AYUՑ]J0ee V Asⷊ<962Y䵣mF|:|iyXFEa\rvv~vp2 ʾ}X\Zǎ<KּDobrMҐcI\"jem,Ȉ:/Vu]7΀j7ث`CBҺt@WEEQ@;EEs58״?aI#4\Z0i|][y\\[2J\0wEVd	lc2HmswC$m%[.\"\ZmW=h{$:,vZ2Y_<fX䁉il/\"F&^FD8emY]V9cM?Ta\\?irʱK(J9 \"HQ@;GWGEPEP%\0U?kkϾ\0*e\0di4Q@DQEQ@DQEQ@DQE#aݘ댃<ĊGʏ%`\\Q@DQEQ@DQEQ@DQEQ@DQE?O\0geF|_Y~\0}?\05m\0QE\0Nf\07?>6t}SdoEQ$7\0|<i,nb+!b^hդ,|k\'?\0?Q{^<;6vЬq\\iF6p#PmDUSTPRHU0jf.eof/n#X31g3\0\0@\0\nҠ袊\0\"(袊\0\"+K7k/~7έxWBF;I/u-J`#,0Dkhhlmo\'	\0>\0j߀W_a\']x)$w\ZC*[Boao]i5V?_PώRG?ƭRxmj\0߇vsiv^޳.o=|AuyM4\0\0W\0U?h5\r)o	_\n/M#KfW=\0%Ķw<e)\'<+a%:J\0(\0(\0(\0(\0(\0(\0(\0(\0(\0(\0(\0\0j}Εrʚv,Z|ݦr@<0d>\"Za}kP|+x|\"/&;Jn\nddnJ+xiAjvuo{<ZuKyhDe2@ڛظ\0͢(\0(/\0\0bk_dZՓqdBXXh;hdFgQ=7\0r~~ֿB~~=~%|%ŭ[:$c2Xα_~\"<G^Y5;+U\0Z\0s.%>.\0cz\0>r.5\nj7O_	cL֙e	=ED,<1~.6\0~xE\0/O<_QtRYmYuM2+}KG-otVR(>yNyCM 4Sv?$>5Q@;EEQ@;EEQ@;EEQ@;EEQ@;Ec&\Ziv0VmZ6-dh[+DKu[洎pjYjW\Z~o͝M20pzC#\0A\0(;/]Ԗd!k4\n\'ohehϽ\"MsFIIcIA(IH#Ȩmm\"0]A%vdY#fE2\"+29\0\0\0\0\08\0PQE\0|EPQE\0|EPkIL~dE[URAmܫ@-:/LG4R>LmGuej#2ƛ4\Z753M<VQ\Zpet$Vx%\"\r/.Ǫ<rE%`oXJZ2O$qI]S	:Ȉ==\0QE\0QE\0&?Cuw,\0a?=Wy@DQEQ@DQEQ@DQEkiDLR]]}7Mn0!c5[J۫;/:Zy16b+@9]Q@Q@;EEQ@;EEQ@;EEQ@;E)P?ۃ\0Z\0~wߴ\Z4\0QE\0W|\0\'_M?0\0Y5wQe\0\0\0\0~EEQ@;EEQ@:j쨈UA,ĀH\0I\'\0w\Z>.Og\Zm7jq^YL\0	@}(,s~[Wg	+W4v?j߉\ZDh\0tGiw\0I.B}HGuxY\0_(\0(\0(\0(\0(\0(\0(\0(\0(\0(\0(\0(\0(\0(\0(\0(\0(=\0\06\0UY_?x#xo&|\Z^5>iR$6\rҥ-z7(tkkw\0ߊ?S/2G|9{x\"tMoI,u>aHEI濪7c\0׿:?jOxğ.uGe~V)ΥwYk҄]M7<%a7WZ\0?>&_jvZ~E徣:6i\rziڍWoum4S#R>(矽t 99Nv>߿J\0\Z(袊\0\"(袊\0\"(袊\0\"(袰ua\r7M/vg)0S@kڳ(Pkvvqu2%\0}]K5_ey=M^[C#(&Eەmm7MlᰰCobfI$<HZ[YYwGgbM-EIye\r[PtVէEIE+\Z$jYm4EfNӢfbZkvz(>(z(>(z(>(z(>o\\Ф\rWJ+اe2K-˧K,gČJV{vY+C\n\03A\0<_E|G\\?MO/l.n4m\n!?\rI6<öwI֯M3R\0&\06\0w?fEe|rЯ,.5\r9|3m?X|omcI\r΋𡼘|\"<tnc>\Z4\0\0}{GA|X6H~8*,׮7	Y!6G\r2-ZOд\r7N45z\0(\0(\0\0{J>gmz\ry_%_x3\0Q6>w((>w((>wz\Zm̰\rM#Iq#E$gH2,P3,_ZiZdy	ڋ\0V8^Yt$yTv67zݾ[kmk @\'u`}^0J>I%br_QyH\\]m4Miv2m=#L[xֻ{ S5qവh>w(\0Ӝu?.iPQE\0|EPQE\0|EPQE\0|E/7\\G۽\0}EP\\\0}?\05m}e{\0?v_gɴ\0QE\0WA-N1\0YQ\0\0?Q@;EEQ@;\0\0{	?|/tSߢ6_	4Zj<8m;T6tl4kO.0\no	,stm\0?׾+|PǁFHr\Z5%k {+GawAߵW>#~ҟ<M\'#I֤ԯ14:/GxSN{KLv.	TR<I?xZ[&WS~&&]j<A_O:޵K=jڍ^O574(\0(\0(\0(\0(\0(\0(\0(\0(\0(\0(\0(\0(\0(\0(\0(\0(\0(\Z\0k\0+^l\0_~3׬|A~̾\'/k\Zo+5;\ZmީK/6-m-໴Kb\'Xghe)cfIъOI\0\0+\07no[+/\r_<aʃW&$1<Aa6?kojs7.tIQEEQ@<?׻{CߡNv\'ק\\PQE\0|EPQE\0|EPQE\0|EK>}H\0=P@CUx-Bs4l4-JB9\'PIq3(z(>(z(>(z(>(z(>(⿌\Zϟ\n|t1cS4V)Jt7Z~Cs뚽ݎjw֖\n\'\nVk_|cj~^OMnږmk42xrxǚSޓxo[~\0\0ZE*g)|,h7.s%k#Ŭ|1tX6KyIOFhX.ePEPEPEP|,\0a?=Wy\\&?CuwEQ@;EENK/Kk;Hi#E=Trʠ@ OM4omu=Z$ݪK\02}K#\0aQ^_|DX߉+[ʻ-nw\nTHʗ6\n\0;[ln\\yn$+Ugo*PhtEQ@DQE\0QE8ǧ2GgmEQ@;EEQ@;EI2<?(\058\\Sb@iHwUNy:`}Fq$9L\0~wߴ\Z5#O\0s־A(	;\0(\0i\0ـ~\0οkA/&o\0=ފ((\0޼ŏ_ſi>iZir&=̥U湸*Xiq\\j\Z=_[Kuirm\0O⿵~ʟRAIt\0=s,=_o/{	SKİxi>?2VVڿQ\0jcf<#5|)xGW=\0|Akm=Ō\"MǌZgNGp\0Q@Q@Q@Q@Q@Q@Q@Q@Q@Q@Q@Q@Q@Q@Q@Q@Q@Q@Q@Q@c\0\0+8o/]Ǐ^?0Dt_˧Zw\02F.#fw\'Óxǯimx%	&h]c`U7Pe k+\08/ڣJtx?sFc=۟DZ:70\"ҵK&j{Vw>2\0h\0\"(~_#瞇iSݏv>Cڀ>(z(>(z\0cF?lӏN_Ѓ=xnAO\\g3קa(\0ފ((\0ފ((\0ފ((\0ފ((\0޿/9Vu\'/~{_/\Z_~!]t˻G͟?:M>).\'+;oO\0\0G	c6/n_~\0,5]\'/LWbU7?*[F09~\"t_y׎|c;ƞ*ĺǌuj*A{6Zڎj]^Mq<yw!BU\0Q@Q@Q@Q@oIW/\'\0sMA>K\0$9נQE\0}ES/4+FdiUD_r@,B YTrEy,Oko$d׺NK}NamgF#i!zxwI`wM;[cQ\n\Z\r1yHK(*ƒct`(𝝭jZ;<(1a~da͵es^\nxM\\+c`,bku.F9Sw]\'Wo|vuO4ީj\0f5;-hn&,RavNHԼ3xZԱj6m&ϸt\rc\nX#RF;j\ZׄNČ04@\0~i8!S>\"\Z5mrh%cE>WHe4Fp{>[^ڏ}:HgX#T28`dى$QEEQ@;E\0QEEQ@;GocqQ@DQEB~r*XNPzqހ>(Ajpr9\0K!eF	{S\n6׭FNI>\0(\0m;/3\0Wk\0h\\1h\0(\0\0Z\02?\0b?\'\0\0h/%#	\0f#\"?|=j(>w@\0\0^|#\0e·Z/?j\0\Z+w1k[~C-Oect#_xxz?j:(oA\0͏wO\06|yϲ~ҿ4+[<MO5#JѮĚ\'/ɉi\0͂x_<m<KxǾ=&:|O-BV5Zvin\rOQ^iX\0\0(\0(\0(\0(\0(\0(\0(\0(\0(\0(\0(\0(\0(\0(\0(\0(\0(\0(\0(\0(\0Vz蚍zW\Z~z}wv\Zi$7V77Psgym,WG42$(Q@5\0\0V_\04&~\nOk=&i+_[Z>0t,ZnoW[>%?|??xZ\'i#<9h 4[u[5:k{/VtB;b	c5an)`Kw2V:KODi$-hl!i>K^_\r4_BTQE\0}EP\0IEEQ@;ԯ(FN?0/KdQ+\0J}=\Z(>x?%PQE\0|EPQE\0|EPQE\0|EPQE\0|_\0@o?N_ٗ-MFY^[[x=J85y/~ּUƺ>*}	W\07~8i;yx[ev#D8o=Jk]+D!5jOѴKJoQ\0\0W>\'\0Ui\0Z?V <+	P\\xĶsOGд|[yi=3RѼ;ayrgmr\0~_j_\\]S;XKǀ<<Ꮗ\nL,xlidQ׵kwX5\n(\n(\n(\n(?g!C\0Q:0q\0b?ӫF2#2ƛCUIg#j`#$\0.xmy%b]K+F,@O$2Hc[jM|BsjR,2Zbn E̠ݰe⯊uWN+yI4ZձZ;Ep$q$lZ	|I?:9<tgYmAKk/*ܲ]JO$xdʥzxvv66w*zd yhx,Lq,xfM{=ǆ}mCB`h(c\'y3H$I\"Uv+~/\Z\\Zxhn%wHq[Hc&V@>@</Z8M\0k]1<ubK,+w\0:^\\V739S.$ryU\nGɅ-J|+k:4VV**ndYjd\"i43O}:0M1ֈ\"1#4\0,π݀\0`((>w((\n(>w((>w Ll7]\0?\0}EP	a{QeH	@䟨Q,I8@CEQ@\0\0?i_\\5k(G\0g}J\0|@Q@wQe\0\0\0\0~W|\0\'_M?0\0Y\0{W|a|h\r?~\ZsQ_<]\\4Eb&Y.o/n1X:MZYi\ZM}ii0G\0|}R|xh\Zi	U>+I/fouMkcwuyt0x{znJWKu~࡟_ڗT-;E|12xc..d<+98\ZY.uZ]5MB-_xCpY&ٿ=Ԍ4?\r]C+YM##XiCX:?O\Z\0(\0(\0(\0(\0(\0(\0(\0(\0(\0(\0(\0(\0(\0(\0(\0(\0(\0(\0(\0(\0(\0(\0+W|_\0<Mx34xOŞoxs\Z5WVjy:}\\[KK\ZsPpg>\r\0fOT|v#AftU|;IwE2^Q,\0iP=\0?	Iw^3e\"\\DW>2e/Dw{;F/y^\"/\"uV?R`hXՕ+Q?83Sg\'h>|:*;ٙ/|wK(Z(\0$;2ah~\0(\0\"(\0FO{ՂE8<`7`5Z5<?O동NT=>%Q@<dΒ((>w((>w((>w((>wkZ7\"h>tk]u]/Gt}.[OVյ;`Ӵ:	/\'n.%ƋFʈQH\n,Ā\0$W\0?^QLj(cn5K{_yis|X_V3jZխOE_hמ3\0{.\0kS?z~<Dxpu@xMokĺmͭg=./,>\Zx[S{]6Y[z/\0((((((K\0$9ussoeo=[ZDO<αQgGbUTI5-\0&K{[OF\nv$ubBI;s>?Ox{KHE7r_V7r,\0(m	@>b5RѴ[KM6RY#QfG<E\'3\"XIXvhxVLӧ{;ԯ<oٌQVfg3\Z9xŶ̾.UV\r\ZEc{wX0Kܕϫm\\)#mn2G1UegxXd$B#+\0;O&^&a%搌E1|2n\nFenw\Z^\ZfʳC<!չY\"k78,7T	V:Z~#M4a5|ȥ3X4U&Dx4hz5M#OW[K4)G%;Ifbqg\0`PZYF!DVc,p\0`8jPQE\0|EPQE\0|EPEPQE\0|E.QG@AE±R~54	bW^w>1H#ː\0=3>ۤf<\r?N0?!\Z\0(袊\0\"(\0m;/3\0Wk\0h\\1h\0(\0\0Z\02?\0b?\'\0\0h/%#	\0f#\"?|=֭GQ>Vկ+Ku=OQOӴ(ⶴK#Y]#FaWr_~\n-FR<Q}m| 6sM/[&!J	᷆o\r4+g$>\".w3_t\'\0q\0|nuo7ǚMe|Vau|koKy|k7\"v>%_	\0QE\0QE\0QE\0QE\0QE\0QE\0QE\0QE\0QE\0QE\0QE\0QE\0QE\0QE\0QE\0QE\0QE\0QE\0QE\0QE\0QE\0QE\0QE\0QE\0V\0|WB|ExG,\r:\rYӧK?Uѵ6{mCMl#Io,!TWE`\r`Q@M\0ƾ_744;\0Di[X_>߉|koE?R\'<%J_Iյ]U5S4]oE,mXo.tWIt4OL,P;Y9%EaoO)g\nKㆍe_\nibh4_/UCpo~%m58CϏ\0?:Xoˌ_R??*܂9F?c\0\n(6UƙR\"TEQ@;EEQ@;EEQ@;EEQ@;Ep=\0	\rx\'1FKQ\0s\'MrO\0Ӽ{:c?ۿں\04\'Qo_MOƖ7:,jK%3x/}Z5X};⟋ۙ彚[\0Sg5/V(\0(\0(\0(\0(\0(\0(	Èwᯇ<?ip2O\nͽgTd`&+x--aE+xcDŁ#UWnWA_/1\'־#?!M6\0~:>.hkZ;_0hʨNLWz/4]CRCenV(VU`%0%Rȟ\0w]juꡂ{2$M$Sȫ am<\0Ꮚuoxr[&\rxK{2;i׳51;yFYP/x𦁨ivڂ]W[Tik)t Ͼ3:\"-SNe_^XOjt\rpwq\\_HwF./n՛i	`\0\Z)URK=XO\'שQE\0|EPQE\0|EPQE\0QE\0|E.\\y^Q@<9G0:qL 0i((>w((>w(S+\0Ƶ\r}}\0\0?i_\\5h\0(\0\n\0\r[\0P~NgpS\0}~ɾ~3q>i_o?[C=noNֻgI\r64\n(\n(\n(\n(\n(\n(\n(\n(\n(\n(\n(\n(\n(\n(\n(\n(\n(\n(\n(\n(\n(\n(\n(\n(\n(\n(w4>yscʱ\\fP(!$veH݀#_Gi:E^Xid7is\\E){n|j#vIs?_\r\Zu*spUn\"\"f0&LB,mX+;Aח)Dׇne/,v3FZG%ykiaAo:GZ*,U6ګZ<_ml|)iVWweL\\k\"[!<])𦹣#uxڝ.mھ=Οiz7]KI#5\0i;\0\'پKU\07rĨ?UĻr_q\0ִW]\Zm[5%S}pj~#j-_֫:x37lɼ\'\r_Q<vF	Τ\r!\'NG}k_?m߃3L~%?ףXM|/,j񷆮k)ӷ5;KRzMu\0}EPQNp@}~5Q@;EEQ@;EEQ@;7ZA=ZC%ĉB$4QI$2hA5C?GĿ0\0	AW|77jZoggm*LpDic\0+?bG\rd\ZE_x7f:mŹ{k ԣh%-!ͦ麅߂m?C9Om\n\06<}}c{Wj	_o\'V%{[Oi/sLsc⯊{]Ky4\0\'?[E\0QE\0QE\0QE\0QE\0QE\0QE\0QE\0\rl/dY^\0vKpEmQ<WU2vukMJɜGJ43 ;3Zӵ/˔܇dޘ%T &8##j\0Ěg17.L1Fm54quUFҺgͦQ^[ԈlSQ31\\D|OQFk(\0#8\0zzQ\\Osqen\r^ZvOhᑝ)֓X7ux3Y?]wi8\0ۡ%x];@>(z(>(z(\n(>(z^	PO}Ge=88\0#)ۛ=@=\0\0ފ((\0ޜ?P};iPQE\0\0\'h\0~џ<c_&_O\0geF|@Q@Q@Q@Q@Q@Q@Q@Q@Q@Q@Q@Q@Q@Q@Q@Q@Q@Q@Q@Q@Q@Q@Q@Q@Q@Q@Q@ď\r,k<\\	$H(72e@]95h_<Ss{4jM2;\\cu\0bfB\'\r㋏\nktچM5<r!?ES&U!^Z<b,S%EFrcb:q:\'rj\n|/yd%<SĳYYZ5ط0^\ZI>8\Z߆:ω5[vU\n[XgK#L(s|b#Jpj׺.}=;Z,.Tf\" l{YIq	$I$I\'$$I\'OZJ(;\n#X\07>2Yk&x3ZvXk?AA=յtCO3i$^{\0\nc#\0O$e \0O<;zoaKkok}K\Z\'ÿ5DsY[nQx\0J[i(tEMoqqgqݤZZŵͼŽ<D$3C\"K+ꮌ\0?ݪ\04\0%AL~ʱwaF\rc㟷7ZuqCZծoN&CP|S,|F[;t[8\0doUOm0|;m4?s6>6<5/kCKM\'WBԵ]=2(xn7b}}	4){`{<@CQEQ@DQEs+g|	k>87\r\ZUgN*wjzֹ^l=Я$9\0o)?\0W/g%{Z|0>ͬT -#?j|I\\i>d:o;\0؟E/N=?I2?iZ\r[+	8~+jsyk܍\\Cki~?{W;\Zi#@Loş+3^/&I,n#;ΒÚ薅l6\0V\0\0t\0k+O<[w\'كúė\0f	k77Z\rE&k7Ŀ$!DZx<#\nK^UI\0(\0(\0(\0(\0(\0(\0(\0(\0\0r_zeݶm\\q.itB=X}\0Y\0$~\0{N>(z(>_[ХZd_B\"MRAc%s[0Ke/a;ZD>^ѵ5d>ɨZ9Sҥ.H]@<yИ!e3vktU%[]jHT\"Gـo&@-C:\ZAoHKcv-Dca0b<21\0(袊\0\"(YbY8`7iu(K,9T8K\n1\0X.u}Z}G]\ZIđjn5m/٬nw@4ؤU仝cK!)A*ARQ@DQEQ@DQEQ@DQE8u=@\0t\\,~ֿgFhIV;dL@ȪE|c_s~7wǡkh_C2\Z=|hMqm&_Y	w	Y3|Y7\Z=n\ZUK[i\\70Kp2\"^)U$FPEPEPEPEPEPEPEPEPEPEPEPEPEPEPEPEPEPEPEPEPEPEPEPEPEPEPEPEPyOብGچ-.Mý[l2C*n5[izG/q#sZIdVEYZ(\0(\0(\0HK__	|IoZ>xX4IS\":ݕ[*-\Zf/mw<mP%ޟht?4k6oj\0|7ÏVk-Ϋ5A[X~$\Zpu~]?%\0a<{yq\'sE{ȡG]qkj~[	<\'|V`+@쎒\"IȪрete%YYH*A\r:{o\0\0v_{@|#Э$X៉^$oK![φ+#	dHx]\0n\0fAio_>5y]Ⱦhx|$\nEi e{k\0\0P߽3y6E\0ɿࡐE8j4m|1A(xo8$gHU_[\0ঞ;|;_ᦸNF6K{o4l&n[ӭu	d& ׀?_(Wo[_^uj<ykK\n{=Y<C0Cvp\0G!k>\0YϏS[nL\\ڶOIy4H-\Z\0\0[I//-ZV84-C\0|_VKZjrڲj\Z޷w}^ss+8D\0;]O؇៉\0i\Zmc¯2y:CKkgv։7~[^5d,o+\0^_Vx\Zu\rෂcs֓YLh5N2׾+u3l +G\r\0QE\0QE\0QE\0QE\0QE\0QE\0QE\0QE\0QE\0QE\0	|2\0}G4\ZJ>gmz\r\0|EPQE\0|EPkz$7k:<ZkHcYc}jI23D&@`\r=fG\'KE\0|jDw}W6w*2	a+,lA k7:k:;e[Gg0V:e\0pm2#mj\r^)GzF,/y$uh\\Io:*&Y#$\04QE\0|EPRXC\"M#G.,lKRtґ˦鲨k	~1mlPQE\0|EPQE\0|EPQE\0|EPQE\0\0\'h\0~џ<c_;i\ZͻZ\r]Yn4I$y-soq,?eYf/¡oo>G\0\Z65uF<2\"gj]P&hUu\"5y-KJmn3Ϡ\\#1,LBɳ\reW9ƍu\\gen4Vڍ3,7P*N1Ԋ\0ɢ(\0(\0(\0(\0(\0(\0(\0(\0(\0(\0(\0(\0(\0(\0(\0(\0(\0(\0(\0(\0(\0(\0(\0(\0(\0(\0(\0(\0(\0(\0(\0(\0(\0Veeeb2XR0A9IE\0w1IK[XWiyDQ:e},PJo{&Kߋ	) 	\Z)JIJ:0YH 2\rEӥwas\r`AֶH05eDagtcP-eʑ8z)$2IrF#t`y\nzE2\n(\n(\n(\n(\n(\n(\n(\n(\n(\n(?g!C\0Q:0q\0b?ӫ(\0ފ((\0ފ(+wpk\Zg0;5KQ\"fo<[2kwU-nJȌȭ@/\ZS\0Ojz|.$R5&\0Q)?68`k:4C2Gm٧,Y5`u噢cMk.$2#ѵ{yɞ__F\\Z\\* 03$I}P袊\0(\0ފ((\0ފ((\0ފ((\0ފ(M\0~wߴ\Z5#O\0s־AmV6͢kiHCw\rSj:Ĕ<X[HcS{f72>׮f\04\Z\r$Isiso4S[ȹHd6ȪrH4r*YUͻڏeT1Ƌ{7y2!Uw!YI3\",ַX[n,dO:\"rv$ѺEPEPEPEPEz%axķRiҝcH.5+g`Ȏ3T#)Y\Z>>=>C#k}1W3\r[lVPQ^/º/u+8kvIS=ޖcD.\"FdYct5t\0QE\0QE\0QE\0QE\0QE\0QE\0QE\0QE\0QE\0QE\0QE\0QE\0QE\0QE\0QE\0QE\0QE\0QE\0QE\0QE\0QE\0QE\0QE\0QE\0QE\0QE\0QE\0QӥPsx0\"k\\ݺHl.@.\",>ء`c(CKH)Q7SGGU E1YHe`rH EwK[HWB;;\ZW\"F]g-N5U[Kbs	m 	)xº:! E@Q@Q@Q@i#$i%8Qy(f!@I|3{;2~3Ժ`v΂h!U$xl+R%m$?ץuMڠ|:-:-c+3y/,\n7\nX1Ouhmfk&}1.WN)UiU*%Tf	!+\0EPEPEPEP%\0U?kkϾ\0*e\0di4Q@DQEQ@DQEQ@DW/hS\\O\rm\"\\+$zwodo9cIb\'P6{+Vj\Z]o,\'ܙbբwbD*k\Z4MHݢ)cj!Gn\"g)E9,ݾ!,d#ӮO#\0$ncɹFqTQE\0}EPQE\0}EPQE\0}EPQE\0}EP\\\0}?\05m}e{\0?v_gɴ\0QE\0WSl^}RYRQDhehAN5\ZFXo:yѤQcIW̉މE WR+&mV6͢ki^;`KKF\0X>d5,fUcZ5з9wPKn!Hdr\'ia$mUue\0TQE\0QE\0Wx;\Z|MvwV9dN.5QifgF U:O.KʱZ]E3M{pmxG2̊Ѡ2ă\r\0]|),\Zlr̒k\Z7p[e&[@)-!c}iQFX(D[b%[1DvoydUOA4ݡ\0h~5/nneII/;w]0x;یa %u烼jqF;sʷyl#;,\Z0(Ud!tg\'Pգ[=Ƨr0<7n[7ea8rc^*t;Y^2K7(Q*xZUi<\n(\n(\n(\n(\n(\n(\n(\n(\n(\n(\n(\n(\n(\n(\n(\n(\n(\n(\n(\n(\n(\n(\n(\n(\n(\n(\n(\n(\nPH AAr#AҒ\0!x<_n8<QoCq!UB-oA0G#qsC-24sA#,n0vdu*Gb\rG]rcoA\Zg<ZkVX],v\0l\0;;aU&.f\0 *qH8 	{A)(\0(\0nfY%bAY\\Gh;*HrEcŲ5rɻOeRvF	#f\0/\r9=UoMVaq1$Lg^xP> UuGYbM:XweĞB*XLgx$Gφ j嶟W^\"eDaU_lA̖qFdUge2d/4MwEoxT{km\'VIEos{jd}F*	8`!j\0c5(  :gör29?zI$lȉ!b2O{XKtC\"Rṥe-~SOSDmK6KQu!E \n.\r|x\0Ś\ZZ2+xA\0;vl(!T(\0(\0(\0(>0q\0b?ӫg!C\0Q:\0\"(袊\0\"(袊\0\"(袊\0\"oE-cFm58\ZinO߽5X u]ifL-\0QEQ@DQEQ@DQEQ@DQEQ@\0\0?i_\\5k(G\0g}J\0|@Q@Q@=wXݙbB9G#\0iQ@WQx̚T	\"ȹj,ZKyFP ?%\0rg^\0DCmlKeDB]2y\"HLyA<Dv\r=RVY6k\\ΑKoNmrf*#PPUU};\0o4\0[Ŧ6vzkin]Gx{%jHM\0r>({}.)&]Ag.uAH=B.rWcK(bV/:ߺni\neȚ[4/i[\r:>b,\nf)wI\ZE2]A.7Mo<j{|bb\r9$j9YX\Z\0XU\'zkwptR,Jc^C-2|B^A^oh:^kM=>̞TC%KeC#2%<a\0(\0(\0(\0(\0(\0(\0(\0(\0(\0(\0(\0(\0(\0(\0(\0(\0(\0(\0(\0(\0(\0(\0(\0(\0(\0(\0(\0(\0(\0(\0)UYYX)V!A\0ARQ@Q@(\'$\0I=$+|xg$tE%ޝzDTy>w0Thh3fej.cFXԵKYt/-e}?O%Z{{3.)c2@^\0@2x;du>|;Y\"pr|P<#GuZߎU6;%sjz\Zil_)$ZHQw$*p8)%˪]AMCFԠ4ٴˋXRY!خs˹2r|qxÑxƚ{m,s&kIo~8GQ:~lQ\"_1[@8\rJ<9=0\\NoޒI2\"HXbL\nxkF\']P#R%(Qw34;,&ͦÒ&uKi=kj`VBNۇrPMPDrhP<^%f>|2GVvm$Bgw %y\n*sQE\0QE\0QE\0QE\0QE\0_%_x3\0Q6/_O\0^@;EEQ@;EEQ@;EEQ@;E\0QEEQ@;EEQ@;EEQ@;EEQ@s{\0?v_gɵ\0\'h\0~џ<c_&EPEPEP]W<1}ͭ^Ť{9n>pil@̍)fwXpZDoVWTƁ\ZII?hB<+`eU2i\0L֙мZ$f{%?!dK!S8*\0+̞մ6K[]:&O6l2b@n!su^c7fDA$1}c$`NC)Yc\0WhzOm:^kVh];ո!N.6No><g𯋴dZF\n%2%\"y\0ab<.26ZN\'JO/HfbP`$8]D<Omc|7oo<3i 914e	L|Z\0QE\0QE\0QE\0QE\0QE\0QE\0QE\0QE\0QE\0QE\0QE\0QE\0QE\0QE\0QE\0QE\0QE\0QE\0QE\0QE\0QE\0QE\0QE\0QE\0QE\0QE\0QE\0QE\0QE\0QE\0QE\0QE\0Q.W;i_\n0IZ5l㿸7kH#8?i2ıVCD%\0Z?4coiՊ\r@fާ1p\"6XKʩ?\"9)BM-\"ƝF[ȋ1hUIf >uX4M42F2uo[ 7!p\"3*d)X~3[h^k\r_y7V7Pƙ+\r Q\\bVR$Pd\0jkZk*wk]gG]H<BI(*؈|y+J6:o52[8|MȓʌQ#\n[Ooi6m3W׬bX`ծH%Y	 M[pIYQ^ysv\0isd1E\0n?14J((((((4Y\0$~\0{N?L>؇G((>w((>w((>w((\n(>w((>w((>w((>w(S+\0Ƶ\r}}\0\0?i_\\5h\0(\0(\088$q#z+5۫jY-=؝OTbS1|Ȅ^5ČzZRLl#N\0V%h^r	̡\n-H*IYq 4M\Z֝RLڕ+)^>\\F̠d؟v+\0]_/\nj\n<*Ky\\)(2/}`˸\070ym\nf|v[m\ZR]a*#@>skkz3GgaBV\ru1@`\')$+p\Zo{úO=6ZOgkXWR9\\ƀe|rI7GxMHo\"6G$hR8rJ HC\"\0?ᶗ_cRھpV7aIseQiVdp(\0(\0(\0(\0(\0(\0(\0(\0(\0(\0(\0(\0(\0(\0(\0(\0(\0(\0(\0(\0(\0(\0(\0(\0(\0(\0(\0(\0(\0(\0(\0(\0Ug!QY\n88$O>e8 V	qwv=diᧆtmWڏ|Olok脰iZY!\"$\n|x\"x=FhcfTpJȡ`d_J6ӥkU]!ftHD-e^3N7+m;=676Xjem3!1,хY&j~_V)_GnZO\"]̡3DN7W\0?>_Z\r]sΐ1[w;9{m[tW)uOZ0%-6v/k,$y<xZKWTeM/OCkziYxOmdge$2d\r|Si0I{c[xq,ohrı1ēk(<OKRɲ_*͎3$쎫<lXE<q\0QE\0QE\0QE\0QE\0QE\0QE\0	|2\0}G4\ZJ>gmz\r\0|EPQE\0|EPQE\0|EPQE\0|EPEPQE\0|EPQE\0|EPQE\0|EPQE\0\0\'h\0~џ<c_&_O\0geF|@Q@KRc*Ufb@Ug@IPNXg۝KRex<=?]fq+Cg	R^qYNPEa|amdt]#JvdH-.9vs$`ƀ:xL\rsiPi}qEǧJUAC&5YyyzWj]}qj6[]HRH<x|J<6\Z/I㴲Þ:Ӣ{>k@CAcW1^7f/e<oG2nur	+(\n@k_xV:u-6\\5ݻ|$U$\095WS~}nk\rA,\Z\\u*ywHTRUp\05YabHFъ1RQj:\0ĉj!EDxc+ra5$¾C,.L@2F15VkF[t۝\0@T(}֞mҊygm}l,rDWM)$I$2*T5w\0]ddo3C2\0\ncZ=Ȇb2	o6Y@\Z)]H\0TQE\0QE\0QE\0QE\0QE\0QE\0QE\0QE\0QE\0QE\0QE\0QE\0QE\0QE\0QE\0QE\0QE\0QE\0QE\0QE\0QE\0QE\0QE\0QE\0QE\0QE\0QE\0QE\0QE\0G\"*f>@$\0\0$\0$;\0	\'{U֟9jqX֟o{iRb<q0(یі\08\r!<M[=~\r\"i\Z9/4D&P)ek0neo(:hl]\0\0>vm.HcHxh@l0{smZcZ[2\"\0Ư71a8O\\AZi_<F_Uqnlӧ;\0H&GrA $F#<B׉m$4-}4Mޟz3I%NT\r_[]-aO]܋}_AvQ0`0G\ZXێՙ8ıʧw$ռ1x<ou$?gy,S4{dV] qA_|SXMhN紴-`U&T ,d]\0QE{M/aHcJ ƒ̐,V[r\")^hiY X\'KѼRItaYAFYHee$29`r\"x^Ad%ňo.=Qa-ڷKc쑀8z*Iim	)JII#u`\n0*FA\Z\n(\n(\n(\n(?g!C\0Q:0q\0b?ӫ(\0ފ((\0ފ((\0ފ(+#,Vq\"+(32,GBĺ-\Z)5}sSx\'H4Im2?Wyr[ek{#b<?g,d\0Nk#VyEPQE\0}EPQE\0}EPQE\0}EPQE\0o#O\0s־A+\0Ƶ\r\0\0#\r%&<Qcҵ{6;@R]g>w81I;]edfGVGRUVVYHx AZxwRTFɢܭ%AWP]X9`.\0=>h)&iS+\\hVu|3FyUBH)e Yo1\\X$Q[}x᧒\rCq7v-qjWy4L#.1ӌWk^;|;=ot\Z\rZjH2nϜ 6p\0S@Q@Q@Q@tNn͡뻦f\'췅%nޟ;%1E\0kk:5ދt ō_ٻ\r\rHY	!}JԊɮGլͫhZ<a]GIb1qg,˿>fqI¹ӼGqkuk4s]͓\rΌV]^)0\0tQE\0QE\0QE\0QE\0QE\0QE\0QE\0QE\0QE\0QE\0QE\0QE\0QE\0QE\0QE\0QE\0QE\0QE\0QE\0QE\0QE\0QE\0QE\0QE\0QE\0QE\0QE\0QE\0u\r5yijvWE2[\\Yʶق)\03F^5es\05]3^)otH4YyZyAx2ML5W`[?.|-r֗H/?~DZ82\"s\'&&10RK)R\'c\'#ҭRksd>AE61\0-A߈\rд/hmv;#lȞ\\6y[UC,-wxZ5j.Ja}|)PXTU\0袊\0(\0(\0(\0`xeVw\r`Eey!P-3ye26.D-<LC*4r$]C+Lһ/GDP˃],Zt#iw#U.`XGxhJ2:8*:\0(\0(\0(\0\0{J>gmz\ry_%_x3\0Q6>w((>w((>w(芭yi\rݍcba#̌QkTEY?8b/~L%3E>w[y7鄥qY\Z 9TB.XTWX:::VV\n~jzecqj0%ťf9cp3]	9GJWn:͏exu;$ZVXR7$N<@(F$r*r#GGєee!	@DQEQ@DQEQ@DQEQ@DQE?O\0geF|_Y~\0}?\05m\0QE\0뚏u+}SK}yS&hn#VQ,.#s\0(޽˦Uj6H-\r`b2BbHUQ@Q@Q@Q@Q@u:Fnc@D+Ii*0YKI\roy%\'dɹQ8Ryj(WXtk\\C\",wE\r͜Α\"`0*EWR+*\'W]fHZݰ.\\`Xщbr^Y6c	:hz5pฌ\\ٵ\'b!|̻,\0dE\0QE\0QE\0QE\0QE\0QE\0QE\0QE\0QE\0QE\0QE\0QE\0QE\0QE\0QE\0QE\0QE\0QE\0QE\0QE\0QE\0QE\0QE\0QE\0QE\0QE\0QE\0QEVkk@=1¸te+[\"̠ᔐU8B[I\'kK)JH@9MFvN\0(\0(\0(\0(\0)UYYX)V!A\0ARQ@RC(epƱ7+GX쯥*J4D9kiH\'FheRG\"VR Qt]RCRᡷL(]b8[jwR\ZmK0pcE>XI!\Z9bwHaDb!RBPEPEP|,\0a?=Wy\\&?CuwEQ@;EEQ@;EESYQK;\n	ff$U\0I\0\0I8QK31\n2p	$\0<R#FU]VR8!pk`<~rgCø8e!H\0\0\0\0\0\0\n\0\"]*Z5;tMʺ0$2:zօI.<#q0Ydyn<74Aړ&#6ڀcՕ]]C#2	 A UuduWGR++YH!  F+S?mB^]zf]hogOwAh<Ҋ@C\0C+\0UFApA8\">(z(>(z(>(z(?_\n-cyAn7P\0O?i;+KO7xh&6єA+3{3!~RK(QU`֑|hֳ\"S%ߎ16ڄ-K_Z\0(\0(\0(\0(\0(\0(\0(\0(\0+ѵ/I뱙4D^CR:5 $e?e:xL?-E\0jk\ZE΍v-nZVHhws@(IEWR]uZ>kd$cIkrP2%[7@B*մA;C<RƳZ_Zc}nwHExVEWR(.((((((((((((((((((((((((((((((((((;sbVCw:Ao@PiMN(Egr[uJ<K1I\"\Z9#u8dtpOXSYYX)V!A\0AWo8nY\"T1쵾sq$%XaxԣH;K/2,e =$o,\\E$ʍHI#pH! EG@W?\0hOK}2\'?8\0ƚ/dGm%5R3ΠIW/\'\0sMA\0ފ((\0ފ((\0ٙQYݕT3,\0(\0I\0q|h\'{2QH\r0qڮRIMyh=EOgvqB%YEϔM]@@\0\0\0\0p\0\08>UUP\0UP0\0\0\nZ(袊\0)*<r\"$nWGVYYIVV0$AQ@oJҾ#(G\0w,L<ѦN#>&݁N9TIbt)dH:H#*C+)!\rEѼSF\")dц]e##+i%DWIʦ_JBGn\ZmW(!}0 04Y]Uѕє2* A -\0}EPQE\0}EPxAE}o.cIpǻxLȅDWWvT!\"4xtk[Hҗ)\\ܜF	l.k\'Mk2K,zƠa{WTcddH`OޢĒ\n\0*R8̺}@d9 y5vhf&g/5-&yhi=+F!	-5[=sLլ\"li%Jdteeu\0;j:o?g_L>(_twm6g=q^x7<Kj>7nof ?zϻC/_r~n\0O7Cu,xRm._C-ӮmxJf%|%;I\"3AUԢ[oj?ٟwwxoW¿x{[Q3麭mO}S*Q#Pѵ;	^H#\0\Z(\n(\n(\n(\n(\n(\n(\n(\n(\nt}bKck%f6ln&.\\`%ՓdRܵhZ5ȆqA:Akٹ>UݣpHрɮGլh4DRѧmG@mdOYEK!YX\Z=֋t-LRG4Ksguo,S^[ɹX^D+ Sy8hUu\"2h\0(\0(\0(t=.MoX4}F#pfRI\029!H:]G.Dx$1\nn݀>Bn.j1ZzYB\Z<PF,mci`<\"0]Ap/FJW4]	Im$u]%P8!Ĕ1}7cms\Zv)y!yԈvޙonƈ\"\0|Eu^$u\r:\'[KbL\Z7:!QTQF\"G[kr\0QE\0QE\0QE\0QE\0QE\0QE\0QE\0QE\0QE\0QE\0QE\0QE\0QE\0QE\0QE\0QE\0QE\0QE\0QE\0QE\0QE\0QE\0QE\0QE\0QE\0QE\0QE\0RA #A Pq#hQokh5DU\'\rX*\\A;yS,RA,LKGGSʲ0* u$x6,vglV*`XL^]?@8z_؆\0\'!i\\1}{gL?YO\ni<\ZYA7!:j\0fIaoo⯈66;CӮoE/xSѴ/i:\\1ޭ귖VQFfxUW*:/u~1gt\0*xuo%.?_Jn3DҼeQ\\VV7\'a xEEQ@;EEQ@<SjbwmNFycԜ35	@DQEQ@DQE\0QE#*:)VVYNAR	AZ(T[͸|*%?sfwHe`YH*FApA8#M8HeE)Q7J2\n\rrzV(׆.c7*G-BKpfo2[Gb\0j(>(zʿt],u[&Q1H1	f;p,9xCm-45z=+I\\E4!!܈	f(5XV:ΠSZ̐D}UHUr7JK&܎u>jvXKW؋E(;ǘpSϿzai[b;dkee9&*Y_Y^Ҭ_ռE.4\\.5G{-tBpJ\\GiFߨv\"VuH֡[\\[D1-B	elb%1+PJ߂KpBdVeTk8RȋBI=nNҼ)K̲5CēN;2/Lk7^\'-U\rwJ#>D+u݄i[{.\0\"//gD?~>QۻO?_?$Q_?g)&m\nk#\05еMwJhXO7ş8?/|Qimg1ʜ_BRIִZӦ>_.D\0\0\'?c)ׁ\0&Kc~{=瀕{A%姈<6IqZK-;O\ZX\0n5\n),\Zv_oY페$n#-^M_jHAkTwOV?j^\n|<3φ	xJI\'Ru-?U%H+HdШd`9\Z\0(\0(\0(\0(\0(\0(\0(\0(\0+g\ZͣI)XL)uHqy^	]7y	<yd)2^\0\Z[<\ZMk{g!EwM%WUxUFUu\ZFnZmGy-\'/p7r+_YCX7,;dyz\0(\0(;K\rsLѢ-i1ʋmI1n(4kzHFw~b\0X`S6òE#\"@̀z3G	=X4k[;\rF	n&؍.wX̰.A,Nx|c㛭o	x5D9e#ЃF1GSkσ-.}B]Muk_+@eܮ/ouyPF4Q	5ski){yu7os{/Ά	ܘ7t%wD҈A;˿x^3H&uKDqE0mp9!W%fwfn?xֶ6{m!-Wr\"`ET1N(*#luT3|YX\rCdV\nLm\"R#d\08Į\09ma;,l\n˔0VQm,J1ϑTM-ĲO<4;I,1wܒI%$j:\0(\0(\0(\0(\0(\0(\0(\0(\0(\0(\0(\0(\0(\0(\0(\0(\0(\0(\0(\0(\0(\0(\0(\0(\0(\0(\0(\0(mXcIkSK]7GѬ.=SP;-t(|$8𿆼M/h^\'t𾕨k$u{l4}@t.M[Y	7N{XeDC\0TZ\0Eu_+K~_	&?|Cu=io|;j=X\0*,c&7.5J|MtM=o>Ǫi\n-i?\nt^	K<aa}wx\Z@!\0\0\r\Zh_OVu\n8xQWo-u	5˖3Q5COZ2]fkzU:JNG=}}Gߥ\0}EPQE\0}EPϨ0\Z7wc.~}*IrOR~ϭ7qqДQE\0|EPQE\0|EPEPQE\0|EPQMuXT08=Au\Z\09#w\"H#tlSx#9\\/|kk6m.,ג+Wӥy]ȷCȱ&c2(*ֵ}GN}jv\ZV7SIqw2ntg,#xBU\r$&;xSLnK%ʺbFo2;F6n6Y\0{_YploaΖUUe[FK4eTsjtu[h.Mu0FF\Z;xce[\'[o@r	]JB^[@sIIM3ᶿ]2IdJ}i0|r%,p/@3+,P{i:u!#KQ|s;>LIs[~\n|)Y^K4</4\n8_%mNZv?}	XyQe,ʢ4ŞD>>(z(>(O_-|0yGEO6/7m.)ZtN9?HC{:	c^w\0!UZ=+m\ncSxOӡb<ZYYfs3E\0|\0Q\0G\09d2>\n\0e$#A\0#VW\0n\0T>?d2\r\0e%G#M\0/VWU?9G	\0H+\0Ô\0_\0Y_Po9	Q\0H7\0Û7\0Y_TP\0$#A\0#VQ\0Q\0G\09d2>\n\0e~Q@%G#M\0/VQ\0n\0T>?d2\r\0e~Q@#\0Ô\0_\0YG9G	\0H+\0E\0~&\0Û7\0YG9	Q\0H7\0UE\0|\0Q\0G\09d2>\n\0e$#A\0#VW\0n\0T>?d2\r\0e%G#M\0/VWU?9G	\0H+\0Ô\0_\0Y_Pp\06*[8\0{ɧ\0g\0+j	e_C{?չ&+~h\'(馆RUt5B\0+cԶ}{cRr/~TO9s	0n\0uȍxӵ\\?/<26s)7͜RFO%pnO\'엨\\T>x:P\ZM9䐋I g	*ݦn֋?ʶЀCm4\\(Vg9	Q\0H7\0UE\0|\0Q\0G\09d2>\n\0e$#A\0#VW\0n\0T>?d2\r\0e%G#M\0/VWU?9G	\0H+\0Ô\0_\0Y_Po9	Q\0H7\0Û7\0Y_TP\0$#A\0#VQ\0Q\0G\09d2>\n\0e~Q@%G#M\0/VQ\0n\0T>?d2\r\0e~Q@#\0Ô\0_\0YG9G	\0H+\0E\0~&\0Û7\0YG9	Q\0H7\0UE\0|\0Q\0G\09d2>\n\0e$#A\0#VW\0n\0T>?d2\r\0e%G#M\0/VWU?9G	\0H+\0Ô\0_\0Y_Po9	Q\0H7\0Û7\0Y_TP\0$#A\0#VQ\0Q\0G\09d2>\n\0e~Q@%G#M\0/VQ\0n\0T>?d2\r\0e~Q@v+^;\0cUT&-xI;#Bh\0rjyHciqD$?/$qgvc`*,\0$跍<;xB֥[H-Kص6}\n76o1dm`pp\Zֻ\0`ټLl U;Yd wV)\n:\"[)&6\Z\"\\xr\r\nK\'rM?|)dY\"KQTv,b?Lu\0ZV{{\nEqw&9.v:!R1P?xbڻx4$P1[iJZ|%DK+\\b\r)3q\n0j\0tܹ(Ì	*:@~\0\0+l-7JԵ3Ol>/7Nw[+h\0kJc;k\08\0&Z.\0\'KO\"i649E5ss\0\nPH/x4etC\"2ۤ5eP[$z|+NZU#yWR%ĒdVg\09b\0n\0T>?d2\r\0e%G#M\0/VWU?9G	\0H+\0Ô\0_\0Y_Po9	Q\0H7\0Û7\0Y_TP\0$#A\0#VQ\0Q\0G\09d2>\n\0e~Q@%G#M\0/VQ\0n\0T>?d2\r\0e~Q@#\0Ô\0_\0YG9G	\0H+\0E\0~&\0Û7\0YG9	Q\0H7\0UE\0|\0Q\0G\09d2>\n\0e$#A\0#VW\0n\0T>?d2\r\0e%G#M\0/VWU?9G	\0H+\0Ô\0_\0Y_Po9	Q\0H7\0Û7\0Y_TPE$ݭ?N?洸$\0Py-Yc[ݙ\02C,.\0f{\0\nG\r$Bx7BaxbP8\n\"@j>w((>wPQE\0|4d8+9۔^vzq^T=>y+c?@BQEQ@DQEQ@DQE\0QEQ@DQEq*~ZZ&YjiS:HaxY10*Ą#䯏E/<1[mkw>) xD*\n¨+YXsAq-BE۵)8|ȑF:(02U{?:֟GgάVMfqݤr4Hؗ!ՌO:oCi#F,q	#ls^6wdKOEM)%-O*;4Ώ	<q$Sx:O\r*M\'Wd)1jm-լ[t9pWtÖR>pm<OZ[76Q$΁4!r b@ZF2P1Tϵ@HQت\0}+\0[\r&4WWIeqn˷\rnnP,A\":\0\"(袊\0\"(袊\0\"(袊\0\"(袊\0\"(袊\0\"(袊\0\"(袊\0\"(UY}Z2+q\\8ǧ|#6C>䌒:`fSO}hj(>{@>QE\0}EPQE\0}EPQE\0}EPQE\0}EPQE\0}EPQE\0}EPQE\0}EPQE\0}U/-4i/!y8D0<U_}?nZ5NYj7E1C9,bBrC(c\0wl\'Ki(e״k5\rJ(?&R]Hn~	{4oxvdpY&Xۣ]ዬێ|fܲWy\0OKp<EiY6lT!R1Mxaxq5khmI@2Fh|\" IJ7;	?!LIzf-ggҝʸ]{w%74M.Œxᦫf4细Z|\":Jk5LDe&cv=\ZO|BѠTrW!J,XW\'l#LѭK\\*V`0]*v9fc33 EPQE\0|EPQE\0|EPQE\0|EPQE\0|EPQE\0|EPQE\0|EPQE\0|EPQE\0|\"9+8\0\nt?>)[Nz~:m9z\0Cހ>(z(>(z(>(z(\n(>(zgsmSRHo,7\n]A[\ndƙO\ZiKX/t D\0+~#l5J]k\\V/c8?40Es	1ܭ\0{n4ψԏ.\' ].KsH^UTI0UeKdx#\Zot{yaʿ;}N|GqouJ&mĴ,6H|3}\0	Xn-&VTyV8c(@/ݐ~_x_:-uvMQt\\(A|a1,c4nŞ%Ώy{u4^xUgKGY#%Ҽ*Gk]y#ez[]óD1:)&(6ckڮ۬2&_cš1<yefRXNnI{[VazM_\\y]^?2=!kUe,Q^݄ 28_96@9 P:S袀>w((>w((>w((>w((>w((>w((>w((>yTg?ߟ1ݽA)ec<{S:w\05=?:@2sc\09IQXz\0(袊\0\"(袊\0\"(袊\0\"(袊\0\"(袊\0\"(袊\0\"(袊\0\"[O{{qm,Q;\0rH\0@6+ĺocoصmUdkm{RO.(4񳯚\0_\\^qya\'A8@Ȝ%28͏[ߋψvSMM7S	h\'rׅ9x½r]Kɴ簵6OmdpY&1+g6W}N4MI1U,Uʨ˒n9e+>rYxD-c,gK#D#m߻D crr\'&<_o\r}Pu5sRZ[>Bn.cbχpfGhBTsVQPYXnnZua\ZbdfAIIfox\'hM\\BC\reVvڲig\0_ >(@!t6-aF1mzEGܖ9e;/ԼA	Vk]Kpw%x@M*$0DDsEQ@;EEQ@;EEQ@;EEQ@;EEQ@;EEQ@;EEQ@;EEQ@>.c|7FdtGe<r;JcO%qb:?J\0(袊\0\"(袊\0\"(袊\0\"((<7Ez^bl#kTbWLd|{@5\rvVy	#tks,e!8wVW\0XYh:)kVڍN#IF*]̬N6(^){*;q6|X6[si4Wr+dp-S6D<;\"{sxWK;VP$deɁ>[w*^{xnR:Qqk2XP^N\n(GxN>\"2AIw|9\\ih\rҺo@Mۀms~,<Aw+4sRyvr1ef*ͷm̡K\ZO5+y+kɱQ`]]8v%ʥ Q@qn$[nv$N3[UTP\n\0\0AN>w(nM{IФ	AJ̫o5.TrFOQ\"$WFRU	A ʮUрee`C+)2$ApfI|(`K+]]zgb	\';V35>A@52`AAG (\0ފ((\0ފ((\0ފ((\0ފ((\0ފ((\0Q{~ҤfR}}$B q$LTTEQ@<Fpq)(>(zQ𤢀>(z(>(z(>(z(>(z(>(z(>(z(>zu׷0Z@渝qF3p?SM,pE,:1qwv=UK^Wo+öiu}N%ia{[\r$9vn\r\Z^~׵[Ub{$8.1nD:\0r&/ }56]Ieu[}Cph`$ѳ߹j2H-K{x\"PQq*c\r}tu\Z=!Sp!JDʭ\0}a%;ZiuM.o$BU7ôE\0ז]ĳ[\\MG=<aΕ-uݔrA0%1ȮzZC\0\'\0|ˤi\Z:f2AFf%% bŉ\n,b@\0 \0xE\0}EPXk7QOk<R-Yv1#XBA{h-գT	i\",SWJl\\aH\'&&H慎!QՑHTW%j׋\0mL,aCnvmF$l F\0NRWnmB̑uQ@DQEQ@DQEQ@DQEQ@DQEQ@DQEQ@DQE¿4lNB?iׯV_=H#S)!+Ϩg<PtQE\0|EPQE\0|\0<w}=)(pxn\0hj(>w((>w(\0({`#X`)g{!v1$wB_<odt>=:\n-m>LOpvw|KhC^^U#ᵷm~`\"dA3mg6׌f$rwf6a@Mhܲ)9cyeERG\Zs%vĪB7Io]V&Q&qG`Y#2<hꮮk>\ZKo;ͦ,+c38),\"&fT*OTEQ@;EEQ@;]DhC##\nH#ӨK_73$@K?\'l\"8n|9<)cq;+6=qmfPWVWUtetu2ʲ$2 	I#h)Q%ThEWHJ:0*J*H \\\"1W/7yoXc,ͣK$	ӎlSQTI#u9^9JH`AN(\0ފ((\0ފ((\0ފ((\0ފ((\0ޔpE%EQ@>?ʢ<s{~Z((>w((>wӜu?.iPQE\0|EPQE\0|EPQE\0|EPQE\0|EPQE\0|EPQE\0|@ ` w~o\n[	b{OIPvR/j\"I|~q2ʾA\0 \Z\0\r755Yq{KV؀H.>dFHay\0u!Yd\ZAjL@f2vQXHYr|}\rSO4:߇e)@}ͨXʳ3*YBO0K\n^hpxN1qmFPNSeRWa$DU$F1ĉ\Z(訊G(EEQ@;EEQ@2Mjmob{i_></-d`|w;pᑙN6Z^.#]E\0fj.mm(I/ooT?}hXvjire,Aul+;<WVssos\0ʠʐ̤+5{KZ5ʹүh(Cfሂ8-u(Gl|Iechz(>(z(>(z(>(z(>(z(>(r4dʞF:l{TTrh\0ފ((\0ފ((\0q]~iS۠؞9=@CQEQ@DQE\0U5++>uM[V2۵E$ybv+ۇ3Eʉ\r&^ȫ*r5P6c֮c;=![o6&E6XYekK	y%sB\0(={Rfgmu].@\\A4)B<ŁȒ\"\nw#WUEQ@DQEQ@DQE5$VGUtudtuee VR F)Pfi%K+5ǆ*Eo4A2K0`m@)ݫ+2:GRYXeYXXAAꮎ]VV2C+AA W\0IGbkHߺGy}{),$Ŵ6b\0]ʣuQH`He`\n  #GRQE\0|EPQE\0|EPQE\0|EPQE\0|Ekfil	ߣ9Ha$*k].ՙD3\\ck(Ik;}JIgy/h፥hmmg\"%ĻR[ˈ-vV&Ǥ<:OjӢӢ5,}Ei3Cg1-5WW;t(%NA>(z(>(z(>(zp=O\\d4((>w((>w((>w((>w((>w֚ev\'Bv(\0(.;(Wi]\"GU%iqqfI琝\n\0\nc(WHGO7ccw弖ֲ	\rp7YW.[R^-\'*h>]בqmxn>wuoFy0o*-\\m+.Պ(@ y.B{4lQMш;PIą$\Z}3E\0}EPQE\0}EPQE\0}EP̺iIcxyl$r,O,3\02:8(gVu;{-tYuWS$ITjMQ}Z՛Z^Fk	\0	r7R9X23)\0rnQ_\rڹzȨ<r\0I\0f;\n\0ފ((\0ފ((\0ފ((\0ފ((̨ʈY݈UUPK31 *H\0I\0|̨ʈYUUQfc\0I$\0tR^[h[?<Vw2D DIm%I>АA,oS:/ՆQFƘ\0\n\n\0U\0\0\0\0\0p\0\n\0&(2qyҒ((>w((>w((>yv>߿Jmzoc{45Q@;EiVZ5Q#no.%\0\\J@EEQ@;EEQ@;EEQ@;EEQ@;$9x%E)$r\"r#2:0*UpE>\0|!V&_1U-O	adf]\Zi$>}=\rm{IQ%HE9#`\"8#)H4IsFM\ZKRHE7Fet`U\n 4O?PbWݲ+`蒾Ԍv]\0<֊EeuWFWFPC+++AGEQ@;EEQ@;EEQ@;Eֵ%id	xPGkvH $ڮ2kM*љDih쬣dtXYPյImZtTtRFOVh:&hlf%B;{m..9ig-yP&RIn&X7Kn>w((>w((>w((>w((>w:7N#PQE\0|EPQE\0|EPQE\0|EPQE\0|U/4Km-c2O<EP\0P]w+QF,ҺE<mKKִkx\r_Z	e8+Db.\"(@a-zK[[Ynl$܈Zhq9U/<EQE\0|EPQE\0|EPQE\0|EPQE\0|EPQE\0|ͩ閺Z܇Be;+a.ao9bZխ_xR(ͥ^7.imX\"U7v{}>].Xk+(r-[][\\BṵX\'RD#V@>=\'V_oF};R	-bUIKz@nXM\0hqPQE\0}EPQE\0}EPQE\0}EPʊ쨊UUff8@H\0+`<~rgCø8e!H\0tCu1$Iʡ)2HA\0\n\n\0U\0\0\0\0\0p\0\n\0!UUB\nU@\0\0\0p)h>w((>w((>w((>w((>yv\'ק\\Sh}{G=<QE\0QE\0|EPQE\0|EPQE\0|EPQE\0|EPQE\0|HʮUeeaVSTAA▊\0.#yB^xzF\\3L$\'{WvVdG#9#IQHFHP\"8*#)*5 l \\$I\0I&\\,!eyoTwӘ+f_,(р*	A:>(z(>(A-zJiMuu!%U\'k$#qo\\xS/,pܙ/J#@]mDmQOkw\'/]5\\6VM{ldvDm:[\rfƷj^1Ԧ𧄮\Z\"\'d)IҩqTnyDawp#/Zit:?*O&6m>6eB4niHW\\N-+]UP[!OHCUJ,8o]袊\0\"(袊\0\"(袊\0\"(袊\0\"(袊\0\"(`{֛E\0}EPQE\0}EPQE\0}EPϛp\0}x~!׸ERĒpczӷeAds}@AEQ@DQEQ@DQEQ@DQEQ@DQEQ@DQEXVmg}\n	Ȼ\\@r:UrVh^ u\nMoiiZPY咨>}h}MfUjַhF-wep4WvS29T6R\Z՝~5A:f!_[DrQ_@&4\ruQ@DQEQ@C\0$\0N\0I<\0S^;wxsQ|irmuhc`&-xHG7ۛxљ&6ېr?%`ȡk^/GUm&KX nKd`{IXf>Z2w:}\Z(VIw5,ʛ#GU74R,G*,i\"X+`v`#⼳~ԼAG/Fm{bCG,r]CYBsQ%tZyt\0^[BꨰlEoA\"31,e(>w((>w((>w((>w((>w((>yv=joNSݽߵ\0','\0JFIF\0\0\0\0\0\0\0<CREATOR: gd-jpeg v1.0 (using IJG JPEG v62), quality = 100\n\0C\0\0C\0\0\0\"\0\0\0\0\0\0\0\0\0\0\0\0	\n\0\0\0\0}\0!1AQa\"q2#BR$3br	\n\Z%&\'()*456789:CDEFGHIJSTUVWXYZcdefghijstuvwxyz\0\0\0\0\0\0\0\0	\n\0\0\0w\0!1AQaq\"2B	#3Rbr\n$4%\Z&\'()*56789:CDEFGHIJSTUVWXYZcdefghijstuvwxyz\0\0\0?\0ܾt9=SBs}M\0}EPQE\0}EPQE\0}EPQE\0}EP^_]Wh,okk/ueHҟ}Ul\rڋާis}hײwDkvs4`|ƸLǉ4H,l`1F0y$gGfY٘}cciZ[X[kik\"\" $I,Y٤Fy$wٍ(袊\0\"(袊\0\"(袊\0\"(袊\0\"wB4\rlDE$,YYa\\A	-o>WtP˺6MIaٰPnLBBVdX̱{;vO<,$i\\vRhk$^>s%fA>\'epCͣkHëX2Ǫi2MH1{iyQh8G\Z\0}IEPQE\0}EPQE\0}EPQE\0}EP˚βZ5~%\02K,0__H;xʪG{P\'Kro~\\qČŚMgaEYԒHNtac5֡y1/wλDVu|ODq/<KWzܠ(\0ފ((\0ފ((\0ފ((\0ފ((\0ފq\08=װ_OqM(\0ފ((\0ފ((\0ފ(+7Vլk7w8ak˩e-ԤEoo.{ f]*:=W/%Ŵf!fEaw=<އ0^e[4Oxo\0>iˋ5j$0td##Gծbrab~ƒM{E\0}EPQE\0}EPQE\0}EPQE\0}EPQE\0z׆.n5ݮ4\rƵu4rִ\"\Z8[ys\'WaYj_1^Yܦn mȹ Ue`U \\U/\'x.$3k* ͪ薑F/,UPZ<]\0<gymZ{g2mpHeP:Uº2U]2:\0\"(袊\0\"(袊\0\"(袊\0\"i\'s=A+yZ-CQ9|K4NR]3Ld#uh=N&\r}>ŸnXY\Z|7Y2B;g1I}f̚{\\!Y`-.j&W\\F(( 8`4bE(BGQT8B\" \n\0@;PEG0\ZE1\"QF#8H\0TEU@U\0\0*J((\0(\0a<7c@r@M֊w>>ǵ\0}\rEPQE\0}EPQE\0}EPYz>;FN$\03PH8袊\0ފ((\0ފ((\0ފ((\0ފ((\0ފ(+4yZ\rGKYvfX.2,j:trP%OnU\r拭GG<RC%AXKַG\ZM-M*ukZ$cXU[i v5SD.,9>mgeHi}e5D)`RargMA-ĖRRxX2\0ފ((\0ފ*V6wW bH&B\0$\"\r\0{=ÖujX#Hٖf\nDPid*Iا/eV~\n.\rn>kđ]~qB@xdDT\rɶBye^xð[,5Js.]QA&Dg2\rh7 \Zh0գg4M2MF5n~	}Kn\\ܲ`60 ,Z\0CEq~{˯Kws?,,VHЙ$t8,`i@DQEQ@DQEQ@DQEQ@DQEQ@DQEQ@DQEzt>h(>w((>w\0?撥u|袊\0ފ((\0ފ((\0ފ((\0ފ((\0ފ((\0ފ(Qމ\ZmԦ_ЭigotӢv%/gymk\rqmp$rF9WS6p-W}cuዙ\n4L߇|oN#\n{f\Z}(QUl+Xol.aA$3u>te9WFсGUe Z(\0ފ((\0ܐ$\0\'\0IyWmQKy\\ے%]6evdHP#E$r:8\03RX4\riŚzlJ̆^hʲ;`d<\\3]ԵhᳲRI/fěW$i%\n\0>1⯓IԑBk+kk	ˏ0/|3J77ůi+Zs^s$$W*	o\'HyY]GksX]BҵA7-a DrO{((>w(\0((>y	B{H#0}\r9;;j\0\Z(袊\0\"(fVw)\\S\0T\\OAbp#\'s2O;zqÓ41`o<ߥ\0}EPQE\0}EPQE\0}EPQE\0}EPQE\0}EPQE\0}EPQE\0}\\ֻI|jTNQCm.\0͍\rKgc=#@.hZ\rZȪjzD=̈́,Dvm:2G<g#kE۬\rgG4͎d	ݠes\Z\\2\r˵sەppwp]451Hf+LG1H̱!dIh]@bN}Q@;ET/bӬ/	adk&3vFq3@xEukxϐ	&dFeƌKmQ23ŶڎiY݇yc03AEqfBcXW!<z\rJRIt2}ϧvV8DvJHҼ(V3J+.mb\n4+	!}cVmhdb-۲,%/ȏ$Y|ݡk^\'}iP_j!6g{	VS4sñ۴]DVx;khG}tN@]]p6>U\"@#U?)i[\'Y\"`ܗ/o$dFBΫ\Zψ|Cđ*]ޕ$,Yٙ1EM\0@=Ş5QoGfG5Pv`~WXViikamVѬP[QF\n\0\0u=$I$ؠ袊\0\"(袊\0\"(袊\0\"(袊\0\"(袊\0\"(袊\0\"($cvϷjJ\0\"(@$O%J~D\0p2O}\0Q@=;8\0p\0Ndm\0<ktp3s֘I\'$QE\0|EPQE\0|EPQE\0|EPQE\0|EPQE\0|EPQE\0|EPj6\\{2f3k\"bE\net[Xa8*ڮվ] 7JNR.m.2\"p*ꮌUsVn%<0iK..%x#7Y$s3\0*<r((\0ؐb@\0I<\0$\0<>(CKůeD5 f2<RHo\0\n铵ǋ5mnmcY1`rbh/v~/h-4Vq$hucP\\oiC\Z.R@%b-WN񾙤xk^ԢF\0,FYLe=G.	Gv|M3exR;5YeήTb5ZN\"~-kZHl쥛H4֫	mAQQkuVދ%U\"@d=3O]jv6r{^9fDle\"Hݜ2(~\"FɨkٶudXWʒi{amٚ%blt/i\ZKd9 aܕ#q<o	n4,1FT-? Hϒ}݅\0}EPQE\0}EPEPQE\0}EPQE\0}EPϑK\'>8ҟG\'O>\0\'H\0Q(J(>w((>w((>w((>w((>w((>w((>w((>w^8@/p-\0mQwNjyM?M_:ss\nnRrXPS̐NCbW\Z0\0>׵/Zyyͽon]ci[̹cL\"PB+r0)\njZǏ5S-.\'D0Xmdh#hOV.^c+QΫ&~qb)a0C]L/\0 4U\"lu[γj\'s]JQb*$hR|ՠxWZ]m*uWuKXE9f2$JmE7mEtOhg㶶yN-%\0c^$8QqY\Z9m+<BKmgIbGP\n#޹eܤqM:i\0/O\Z10HDy!\'`zddּC$/YilC*`$IQk%|繏hGU{KK[h,⵴bX4TDP\0I$I&\0|EPQE\0|EPQE\0|EPQE\0|EPQE\0|EPQE\0|EPQE\0|EPQE\0|9OҒz=\Z\n@/q^(袊\0رzw܌w\'h}~I9\'\'ހ>(z(>(z(>(z(>(z(>(z(>(z(>(z(>I\"E#*G\Z4;*\")ff\'{O A\0 x >d5/]ny帑g#b^RFHe%H5?t\\sxsJZ0_!m|Cp4%ctpȮ%yox_&,YAY*r u$A6$ǋHӼ/xMqZޗwq*d&53: @Kӵ[k/	x?/w֠(ZX6F(_*9Q_~_^}3N=±β6N.<˙vV*UbHt|!CKsN%1i]b\0Fdn<oVz򙌺=#HPƘ.|(@@>u+{}\Z\rioy#mtlK2CuI,|krVIic;úkhHӭ-e9V8PNp>C.&Z;ᙚpo7WaYHRBTK(>w((>w(\0((>w((>}\nG$\'ϱ@Dkp#8<Iӑ\0, AEQ@DQEQ@DQEQ@DQEQ@DQEQ@DQEQ@DQEQ@DQEQ@h~zv(2\\$6$\njw+|\'ĭ&xעu\r4[Ip%kaڍxiL̐c+k \ZߘuK#BT{m>Gzyqt3LY}wQ4V{[d\Z;wܒ+eu!*@ xI(<M{|CjiFj0zCq\"oS)GaÚ{cud{MSMfj[1k0\0\r\\ޝ~)~sݔd]*;fPt{@#27HD>mt7Ryx/%r苺ݖFVVS`F8\0φ2i6t8\'@nyC8DP%IC1Y+C#S#\"D4T*\"*\0>>w((>w((>w((>w((>w((>w((>w((>w\0?撥,EVm\'@AEQ\'̘\rKӟQi	*WT˧Le(qzM(\0ފ((\0ފ((\0ފ((\0ފ((\0ފ((\0ފ((\0ފ((\0ܐ$\0\'\0Iy\"iShZ:뺅Ɂ5@\nd3#pHхeexUaWVҼ#p,xn5;])g1C`o-*7e:ZM7O4U^eU.ea[dsD\"\0\Zxn.χ|Uf4\0KV[<7:BdXD%`ȫ$r&[/\\hmñ	\\mf&[X si<0\"|+?wdĩXKs_\'q\0ΑWɴ~Rkd\'ilMJ:=CZ \n=_OCo\0V#W.7qHܢV|ݤ(,WhZRe ,cnM]w<02ǽAr̪X#8tEQ@;EEQ@;EEQ@Q@;EEQ@>(10,8= ?Zk#?tFAWܩ{)/9S=A4Q@;EEQ@;EEQ@;EEQ@;EEQ@;EEQ@;EEQ@;EEQ@;Efk:z6}Koqun%2Aw$,qT4%^;!{]U%K	\01.YG8T@I9KE_QM-CIYnq]&c@K+0u\'hq|A<MtZGKK8nLf`T9Ci,x@=KSc!fW0\\OR@|3)l`@oSψ5-tZmSDե8 N;7\"1+3&\0eq:gj\ZC~+D~ǶC?*lݽU5v7	grmo}&]FccnCHpUIcZ<+e&s#<_as {ສI$EZ\0/^%o.+<јM\"sq*o\r*|{[+Ov$ƈJȆvw6eL~k*_\rxEХڭ?f,ĐZ\n1ġLNSϋ)_\nhV:-Y眀g2O;0~I}PEEQ@;EEQ@;EEQ@;EEQ@;EEQ@;EEQ@;EEQ@;ҀXJWllH\0?0\0>h\0䣃>ǊxZnP;\'^^\0ҝNKHө\0ƀ>(z(>(z(>(z(>(z(>(z(>(z(>(z(>(z\rWu6i\Z$;.te1Yra-(Tȅ\Z/01ie5>\r^)R8/d!dR6fȏ>Zm=	lc~ѦZ]Lsus\\H9Yr*\"\"U@\0OWmWDm+ĺ|^GAt6J)!RFDt\"oPveŤ\ZGn#GbyBt\\ENcfx%%\"\Z263o|5(ҼU%8/>o\\>6:䣆Fe9:υ$C>}$:д7qsmr9Lnm3p_=)44\rܮj=o\0FPP<\'{$U0??:ۤMzڝݴGZb5BV1	J7O}qufë7\Zܹ[xeX$O-J[4Lz[X&aEd.ax;,(#V4,UKl\rrx r~EQ@DQEQ@DQEQ@Q@DQE_lu^## .*ATup\rN\0\0}EPQE\0}EP\0~އ=;q֓u?@CQEQ@DQEQ@DQEQ@DQEQ@DQEQ@DQEV6:;Ah&\r;K3aUcY\nF4r2@߼KBW[D[IdYs¢I|x\r=kdYF䝔DK90<Y[km\\Axq	.K21VK$l=X6hXYYC++)VG*H>䐮?,?ؾuV\r3YxؼRY.$aɄ\02@P>xfNx2\ZtWĻ5U4/\\	O1w9AN\0xJ\Zt&yk.9\0Evw52y+*\0\0>=+]^nted <ʪPTUP\0\0\0\0R@;\0\0\0\0\0p\0\0(芥S*KH\rm9d.+2\\,yr xF.$PvP˺.sE4jV.C>d@Ŕ/iuhW;h{,\Z,6\Z_elgsМ-qnVDѵT)a}?To/PҮ^wjRIw\n%ѰdY#@袊\0ފ((\0ފ((\0ފ((\0ފ((\0ފ((\0ޔ\0dTLh8Pz\0Q@AQEӦ>eC{\Ze<1MÂAPQE\0|EPQE\0|E; v}1M(\0ފ((\0ފ((\0ފ((\0ފ((\0ފ((\0޼UoJw{b)A1?4-rȸr=\'|E垓gz&$bkKA)8&u*xmda2)YtRFtM-qN\0ռs\\ǸϾG\"=)1\\B[CLArd)na+Mf DpFK6QiZ\r#UO:Hg:bO\"vO݈Y.w&1</?et-;zeΕ[\\ɸ`{wuo*x(# |ᕲּ)]FG/tEݽaH^%Pi	U@X9XXdTY#etu8*AR8 *i|wۦ<+o5ĢHPX@2g\0ex[ñcJ]*+˛yKE%V8@\0c{`>(z(=[[nk!.Chvн!ijz|M<Ob|c}iZ{cqլ)ut*Y	Ѳ!;#\0n\r]˭hIs;Kh1<0ۙu.!&Byf$UO=.ZjV_X\\Gugrd6L$*dud`H(>w((\n(>zG(}A?z{>`ܑPPzހ>(z(>(z(>(?4CE?\08:b}Gb~>(z(>(z(>(z(>(z(>(z(>Ze\\iw6wQ4S ʲ0:)WhKK{\ZӤמ\rQaGm>Xͯ8dk,Gr,A+G<mM(r?\nl]G4=R;KsC ʲ㺺2:2\Z\Z_,=NhQ4D)\\`bP@푣hh-!0M|7mqcOqW,4#?4qBy,~TƷ{MZ6M:0 ၫQ@DQEQ@DW9ho|zdOlT[ HR4m([HE͹)Y::(ZVI1gXTQ43QxfEmb_*X:.`k:<[Zl\0dsl!H2DEVd	lc2HmswC$m%[.\"\Z\0}EEPQE\0}EPQE\0}EPQE\0}EPQE\0}EPQE\0}EPf\'؊pX,݌(A#\"?W\0Le*pyb=hj(>w((>w((>wpyonJm\0}EPQE\0}EPQE\0}EPQE\0}EPQE\0}EPQE\0z<xLk;Xo!~\ZkIOQLIN0Gxgx%G{siZ~M<v;|`jpF$&5+(Y#|q4V=5/Cyfm.7InG)W\0\r6~iur̷[TM3:\"AWڤG*b*s\rKiw\'KnK\ZJǨ|2*$C_KV+m;P@2}<B$a]YFSTEQ@;EEQ@;Eww[ѢM5\r̹b\n/~/UwFr7Ij6rYUee9WFV\0*q7^\ZY.3\rJJ\rif[,Y\"ETJU[+]B)㸶E)b`8$\n(>w(\0MRP2M$P]\\}-SlVjkbwC{{wϢmkm!]`8kV4\"L}YnGQh謬4H,l`1F0y$gGfY٘}%EP\0Q@DQEQ@DQEQ@DQE>>ǵ6K/%|\Zǯ7Kq\Z?=fߴ:_\r69\rWP+x#K{;ynnnneH-FiVXդYR4Vw`\0u/G.5|4f_$o>\ZKq_mZ	<i4YGeip\0_Y\08\0x\0	q٫74߂6qxv<V	i7!m+m6Of?kZT>3r\0D!^[g?\Zv\0Ya\'&c66\071I$5i羿\0\0hEx/.\0mXW+m8i^Uh	R27%H乐\"\0\0ඟ#\0i\0G\0?+\n\0\0\0\0|<\0\0;Z?!,??/\0ֿi\0G\0?(\0ඟ#\0¿o/\0G \0\"\0\0\0?\0k~\0\0ඟ#\0i\0G\0?+\n\0\0\0\0|<\0\0;Z?!,??/\0ֿi\0G\0?(\0ඟ#\0¿o/\0G \0\"\0\0\0?\0k~\0\0ඟ#\0©\0?Z}RkGR[y7C+(Z\0ְX9ExHB?\rII$I$I&CY>_\0~/@Q\0 \0m?> \0G\0~!Q@_ǟA\0kGD7\0\0\0{\0 \0m?> \0G\0WA\0\r\0e\0y\0vCY>_\0~/@U	?-,kݯ~	|2Q,%uPQ?h?!,??/\0֏o/\0G \0(\"A\0|A\0\0;\n?$- >\0*(\"\0\0\0?\0h\0\0\0|<\0\0;Z_?o$- >\0\"A\0|A\0\0;\nB?h?!,??/\0֏o/\0G \0(\"A\0|A\0\0;\n?$- >\0*(\"\0\0\0?\0h\0\0\0|<\0\0;Z_?o$- >\0\"A\0|A\0\0;\nB?h?!,??/\0֏o/\0G \0(\"A\0|A\0\0;\n?$- >\0*(\"\0\0\0?\0h\0\0\0|<\0\0;Z_?o$- >\0\0_[C<? ?<|0WA\0\r\0e\0y\0vCY>_\0~/@Q\0 \0m?> \0G\0~!Q@_ǟA\0kGD7\0\0\0{\0 \0m?> \0G\0WA\0\r\0e\0y\0vCY>_\0~/@\0!m\0?#]}]\0lW\0k8\Z>;w-jk4ݥ%gFh]$*c}u{g+qo\"ȎFpA1oA6I28*PD7\0\0\0\0\r\0e\0y\0v#kw\Z[kͯhư=,t-͹덠i\0G\0?(\0ඟ#\0¿o/\0G \0\"\0\0\0?\0k~\0\0ඟ#\0i\0G\0?+\n\0\0\0\0|<\0\0;Z?!,??/\0ֿi\0G\0?(\0ඟ#\0¿o/\0G \0\"\0\0\0?\0k~\0\0ඟ#\0i\0G\0?+\n\0\0\0\0|<\0\0;Z?!,??/\0ֿ\'W\0hj渉dTVM<$KF]3]Ei0V&7G@*+>U߆~ߴn8x<aO\0xII&|&ּiZ5>8KHyOE\0oC\0e~McÞ+<4YEJyLĿ4\r+L<:0[@֑o<W*A%PW<o\0	\rW\'𾱧t˥mh֓qwv)yes=G#k+k	}\0^4Ms-fj?c\\:de῍_fcn!_)Ӭm\0\0gKH&>rhQ\'WxPGFlݯQOٻ\nm9{<JךeGxZԖx7\"}K;.l$:^m$/tmu\nOI\0ފ((\0ފ((\0ފ(QƇn\ZUôց\0#r7\\k:b!׵wYo-Y\rBT\0N7qoE +U;k\\k43,\\˽dtKH-ϙj\"^pʖ(wv^ZJ&eUѺG!]eh(*XiZ\"	\'K;y$vi%Ivcn(z(>(z(>(z(>(z(=\\oǉ<Ei?\Z޻pXiZ>ZMꚝmeV]I40\0!/cUڂN.\0cUg̳Wx\Zv\Z{3w>Y|\r,kK=sRc\0_̿\0czg[P4XO4:=%ۏOÞx%H	M9bVvh|Cj\'!#\\uq*ŽRE.m\'Y )bb#U`A \ZkiWoMmiZiii@<\rVc\Zo%%e	\"q4T5FO8$YXz j*\0(\0(\0(\0(\0(\0(\0(\0(\0(\0(\0(\0(\0(\0(\0(\0(\0(\0(\0(\0(\0(\0(\0(\0(\0(\0(\0(\0(\0(\0(\0(\0(\0(\0aw^Ac).Đ)*QG*r#2<r##2:$Q-\'tX\0eto2ha\r\"0%J29Ԃ0\r㎫~{^C\\iwnŢːUWGBRH2HT@)Q]kI0,70΁.&ڥc>f3ħ:taͱGN:\n(\n(\n(\n(\n(\n(\n(\n(\n(?G?R_Lڃ?\Z]^&\0߅/-[,wf>\\j3-Ǉ5yj:__\0i?\r>>>YOkOSg[,>hBFr}k\Z\r1\0UvgMs	^i]:r{%cN夆mK\04mQ-V$r5Ա\0Q@;EEQ@;EEQ@;E7^[ Mk\r=9m\ZtX ٢El3ma;i<rrv7n1q6[5Ɨq/x~m@5;(/QU^_n^5ct_EUԭaє]FUj\n(>(z(>(z(>(z(>(\0*_c߳|G<?j~Qi(iM6}}\00Mύ}o!yVylO?Ŧe%t:;[FSg\0QE\0wAa\r7XwMV([m9.yXoV#un--\'	!bAq4N9+$R*68e$A  9 _\0\0naߊ߱77N?t\Z/~K>\0ޗkOl/~\rKs\rCJ<Ckͤд\"fu󹢿!q\0ь\0T.?B1ٟ\0\n?\0YOw\0FS\0[!\0#\0є\0h\0\\c??\0Dg\06g\0肠S!\0#\0є\0h\0g\0e?\0\0?\0\0)?\nORe&(-Qf5ialI,Nԑ2mP@\0;zHm%G$je@$Y6eQ7[JKsD]\Z߱1I\\]EIQ̀ u|Gy\rpa9Ƀ\rw\0~1Ȳ\'J~ǽe\0UIcta)PxZ-Vh,[\rBYaTXMsYRpq:{\0_^_	2\0gaQ ]!vs.7VC;\0G\0)\0͏5_\0\0\n?fl?*?!Gl\0@EC;\0G\0)\0͏\0\0\0c\0ko4MtW.?B1ٟ\0\nQ\0F3\03a\0AP_)\0\0\0c\0ko43D2\0\0\0]_g\06g\0肣!q\0ь\0T@W3D2\0\0\06?\0@EB\0(\0\0͙\0 \0\\c??\0D\0-\06?\0GC;\0G\0)\0͏5_\0\0\n?fl?*?!Gl\0@EC;\0G\0)\0͏\0\0\0c\0ko4MtW.?B1ٟ\0\nQ\0F3\03a\0AP_\0E[/4[KȖ;dׁ92[Mds7\0D]V)#kMR^f+uk0F$hPW.?B1ٟ\0\nQ\0F3\03a\0AP_)\0\0\0c\0ko43D2\0\0\0]_g\06g\0肣!q\0ь\0T@W3D2\0\0y?ۿ\"ΕOXZ~ƦYԯ \0jپА-2OFdkQMX>QH\0\0*+me\0a5][[Ul7M:᠊\"D0$yXɪDxW\06z]dkXt@Zcq҇BP%\0k\Z=F*/wys!?k8̳+cA3,hTEF\0C;\0G\0)\0͏5_\0\0\n?fl?*?!Gl\0@EC;\0G\0)\0͏\0\0\0c\0ko4MtW.?B1ٟ\0\nQ\0F3\03a\0AP_)\0\0\0c\0ko43D2\0\0\0]_g\06g\0肣!q\0ь\0T@W3D2\0\0\06?\0@EB\0(\0\0͙\0 \0\\c??\0D\0-\06?\0GC;\0G\0)\0͏5_\0\0\n?fl?*?!Gl\0@EC;\0G\0)\0͏\0\0\0c\0ko4Nze7S]p@yɢlGI_l\\Zk\ri0miOn*GB\0(\0\0͙\0 ݏ\Z\0\02nྲv/ߵ\Z9~?̒G*<r#2:~\r\0%\\-,I\"DrXV\0x8UW\0g\0e?\0\0?\0\0&+~!Gl\0GB\0(\0\0͙\0 h\0g\0e?\0\0??\"?Olm\0?ɮ\0_Q\0F3\03a\0AQ\0\0\n?fl?*\0\0 Z3=\"YIԮ2J0\nJ8ۥx\0T?\"LSC\"~+9cuF~֒.p˺9><4n(*Tu56-JMCW8F~*+kٝH|\r6=SWՒ) KY([0*Ʋo@||N1%\"K<.Q9c,FnGRU5_/\0Cm/ؘYC!?kK1Gg\rif\'\0![mǶ\"JҟHLc6\',{W\0\0 \n+e?\"?Olm\0w\0FS\0[k\0H\0\0xH~k߳\':?>1|BK_h<`ʻ<66.uX[(H?_\0\06;Zmi^\r9T_rJ]eSxЏ$2+E*G4b;Ifh. XfHEtee\0E;ZĞ𯈮{zs\0\"M2hcvHws3d>(z(>(z(>(z(=Jwskz<rwftDi_LU-\"~\0gR|hr$,o5+K{1, `!\nX-Wyau˭oEK6Okqs$ŎOFnl5ʸPd\0袊\0ފ((\0ފ((\0ފ((\0ފ(M\0~wߴ\Z5#O\0s־A(	;\0(\0i\0ـ~\0οkA/&o\0=p~cϱ>2RIy\0}EPQE\0}EPr7e[<q>\0LdHLc`;`{19;ǩ9?袊\0ފ((\0ފ((\0ފ((\0ފ((\0ފ((\0ފ(+4)/UҦ6v7䵒bXjOYm<_>\\uc9mԬŨiJx%(7e1$]::.Q}6KuF0A%WvyHg\\\"7*IcbVf&\0}EPk6\ZsjSmm,NvKIdbrO\'w|\ru}s\r4hHD4J(2J\Zyf\0u-ǩxw1+\"FE?#^Kӧ@=?|P׷_¶vZI`֣WySm`Qvܕe#=xZ>}*QwVG	HZ5C|(2Gϱ<ct` ]KźP\Z\r2}>X~xa|ow ށq?x^~/CΘ4ldŅ$aj+є	_\Zo%7{yd(vD*UB&jvh\Z{vi!V0C v2C2\"@BW{~O=$KX@nڊ\'\nI8$}I$h+H4;KTl9ඉ!2y;cE\\4Q@;EEQ@;EEQ@;EEQ@;EEQ@;EEQ@;EEQ@;EEQ@;ԁ\0v۞\'ޑ.{`#>((XssO4mT`g<~T((>wp((K\0$9נן|%\0U?khz(>(z(>(z(>(z(\n(>(z(>(z(>(z(>(.o>G\0\Z6\0m;/3\0Wk\0(\0+\'?\0	k\0(\0s\0وȟhڊ(ʻZm(J\0(*#u|ƚ#>\0\07*cx7hz(>w((>w((>w((>w((>w((>w((>w((>rycy M2C#	mYU|6#1^}E6:NI\n#BH37Ȃ(û\"EwZg\\j\Zvv\'SEUƊ#* ,	gA}sP֠J\Z,42\ZI,K[5k\0ω橬C_IzMk-Mj0>,4S(09Լgv^(u-|5yi$ko\"*ǲ|MR!UHnqMoKM, \n[ i)D@LD+)\n\\W\ZQ-.ƥ\rFMM>$BJ a@hϞe\0+\0*SEԧVo-d{C¯0X4q+PZ|Qtgwg=ηwBg/դX^\Z隬ݤvw1+G;E4D0RL3\0,1ɫ\ZFcDrNP@=+KXlme6&sx(=(|U(袊\0\"(袊\0\"(袊\0\"(袊\0\"(袊\0\"(袊\0\"(袊\0\"(eI$u^zZqlױ#?/^B͸pJps>ޟ}\\\09=h*(>|B9$~__ML>(z(>((4Y\0$~\0{N?L>؇G((>w((>w((>w((\n(>w((>w((>w((>w(S+\0Ƶ\r}}\0\0?i_\\5h\0(\0\0N\0,`Ú\0j\0o$	\0f\0:9w((>{t*{\0vp:7Dy NGaOQдQE\0|EPQE\0|EPQE\0|EPQE\0|EPQE\0|Ex	B|ǿh\0:|O}fVeL,YokWi>oyk垗^C\0j/x?6~߳KuhxRM8w̂]GĈḾ-)ouFE2OőzEo?য়R/	\ZeYxƨ\0;.$\\\\ixWm,gտ&?#A-/R\r@/L>\Z52\"ڝS\"Ѽ?GE{{MPh4?2ڇ_6\05Wg-\Z0XNbSu65rNt[մ;ȥ=>_\'Xi|a,x?F[S5=M9$LӒ٭\'L4[mC[gMb?ɇI\0ğY1~R۷MX~֢Gw\Z\\/\0\r<#zk<e_E\0\0?^3?hO\\j8WI@:χTҭ/_@zYF.Dvr\0Z)[|i~)KN	_Pƨ:F]EixgZ&HZOQE\0|Yeiz(#,zXuyf(r:ZU)-$io&#,-hn@	2`\n{ğZukxvz-quy5ʔUnA\0\"#F\"lğ	\'<Lڣ̚]ԯrN}9HA?1Qvy&41y`/`\0\01\0\0\0b<_gg}}~4&fYft\'Ȍ9A\0C_[of;?YXڸu(O\"6RM9Zzjx\0e#GũKqzD)+&hPc\nF6\"p\0[xnSsqyL)!yql9wIQI!1r:=MӬ]7O[\"%$@KI$ffcݘU(袊\0\"(袊\0\"(袊\0\"(袊\0\"(袊\0\"(袊\0\"(袊\0\"(@\0g\'sQԳ}\0l}?y袊\09=}\0FI#8C\ZJ\0\"(袊\0\"(#+#\0(\0(\0*e\0di5	|2\0}G4\Z\0ފ((\0ފ((\0ފ((\0ފ(((\0ފ((\0ފ((\0ފ((\0\0O\0?pxƾMo>G\0\Z6\n(\n\0h/%#	\0f#\"?|=}\0Z\02?\0b?\'\0v(B;CyVR=s׵5+r=#\0\0:=Oƀ>(z(>(z(>(z(>(z(>(z(?ߵw?P~%jx]|W7Q߆\ZUH\n-c&}*씘䮶	\0?_:\n~6|/L5~Ǿ\"gއ~\"0?6 Ow{bu57ǺĖ(CW\n\0/\0|)O~3ImkW\\).umw:*^nYnLѴMK\\֯nnE\0_mG\0Ǆ+~~7eggj4F~|#֜[6[D!◈tMok\nƀߵv(}_.It߂/%6(Gkty,/\r^L+{\0\0\Z~]I|jxJP7N4nfǋX<nO<{.۝R/|a-y^\0$\0X	#>Լw?Rjg:F`ľY/|RЬVߌ-Kx-K×W6{\n\0oᗉ㟉i\nW߳O&O&#cD#oZO~\"j$/lukO&/o4JOtym/lom%{{;[{kiyIa9]YEvw`#RbB!vp]ʮwfX\0࢟n~-~u[z\r6\ZW_z=#h^\0r\\aژⶆT|IK[kz)r>&o_~#x+	k;z_\r\\\05GxZG.on淰#\0P?`43go4_8Oń7zO(\'_si4!=.WǛK]c#Yjxu$w\0P~z\'φ\Z/!4?V{o[d_i:سi~;\Z\01CXe|5/\nk%f_}	S=|UD\rz]EZi\Zݙ/nvx^񵶝lF`\0\\ǿW/?Ze7̓uxCd]Y?|#&K6njZ}8\0~\0>~\0<I>|[kQ;^y麭wK[h$nz\'4KITֵm.Qs7XB,@\"(oR??\'OuˋX5?\0\"Ycҵ2K?߂+[mƋ3K[kKǺ5L۷?w<:m[K*nT**@\Z\"mfy_zVo-Fti#/ (ܰV\\Oh+\0.jt^\0﫮^X[]\\,\"9tpbO>>tO&[IA.mkgNѸ8<R+2&׉1xMOc$<HYTdB7!oȠ4_~4OD\ZMu40%m%fX9&MP[|Bh-ǅ+.!{pR*r\0rIH\Zcާ-	|9ZK3ۙTGm;3=qHUhܒxc%t9\rƀ42fiY*UIqj\0=G-o\0ABUЙ^NAYi_n/GZ$Q}_^隽\ZRNC%;ٌh\n!d=\0|E;[	7+ND3;Ɠ4YO$r\"HT#<nV\0(>w((>w((>w((>w((>w((>w((>wPϞ~	R}@ Te@ǯPTQE\0|G&Azr/˭eU;OZbJd\0=OR}Q@;G@DQEQ@DWWEPEP|,\0a?=Wy\\&?CuwEQ@;EEQ@;EEQ@;EERddH䁀Hp	==E\0-Q@;EEQ@;EEQ@;EEQ@;E)P?ۃ\0Z\0~wߴ\Z4\0QE(\0	\n	\0	$\0@M\0tEӬ!8l{8\\LŔ`0gcC\0[_&\'V\0wVϿc@_©/\0\0+?^?-u\"RsvddMb)T,LpщSV#_\0\0Y4\0?cg_4~\"r:0G_=\"\'~\'fIV%N0Hqhj(>w((>y{g8&Ah}x\'П\0ފ((\0ފ((\0ފ(+S\0~#\0K/|x~\r|+\Z-Gm:L#P~Mo6vI+濌\0O\0fߋ?<M37>q\'(z^|}i\ZG\\>>/4msXOZ\\@\0\0^\0g|kCoGO.%kSCaIBහuXauiMkoZm\rΣg÷oQE\0}EPMO?S4oᾀ_/&[vq>C\06pvz\nݘQ-fHdl?c#~kڝhL/==\'M\'ž\rGwĺRmYɲ\0H\rRԴgGCo?xkQ/Fi/~s@\"^/>K\rcN)83	k3?|6d\"i/ê٩o4Үf#L6huoQDv^ǉR	ʣ/ß|!~|0O_|7xC>\rՄ:f6PFXC\ZLv~R\0]\0য়&/i~m;Vo{s᧊O;]3>iel>M\ZxSP6ՠ.a_^Z{0|;C$jXQ,?3[վ/(/5i¯͟GEq~!j:6Um\0xҵk\ZţױwG:کbڔ[m3gs`)i5D\0\0G/4ۇvW1}}3D]s?ZK~\Z6f<e}\0Z\0D>3V7>&M/kRsyWJ k3|eZ77j{]yw\r,r#\0y B|BQg48\rj()]gQA*\\pˡk5]6C%aHLyʹ!dG A?7oAGۗIna(#%|=NM[[X,푙x(;vڠ\r$O\n\0N(袊\0\"wDԴ˃aK;C[ӮvP%vI4]j-Y\'XUq,g%0%ͷ1ёº.s֏-Zl[sLᥱ X7|-aqn\"hLA-c fIpNd\\͵tsdY#@\0ފ((\0ފ((\0ފ((\0ފ((\0ފ((\0ޤ\nC>N~3Jj\'\rq\'ڤc`?(*(>zt̼{cL\'q>PQE\0|EPQE\0|E8=Gݾ\0\"(#+#\0(\0(\0*e\0di5	|2\0}G4\Z\0ފ((\0ފ((\0ފ((^%̶wqNג[N-^\'X\'xb)R8kCMLco 3l1X[F̾\\2JцI4nQc~{]Cƺ})J[*ag.cV &|C\r5ffk#B&}SnIquir탎KKM\\\0((>w((>w((>w((?\0h\\1k/O\0?pxƾM(>7#osiryE\',!܋:T03WO	\0Iio/+&#h_Mr+YkNW	\02\0~{Q@;EEQ@;EEWh~g^p폅o<F.# Xbh8^#ke#eʤ7v=<u	#Кe?45Q@;EEQ@;EEQ@;EEQ@;EEQ@;EERtZ}?Q\nKX@##uꎸel (Tğ	kkX[0[Ix\n!X+:w}>x/COD\Z.hr Dle[ k{\r:Xl(\"-5;;6hdVF8#XuWRRzG$Э_&wgg6ɊVm#I\ZxwLW\0\0}h>Ҭ}:/*c1%R\043`؀\0բ\0ފ((\0ފ(+47\rWL+XFe}$^tr۶.{w\'ʹ͹d4]euXky4R̈́Zrʂ*,K+w]+LD\".sΈrũ.Y/8yFO\0j+*ѵU	b:=)Yc>b-żɉ |Q0\0}GEPQE\0}EPQE\0}EPQE\0}EPQE\0}EPQE\0}EP8~TnTaW\'J\0w*3_z\0\"(袊\0\"(袊\0\"(#{qH\0\"\n(\n(?g!C\0Q:0q\0b?ӫ(\0ފ((\0ފ((\0ފ(Xtyu\'>f/y\0:mUxv໥ZcmzlVggWg;:wٮ&Fg>U6ʁ$d:u;\Z+u;:/xܸ+jȗC>]BAD\\΢b̉QE\0}EPQE\0}EPQE\0}EPQE\0o#O\0s־A+\0Ƶ\r\0QE\0?IEO7\0us_\r_\0\0Y4\0?cg_4QE\0}EPQE\0}_X-\0;g5A|@?gWj%0Lwx/᎕ <M.}}jM\ZN}m6[ӿc٫GKPm??3/a)	\'ik>^ye9ZE\0۷\0)~_u_ZM\'Ak,$72Igi+QQ&nAݿX\nf?9.\':g:#1lmŪ<-?<Y[7[TVdetfGF+)YXUA@ E\0~\0<\0O)U4&B-C_?\ZTn%<WIE\\mm<\'?\r|$??\\O\n#mZ+x\0gد4[xG{/S-t߉ǉ|;-xt>!xCO\Zį\0k^%g#h#湧mCLԬx$\03FY{;hd\0\0sov?\'8}i+\0	\0y<3\0\'B^h|o.G\Z:|ak\Z~=6~61Ak~wj:Ƈ\0XO	w|_{@|o|5m\'Y5Ռ#%WW7Ρ\rƕ3WdҀ?j0|gK?|=ŏ<ᯄ}3!DwXu[h$(aӭچtcnnL?lo<9\r|M~>$<$F_FG/^[O֤I5Q\0\0_Rϋw\0j߿hFAG3xmx+;\Z׌mĞ%n#Y\0lzEqoWV_O_]xٴ(Cx7Zh4S7,H\0N?8\0jzïxSBk^]ߌOOj05Ǆ#\rI3^maD\0%Z{;9ẴK{[yk{kY%x%Du)]YA\0El_ښE\0z3]t&og_\"ucw|:]J$>*sGmG~(κ=JȾ5T@;EEQ@;EEQ@;EEfڵf0Muyu;l@edjڵf0Muyu;l@edˑ7W7}GLä0E<WZʖQPYy߀xN5gk`\r܂HtJIj6\\\"奾B-={{x.5袀>(z(>(z(>(z(>s]%{}OLzgy#wա;l,7n ;:(YUxKMJT%Ve$H6mgujkD{ Դ٢QHh,d%S`A&Ki{\Z>r,XVl_1qTO2mۭ.:tPEQ@DQEQ@DQEQ@DQEQ@DW\'e^kKE>YR(Ax$&J\'Ҭg>e֨ge.璔?k;I%pa`%xΗʘ4TRSOEQAQ1P,qEj8qƊ\0UP@\0\n\0((\0ފ((\0ފ((\0ފ((\0޿>Ȁyz>((K\0$9נן|%\0U?khz(>(z(>(z(_Pn+t=Sauai	\"[k]Ϭ̌,,w`\0Rԯ5;ɴ\rc]o[UY#ѣCK@ᢸ.\"`uVkkwE\Zq)b\"Fٝʢ݉gb\0K1$U46I\r!I$F/4!in.n%ffyfI7z(3=.X{|Ahh<3*x@$E \0yLl/Aם`N+oi\0+lٞB)<#pOK^2C_:t;.`p$TFA\0b㴽ZL#u̥E֦khhm5p\rĺc@;EEQ@;EEQ@;EEQ@s{\0?v_gɵ\0\'h\0~џ<c_&EP_\0\0d9\0dOg/_K_FGGD\0~{@QE\0|EPQE\09lz7\0CX<MoƛKY6ѴS\0ǅX\\_<M7*Z h:sGυ][Ğ$ctc\\5N;=7I>OS.{cOwW㶩U]l=Gk~.,ڧiZvD\Z|Aguqfq\0ߏ ?`w7e~^2Y\ZgnѣA6IuiucWn\Z-+#mkI\03z7S|ExZ\rV\rWC>\Zk%8\0&nD&x܋Xj?J\r[\0W\01x\0<f˝&9R>\r)0O_x\0ZL: P2\0?jGg\'\0Ȱ֚˺׈5xC\"K۫_^%=/mLƿj]42bF[Tu/Q5Q5Wum#VnetSN\rF/l)`(\0_vgI\0Lz;A\04~h!榯>1-1@5h_: CIbּe^;7o>&_Z/<j4ص\r2hTKK沿y쯭,\'N5>!\0/ov׉Cw 6ZfivQ~4k=@ Ҵ+[Khcx-CuSCHcH4by5HV[m\Z9.Nm]HGW\03A?j\0g߃X7u[/D|>]eZMֵ+k_ź.ص]?g{\0 ;P\03\\|CGD78|-i){@a)qkxM>Z{vuo}kڗ\0V\0\'\0|#\0:\r\"@|3Zh鰥iv1gcgk\n*E\"Ke\0\05\0g_ᧄM;\0Kާj87/~*[tfkI>5.;)Xs\'iq)IO/<C?|\"K!kUt*隽ĺ~nRJ-m7V\rCM?ޢ2?_I7\nr\0	[?|z֟e\0\Z,ֳZ^x\Z^xƕǦxL\0\0?x?_o^-OxFoM\\\0wQմ=kL綿5+KkI,\0N~ޚ5K6m6O|l|idV7\'}?L\Zm?-軸5QP/\'\0|C>~~-zTW2x#⯂$\r3ƾ\n?X]yf\rOLGoWDmo]:\0<\0l)~_cj\0h\0>\0gŏQ>aDG&cVfdv<jcQE\0|EPQE\0|EPm͆m[jp	¨\0I(\r/KM{^D\ZG]7MWY|?k2xuw:gf&UTM5\0OEEQ@;EEQ@;EEQ@;EEQ@;EEsZGS.٩=C}m+Qesۺ8`-捭ê1cXSd9,dl|xYnyh9<d6Z&1j\Zd\0c֬6$+5+̈́)@&n&&Iza\"J1I,QY3]D\Z)]T:(>w((>w((>w_6=ʪ*pFr!XpMI@DW+:dcGgSd\0c4dIiv,N1 uTPqEG0ƑCHQH44@@UP@\0\n((>w((>w((>w((>w(\0MvmoB\\[ft;xJA*I&ӥ*4Ls^ؤVZerm|NQ$^T+\"rG\"3G$nF̌\n(jZݔv?o؈\Z=bGKyѝXHB㏠(4Y\0$~\0{N?L>؇G((>w((>w(5[!ҧK&˼Ԙ#PCjgDkZngaa$I#y搴7Mqq3<J$ěPQE\0}EPEP\Zmevʔ$WJ4wӯ.2 -/R5\rs eEz(RS\ni&.n-Feg]g-m$oI!)c!d)p9V\02W}x{epu=\"Bb@q)a@;EEQ@;E>.EtYk8dSooeϕo䓵^Y\0|xq:,JC`]9p&Ȇ	$\\4e!r־-J,|^tk˩Dx%IP$0R0tg*ǉ<SQoxekE:P.UB0x1DVe[05xLxbXO&wp$QH3y\Ză2+!c1{rG4i,2$H7WDatu%YXC) A?дx^cn\rqz[Y\"YfJ1fHaUeXˤqP[l\'VY>!PL\ruplbe\0dJ\0\0_(G\0g}J\0|__B??n;W\0W?k\Z\0(\0+/&o\0\Z	;\0(\0i\0ـ~\0οh袊\0\"(ꖥhvjS]j7Nmee7SD#,0E$!n-KN4CIԠ[;Tӯ]	-gEYH٣tuJ2\0\0k\"\0/\0fk\n|@񟋿d^=CP?!or\r\'[qi\0:\Z+M:ٴ\0-s~\rw>xG/t+^)\nzJ|7VhmqZizVkmccgo\ZComqFtQ@DW\0_~4~_>o~ Ri֧\'ĺGpzZo<;v]4@+\n(#jw\'i/^o]8X𗊴fuu41x/Ovxž,ִxcZΫx_֯aӴG,P;{;+XhA\0iڧ\rm#KѿjƔУ(L03xszO|=a{+,\Z7,lnaim?e?$\'g%d>dχw1;/c;\Z,ݟxǉs\ru\\KZtXK-R<F\0\'Ǉ?M>o#ah_|oi9[&¢MyớssSoeoZ(~t9=S==y?\0K_VC_<|,|5/xlEΩP]K/گⅷ mnl]zV%/vѡ|94־_s[xK[\r>\"J,[>)af@mNkO-ZJ\0i6\0$5(\n\0ٯ¾WƽCO|M4cyj>$ծ\\\\]/m60rǳT|OW?\r|0ϗ4_hC,UZO.&|h(>wE90s\">(;,,`ӌZ>(z(>(z(>(z(>(z(>(z(>o\\Ф\rWK+#Gc{2-ۦ-sg9$6PUJ(YTI	5+&Xu\r:U\']|»$1t\\:.sֈגGie{K\0[J6C,BV*$sa#g,[N̵E@>(z(>?n//YCC=K[`O 征v&nIf\0ꎰUjO=V.\0%dh~~,|i[;J]I߃P#Yd9I\nWxVּAGnN-IE)!@E_\\KB$*B)eO\0a4Myk3n!\0:z]-t\r\"[M}yq,M\0ym֩4suU	f47+KƐY	-c\0\0l{ᧆ7˭^^-:kX\Zif0n+6ռ@&WPC6rxz;\"ԯC5ľzq3*yELYj7Z\Z޳⮭Zھ0{WXuWhS\0ѕ \Z\r~۟55\05k[kmS_~+hZՓ;{+GF9VH\ZGh1 Ew//ഖG[$<-;{a{>^]m[~~_ys?Nf\0(Hn>x;e{>%x?R,fH^VԢ\0\0M+\0${qxk]~E1{M.%瘐L?S^N<\0gx\"嵧1Vޅ֋Y:Vj:^ĳ_iri{gu6:0$袊\0\"(袊\0\"(袊\0\"(袊\0\"(#+#柨iWp2^[hYH )$n!(H=.떒z)*eִy;ϛ؁nt,4!i	kb/W,/˸ol23.-H!\rDIc,\n(_֚n\\[F&t+X$X`I,M:FPdMi90q%\0U?kkϾ\0*e\0di4Q@DQE(9f2Gs_|Ӽۀ3\0}O\'̎~Z=Du={}EPQE\0}EPQE\0QE\0}EPge{U2[&L7VA1\\|2Xu i:~d3]t]B,`g\rqPBuJtUU%r(Y)<f\\А@>(z(_^\Z.\00Ǘ\r,\"CH	-#<\"rRfnT)tRD0GXy$l|Fey>xΣhl\"hJ[(\\\"M1ZA28N,}½jEc\rѕ6ƍvt$Ul)\n\roxS\'|(n1	k]\nՉY#T8{|o+2-MjZ\0V<iԵEA֌f!m\"K\"9xKsag伵ukܛх%^ItYUhz_~z|i*;fw{<&$iW\\\n*+\n+sM;7mpVg$nĒI\09H@x]moq>g?y$$+04A\nySj( 8aԎ($qDP;\0IE\0\0\'h\0~џ<c_&_O\0geF|@Q@Q\0\0?A-N1\0Y\0~QEQ@DQEQ@DQEQ@DQEQ@DQEzn=խַ͍wPqkukqCqmso2SSC*4r̎A\0oxK^\0	\ZÞWtO	xSd^FkÚmh|9o&Klm\"\\F8tTQ@;NSQEG4Q@>p\0@1/ 3藍@(>w((>w((>w((>w((>w((>w(5[ǋTҧ6:?\'\rYYQt5~\\[N\0GԛSwݬmg{=F͋#Hnhk{ʚQމP\\AiWSmkm77$0[\n4O<21F$Hʑ3\0\0w,?~&ӵZM}\0՚j>q:sޗ^Cnm\'=Fm\'\Z`\0G\0\0J&A	\'~Зzjkk[qcB+YS72Jj^+Z~H\0\0Q(ƻ#oٛ}!Som_W]8-~%BYgktSC=#5G\'OO\Zx[w|Cx~%/uڵkZ:jZ_K-s=ď4I#:\0(\0(\0(\0(\0+\0~?Njvo5Zύ\n4{6y~oۼE;\0xx`\0`~mQ@\0\0?c__?c\ZZF\0x+σ?H!w6:^oFk+B}O0\0Cg|!6~:>?~%\\\\\\Oem쎕yy+|JaHg>t%Ɗ\0¿e\0FQ\\¿>8|:ſ>5_>mC\ZxWQUе\"r͝@uM-F.>(z(>(z(>(z(>(v:mUʹHY7\rH4nAWK-\\Ӽ+nRU\0sCy,2L.\"\ZLLcqre9(>0q\0b?ӫg!C\0Q:\0\"(A7QϹO/\03>{\0:nuoN?NF=d=OdS۠\0(={?ێPQE\0|EPQE\0QE\0|EPQE\0|HV\nHV#pV#+23\"[\0:P5=FQ,\"4\r!)Eg:&uKX\nEǵP2ꏼ<Ѱ+IE?<;g8!,/p[5kw\"g3Ѵ7(wZW:Ɲ6Z^#BRJ +5V^?x@8	k ]a$,Őc@Ytnvv\0He\0\0\n,QgnIԣBPAF7E4$YXЭ<o)t|7gM2kf[k\nbMvKXVAs\Z>%ƣIiS\"}cF6IL|=\"W;$s,r#]`$VRVD@\"\\H3hZ+.<Bhc@?r\Z(e#9袎X4(HB\"\"Q@U\0E\0|EP\0B??n;W\0W?k\Z\n\0\'p~ҿk_ EP_\0\0Y4\0?cg_5 ?IEO7\0us@EPQE\0|EPQE\0|EPQE\0|EPQE\0|EPQE\0|RWq}{*pC<zqQ@>,\0Ƽ{gz59z{EQ@;EEQ@;EEQ@;EEQ@;EEQ@;EEQ@;EEQ@;]5gvTDVww`fb@UP	f$\0$_\0YM?كf\0r׃|+\'e|k]?W\r3Ðswv-\0/8\0:nq~~3/-@|z{M[Jݒk$~%$It>Eh\0(\0(\0(\0(\0(\0(\0(\0\0\0t/\0%-o?>&i>.|:oVXEVZW4esB3{XmrkZ>(\ZW?<iCY7z</ݭ敭躔{6eftح=V5kK=NS\r\0~_dO?G|E7yMh..f.FIOѧm7\\=x.(р*	A:>(z(>(z(>(z\0\0w\n\0\0(\0(\0\0{J>gmz\ry_%_x3\0Q6>apqi C gz1/B=}C\0ຌj\0(ˌmA}?]*:((\0ފ((\0ފ(((\0ފ*9f4¼ȱ\09r@}~]I@+q4\nyǛ<2*L.(aVmB54ۇӭ+s1*8O2F_=ܗ[;<=v+Q~вa7B;McH)X$\rs\Z9RdNu*܊\0N\0É?./,!]sH<\\pF>\";1t|Pl_ao)\ZzRX\"60aOMu͝\\c\rn)27b9f`_5x~;~ŻζzŇlLVKˡis$-mDvv&j\0_AuڅƧ][S]2(\0t,\0s!ThՕU\"*ª\0\0RUe9VdppFA-\0|EPQE\0\0\'h\0~џ<c_&_O\0geF|@Q@Q\0\0?A-N1\0Y\0~QEQ@DQEQ@DQEQ@DQEQ@DWp{j[\0\"__¯r*Ӵ21N$ԵKYi\Zm}kzfj7V:Ǆ>+\0 Iw^4fw\ngLu{W4\'Ks+x$sbC\0\0e}hZ\0_~|%/-Ɂ&ċ4freВEE7^,Rg\0-ֵ\0\09hO..l]jK,#T/K\r7v41^iZ\rWėxakQpO&ķ?=Eewou|]eܡ%?[]J[A5ϝA+cԌ31\0X\\\Z}գAskw[Lʓ\r,vᶓ[\0W\0~_o\n}ahgӤg>\'E)+4.M\r>_5vͩ\rsG[Sh\0o\0da/*?m?45u?~\0c#¶˴]^Q6~*lxcWxj[+]KT.?kM<MnM}^*t2#Rb	rQ~#|@E\nLU?;f_w>W\'iޑqkȲ<o$/)1\\<s\0%|RG?ϯOʿO\"Y|}?	\0d(;|6/oK\0:}+~7m|Ommً_\nZMN爿t\0[Xy΀>:iڶ}gZ]֣zZ~@7׷/R\\]]\\IF\Z3\n\0v*7WIǿ\Zd\'xK/\Z5͆{V%[o;t$h\0\0i7֩?0𷀼@Z׊i\r\'\Z-P:]z|\n-5Q\0W巍H\0S\ZVݙdOω:+Iğ1)6*9{?jO|A:|AV)׆մOkici]o-kv*\0\0r\n~Q?eڟƭN\'|m4XIS{˧xK\0-kGx\"I[k\0\0_𖹤º\Zxhqe:=YΉ576\"mD;g_Oi\0RTL\0js};ik}I*FVPᶺH7/|ꢳ4]kG&úx^,5]ouMZKX[IeQ5)༰k[YHdG:tEQ@;EEQ@;EEQ@;EEQ@;EEQ@;Ewk\nW%/#:n[Ydm<7QSq>2x/Xo;Nռunl΅˭\Z=kX \0x_<m<KxǾ=&:|O-BV5Zvin\rOQ^iX\0\0(\0k{+mkǄ-VI*BA4t(Ӭ>MԠ[i{((((((((((\0RW}|nKjߴ쏠6^5{>\'/Aq<߾ԵiI\\OxX5oXЯ\0f>1\0t~۟k?׋lxAI]-$ռ)}>5mBFK<\n|O/%xZ\'!OÞ9g2XkngwZ^T5;g tbq@GEPQE\0|EPQE\0|EP\0\0\0\0QE\0QEtGMZVywn7btlR%Ycy\n+CYoR_\n7/9/1{f#h^SJi\'[?	#+pCz$(z(>zi1?iQ@DQEQ@DQEQ@DQE\0QEU{[4n  yʑ\',>ge	af=[=2\0RËlFܥ&i2~]Ku\0{jqΙYZYinkn3P:mSOBmfHXcsNH1D%dHBYeo4Hw9mu+dP	݉H|5g\rƻ-A\ZTr/xC\Z\"k*`i<)-%d>kw\Z.rM\ZP<me&\0ŀ-\"DVx![{h&FXP\"0+)?s\\|!mkP[\rAOѧK<Z޻.|8Xv@-mV_x\'4];LzT6\ZI ecm]aKyoue	/e.k+OH\"W\0R!8( di=ğ\r|3GOUQcˍP$_2F*Q@re%B·vtlc3L夐a#EPUTUE\0*UU\0{\01KEEsis?w,b+,w\0$Ga,$tVdi:\0ފ(M\0~wߴ\Z5#O\0s־A(	;\0(\0i\0ـ~\0οkA/&o\0=ފ((\0ފ((\0ފ((\0ފ((xmm-aTifyeaZIe#Egv\n	\0?\0ğm+~i\n.lh;\r+*Y0>S\0uvPKss.0yF#Fz*b@SګWosPt~;\\Y\'.)Kym2j+hjj︺Y-~Oῄ_K,7^&n\0sVQW]z;M@YByv\ZNi~5nOo:.<amR7̢٣.<V2[Ώ(SG\nDM5D>jIluxwEKyڮaKUVi(Y->kwY{yQC\03?\0Omu;>X.6=}6cBInaGgu5YY}?ĿlHt?ڣj/zޠ^/7x|y~\0ei=Լkľ|U=ϐ<i3(yh1Đ+tb꤂76 FL&fS	_įx\0ognq2_ZMڅuYK	m9U,#?_BG	ɨ~؟\0?54~	nuSCJn5;>\"n-_\r\0G.]{Y$\0i4_x]\'&9}N#&flfi-4vebT4\08Cg~߷};uwo\r]tψ\r\r],^-`\0\riwZ#~HCs%ԼorϊE\0חBl#7H7&7p;P\0\0\0#ߞ#_/kZßأE4KQ{3[Y>\"_^%Ԣ|Iդ55[ج!Q;xXxeT7HWK0+K\0@\0?OVZ$M\rM}[Cs苪1\\>y[tzCc}k:fy\0Ii^5 xǝ\0Ӽ@5|4fzEp]HLEh?\Z	ᆇ|B~/O\0IҠ#j=$<qG?έ$D}+o\'eίuk^ï?𷈼o	j׺|!Q7i5oiZ<7V7\\*K\Z\0si7U%g\'s\0{]a?<Xuޣ;_AZG<W[S\0hWO^#\'5kZ]h*𯈴t{Q=kLOP;;[;9\0IB\0~?\0jŞ\0sbQbO|=JYMľs<!zAH4QE\0}EPQE\0}EPQE\0}EPQE\0}EPQE\0}_V?&\0x~\Z_Cg1/#]|_W\Z֞9k6,G7W(!F=_\0cFUe\'qgnnbоh~eVm7\ZĿ_D\"IxM1-K_{wjz3^_Lww%ĒOss<M<<;3\ZQ@Q@Q@Q@Q@Q@Q@Q@Q@Q@\ZfKG9%}_GoI>\ZS;K~\0e>j7rmXI#ǀtt~yMaJ\0?_):T?/V-)1YAc-\njr!$\'|JlUcK&YX袊\0ފ((\0ފ((\0޿>¿>\n(D/C􋉭FvR6y/;Gm,AʋD)@w]_JzK颺Q9\ZKݝ%dP\0i#%ĽzDѴk9LzUQ$ɰ2csB#9;w_7u.O\\HQŤ[202FJ<+4f\02;%)\0R¤:Iع\0q1H\0SS(voYv>әrI5ן|%\0U?khܻ\"Sߓǯj#B2;GׯEzc(\0ފ\\dgӨ\0JJ\0\"(袊\0\"(袊\0(\0=sWt}KYVx4I4*)~HP<pk4?mooTϦocyd`VJp7y\ZC*|].5s(0.\"Y[Yg_m0o(w_\rwZ9^m:N?`	 ڼIk,L)\'v\0>NAaI֬bVB,I\0,dwa\"ltMCvWF41uwj72hI\"wa22QXW]][[uu*CooK#UXFw$:*W$EMowV0BucmdlH}0>nkz84Fw`SϖO2(8بe,YEQ@DQENZ궒Y^#2`K$,l)煒X\'xՔd`pJ=^>e˫+U9oCq+Z1Kܮn-N]&ZPfd\\Wxn!texxXiZyE)ekֺ`5-^mRPÔ^?\0h\\1k/O\0?pxƾM(	k\0(\0s\0وȟk_k\'?\0?]\0ފ((\0ފ((\0ފ((\0޿1೿f%cJ}?]/xkQVK?>,>a>9\r\ZX#@s_͏A[_~д\rC7\0k\0	=G\\7*)o\0i}vړ_kk:^Y\0}wN|+&\'ugIA_>DhE&ԯ K-_ĺ恤]\0S	_	5xk7°$,Yj0|601^\\	5i={J;HnoXi\0[zW?O]|mށwĄY\\Cio|֡\0]2_|_>uqi%ΠhI͠OeN	8#?4*@a=WJqb\nznǠqTTEpW!/Ɵ>&xO^?<\'@.tx_ĺmƓwGueu4k4Mż.-(N\0\0O*g&gauOx$gMwqCmm.k|T֖YCO\rx\r\0UuYd_?\n!w?_E?m-=k|JG/nUῈtEhtE\0&w\04\0+\0u\0Og-Z~ǿ\'7%֚٦4Zel.OrL-u=^%_փ~)t_xkHԼA?vFԵ}o[!#Jӭ#\0Rԯ [ION\0\0\0h~g]6D-ďYo|u񾝦xInk{\nm7mqOhsy>4]ú6~h\ZehU\Z~UV:nXZYZHТ؜>&>\0\0]yFE;G\n;e<9<VM%{4ih	OXMOO85׀>&8\r\0gZ:t%EEsisC}vRiƗugwwm_\\\\h?i؃_ԱxZ>_6\nj~(mFPG,:wës%{o8g|g?l~[I.h47|5Pe~^Y%[\0\0\\pׇo1-\0?\\~̟UؓDc|p~c\rq9%cuDK{&hP(z(>(z(>(z(>(z(>(z\0/;;|H\0j9~\0~h.b(5A|dXۛ/TriTۋwo\0$)a}&}Ѿl\n6	ᔂ\0k+\0[?nwKŢ|coܴ:[|?𧆼ke$iN$+oڴk1 Q@Q@Q@Q@Q@Q@Q@Q@Q@Q@}\0?\0\'~/%ج!S>\"$7!oK|enQ&ē+53Rѵ-;X.\ZRү5->7{k.%I\"fxVDxبTV/IPA%:kPJŪ}:|$I8~Ve%x\"(>w((>w(\0\0z\0\0\0z\0ME=\"\rB	&7Wr\Zrd`Eyy \0@ֵkbӯ\'ҴKYz^a#\rX ie$2?o0Bv\0$ǧ<D\0g*D\"i`Ѷ&6y׌!_UHZ]:i}>wi		bUFEtpm,$7ȴMzyuݵqkL<cBᤌ:.(ؓT>-7q|%x$uYf26h̢Ï?oSZYf.#7H4\\`wd\0kW~m7VNڬ\ZuAY\n*0ѽblx88`\0||2[=s\0?+9g<uךY\0$~\0{N>(z(>(z)2?=қ@DQEQ@DQE\0QE&FH\0@9\0>9^\\\\xմL9mC\\Zd#2F2+\0\Zе66׺玧4hg\nʔkKͿ1P.6^XE~;kKXx\"Pjt\0$I$8\0}.ox_PG}  T0mn%Q2s	[z(>(z(>(}OK6!Cdec\rʣ(8:fu^Gk򩹐uYen*GQjp,{p@:kexbiʄ4S,OKVԐ@?o\n\0\'p~ҿk_ OlC$;\\~<d4id \0^B\0Ĝ=\0QE\0?IEO7\0us_\r_\0\0Y4\0?cg_4QE\0}EPQE\0}EPQE\0}EPQE\0}^olE_\0~ O~(ֿf\0~Z_R7ċx>,%HSÚ?<α vgG/,}դ\Z5wDi*RAwE$W,#Q}\0|Pz\0V \rAq9鞽=>(z(>tIHVGGP#R A\rP\0H~>;#ZxOj\ZmSTԮ3x>_G+OG|1,VwyF?3\r\0n\0>|s|XkYà\\	RIx~B/#_4=j=-|OkJt􌦛٥~E\0}EP?{OLzQN\0>\0$Υ~~\0~:ό\0tc~K~07m\\jS+¿/lZ?|GfZ|>*~u^PͿ\nlA_.K*/m1]iZs43o\nk_<-eGꐣMh8xǾ	wt/~\04ѹ\"m51,Z((Myo߇7_\n|I{)_{o7~-^ᛏ\\{Kk>.7A%DLy=J>(z(>(z(>(z(>(z(>F\0\0\\?_w\0?6+b+	c	Ia\'Y\")<r\"I#::254?p\'\nGa%ƋoZfAkzbԭ|Q-ңC}-qoq\0~4E\0QE\0QE\0QE\0QE\0QE\0QE\0QE\0QE\0QE\0QE_kSӴm2Zym $?2yc=ۤ3\0zWVOٻ|M|u>|(]ho4՗z\0N%5}Mf\ZV.X׷81j	亃s2Ksaoa|$n:ʬ/\0V\0|EPQE\0|EPQE\0|___@{QDSGuvXp]$k7=?<q4ca^amE:\0UghhYOF6mvSVvOq좍-v%*o9m\0_%_x3\0Q6/_O\0^@;EEQ@;EEQ@;N OqQE\0|EP&A\r_ťq8In@!-l-C,)2-Ķ&`.o/_QDo٬l foi^|m-,,72Isq+]QnFj>{$Pă1idG-kڱfwiK%RW(\0ފ((\0ފ((\0ފ((\0\0O\0?pxƾMo>G\0\Z6\n(\n\0h/%#	\0f#\"?|=}\0Z\02?\0b?\'\0v(z(>(z(>(z(>[VѬ xci.mVVWR@쁙M[VѬ xci.mVVWR@쁙q&<CA4-$Y|9k:8Rbn;5=M29}@/KM{^D\ZG]7MWY|?k2xuw:gf&UTM5\0OEEQ@;EEQ@;EEQ@;EEQ@=gw:LapF09 c\0ފ((\0ފ((\0ފ((\0ފ(+Y|i,vrau]&4ɐǢFjzLQ`~]]1,Yl#è0G/Mi!WDբ86=Ÿn(( 8`4bE(BGQT8B\" \n\0@;PEG0\ZE1\"QF#8H\0TEU@U\0\0+\0O|;\0x;/*j!WzynTi\r4\'~౼#hI?<iğ\0dGUſkum+ⶏi	^rd:vzΛi 	<t!KEPᢊ(\0(\0(\0(\0(\0(\0(\0(\0(\0(\0O%\n_	|$koԿuvwkx7m֞5۵\">t3b\0C־=o/xNHk[_`>ӝ+[6@Kti\"2B4QE\0}EPQE\0}EPQ\\]Wrz)b*βakj4sSakk5-JS@&0	UU=\Z98\Z+r&\r,->\'[mֶi_զzM6m@,I$1yiKqsq+434HI\0Z\0(\0(\0\0sOL>؇G+Y\0$~\0{N>(z(>(z(>(z)ddv?Sh(\n(>w((>w((>w((>w(S+\0Ƶ\r}}\0\0?i_\\5h\0(\0\0N\0,`Ú\0j\0o$	\0f\0:9w((>w((>wM[Nl.⳵E\09¤hQT\0x৹X\rqKŶ!BY\n?@ \0Zce{A{i0W,822zVks=!ҠB1<*r[	}zA=lv0aS^lQE\0}EPQE\0}EPQE\0}EPQE\0}EPQE\0}EP?{)?0Op;CZ\0\Z(袊\0\"(袊\0\"(N^)xc߱hjִX$RrjV+M534KrMkjȚPqEG0ƑCHQH44@@UP@\0\n(\0p~\0OڣVyI+~7é.L1k_wV~;Wq-Ex^.H\"P4ߠtP	jUY]麞wsaڅws=ݕGqkwkq\\OsA4oIs<\0\0Lŏ\r]F|[IO	H\ZĚkXQX)am(\0(\0(\0(\0(\0(\0(\0(\0(\0(\0\0T?cٯ	`dO&k0Swt\rFψM0ߤ|FXPs)!.xJ<qk\"TO:j<_s(Som&.tETU^j\0_׃\'|_\rh^\r\Zg/.DY6\ZNciagf1ƅ2@>(z(>|LnX--f5uW2dd\n^ER6.cΨ4~)hBR\0÷C$Bʠޘ,c%FC\0C+\0UFApA8\">-nm㸖Igycd[D$~l,Htޣz246I\r!I$F/4!in.n%ffyfI7#+#\0(\0(\0*e\0di5	|2\0}G4\Z\0ފ((\0ފ((\0ފ((\0ފq\0䁎zoM((\0ފ((\0ފ((\0ފ((\0\0O\0?pxƾMo>G\0\Z6\n(\n\0e%f5w	٤kK~?[w$)btzO-\rq,\"NN+TD	Sz[N<C WZm^w(sjJ¬Jݸ աDB#;\n\0ފ((\0ފj~g-w\r+HUDzIFق$⿁AWΒ dX̆.\"p%*F1`\0=z>!^W6૥,4Kn.2r)\0:ucce^4-3Yo5Zi1\nj\0&#HJTW%bTy\0n4aӼy<;)!.%>Y^;\n|߂/vmV[Zյ&IDfurR50l(@>\\ݽù=&i5MusyxͲ		\n*Q I+)x/#}F议.r_l[m\0+=\0}EPQE\0}EPQE\0}EPQE\0}EPQE\0}EPQE\0}EP<7v?=:Oa\0>}}	>ƀ>(z(>(z0>f#;F@=3R܌4w#|Q@<G#4w1>J\0\"(袊\0\0\'9߮|Oӣ\0?xQ1b;ݟZ|[4bf8-.\r7OE\0|mǞ2_+: =6\ZK]6Ǉ<OB}/ZrX%ՅH\\#5uG))/>+x7e@举Zt6v\Z;;8k7Ь|{f!5χ:u\"O&\0?B((((((((+\0mS~_l\0kO/o|;|x~+)nw{Vp\rMQ /\Z\0e+OK?k\0蚖jbso%\\gg;^w^7\Zyj:~MJ^QE\0|EPQ^}?f}CQtM̰\\X+Pl)V ]fo[Yխ.m-;ᲂR)nR\n7/M+>\Z/^{{gn);r䕂9_2Iw-}?xLԼ*\\wڔ+jdu\\YH\"h!kB`8m6_|MB\rMͽ:t%׮-I[e0lR-\"5՟dw=p\n\\GBk{\"	Sl\\쾃\'^mZ<6g(_i%K3scXe0i=4qV	f\0Dv8`NWQ4;KYëT֮e(%1y>[fN#0\08J(>((4Y\0$~\0{N?L>؇G((>w((>w((>w((\n(>w((>w((>w((>w(S+\0Ƶ\r}}\0\0?i_\\5h\0(\0\0N\0,`Ú\0j\0o$	\0f\0:9g4=b[H$*$C,RCE43D$SD<r#di0v\rVhxໂ9!y(KE.@(tPQYzd\Z[[A;7T,q	\',®Af\0<.{幕d+H8i\\FmR5flaA8kupxnEeu빂&ghME\rqP\'ok=ӤizY]juur7~𤑳B[dXƃjKET[k[æ[y&TзnVBF/ugǈW[#\rQ5S*=yCpV\"@HU3\"yJ67kk_[EvBGNh\0@!\0@>O4m@CsG.q-#\\k+)Ȳf%\0Hy.\\2;ɳ8{\0|4nwW]EŰ#\n|ƍPĸ۽,67BAe&CI\'R}=F4EqYœ5ޑ8j*E\0|EPQE\0|EPQE\0|ECqq]O\r2\\\\Ho(M<HP\ZI#*F_\0,4\0c+kU|\\f߳i ֓B|Z0,Z|m-\")-u\r,r*\0RttIc5gwv\n31\n	f$\0$+k\0</\n[]SEt?Y[BdY;;^xJ9ZФPxgw5k	{=R;g-\0j{˛?]L&:wď~2FhU-/Z7kXt+8Yݢ Oۧ$Wu%\0Wq{~=>x>9^K)-C:TQ3IkpP\0\0Xjd?c7\0/h/3_\0OWQ@>-]Gc&^#C7$Þ2Ԧyk8,V@i\r3EqW<ƓC4.4RxD,G\"2:1WRI\Z\0\0wG`\\~߂)o0?ş?D;FSZz\Z4ZygpQ|$\n\0\0\0m:+\0e?;C\nOFm;Jc}\"^\Zxzģgi~<k`Iu9}Q$I?b:	ZMxO_u\0⦪֖|t{8j\0	a>4 >\r:	\nƺH>\Zr\r=ѵzN{VuZ}kF4[M.,7R{;y#im!t)XPQE\0}EP$s{0:mPQE\0|RF\0琠`z)c@AfxzQgd}?\n\0(N8ӊk;78!9$3I@DQEQ@DQE5$VGUtudtuee VR F)P\0\0ȟnVY\0x\"Uj(\0:Oy?T\'kW}K\r?۩dtc/«eԴ_ἓtIHVGGP#R A.w\ZEi\0Γ\\IlD𿊮6uk\0\0坭x]W_ogƨq\0M{\r󺢷UOxĺ<ms>.{&ү?h\ZΝ;j\ZVP[j\Znequgyo\r$+\n(\n(\n(\n(\n(\n(7\0Z.)DܺW	-&xwM;-}WN$_?7kL?,[Z\0|\0(\0b\0U~#xN־_UoE|C^&Ԣx-<G⸠B}^=!Bε~|2%\0߁~o+\0\0{\ZL1\Z(Zkn٤WoKoφ\0~xC/xg?\0趾oh~feQ*<73ko&yz(>,O\Zƣ^+jzYAulѶYK7\\7\0F\0!r|Ձ\Z/iqw-ɹY´:}ɲ[I/W͸ku\"c2FʮjxG=]_T(VOqy4vp7cRi>c/Mj5-gYei|ɢ\r\0X\Z!\n;M#?=ڟI-NKyeRH~gk43<Q\\~}y㫻/\rOݽwCN`ׯ-wEc!MD#fP`.#[\0}955\'\Zg4iRPmF\nhj8ܛamix_⍆>}/Vc2P[{4Ky#++žO)XĒ.d~>+-%M\';,h`cR2D|¡9;NkVhVVR+nRn.V47Cpd4Gÿ)wi$Q]!R$\"b!AV$M緢\0\"(#+#\0(\0(\0*e\0di5	|2\0}G4\Z\0ފ((\0ފ((\0ފ((\0ފ(((\0ފ((\0ފ((\0ފ((\0\0O\0?pxƾMo>G\0\Z6\n(\n\0h/%#	\0f#\"?|=}\0Z\02?\0b?\'\0v(z<izx{+H_})qn]H_-3*WWӴK)u\rR;;HF^Y7Od4\nƬ*bO|G-Wmc*\0N\0Fg/q,ͲBJʋU-E@[𗈵mK_𵷉5CO\\OM$r[ErDr)ܳ1+D\\[<UMG\Z\'>Ə\ZЅi4f,ya? ֑,E#_hQ@5m¨.`)x\nxk(T,3AwhQܫ\nՁdIG#\0yǆ>%*[:	%+2ٗljOdH\\/TzV׼Ft1>Y\nQBJ<&hpAtYd\ZZ>$*>>dKwRD!DWusv\0 \r׳Ph\";;Xb2oiZI_s1aT*QEQ@DQEQ@DQEy\n\0g/~|..\0W<?:Ds{v$\r?KmV}KW.*Q*\'\0jExY\0 -~\02֬\ZúЧ=qe糽MΗs\0w\0>+||\0?W$#RF5x5K#\0/ĽJYK}fSǥuwwu4WWW4773<,J$3;3@?c\0](?P4?m&o~N^x\rBHKwZ_5\rEs%4E\0QE\0QE\0QE\0QE\0~W/ۿ	ͯ?Ɲiv.5?&/sy	xfi\"Uc}tۙ \0d\07~\re ~:֚]mz+>>էbG+t]U.#![x~/> +\0/\n(DI#u9]2:0+)X AW)#?	7~Tտjowo3OoeQÿW9t+^jW:\0Dd)O߲-/<q\0^\ZGφ:L߉>}O:{kcw\0i>]o^<F@S((>wJ2}G~sKpH\0\n$M;O\0_\0(Ĭ0V\0c}ن\0M8$03(\0ފ((\0ފ((\0ފ(?C_\nϩ|g<\0geWmUM<Y4W\ZWį	,qŠx}&\"Ks\0R/6\n9\0׼W\n4o=i&	5_xK;d{WR_xMI<u,q@E\0M\0k\Z>6~\Z>%jh_	e_ٵ!Xֵ\nM\':_˗6ɇa\0i30\\_߱텤jVO7nUCu[}mI:;wKηF+0ᆊ6\0\0ZOG)E@`\'|6񵾠^O-$׉t/m	vgt=L/)Y\'ᄊ;۪~f.o-5tM70=ŝ/@4W-_n|@\0z\n~7#\0a#p	\0FwRK<xekd7T(W7A=	ZOA|1OgMė+˃Iе+ۈ٬	e3\0W%?k/\"V_4iټg&y5Η{m>wo] FO`#\0ldj\rj_%-灾i,am/>i>0\rIܴm\0\'ҼEqr}xmKX|CLmmh-N.4u/:֖mrKdO4-/Kt6OӴ>;\r>Hm-mkh#!\"T\0~(\0ث	q|k?\r^ԟ_5SiF4\0]\"g/uu/EQ@DQEy~\"iWĿd\rQ%XRw\0|V |=sz<owta%+Z@\n%vJQ5@Y||睖-*\Zn<G}u;\Z8W#[$y8<yqH\0u\nE0sPVK*7ښ8I>3\'cFs ]Vh7V\Z#l`Toc4g\08firg>W,a>4TFfY\02뛅\'kQ΁\Zi\Z)fgτ:lJAOO<UV\\Ic{Ef.IS2Kvw˨X^]-ޟatIԓm݉EB\"߂9o.R\r<]D+]Z2[Ē~]CˍWPE\0}EPQE\0}___@Q@Q@iIÏ!\0]p?|8\0iPQE\0|EPQE\0|EPQE\0|EPQE\0QE\0|EPQE\0|EPQE\0|EPQE\0|EP\0B??n;W\0W?k\Z\n\0\'p~ҿk_ EP_\0\0Y4\0?cg_5 ?IEO7\0us@EgjX\\jZZ.%|I#YQ;A5#fmԥ>AF`fWpºά[)@}~3&Evػ5Kg2,Ck{e_*E\\4sȭ5%4jy8\'^+<9?v\0_VXkb\"0.ՆAqyoZa܈[\'p\nL,d@h/Y|>_ī;\ZB!0\\YUc~dDPo,yMgC>xIԒwk}Retl\\q&IQSO>1\Z\'6[GTo5/ApC%Piv/Fikk~F[^Tůn8RUL@2\n}mkmg\n[[mj0FDBPOEQ@DQEQ@DQE~+d32\\x~(Ӿ9e5:iu}nǺ+ᮗwmZJ@\n\0 \0_~1~1[)s@{;\0<EcRɡóڛm\r͗5)</odu{)u\r2W\0ڟ\n%u\Zx+ෆ5Kυׅ5O#%:α!_k)fƚo5\ri\ZЯF#?gw|n/\0_\0y	<86\rLw<5?\"o.ZuvW.PEPEPEPEPEPEPEP_D	_O٧w|FSSgY4wKib~/\\h~.uxP$孭;Q@%\0M\0g)>uo\rl{/nm-ƧOZ.<C0mM_\\x}+Ku-fӵCH,um&KtmGL\r;P.lo-+KK94\'IX~B:!\0H76y<4Hvy?_e\"f;]i\0?\Z d\0Q[<7pAuo<3\\ŵ2A2,$K	#ІRTS.b`X|` tQE\0|\"l9_O}$L{IiR,c8^\0}EPQE\0}EPQE\0}EPQE\0}EPQE\0}EPQE\0}EPQE\0}EPQE\0}E^*~xRd2˘Uїv	O1?t\0y>~^jQ&l4۸om$dUwp\0\n!ž ]zkF_wwč+e$j[nvfCTu/]]xjMZkh~η1^LDV1)XOy)F&GC47	󈷴G)L~YF\0yZmg>Ewip%U;YO*C_7_7\0AxgQ|%mEi)&+xdy\Z)drzcrMg&v@\ZzI4Nб VS!W2˞.?!\\j)XUV\'H	1ݭ V}Y<\0gƖl!0,2Ѕ\\ѻ\0䣑1zIq/|:[߰,ayl5Z\0\"(袊\0\"(#+#\0(\0(\0*e\0di5	|2\0}G4\Z\0ފ((\0ފ((\0ފ((\0ފ(((\0ފ((\0ފ((\0ފ((\0\0O\0?pxƾMo>G\0\Z6\n(\n\0h/%#	\0f#\"?|=}-\0cCm\0Ok{/j:;&ɨ)uId	6Uɝc4)`;11Pǈ!\0~,.\r\ZW\0헖3YSNUkwYws\\=ŴZJD#26G\0c<s^xt5_oME㶚!Sp&9r|\"Mj\r7i1j\Zl3WV\'z3eWXe+2|yeyYMSZov䕾icF\r9$\0āKtx#\Z\r\\]E$	sE	,<Tx8m\"I\Z9bC$\0Az]6Z[XaaP,f,I}0(f:vC{*9\"^h4r0DK\'}?K۽J!;Ku啙*\n\rwPQE\0}Er:n}&9UiyvvzgxXvh5[x؉mkq5žT/]@;EEW7C	+[Ah|KngA{qxON71Z7ggMCI쵯Ք&=ad?[?Jυ\'>:o6s7o\\\0iV;)|C:h*OgBltYtx/{ǌ~8{<{K/%}{$PiegmahUn6Z>U0%O~+~q5ψ#k!<Cp\'5MBpGqĐ^g\rz]v:6acZC\0QE\0QE\0QE\0QE\0QE\0QE\0QE\0QE\0QE\0W)T^\"-V2\rqZӹ\\, \0zOT>a{I7kq	VܺHi#w+La$.?I#b4U3;U\0?r[V?\0bnm>*{ĦlC7{\0|!cZB޷{p9_?C\0/WO>$2\0ƺ=<%?k6 ψKMOFtlo\\gUuxlUhz=6~ZH*HKx,Y	K8eo?_?J?()\rxYƟ\nmd?­cU/k(,ru\\jzo|b3(tu#\0\0.2ON{WQ<sGWC_놟O.,rE*Cym7:^z΃͍cwiQE\0|Ez>ރ߂hj(>w((>w((>w((>w((>w((>w((8Wѵ4=2xD\"+(T%cIBEcrxϋu\0~ګ Y6lsrXZA+f8[@چkmO^FLon$?1L:&6\\z2{k4\\	-ܡBvWU(d+$$1XI\0@@+DІ.ϒ^=9\n?|3xNOb]\"me,pN\n\0zu:NR?6\0mRwZC:yʊ6\"@HC\'{:g5M*q,<dQCqbcH<a ֔VR[smHeyI\ZS\\.AaE\0|giqImuxN[u$+YDNWg2`2lH\rƓ_2AoX7nkY/u@vX(F؃JGᴷ(-\0\n,q\0\n\0\0\0b\0ފ-/W6[iݗ0]<JWJZ9IAfmxt]j-Y\'HŞbSKiDXKlUDIͷ|c<QEQ@DWWEPEP|,\0a?=Wy\\&?CuwEQ@;EEQ@;EEQ@;EEQ@Q@;EEQ@;EEQ@;EEQ@;E)P?ۃ\0Z\0~wߴ\Z4\0QE\0W|\'\0K&\0?c;|9$I$ܒO5 ןI\r	y\0屻ⱻ\0`xKe>?}%3L)\0zg-:=tj0CpЅ_[\\R\0N4MG[2WVmq6Io!?Ȁk2+Ar8ZiЖW~4p-ˤv,fF~vDp{\0\0\0\0\0\n\0\"(袊\0\"(5-2V{Kȃ|^cn!l<RʰrL.?ʦ.$ya32qEa| 5Ÿ HKNl岼W1IGxeB\Z)牖X\'x+H KQ\\q{\Z6\Z\\\ZIy#bTfiS0n?=\0૿ToJ?[^k[~M~/Cn\"\'PF_qe5t$\Zt=`,/,I])uy.JM~;O5\r\'ᯅ3Ms(ZŢxCs˫\0(_-~?㧌?UMU[Ǌ+[K;;;ht]MѴ\rLҴ=I-l,\0k_\0/|[Z<Z?Ӷoi3Or|/k94JQ\rST\n(\n(\n(\n(\n(\n(\n(\n(\n(\n?\r{\r+:0$ɧ[-\\AQ,F7TC<G4:LOiXFHVa\\ƅH@I21wu[er׷!;mmb㷶HUV\0ϽܗvcIx_TԴLrn-˺w\n/¡r2n%OP};şdx%Uҵ%{X˚Itr\0nQRA_x\rɄ;!rYQqı~a%@o:MKOդR%QI\Z+|Pθ`<Ś#uk}:1.V=ВUUxbw\n(mIxķ:OU;]de<Y%UdI6@D./O$]2\0ckK1D[ϲYPPz&i6v\0i3Yh487mn <)[-/{+/ĭ-o)%ch/Ru\0CΑ?jz΁ZЧ:_q	(־%~\'9/T`?>\'hvC5\Z{Y-|3o	\0-	w;_<uEWGYǉiX,e3Sb|Asڵkw^gk{k4)EQ@=}COO:QN\0>\0ފ((\0ފ((\0ފ((\0ފ((\0ފ((\0+Ş.ztw_}[t\n	NIaīTINrq\0KT1ϪZ;KnDbI%Th7}i5WVRXfPdd|Q^_|\'X|\\,ά\rΝtiުyJ*FKD6?AYUՑ]J0ee V Asⷊ<962Y䵣mF|:|iyXFEa\rvv~vp2 ʾ}X\Zǎ<KּDobrMҐcI\"jem,Ȉ:/Vu]7΀j7ث`CBҺt@WEEQ@;EEs58״?aI#4\Z0i|][y\\[2J\0wEVd	lc2HmswC$m%[.\"\ZmW=h{$:,vZ2Y_<fX䁉il/\"F&^FD8emY]V9cM?Ta\\?irʱK(J9 \"HQ@;GWGEPEP%\0U?kkϾ\0*e\0di4Q@DQEQ@DQEQ@DQE#aݘ댃<ĊGʏ%`\\Q@DQEQ@DQEQ@DQEQ@DQE?O\0geF|_Y~\0}?\05m\0QE\0Nf\07?>6t}SdoEQ$7\0|<i,nb+!b^hդ,|k\'?\0?Q{^<;6vЬq\\iF6p#PmDUSTPRHU0jf.eof/n#X31g3\0\0@\0\nҠ袊\0\"(袊\0\"+K7k/~7έxWBF;I/u-J`#,0Dkhhlmo\'	\0>\0j߀W_a\']x)$w\ZC*[Boao]i5V?_PώRG?ƭRxmj\0߇vsiv^޳.o=|AuyM4\0\0W\0U?h5\r)o	_\n/M#KfW=\0%Ķw<e)\'<+a%:J\0(\0(\0(\0(\0(\0(\0(\0(\0(\0(\0(\0\0j}Εrʚv,Z|ݦr@<0d>\"Za}kP|+x|\"/&;Jn\nddnJ+xiAjvuo{<ZuKyhDe2@ڛظ\0͢(\0(/\0\0bk_dZՓqdBXXh;hdFgQ=7\0r~~ֿB~~=~%|%ŭ[:$c2Xα_~\"<G^Y5;+U\0Z\0s.%>.\0cz\0>r.5\nj7O_	cL֙e	=ED,<1~.6\0~xE\0/O<_QtRYmYuM2+}KG-otVR(>yNyCM 4Sv?$>5Q@;EEQ@;EEQ@;EEQ@;EEQ@;Ec&\Ziv0VmZ6-dh[+DKu[洎pjYjW\Z~o͝M20pzC#\0A\0(;/]Ԗd!k4\n\'ohehϽ\"MsFIIcIA(IH#Ȩmm\"0]A%vdY#fE2\"+29\0\0\0\0\08\0PQE\0|EPQE\0|EPkIL~dE[URAmܫ@-:/LG4R>LmGuej#2ƛ4\Z753M<VQ\Zpet$Vx%\"\r/.Ǫ<rE%`oXJZ2O$qI]S	:Ȉ==\0QE\0QE\0&?Cuw,\0a?=Wy@DQEQ@DQEQ@DQEkiDLR]]}7Mn0!c5[J۫;/:Zy16b+@9]Q@Q@;EEQ@;EEQ@;EEQ@;E)P?ۃ\0Z\0~wߴ\Z4\0QE\0W|\0\'_M?0\0Y5wQe\0\0\0\0~EEQ@;EEQ@:j쨈UA,ĀH\0I\'\0w\Z>.Og\Zm7jq^YL\0	@}(,s~[Wg	+W4v?j߉\ZDh\0tGiw\0I.B}HGuxY\0_(\0(\0(\0(\0(\0(\0(\0(\0(\0(\0(\0(\0(\0(\0(\0(\0(=\0\06\0UY_?x#xo&|\Z^5>iR$6\rҥ-z7(tkkw\0ߊ?S/2G|9{x\"tMoI,u>aHEI濪7c\0׿:?jOxğ.uGe~V)ΥwYk҄]M7<%a7WZ\0?>&_jvZ~E徣:6i\rziڍWoum4S#R>(矽t 99Nv>߿J\0\Z(袊\0\"(袊\0\"(袊\0\"(袰ua\r7M/vg)0S@kڳ(Pkvvqu2%\0}]K5_ey=M^[C#(&Eەmm7MlᰰCobfI$<HZ[YYwGgbM-EIye\r[PtVէEIE+\Z$jYm4EfNӢfbZkvz(>(z(>(z(>(z(>o\\Ф\rWJ+اe2K-˧K,gČJV{vY+C\n\03A\0<_E|G\\?MO/l.n4m\n!?\rI6<öwI֯M3R\0&\06\0w?fEe|rЯ,.5\r9|3m?X|omcI\r΋𡼘|\"<tnc>\Z4\0\0}{GA|X6H~8*,׮7	Y!6G\r2-ZOд\r7N45z\0(\0(\0\0{J>gmz\ry_%_x3\0Q6>w((>w((>wz\Zm̰\rM#Iq#E$gH2,P3,_ZiZdy	ڋ\0V8^Yt$yTv67zݾ[kmk @\'u`}^0J>I%br_QyH\\]m4Miv2m=#L[xֻ{ S5qവh>w(\0Ӝu?.iPQE\0|EPQE\0|EPQE\0|E/7\\G۽\0}EP\\\0}?\05m}e{\0?v_gɴ\0QE\0WA-N1\0YQ\0\0?Q@;EEQ@;\0\0{	?|/tSߢ6_	4Zj<8m;T6tl4kO.0\no	,stm\0?׾+|PǁFHr\Z5%k {+GawAߵW>#~ҟ<M\'#I֤ԯ14:/GxSN{KLv.	TR<I?xZ[&WS~&&]j<A_O:޵K=jڍ^O574(\0(\0(\0(\0(\0(\0(\0(\0(\0(\0(\0(\0(\0(\0(\0(\0(\0(\Z\0k\0+^l\0_~3׬|A~̾\'/k\Zo+5;\ZmީK/6-m-໴Kb\'Xghe)cfIъOI\0\0+\07no[+/\r_<aʃW&$1<Aa6?kojs7.tIQEEQ@<?׻{CߡNv\'ק\\PQE\0|EPQE\0|EPQE\0|EK>}H\0=P@CUx-Bs4l4-JB9\'PIq3(z(>(z(>(z(>(z(>(⿌\Zϟ\n|t1cS4V)Jt7Z~Cs뚽ݎjw֖\n\'\nVk_|cj~^OMnږmk42xrxǚSޓxo[~\0\0ZE*g)|,h7.s%k#Ŭ|1tX6KyIOFhX.ePEPEPEP|,\0a?=Wy\\&?CuwEQ@;EENK/Kk;Hi#E=Trʠ@ OM4omu=Z$ݪK\02}K#\0aQ^_|DX߉+[ʻ-nw\nTHʗ6\n\0;[ln\\yn$+Ugo*PhtEQ@DQE\0QE8ǧ2GgmEQ@;EEQ@;EI2<?(\058\\Sb@iHwUNy:`}Fq$9L\0~wߴ\Z5#O\0s־A(	;\0(\0i\0ـ~\0οkA/&o\0=ފ((\0޼ŏ_ſi>iZir&=̥U湸*Xiq\\j\Z=_[Kuirm\0O⿵~ʟRAIt\0=s,=_o/{	SKİxi>?2VVڿQ\0jcf<#5|)xGW=\0|Akm=Ō\"MǌZgNGp\0Q@Q@Q@Q@Q@Q@Q@Q@Q@Q@Q@Q@Q@Q@Q@Q@Q@Q@Q@Q@c\0\0+8o/]Ǐ^?0Dt_˧Zw\02F.#fw\'Óxǯimx%	&h]c`U7Pe k+\08/ڣJtx?sFc=۟DZ:70\"ҵK&j{Vw>2\0h\0\"(~_#瞇iSݏv>Cڀ>(z(>(z\0cF?lӏN_Ѓ=xnAO\\g3קa(\0ފ((\0ފ((\0ފ((\0ފ((\0޿/9Vu\'/~{_/\Z_~!]t˻G͟?:M>).\'+;oO\0\0G	c6/n_~\0,5]\'/LWbU7?*[F09~\"t_y׎|c;ƞ*ĺǌuj*A{6Zڎj]^Mq<yw!BU\0Q@Q@Q@Q@oIW/\'\0sMA>K\0$9נQE\0}ES/4+FdiUD_r@,B YTrEy,Oko$d׺NK}NamgF#i!zxwI`wM;[cQ\n\Z\r1yHK(*ƒct`(𝝭jZ;<(1a~da͵es^\nxM\\+c`,bku.F9Sw]\'Wo|vuO4ީj\0f5;-hn&,RavNHԼ3xZԱj6m&ϸt\rc\nX#RF;j\ZׄNČ04@\0~i8!S>\"\Z5mrh%cE>WHe4Fp{>[^ڏ}:HgX#T28`dى$QEEQ@;E\0QEEQ@;GocqQ@DQEB~r*XNPzqހ>(Ajpr9\0K!eF	{S\n6׭FNI>\0(\0m;/3\0Wk\0h\\1h\0(\0\0Z\02?\0b?\'\0\0h/%#	\0f#\"?|=j(>w@\0\0^|#\0e·Z/?j\0\Z+w1k[~C-Oect#_xxz?j:(oA\0͏wO\06|yϲ~ҿ4+[<MO5#JѮĚ\'/ɉi\0͂x_<m<KxǾ=&:|O-BV5Zvin\rOQ^iX\0\0(\0(\0(\0(\0(\0(\0(\0(\0(\0(\0(\0(\0(\0(\0(\0(\0(\0(\0(\0(\0Vz蚍zW\Z~z}wv\Zi$7V77Psgym,WG42$(Q@5\0\0V_\04&~\nOk=&i+_[Z>0t,ZnoW[>%?|??xZ\'i#<9h 4[u[5:k{/VtB;b	c5an)`Kw2V:KODi$-hl!i>K^_\r4_BTQE\0}EP\0IEEQ@;ԯ(FN?0/KdQ+\0J}=\Z(>x?%PQE\0|EPQE\0|EPQE\0|EPQE\0|_\0@o?N_ٗ-MFY^[[x=J85y/~ּUƺ>*}	W\07~8i;yx[ev#D8o=Jk]+D!5jOѴKJoQ\0\0W>\'\0Ui\0Z?V <+	P\\xĶsOGд|[yi=3RѼ;ayrgmr\0~_j_\\]S;XKǀ<<Ꮗ\nL,xlidQ׵kwX5\n(\n(\n(\n(?g!C\0Q:0q\0b?ӫF2#2ƛCUIg#j`#$\0.xmy%b]K+F,@O$2Hc[jM|BsjR,2Zbn E̠ݰe⯊uWN+yI4ZձZ;Ep$q$lZ	|I?:9<tgYmAKk/*ܲ]JO$xdʥzxvv66w*zd yhx,Lq,xfM{=ǆ}mCB`h(c\'y3H$I\"Uv+~/\Z\\Zxhn%wHq[Hc&V@>@</Z8M\0k]1<ubK,+w\0:^\\V739S.$ryU\nGɅ-J|+k:4VV**ndYjd\"i43O}:0M1ֈ\"1#4\0,π݀\0`((>w((\n(>w((>w Ll7]\0?\0}EP	a{QeH	@䟨Q,I8@CEQ@\0\0?i_\\5k(G\0g}J\0|@Q@wQe\0\0\0\0~W|\0\'_M?0\0Y\0{W|a|h\r?~\ZsQ_<]\\4Eb&Y.o/n1X:MZYi\ZM}ii0G\0|}R|xh\Zi	U>+I/fouMkcwuyt0x{znJWKu~࡟_ڗT-;E|12xc..d<+98\ZY.uZ]5MB-_xCpY&ٿ=Ԍ4?\r]C+YM##XiCX:?O\Z\0(\0(\0(\0(\0(\0(\0(\0(\0(\0(\0(\0(\0(\0(\0(\0(\0(\0(\0(\0(\0(\0(\0+W|_\0<Mx34xOŞoxs\Z5WVjy:}\\[KK\ZsPpg>\r\0fOT|v#AftU|;IwE2^Q,\0iP=\0?	Iw^3e\"\\DW>2e/Dw{;F/y^\"/\"uV?R`hXՕ+Q?83Sg\'h>|:*;ٙ/|wK(Z(\0$;2ah~\0(\0\"(\0FO{ՂE8<`7`5Z5<?O동NT=>%Q@<dΒ((>w((>w((>w((>wkZ7\"h>tk]u]/Gt}.[OVյ;`Ӵ:	/\'n.%ƋFʈQH\n,Ā\0$W\0?^QLj(cn5K{_yis|X_V3jZխOE_hמ3\0{.\0kS?z~<Dxpu@xMokĺmͭg=./,>\Zx[S{]6Y[z/\0((((((K\0$9ussoeo=[ZDO<αQgGbUTI5-\0&K{[OF\nv$ubBI;s>?Ox{KHE7r_V7r,\0(m	@>b5RѴ[KM6RY#QfG<E\'3\"XIXvhxVLӧ{;ԯ<oٌQVfg3\Z9xŶ̾.UV\r\ZEc{wX0Kܕϫm\\)#mn2G1UegxXd$B#+\0;O&^&a%搌E1|2n\nFenw\Z^\ZfʳC<!չY\"k78,7T	V:Z~#M4a5|ȥ3X4U&Dx4hz5M#OW[K4)G%;Ifbqg\0`PZYF!DVc,p\0`8jPQE\0|EPQE\0|EPEPQE\0|E.QG@AE±R~54	bW^w>1H#ː\0=3>ۤf<\r?N0?!\Z\0(袊\0\"(\0m;/3\0Wk\0h\\1h\0(\0\0Z\02?\0b?\'\0\0h/%#	\0f#\"?|=֭GQ>Vկ+Ku=OQOӴ(ⶴK#Y]#FaWr_~\n-FR<Q}m| 6sM/[&!J	᷆o\r4+g$>\".w3_t\'\0q\0|nuo7ǚMe|Vau|koKy|k7\"v>%_	\0QE\0QE\0QE\0QE\0QE\0QE\0QE\0QE\0QE\0QE\0QE\0QE\0QE\0QE\0QE\0QE\0QE\0QE\0QE\0QE\0QE\0QE\0QE\0QE\0V\0|WB|ExG,\r:\rYӧK?Uѵ6{mCMl#Io,!TWE`\r`Q@M\0ƾ_744;\0Di[X_>߉|koE?R\'<%J_Iյ]U5S4]oE,mXo.tWIt4OL,P;Y9%EaoO)g\nKㆍe_\nibh4_/UCpo~%m58CϏ\0?:Xoˌ_R??*܂9F?c\0\n(6UƙR\"TEQ@;EEQ@;EEQ@;EEQ@;Ep=\0	\rx\'1FKQ\0s\'MrO\0Ӽ{:c?ۿں\04\'Qo_MOƖ7:,jK%3x/}Z5X};⟋ۙ彚[\0Sg5/V(\0(\0(\0(\0(\0(\0(	Èwᯇ<?ip2O\nͽgTd`&+x--aE+xcDŁ#UWnWA_/1\'־#?!M6\0~:>.hkZ;_0hʨNLWz/4]CRCenV(VU`%0%Rȟ\0w]juꡂ{2$M$Sȫ am<\0Ꮚuoxr[&\rxK{2;i׳51;yFYP/x𦁨ivڂ]W[Tik)t Ͼ3:\"-SNe_^XOjt\rpwq\\_HwF./n՛i	`\0\Z)URK=XO\'שQE\0|EPQE\0|EPQE\0QE\0|E.\\y^Q@<9G0:qL 0i((>w((>w(S+\0Ƶ\r}}\0\0?i_\\5h\0(\0\n\0\r[\0P~NgpS\0}~ɾ~3q>i_o?[C=noNֻgI\r64\n(\n(\n(\n(\n(\n(\n(\n(\n(\n(\n(\n(\n(\n(\n(\n(\n(\n(\n(\n(\n(\n(\n(\n(\n(\n(w4>yscʱ\\fP(!$veH݀#_Gi:E^Xid7is\\E){n|j#vIs?_\r\Zu*spUn\"\"f0&LB,mX+;Aח)Dׇne/,v3FZG%ykiaAo:GZ*,U6ګZ<_ml|)iVWweL\\k\"[!<])𦹣#uxڝ.mھ=Οiz7]KI#5\0i;\0\'پKU\07rĨ?UĻr_q\0ִW]\Zm[5%S}pj~#j-_֫:x37lɼ\'\r_Q<vF	Τ\r!\'NG}k_?m߃3L~%?ףXM|/,j񷆮k)ӷ5;KRzMu\0}EPQNp@}~5Q@;EEQ@;EEQ@;7ZA=ZC%ĉB$4QI$2hA5C?GĿ0\0	AW|77jZoggm*LpDic\0+?bG\rd\ZE_x7f:mŹ{k ԣh%-!ͦ麅߂m?C9Om\n\06<}}c{Wj	_o\'V%{[Oi/sLsc⯊{]Ky4\0\'?[E\0QE\0QE\0QE\0QE\0QE\0QE\0QE\0\rl/dY^\0vKpEmQ<WU2vukMJɜGJ43 ;3Zӵ/˔܇dޘ%T &8##j\0Ěg17.L1Fm54quUFҺgͦQ^[ԈlSQ31\\D|OQFk(\0#8\0zzQ\\Osqen\r^ZvOhᑝ)֓X7ux3Y?]wi8\0ۡ%x];@>(z(>(z(\n(>(z^	PO}Ge=88\0#)ۛ=@=\0\0ފ((\0ޜ?P};iPQE\0\0\'h\0~џ<c_&_O\0geF|@Q@Q@Q@Q@Q@Q@Q@Q@Q@Q@Q@Q@Q@Q@Q@Q@Q@Q@Q@Q@Q@Q@Q@Q@Q@Q@Q@ď\r,k<\\	$H(72e@]95h_<Ss{4jM2;\\cu\0bfB\'\r㋏\nktچM5<r!?ES&U!^Z<b,S%EFrcb:q:\'rj\n|/yd%<SĳYYZ5ط0^\ZI>8\Z߆:ω5[vU\n[XgK#L(s|b#Jpj׺.}=;Z,.Tf\" l{YIq	$I$I\'$$I\'OZJ(;\n#X\07>2Yk&x3ZvXk?AA=յtCO3i$^{\0\nc#\0O$e \0O<;zoaKkok}K\Z\'ÿ5DsY[nQx\0J[i(tEMoqqgqݤZZŵͼŽ<D$3C\"K+ꮌ\0?ݪ\04\0%AL~ʱwaF\rc㟷7ZuqCZծoN&CP|S,|F[;t[8\0doUOm0|;m4?s6>6<5/kCKM\'WBԵ]=2(xn7b}}	4){`{<@CQEQ@DQEs+g|	k>87\r\ZUgN*wjzֹ^l=Я$9\0o)?\0W/g%{Z|0>ͬT -#?j|I\\i>d:o;\0؟E/N=?I2?iZ\r[+	8~+jsyk܍\\Cki~?{W;\Zi#@Loş+3^/&I,n#;ΒÚ薅l6\0V\0\0t\0k+O<[w\'كúė\0f	k77Z\rE&k7Ŀ$!DZx<#\nK^UI\0(\0(\0(\0(\0(\0(\0(\0(\0\0r_zeݶm\\q.itB=X}\0Y\0$~\0{N>(z(>_[ХZd_B\"MRAc%s[0Ke/a;ZD>^ѵ5d>ɨZ9Sҥ.H]@<yИ!e3vktU%[]jHT\"Gـo&@-C:\ZAoHKcv-Dca0b<21\0(袊\0\"(YbY8`7iu(K,9T8K\n1\0X.u}Z}G]\ZIđjn5m/٬nw@4ؤU仝cK!)A*ARQ@DQEQ@DQEQ@DQE8u=@\0t\\,~ֿgFhIV;dL@ȪE|c_s~7wǡkh_C2\Z=|hMqm&_Y	w	Y3|Y7\Z=n\ZUK[i\\70Kp2\"^)U$FPEPEPEPEPEPEPEPEPEPEPEPEPEPEPEPEPEPEPEPEPEPEPEPEPEPEPEPEPyOብGچ-.Mý[l2C*n5[izG/q#sZIdVEYZ(\0(\0(\0HK__	|IoZ>xX4IS\":ݕ[*-\Zf/mw<mP%ޟht?4k6oj\0|7ÏVk-Ϋ5A[X~$\Zpu~]?%\0a<{yq\'sE{ȡG]qkj~[	<\'|V`+@쎒\"IȪрete%YYH*A\r:{o\0\0v_{@|#Э$X៉^$oK![φ+#	dHx]\0n\0fAio_>5y]Ⱦhx|$\nEi e{k\0\0P߽3y6E\0ɿࡐE8j4m|1A(xo8$gHU_[\0ঞ;|;_ᦸNF6K{o4l&n[ӭu	d& ׀?_(Wo[_^uj<ykK\n{=Y<C0Cvp\0G!k>\0YϏS[nL\\ڶOIy4H-\Z\0\0[I//-ZV84-C\0|_VKZjrڲj\Z޷w}^ss+8D\0;]O؇៉\0i\Zmc¯2y:CKkgv։7~[^5d,o+\0^_Vx\Zu\rෂcs֓YLh5N2׾+u3l +G\r\0QE\0QE\0QE\0QE\0QE\0QE\0QE\0QE\0QE\0QE\0	|2\0}G4\ZJ>gmz\r\0|EPQE\0|EPkz$7k:<ZkHcYc}jI23D&@`\r=fG\'KE\0|jDw}W6w*2	a+,lA k7:k:;e[Gg0V:e\0pm2#mj\r^)GzF,/y$uh\\Io:*&Y#$\04QE\0|EPRXC\"M#G.,lKRtґ˦鲨k	~1mlPQE\0|EPQE\0|EPQE\0|EPQE\0\0\'h\0~џ<c_;i\ZͻZ\r]Yn4I$y-soq,?eYf/¡oo>G\0\Z65uF<2\"gj]P&hUu\"5y-KJmn3Ϡ\\#1,LBɳ\reW9ƍu\\gen4Vڍ3,7P*N1Ԋ\0ɢ(\0(\0(\0(\0(\0(\0(\0(\0(\0(\0(\0(\0(\0(\0(\0(\0(\0(\0(\0(\0(\0(\0(\0(\0(\0(\0(\0(\0(\0(\0(\0(\0(\0Veeeb2XR0A9IE\0w1IK[XWiyDQ:e},PJo{&Kߋ	) 	\Z)JIJ:0YH 2\rEӥwas\r`AֶH05eDagtcP-eʑ8z)$2IrF#t`y\nzE2\n(\n(\n(\n(\n(\n(\n(\n(\n(\n(?g!C\0Q:0q\0b?ӫ(\0ފ((\0ފ(+wpk\Zg0;5KQ\"fo<[2kwU-nJȌȭ@/\ZS\0Ojz|.$R5&\0Q)?68`k:4C2Gm٧,Y5`u噢cMk.$2#ѵ{yɞ__F\\Z\\* 03$I}P袊\0(\0ފ((\0ފ((\0ފ((\0ފ(M\0~wߴ\Z5#O\0s־AmV6͢kiHCw\rSj:Ĕ<X[HcS{f72>׮f\04\Z\r$Isiso4S[ȹHd6ȪrH4r*YUͻڏeT1Ƌ{7y2!Uw!YI3\",ַX[n,dO:\"rv$ѺEPEPEPEPEz%axķRiҝcH.5+g`Ȏ3T#)Y\Z>>=>C#k}1W3\r[lVPQ^/º/u+8kvIS=ޖcD.\"FdYct5t\0QE\0QE\0QE\0QE\0QE\0QE\0QE\0QE\0QE\0QE\0QE\0QE\0QE\0QE\0QE\0QE\0QE\0QE\0QE\0QE\0QE\0QE\0QE\0QE\0QE\0QE\0QE\0QӥPsx0\"k\\ݺHl.@.\",>ء`c(CKH)Q7SGGU E1YHe`rH EwK[HWB;;\ZW\"F]g-N5U[Kbs	m 	)xº:! E@Q@Q@Q@i#$i%8Qy(f!@I|3{;2~3Ժ`v΂h!U$xl+R%m$?ץuMڠ|:-:-c+3y/,\n7\nX1Ouhmfk&}1.WN)UiU*%Tf	!+\0EPEPEPEP%\0U?kkϾ\0*e\0di4Q@DQEQ@DQEQ@DW/hS\\O\rm\"\\+$zwodo9cIb\'P6{+Vj\Z]o,\'ܙbբwbD*k\Z4MHݢ)cj!Gn\"g)E9,ݾ!,d#ӮO#\0$ncɹFqTQE\0}EPQE\0}EPQE\0}EPQE\0}EP\\\0}?\05m}e{\0?v_gɴ\0QE\0WSl^}RYRQDhehAN5\ZFXo:yѤQcIW̉މE WR+&mV6͢ki^;`KKF\0X>d5,fUcZ5з9wPKn!Hdr\'ia$mUue\0TQE\0QE\0Wx;\Z|MvwV9dN.5QifgF U:O.KʱZ]E3M{pmxG2̊Ѡ2ă\r\0]|),\Zlr̒k\Z7p[e&[@)-!c}iQFX(D[b%[1DvoydUOA4ݡ\0h~5/nneII/;w]0x;یa %u烼jqF;sʷyl#;,\Z0(Ud!tg\'Pգ[=Ƨr0<7n[7ea8rc^*t;Y^2K7(Q*xZUi<\n(\n(\n(\n(\n(\n(\n(\n(\n(\n(\n(\n(\n(\n(\n(\n(\n(\n(\n(\n(\n(\n(\n(\n(\n(\n(\n(\n(\nPH AAr#AҒ\0!x<_n8<QoCq!UB-oA0G#qsC-24sA#,n0vdu*Gb\rG]rcoA\Zg<ZkVX],v\0l\0;;aU&.f\0 *qH8 	{A)(\0(\0nfY%bAY\\Gh;*HrEcŲ5rɻOeRvF	#f\0/\r9=UoMVaq1$Lg^xP> UuGYbM:XweĞB*XLgx$Gφ j嶟W^\"eDaU_lA̖qFdUge2d/4MwEoxT{km\'VIEos{jd}F*	8`!j\0c5(  :gör29?zI$lȉ!b2O{XKtC\"Rṥe-~SOSDmK6KQu!E \n.\r|x\0Ś\ZZ2+xA\0;vl(!T(\0(\0(\0(>0q\0b?ӫg!C\0Q:\0\"(袊\0\"(袊\0\"(袊\0\"oE-cFm58\ZinO߽5X u]ifL-\0QEQ@DQEQ@DQEQ@DQEQ@\0\0?i_\\5k(G\0g}J\0|@Q@Q@=wXݙbB9G#\0iQ@WQx̚T	\"ȹj,ZKyFP ?%\0rg^\0DCmlKeDB]2y\"HLyA<Dv\r=RVY6k\\ΑKoNmrf*#PPUU};\0o4\0[Ŧ6vzkin]Gx{%jHM\0r>({}.)&]Ag.uAH=B.rWcK(bV/:ߺni\neȚ[4/i[\r:>b,\nf)wI\ZE2]A.7Mo<j{|bb\r9$j9YX\Z\0XU\'zkwptR,Jc^C-2|B^A^oh:^kM=>̞TC%KeC#2%<a\0(\0(\0(\0(\0(\0(\0(\0(\0(\0(\0(\0(\0(\0(\0(\0(\0(\0(\0(\0(\0(\0(\0(\0(\0(\0(\0(\0(\0(\0(\0)UYYX)V!A\0ARQ@Q@(\'$\0I=$+|xg$tE%ޝzDTy>w0Thh3fej.cFXԵKYt/-e}?O%Z{{3.)c2@^\0@2x;du>|;Y\"pr|P<#GuZߎU6;%sjz\Zil_)$ZHQw$*p8)%˪]AMCFԠ4ٴˋXRY!خs˹2r|qxÑxƚ{m,s&kIo~8GQ:~lQ\"_1[@8\rJ<9=0\\NoޒI2\"HXbL\nxkF\']P#R%(Qw34;,&ͦÒ&uKi=kj`VBNۇrPMPDrhP<^%f>|2GVvm$Bgw %y\n*sQE\0QE\0QE\0QE\0QE\0_%_x3\0Q6/_O\0^@;EEQ@;EEQ@;EEQ@;E\0QEEQ@;EEQ@;EEQ@;EEQ@s{\0?v_gɵ\0\'h\0~џ<c_&EPEPEP]W<1}ͭ^Ť{9n>pil@̍)fwXpZDoVWTƁ\ZII?hB<+`eU2i\0L֙мZ$f{%?!dK!S8*\0+̞մ6K[]:&O6l2b@n!su^c7fDA$1}c$`NC)Yc\0WhzOm:^kVh];ո!N.6No><g𯋴dZF\n%2%\"y\0ab<.26ZN\'JO/HfbP`$8]D<Omc|7oo<3i 914e	L|Z\0QE\0QE\0QE\0QE\0QE\0QE\0QE\0QE\0QE\0QE\0QE\0QE\0QE\0QE\0QE\0QE\0QE\0QE\0QE\0QE\0QE\0QE\0QE\0QE\0QE\0QE\0QE\0QE\0QE\0QE\0QE\0QE\0Q.W;i_\n0IZ5l㿸7kH#8?i2ıVCD%\0Z?4coiՊ\r@fާ1p\"6XKʩ?\"9)BM-\"ƝF[ȋ1hUIf >uX4M42F2uo[ 7!p\"3*d)X~3[h^k\r_y7V7Pƙ+\r Q\\bVR$Pd\0jkZk*wk]gG]H<BI(*؈|y+J6:o52[8|MȓʌQ#\n[Ooi6m3W׬bX`ծH%Y	 M[pIYQ^ysv\0isd1E\0n?14J((((((4Y\0$~\0{N?L>؇G((>w((>w((>w((\n(>w((>w((>w((>w(S+\0Ƶ\r}}\0\0?i_\\5h\0(\0(\088$q#z+5۫jY-=؝OTbS1|Ȅ^5ČzZRLl#N\0V%h^r	̡\n-H*IYq 4M\Z֝RLڕ+)^>\\F̠d؟v+\0]_/\nj\n<*Ky\\)(2/}`˸\070ym\nf|v[m\ZR]a*#@>skkz3GgaBV\ru1@`\')$+p\Zo{úO=6ZOgkXWR9\\ƀe|rI7GxMHo\"6G$hR8rJ HC\"\0?ᶗ_cRھpV7aIseQiVdp(\0(\0(\0(\0(\0(\0(\0(\0(\0(\0(\0(\0(\0(\0(\0(\0(\0(\0(\0(\0(\0(\0(\0(\0(\0(\0(\0(\0(\0(\0(\0(\0Ug!QY\n88$O>e8 V	qwv=diᧆtmWڏ|Olok脰iZY!\"$\n|x\"x=FhcfTpJȡ`d_J6ӥkU]!ftHD-e^3N7+m;=676Xjem3!1,хY&j~_V)_GnZO\"]̡3DN7W\0?>_Z\r]sΐ1[w;9{m[tW)uOZ0%-6v/k,$y<xZKWTeM/OCkziYxOmdge$2d\r|Si0I{c[xq,ohrı1ēk(<OKRɲ_*͎3$쎫<lXE<q\0QE\0QE\0QE\0QE\0QE\0QE\0	|2\0}G4\ZJ>gmz\r\0|EPQE\0|EPQE\0|EPQE\0|EPEPQE\0|EPQE\0|EPQE\0|EPQE\0\0\'h\0~џ<c_&_O\0geF|@Q@KRc*Ufb@Ug@IPNXg۝KRex<=?]fq+Cg	R^qYNPEa|amdt]#JvdH-.9vs$`ƀ:xL\rsiPi}qEǧJUAC&5YyyzWj]}qj6[]HRH<x|J<6\Z/I㴲Þ:Ӣ{>k@CAcW1^7f/e<oG2nur	+(\n@k_xV:u-6\\5ݻ|$U$\095WS~}nk\rA,\Z\\u*ywHTRUp\05YabHFъ1RQj:\0ĉj!EDxc+ra5$¾C,.L@2F15VkF[t۝\0@T(}֞mҊygm}l,rDWM)$I$2*T5w\0]ddo3C2\0\ncZ=Ȇb2	o6Y@\Z)]H\0TQE\0QE\0QE\0QE\0QE\0QE\0QE\0QE\0QE\0QE\0QE\0QE\0QE\0QE\0QE\0QE\0QE\0QE\0QE\0QE\0QE\0QE\0QE\0QE\0QE\0QE\0QE\0QE\0QE\0G\"*f>@$\0\0$\0$;\0	\'{U֟9jqX֟o{iRb<q0(یі\08\r!<M[=~\r\"i\Z9/4D&P)ek0neo(:hl]\0\0>vm.HcHxh@l0{smZcZ[2\"\0Ư71a8O\\AZi_<F_Uqnlӧ;\0H&GrA $F#<B׉m$4-}4Mޟz3I%NT\r_[]-aO]܋}_AvQ0`0G\ZXێՙ8ıʧw$ռ1x<ou$?gy,S4{dV] qA_|SXMhN紴-`U&T ,d]\0QE{M/aHcJ ƒ̐,V[r\")^hiY X\'KѼRItaYAFYHee$29`r\"x^Ad%ňo.=Qa-ڷKc쑀8z*Iim	)JII#u`\n0*FA\Z\n(\n(\n(\n(?g!C\0Q:0q\0b?ӫ(\0ފ((\0ފ((\0ފ(+#,Vq\"+(32,GBĺ-\Z)5}sSx\'H4Im2?Wyr[ek{#b<?g,d\0Nk#VyEPQE\0}EPQE\0}EPQE\0}EPQE\0o#O\0s־A+\0Ƶ\r\0\0#\r%&<Qcҵ{6;@R]g>w81I;]edfGVGRUVVYHx AZxwRTFɢܭ%AWP]X9`.\0=>h)&iS+\\hVu|3FyUBH)e Yo1\\X$Q[}x᧒\rCq7v-qjWy4L#.1ӌWk^;|;=ot\Z\rZjH2nϜ 6p\0S@Q@Q@Q@tNn͡뻦f\'췅%nޟ;%1E\0kk:5ދt ō_ٻ\r\rHY	!}JԊɮGլͫhZ<a]GIb1qg,˿>fqI¹ӼGqkuk4s]͓\rΌV]^)0\0tQE\0QE\0QE\0QE\0QE\0QE\0QE\0QE\0QE\0QE\0QE\0QE\0QE\0QE\0QE\0QE\0QE\0QE\0QE\0QE\0QE\0QE\0QE\0QE\0QE\0QE\0QE\0QE\0u\r5yijvWE2[\\Yʶق)\03F^5es\05]3^)otH4YyZyAx2ML5W`[?.|-r֗H/?~DZ82\"s\'&&10RK)R\'c\'#ҭRksd>AE61\0-A߈\rд/hmv;#lȞ\\6y[UC,-wxZ5j.Ja}|)PXTU\0袊\0(\0(\0(\0`xeVw\r`Eey!P-3ye26.D-<LC*4r$]C+Lһ/GDP˃],Zt#iw#U.`XGxhJ2:8*:\0(\0(\0(\0\0{J>gmz\ry_%_x3\0Q6>w((>w((>w(芭yi\rݍcba#̌QkTEY?8b/~L%3E>w[y7鄥qY\Z 9TB.XTWX:::VV\n~jzecqj0%ťf9cp3]	9GJWn:͏exu;$ZVXR7$N<@(F$r*r#GGєee!	@DQEQ@DQEQ@DQEQ@DQE?O\0geF|_Y~\0}?\05m\0QE\0뚏u+}SK}yS&hn#VQ,.#s\0(޽˦Uj6H-\r`b2BbHUQ@Q@Q@Q@Q@u:Fnc@D+Ii*0YKI\roy%\'dɹQ8Ryj(WXtk\\C\",wE\r͜Α\"`0*EWR+*\'W]fHZݰ.\\`Xщbr^Y6c	:hz5pฌ\\ٵ\'b!|̻,\0dE\0QE\0QE\0QE\0QE\0QE\0QE\0QE\0QE\0QE\0QE\0QE\0QE\0QE\0QE\0QE\0QE\0QE\0QE\0QE\0QE\0QE\0QE\0QE\0QE\0QE\0QE\0QEVkk@=1¸te+[\"̠ᔐU8B[I\'kK)JH@9MFvN\0(\0(\0(\0(\0)UYYX)V!A\0ARQ@RC(epƱ7+GX쯥*J4D9kiH\'FheRG\"VR Qt]RCRᡷL(]b8[jwR\ZmK0pcE>XI!\Z9bwHaDb!RBPEPEP|,\0a?=Wy\\&?CuwEQ@;EEQ@;EESYQK;\n	ff$U\0I\0\0I8QK31\n2p	$\0<R#FU]VR8!pk`<~rgCø8e!H\0\0\0\0\0\0\n\0\"]*Z5;tMʺ0$2:zօI.<#q0Ydyn<74Aړ&#6ڀcՕ]]C#2	 A UuduWGR++YH!  F+S?mB^]zf]hogOwAh<Ҋ@C\0C+\0UFApA8\">(z(>(z(>(z(?_\n-cyAn7P\0O?i;+KO7xh&6єA+3{3!~RK(QU`֑|hֳ\"S%ߎ16ڄ-K_Z\0(\0(\0(\0(\0(\0(\0(\0(\0+ѵ/I뱙4D^CR:5 $e?e:xL?-E\0jk\ZE΍v-nZVHhws@(IEWR]uZ>kd$cIkrP2%[7@B*մA;C<RƳZ_Zc}nwHExVEWR(.((((((((((((((((((((((((((((((((((;sbVCw:Ao@PiMN(Egr[uJ<K1I\"\Z9#u8dtpOXSYYX)V!A\0AWo8nY\"T1쵾sq$%XaxԣH;K/2,e =$o,\\E$ʍHI#pH! EG@W?\0hOK}2\'?8\0ƚ/dGm%5R3ΠIW/\'\0sMA\0ފ((\0ފ((\0ٙQYݕT3,\0(\0I\0q|h\'{2QH\r0qڮRIMyh=EOgvqB%YEϔM]@@\0\0\0\0p\0\08>UUP\0UP0\0\0\nZ(袊\0)*<r\"$nWGVYYIVV0$AQ@oJҾ#(G\0w,L<ѦN#>&݁N9TIbt)dH:H#*C+)!\rEѼSF\")dц]e##+i%DWIʦ_JBGn\ZmW(!}0 04Y]Uѕє2* A -\0}EPQE\0}EPxAE}o.cIpǻxLȅDWWvT!\"4xtk[Hҗ)\\ܜF	l.k\'Mk2K,zƠa{WTcddH`OޢĒ\n\0*R8̺}@d9 y5vhf&g/5-&yhi=+F!	-5[=sLլ\"li%Jdteeu\0;j:o?g_L>(_twm6g=q^x7<Kj>7nof ?zϻC/_r~n\0O7Cu,xRm._C-ӮmxJf%|%;I\"3AUԢ[oj?ٟwwxoW¿x{[Q3麭mO}S*Q#Pѵ;	^H#\0\Z(\n(\n(\n(\n(\n(\n(\n(\n(\nt}bKck%f6ln&.\\`%ՓdRܵhZ5ȆqA:Akٹ>UݣpHрɮGլh4DRѧmG@mdOYEK!YX\Z=֋t-LRG4Ksguo,S^[ɹX^D+ Sy8hUu\"2h\0(\0(\0(t=.MoX4}F#pfRI\029!H:]G.Dx$1\nn݀>Bn.j1ZzYB\Z<PF,mci`<\"0]Ap/FJW4]	Im$u]%P8!Ĕ1}7cms\Zv)y!yԈvޙonƈ\"\0|Eu^$u\r:\'[KbL\Z7:!QTQF\"G[kr\0QE\0QE\0QE\0QE\0QE\0QE\0QE\0QE\0QE\0QE\0QE\0QE\0QE\0QE\0QE\0QE\0QE\0QE\0QE\0QE\0QE\0QE\0QE\0QE\0QE\0QE\0QE\0RA #A Pq#hQokh5DU\'\rX*\\A;yS,RA,LKGGSʲ0* u$x6,vglV*`XL^]?@8z_؆\0\'!i\\1}{gL?YO\ni<\ZYA7!:j\0fIaoo⯈66;CӮoE/xSѴ/i:\\1ޭ귖VQFfxUW*:/u~1gt\0*xuo%.?_Jn3DҼeQ\\VV7\'a xEEQ@;EEQ@<SjbwmNFycԜ35	@DQEQ@DQE\0QE#*:)VVYNAR	AZ(T[͸|*%?sfwHe`YH*FApA8#M8HeE)Q7J2\n\rrzV(׆.c7*G-BKpfo2[Gb\0j(>(zʿt],u[&Q1H1	f;p,9xCm-45z=+I\\E4!!܈	f(5XV:ΠSZ̐D}UHUr7JK&܎u>jvXKW؋E(;ǘpSϿzai[b;dkee9&*Y_Y^Ҭ_ռE.4\\.5G{-tBpJ\\GiFߨv\"VuH֡[\\[D1-B	elb%1+PJ߂KpBdVeTk8RȋBI=nNҼ)K̲5CēN;2/Lk7^\'-U\rwJ#>D+u݄i[{.\0\"//gD?~>QۻO?_?$Q_?g)&m\nk#\05еMwJhXO7ş8?/|Qimg1ʜ_BRIִZӦ>_.D\0\0\'?c)ׁ\0&Kc~{=瀕{A%姈<6IqZK-;O\ZX\0n5\n),\Zv_oY페$n#-^M_jHAkTwOV?j^\n|<3φ	xJI\'Ru-?U%H+HdШd`9\Z\0(\0(\0(\0(\0(\0(\0(\0(\0+g\ZͣI)XL)uHqy^	]7y	<yd)2^\0\Z[<\ZMk{g!EwM%WUxUFUu\ZFnZmGy-\'/p7r+_YCX7,;dyz\0(\0(;K\rsLѢ-i1ʋmI1n(4kzHFw~b\0X`S6òE#\"@̀z3G	=X4k[;\rF	n&؍.wX̰.A,Nx|c㛭o	x5D9e#ЃF1GSkσ-.}B]Muk_+@eܮ/ouyPF4Q	5ski){yu7os{/Ά	ܘ7t%wD҈A;˿x^3H&uKDqE0mp9!W%fwfn?xֶ6{m!-Wr\"`ET1N(*#luT3|YX\rCdV\nLm\"R#d\08Į\09ma;,l\n˔0VQm,J1ϑTM-ĲO<4;I,1wܒI%$j:\0(\0(\0(\0(\0(\0(\0(\0(\0(\0(\0(\0(\0(\0(\0(\0(\0(\0(\0(\0(\0(\0(\0(\0(\0(\0(\0(\0(mXcIkSK]7GѬ.=SP;-t(|$8𿆼M/h^\'t𾕨k$u{l4}@t.M[Y	7N{XeDC\0TZ\0Eu_+K~_	&?|Cu=io|;j=X\0*,c&7.5J|MtM=o>Ǫi\n-i?\nt^	K<aa}wx\Z@!\0\0\r\Zh_OVu\n8xQWo-u	5˖3Q5COZ2]fkzU:JNG=}}Gߥ\0}EPQE\0}EPϨ0\Z7wc.~}*IrOR~ϭ7qqДQE\0|EPQE\0|EPEPQE\0|EPQMuXT08=Au\Z\09#w\"H#tlSx#9\\/|kk6m.,ג+Wӥy]ȷCȱ&c2(*ֵ}GN}jv\ZV7SIqw2ntg,#xBU\r$&;xSLnK%ʺbFo2;F6n6Y\0{_YploaΖUUe[FK4eTsjtu[h.Mu0FF\Z;xce[\'[o@r	]JB^[@sIIM3ᶿ]2IdJ}i0|r%,p/@3+,P{i:u!#KQ|s;>LIs[~\n|)Y^K4</4\n8_%mNZv?}	XyQe,ʢ4ŞD>>(z(>(O_-|0yGEO6/7m.)ZtN9?HC{:	c^w\0!UZ=+m\ncSxOӡb<ZYYfs3E\0|\0Q\0G\09d2>\n\0e$#A\0#VW\0n\0T>?d2\r\0e%G#M\0/VWU?9G	\0H+\0Ô\0_\0Y_Po9	Q\0H7\0Û7\0Y_TP\0$#A\0#VQ\0Q\0G\09d2>\n\0e~Q@%G#M\0/VQ\0n\0T>?d2\r\0e~Q@#\0Ô\0_\0YG9G	\0H+\0E\0~&\0Û7\0YG9	Q\0H7\0UE\0|\0Q\0G\09d2>\n\0e$#A\0#VW\0n\0T>?d2\r\0e%G#M\0/VWU?9G	\0H+\0Ô\0_\0Y_Pp\06*[8\0{ɧ\0g\0+j	e_C{?չ&+~h\'(馆RUt5B\0+cԶ}{cRr/~TO9s	0n\0uȍxӵ\\?/<26s)7͜RFO%pnO\'엨\\T>x:P\ZM9䐋I g	*ݦn֋?ʶЀCm4\\(Vg9	Q\0H7\0UE\0|\0Q\0G\09d2>\n\0e$#A\0#VW\0n\0T>?d2\r\0e%G#M\0/VWU?9G	\0H+\0Ô\0_\0Y_Po9	Q\0H7\0Û7\0Y_TP\0$#A\0#VQ\0Q\0G\09d2>\n\0e~Q@%G#M\0/VQ\0n\0T>?d2\r\0e~Q@#\0Ô\0_\0YG9G	\0H+\0E\0~&\0Û7\0YG9	Q\0H7\0UE\0|\0Q\0G\09d2>\n\0e$#A\0#VW\0n\0T>?d2\r\0e%G#M\0/VWU?9G	\0H+\0Ô\0_\0Y_Po9	Q\0H7\0Û7\0Y_TP\0$#A\0#VQ\0Q\0G\09d2>\n\0e~Q@%G#M\0/VQ\0n\0T>?d2\r\0e~Q@v+^;\0cUT&-xI;#Bh\0rjyHciqD$?/$qgvc`*,\0$跍<;xB֥[H-Kص6}\n76o1dm`pp\Zֻ\0`ټLl U;Yd wV)\n:\"[)&6\Z\"\\xr\r\nK\'rM?|)dY\"KQTv,b?Lu\0ZV{{\nEqw&9.v:!R1P?xbڻx4$P1[iJZ|%DK+\\b\r)3q\n0j\0tܹ(Ì	*:@~\0\0+l-7JԵ3Ol>/7Nw[+h\0kJc;k\08\0&Z.\0\'KO\"i649E5ss\0\nPH/x4etC\"2ۤ5eP[$z|+NZU#yWR%ĒdVg\09b\0n\0T>?d2\r\0e%G#M\0/VWU?9G	\0H+\0Ô\0_\0Y_Po9	Q\0H7\0Û7\0Y_TP\0$#A\0#VQ\0Q\0G\09d2>\n\0e~Q@%G#M\0/VQ\0n\0T>?d2\r\0e~Q@#\0Ô\0_\0YG9G	\0H+\0E\0~&\0Û7\0YG9	Q\0H7\0UE\0|\0Q\0G\09d2>\n\0e$#A\0#VW\0n\0T>?d2\r\0e%G#M\0/VWU?9G	\0H+\0Ô\0_\0Y_Po9	Q\0H7\0Û7\0Y_TPE$ݭ?N?洸$\0Py-Yc[ݙ\02C,.\0f{\0\nG\r$Bx7BaxbP8\n\"@j>w((>wPQE\0|4d8+9۔^vzq^T=>y+c?@BQEQ@DQEQ@DQE\0QEQ@DQEq*~ZZ&YjiS:HaxY10*Ą#䯏E/<1[mkw>) xD*\n¨+YXsAq-BE۵)8|ȑF:(02U{?:֟GgάVMfqݤr4Hؗ!ՌO:oCi#F,q	#ls^6wdKOEM)%-O*;4Ώ	<q$Sx:O\r*M\'Wd)1jm-լ[t9pWtÖR>pm<OZ[76Q$΁4!r b@ZF2P1Tϵ@HQت\0}+\0[\r&4WWIeqn˷\rnnP,A\":\0\"(袊\0\"(袊\0\"(袊\0\"(袊\0\"(袊\0\"(袊\0\"(袊\0\"(UY}Z2+q\\8ǧ|#6C>䌒:`fSO}hj(>{@>QE\0}EPQE\0}EPQE\0}EPQE\0}EPQE\0}EPQE\0}EPQE\0}EPQE\0}U/-4i/!y8D0<U_}?nZ5NYj7E1C9,bBrC(c\0wl\'Ki(e״k5\rJ(?&R]Hn~	{4oxvdpY&Xۣ]ዬێ|fܲWy\0OKp<EiY6lT!R1Mxaxq5khmI@2Fh|\" IJ7;	?!LIzf-ggҝʸ]{w%74M.Œxᦫf4细Z|\":Jk5LDe&cv=\ZO|BѠTrW!J,XW\'l#LѭK\\*V`0]*v9fc33 EPQE\0|EPQE\0|EPQE\0|EPQE\0|EPQE\0|EPQE\0|EPQE\0|EPQE\0|\"9+8\0\nt?>)[Nz~:m9z\0Cހ>(z(>(z(>(z(\n(>(zgsmSRHo,7\n]A[\ndƙO\ZiKX/t D\0+~#l5J]k\\V/c8?40Es	1ܭ\0{n4ψԏ.\' ].KsH^UTI0UeKdx#\Zot{yaʿ;}N|GqouJ&mĴ,6H|3}\0	Xn-&VTyV8c(@/ݐ~_x_:-uvMQt\\(A|a1,c4nŞ%Ώy{u4^xUgKGY#%Ҽ*Gk]y#ez[]óD1:)&(6ckڮ۬2&_cš1<yefRXNnI{[VazM_\\y]^?2=!kUe,Q^݄ 28_96@9 P:S袀>w((>w((>w((>w((>w((>w((>w((>yTg?ߟ1ݽA)ec<{S:w\05=?:@2sc\09IQXz\0(袊\0\"(袊\0\"(袊\0\"(袊\0\"(袊\0\"(袊\0\"(袊\0\"[O{{qm,Q;\0rH\0@6+ĺocoصmUdkm{RO.(4񳯚\0_\\^qya\'A8@Ȝ%28͏[ߋψvSMM7S	h\'rׅ9x½r]Kɴ簵6OmdpY&1+g6W}N4MI1U,Uʨ˒n9e+>rYxD-c,gK#D#m߻D crr\'&<_o\r}Pu5sRZ[>Bn.cbχpfGhBTsVQPYXnnZua\ZbdfAIIfox\'hM\\BC\reVvڲig\0_ >(@!t6-aF1mzEGܖ9e;/ԼA	Vk]Kpw%x@M*$0DDsEQ@;EEQ@;EEQ@;EEQ@;EEQ@;EEQ@;EEQ@;EEQ@>.c|7FdtGe<r;JcO%qb:?J\0(袊\0\"(袊\0\"(袊\0\"((<7Ez^bl#kTbWLd|{@5\rvVy	#tks,e!8wVW\0XYh:)kVڍN#IF*]̬N6(^){*;q6|X6[si4Wr+dp-S6D<;\"{sxWK;VP$deɁ>[w*^{xnR:Qqk2XP^N\n(GxN>\"2AIw|9\\ih\rҺo@Mۀms~,<Aw+4sRyvr1ef*ͷm̡K\ZO5+y+kɱQ`]]8v%ʥ Q@qn$[nv$N3[UTP\n\0\0AN>w(nM{IФ	AJ̫o5.TrFOQ\"$WFRU	A ʮUрee`C+)2$ApfI|(`K+]]zgb	\';V35>A@52`AAG (\0ފ((\0ފ((\0ފ((\0ފ((\0ފ((\0Q{~ҤfR}}$B q$LTTEQ@<Fpq)(>(zQ𤢀>(z(>(z(>(z(>(z(>(z(>(z(>zu׷0Z@渝qF3p?SM,pE,:1qwv=UK^Wo+öiu}N%ia{[\r$9vn\r\Z^~׵[Ub{$8.1nD:\0r&/ }56]Ieu[}Cph`$ѳ߹j2H-K{x\"PQq*c\r}tu\Z=!Sp!JDʭ\0}a%;ZiuM.o$BU7ôE\0ז]ĳ[\\MG=<aΕ-uݔrA0%1ȮzZC\0\'\0|ˤi\Z:f2AFf%% bŉ\n,b@\0 \0xE\0}EPXk7QOk<R-Yv1#XBA{h-գT	i\",SWJl\\aH\'&&H慎!QՑHTW%j׋\0mL,aCnvmF$l F\0NRWnmB̑uQ@DQEQ@DQEQ@DQEQ@DQEQ@DQEQ@DQE¿4lNB?iׯV_=H#S)!+Ϩg<PtQE\0|EPQE\0|\0<w}=)(pxn\0hj(>w((>w(\0({`#X`)g{!v1$wB_<odt>=:\n-m>LOpvw|KhC^^U#ᵷm~`\"dA3mg6׌f$rwf6a@Mhܲ)9cyeERG\Zs%vĪB7Io]V&Q&qG`Y#2<hꮮk>\ZKo;ͦ,+c38),\"&fT*OTEQ@;EEQ@;]DhC##\nH#ӨK_73$@K?\'l\"8n|9<)cq;+6=qmfPWVWUtetu2ʲ$2 	I#h)Q%ThEWHJ:0*J*H \\\"1W/7yoXc,ͣK$	ӎlSQTI#u9^9JH`AN(\0ފ((\0ފ((\0ފ((\0ފ((\0ޔpE%EQ@>?ʢ<s{~Z((>w((>wӜu?.iPQE\0|EPQE\0|EPQE\0|EPQE\0|EPQE\0|EPQE\0|@ ` w~o\n[	b{OIPvR/j\"I|~q2ʾA\0 \Z\0\r755Yq{KV؀H.>dFHay\0u!Yd\ZAjL@f2vQXHYr|}\rSO4:߇e)@}ͨXʳ3*YBO0K\n^hpxN1qmFPNSeRWa$DU$F1ĉ\Z(訊G(EEQ@;EEQ@2Mjmob{i_></-d`|w;pᑙN6Z^.#]E\0fj.mm(I/ooT?}hXvjire,Aul+;<WVssos\0ʠʐ̤+5{KZ5ʹүh(Cfሂ8-u(Gl|Iechz(>(z(>(z(>(z(>(z(>(r4dʞF:l{TTrh\0ފ((\0ފ((\0q]~iS۠؞9=@CQEQ@DQE\0U5++>uM[V2۵E$ybv+ۇ3Eʉ\r&^ȫ*r5P6c֮c;=![o6&E6XYekK	y%sB\0(={Rfgmu].@\\A4)B<ŁȒ\"\nw#WUEQ@DQEQ@DQE5$VGUtudtuee VR F)Pfi%K+5ǆ*Eo4A2K0`m@)ݫ+2:GRYXeYXXAAꮎ]VV2C+AA W\0IGbkHߺGy}{),$Ŵ6b\0]ʣuQH`He`\n  #GRQE\0|EPQE\0|EPQE\0|EPQE\0|Ekfil	ߣ9Ha$*k].ՙD3\\ck(Ik;}JIgy/h፥hmmg\"%ĻR[ˈ-vV&Ǥ<:OjӢӢ5,}Ei3Cg1-5WW;t(%NA>(z(>(z(>(zp=O\\d4((>w((>w((>w((>w((>w֚ev\'Bv(\0(.;(Wi]\"GU%iqqfI琝\n\0\nc(WHGO7ccw弖ֲ	\rp7YW.[R^-\'*h>]בqmxn>wuoFy0o*-\\m+.Պ(@ y.B{4lQMш;PIą$\Z}3E\0}EPQE\0}EPQE\0}EP̺iIcxyl$r,O,3\02:8(gVu;{-tYuWS$ITjMQ}Z՛Z^Fk	\0	r7R9X23)\0rnQ_\rڹzȨ<r\0I\0f;\n\0ފ((\0ފ((\0ފ((\0ފ((̨ʈY݈UUPK31 *H\0I\0|̨ʈYUUQfc\0I$\0tR^[h[?<Vw2D DIm%I>АA,oS:/ՆQFƘ\0\n\n\0U\0\0\0\0\0p\0\n\0&(2qyҒ((>w((>w((>yv>߿Jmzoc{45Q@;EiVZ5Q#no.%\0\\J@EEQ@;EEQ@;EEQ@;EEQ@;$9x%E)$r\"r#2:0*UpE>\0|!V&_1U-O	adf]\Zi$>}=\rm{IQ%HE9#`\"8#)H4IsFM\ZKRHE7Fet`U\n 4O?PbWݲ+`蒾Ԍv]\0<֊EeuWFWFPC+++AGEQ@;EEQ@;EEQ@;Eֵ%id	xPGkvH $ڮ2kM*љDih쬣dtXYPյImZtTtRFOVh:&hlf%B;{m..9ig-yP&RIn&X7Kn>w((>w((>w((>w((>w:7N#PQE\0|EPQE\0|EPQE\0|EPQE\0|U/4Km-c2O<EP\0P]w+QF,ҺE<mKKִkx\r_Z	e8+Db.\"(@a-zK[[Ynl$܈Zhq9U/<EQE\0|EPQE\0|EPQE\0|EPQE\0|EPQE\0|ͩ閺Z܇Be;+a.ao9bZխ_xR(ͥ^7.imX\"U7v{}>].Xk+(r-[][\\BṵX\'RD#V@>=\'V_oF};R	-bUIKz@nXM\0hqPQE\0}EPQE\0}EPQE\0}EPʊ쨊UUff8@H\0+`<~rgCø8e!H\0tCu1$Iʡ)2HA\0\n\n\0U\0\0\0\0\0p\0\n\0!UUB\nU@\0\0\0p)h>w((>w((>w((>w((>yv\'ק\\Sh}{G=<QE\0QE\0|EPQE\0|EPQE\0|EPQE\0|EPQE\0|HʮUeeaVSTAA▊\0.#yB^xzF\\3L$\'{WvVdG#9#IQHFHP\"8*#)*5 l \\$I\0I&\\,!eyoTwӘ+f_,(р*	A:>(z(>(A-zJiMuu!%U\'k$#qo\\xS/,pܙ/J#@]mDmQOkw\'/]5\\6VM{ldvDm:[\rfƷj^1Ԧ𧄮\Z\"\'d)IҩqTnyDawp#/Zit:?*O&6m>6eB4niHW\\N-+]UP[!OHCUJ,8o]袊\0\"(袊\0\"(袊\0\"(袊\0\"(袊\0\"(`{֛E\0}EPQE\0}EPQE\0}EPϛp\0}x~!׸ERĒpczӷeAds}@AEQ@DQEQ@DQEQ@DQEQ@DQEQ@DQEXVmg}\n	Ȼ\\@r:UrVh^ u\nMoiiZPY咨>}h}MfUjַhF-wep4WvS29T6R\Z՝~5A:f!_[DrQ_@&4\ruQ@DQEQ@C\0$\0N\0I<\0S^;wxsQ|irmuhc`&-xHG7ۛxљ&6ېr?%`ȡk^/GUm&KX nKd`{IXf>Z2w:}\Z(VIw5,ʛ#GU74R,G*,i\"X+`v`#⼳~ԼAG/Fm{bCG,r]CYBsQ%tZyt\0^[BꨰlEoA\"31,e(>w((>w((>w((>w((>w((>yv=joNSݽߵ\0','PNG\r\n\Z\n\0\0\0\rIHDR\0\0\0 \0\0\0 \0\0\0szz\0\0IDATx^mhW3ddDHYdZmQIPU]-v)jAE!vݵf5M\Z-jFL2˽;$<Lĉ?;SSX~\'N|Fhoo?jժ%܃ָRTKKSN}>-ClnnWJ.L)y NxL!I4G8BJ(x&AJIuuub߾}Y`A}\0K\no6>\ZB,Q\'H,&wގ 9UB)!{a  M\0Dmmm@S\nدTN۶2-Jٳc޼yŏ`%Q9▔@,ƁrnݺٳgGךsMEEErΝd\n<ap+gHT\"\0J@s%[DQ[8>а_X5bu;H)0P\0`p<^L8\\Q~z#,\Zx49\rBO@aNH	}醰L,<y(2hMd]00eq:w\ZHm=3wm8^\0s.~\r}}~x9lz\ra	$u]@ Rb_yeQ{XuCFiBa{FiL{	뾊u\"z\';6@:.\\|]S،\"oBgXzè>ũSؕGpC}>\r=Rcxsd<ɝU?kڼw!oӿa9󑞃*! ۆB	CsnOi]=pKk[m+V1uHVB.گDJBaHGb4߭nٲĬ*C8R(eĖ?I<3/w\nh2Kr{pLn3%~TY6EMW9C\0	8\"!pzz~SkIxzd(\\xh))y9Rf|o=\"5ӑ8?_CfJ;sW#rdL}j@J$\0~7[Phʅ 5Rfh1<BLpӨ6HR\'͆v]km#A,t:md\0L^?\0&75!+*-\\kD<N>zA$\nh0A\0YWvbEPTk+7\0FR87o$9X=ܱ\0$!cA\r=Z|d\r<	5(|ଏ:ёPw%J+\"+V޽9c:P~A(~>8{2k. {d2\nk9DH\nJ!\'DVid{:;J\0(f}˯e=Ø[̮P\rF\0\0\0\0IENDB`','\0JFIF\0\0\0\0\0\0\0\0	 \Z \Z    ( %!1\"%)+.// 383-7(-.+\n\n\n\r/& %/--2-/----+/0------///----/---------/-5-+/--------\0\0\0\"\0\0\0\0\0\0\0\0\0\0\0\0\0\0\0\0N\0\0\0\0!1AQ\"aq#2B3Rbrs5STt$%C4c\0\Z\0\0\0\0\0\0\0\0\0\0\0\0\0\0:\0\0\0\0\0\0\0!1AQaq\"R24Br#35$Cb\0\0\0?\0l)DÝ\Zs-]%@ZEb!	uNʥG]V@,|>cУ=䴅x2_?)cvp/jEYe|H&MEqWuXcգYDQ\"n4\Z&\n`82n\Z\nS 8/*j{k*{j_)r{(W^\0yJ!PM42&Td\\E=\0=pߔM~vÉ,+RʥEW\0N_vSm咜JoH??&=;y:\0wd^gm%A[\nOH*:1J}-eInPs\n~C10C`64jʊpj{uZ\r i[\\}l:j4\0L`]%6<k?UU8pi\\&]\nZiB<w)\0ؓC%RëZG\0PzSXohBoqj[Q,EuY	Mom 4Jq \"Q+߳Đ6򉧂9@!B͈8HfU4	u;lE\ZU{G3N\n˖JA<~ >ʢ/IIoe8xh+S	f&$J÷\ZkW7~V{H\0bh:(2b3䥂\"U0%#[\"`K+8GNEЄT$p X3>MᱵQH#~>7QD._cTУ\rĢP *s!*nEQJvp~nvmY}{P<	|ɦKtQ *B\Zk\nyQxܝV*oeKBU9$Fk@ӾлpɁ\"F]:Iӂ \0\0\Zb9%T/.HФWQJkz.iJ2eyK4P ^>ՄQ;,Ry*ʠh+DKҬNLy3|H\n׷5tҰ+.jMquK9]FLa<P̃]RѶV(NNSj⊙*h)^=QYHveG	I=:g\0DQ\np\ZbNfgʋPl/Z\nSNu#l=\'DiMtfTm{`URIǋ\\9Կh`&i}sR47yLP\\@5EoaSHSE.r;ADO:\ZcKtN̪JIi(ƝodY+\n~|E4u\0@#Hl^\Z䴪\ZrQ45TM;D[̬IAgCB)@)U9#vho_:ֶ\\)JDki>&L\Z[6TSsz{\raM;\'RLF!\\LkNbQJnPG1<Vk+	y\nMnTTO=I̯{8[khx{)5KMHQit/.AR_-j55oĶIer*ȴB^5SXn2BaY2_{>e p>i	JR&R		>#<Ckī-м!\"]-~\"W\0AZGBsrY.ʆe$(wnq)Wve9P\ZTj7ƢKƞ{r̽悰q)fq0r*JSZ\n*p0I:sBВYO=/+PJMMh/@mO`j7;\0&QOt~g;:a#e\0ITZWV/[W%ZrYiCx\"J@{BoL|)8q_ã(}1O#H]F3hX*<ҭ⤓\0>}1_\\ㅠjJ5\"A4ѓh*(APA<t>&<Hs\0,{c\rO-\r-RDu~/}Gx{iV`lm\r\0kA^v6,Pys*NPN\0EKh5K4yP׸{2`,Fyp6[X1g@#e{S,EZ-KۧgFtQ}梲 4.몔`\ZEQZʉv\0iHtS\\y}JA\"9.DF33.fU[^RRmPZqCuBģ\0-!Tj%:W	)6!rqPVDKo\"QGޔ}1+23 mYPk8LfEQNȡmm~Ƶ6y̠X!<l\0N1hjf|\nRv/YF@I	(OW>Olܻ!Ŷ\nJ\'5EiioI_JΡM4=EgwC2ExGXkĲxǼ>8KK윢TYJIY.^&[*RQѫ)9JvG~I:*L¥ݥPBUCڕ\nxs!1}^[ͺhFFhyz;_qWzd־JTs\0V5|{deTmKU3ٍMNk?1_\\:3\0.\'gv]gu-\\\0#kx#	JPo*n\Z(M<Hs\0F+럠p{ӁHʴ01_ǜㇶϼ-]qM\n	$\0,!Xn	^+8H\n] _M=:Ƕvm6)VgjM} whe.bGJP/u\"Ͽ!`TL{N{x#鏐GV ís8R;O>@`/*#0\ZERn봨B~=#!#/K%\rcRy*\'S96Gg%C)U@pʵTy@ R1YV`KKZҠ\ZOTpԨy\Zmm]y6\"}em, %]RĨE=~QײX$_-+*GLA\ZiB0PT&rx{\'0ywCa `hƶ*v.:s{E/๏,isz+r\0Mۅ,na_KER8_*X/B}5ltauμ&\'ޥZ\'xҥ3)E:1⻞37m.ҵMZ\Z%C5	U8[D7N~թJi쬗~?*~ֲEїfSSgBiI/JB=R:*^m-?(9|%R$ԑ@zZpI,SJ~e[Ekݠݡ!a#V6ir!+~ͮ8ޙl4TƼ5͘Ĺ+0	RjZrZ\"!׊JZu&+HP4EKXyZë)qkUTkz+Ko\\3볤Ӗ`j!p=]iMZ(}dwDX\\h	%r+䨁~\0!)nE<PM\r3+:ڜݞ&zxԁ{-?$_>%A꽙wu)aT[s+3.֤,$I:,APV`jӄ28.5>%A >(ǧy\0`f5\Z\0Ayfyv[TR>5tTš\ZU{&@RZi̠Um궓Nើ&>ErR)AWqd\\W@b)d$J<	(P4iޯ\rN.Z+F}O\ZS0R~=W@$*o2i  DFǸϸJmh\\jM\n:Io(g)HcSrTH5#Q@;ɧ\r95*{I\"IT+_E:q!n)4#sR)bwzf\\wxG/;.9[nyЕ)C;[NKܨ\nu@⢴iOnkMkZxu%ɰĊ۝d!jץYA|g\0MMM\0<;V#r쳑HXU^&L&Ge:^ZW/y*&}%d\\)<ەօ\\\n~So?G7fNnzVFXG6R-YH)\0n\0cehG} ).IJi*\Z;6\r(h 0d0}Am$?X{a_/&aflTVN(ʕ:]i-$pk]m\ZeP[}ME)u~UVߩT%b]QEÕehK3\nI|(Uè<CݵKgg23$\r5Fm	a鲒ΊfIUM\'fvUT/a%9r\ZQSOD̈́_Nn)8xiН+[k<5n\Z!Ro_(9B;9r=[\"O+zMSfg4ТVsvOry_|xZfMS4XP\Z;_I\ZO\"uK_ҷ8NQX샞	jSYP\0#4&Roj(v.XĴ᫮uJu҆coa>UZZVAh\"e\0\0i@ \"@Җ+}q-Hn\Zt9$\n5@8(޺RaPE#w?1䘬̚\0\Z]M,i\\|!nH2$SuhbT@:\rE\rh+Z(\rq%,JGT@\n䰾PJ]m+r.,m}\"VM(<IE|͹2NB:[Gn)s%+Bi$(pJn!CِNrW%(ĺ]䜈&J)t@+30\ZI/<rHTW/kf$VZhA $T	S*r2l%\0\\8P\'/hwAA%;6:o-/ta(gyCD߂/_3Kၶm	,;\0KѝXuT9G5kR)T=Th?v]\'z	]I5$ľ}_-b4\0ѭIFrBHW?}Q0E|Ek=d4PrGHjxVų{ R]Ka*AZ\Z۾+)PU<6烋jGǻ&.9\\l*h$R)i$VwF쥪	z`JU3F&g}JrIyI)p<F_];SzSs-,]u*D:7\']IT,\0T1i [֦9PMS*eq{vd}g*hjs]mnJĎ،ys8mbEy0S`)\"f(Ͻ,IETҜcRs^3^G)/KJ[^LKf1adԫ\0(P	5=P{lfAe͑cp$xGN?2Êȷ\Zhp,CÏ\Zݛǘ?B6pĮ=[,+}gΞ>R^[1\nmjm~RA\ZżI>OX~1to\rR8ܪ?tCfJmn(ѤhI\Z(G/\'<u_~E&bd)e̣HjHCA`G!BШKsJzh|B^yf~	̫<BP<3|7bdPW4z))#[*`aQխ4:Bcdb<A LcL\Z\nIix\ni6[.+nR\rcGLF}{3P^\'FJUFD*cjUy	)\\«fm9u|ófen~}{Kᇷ\'>k/6q?*͏ت*W&YX\'N2ٛq.ڛ䕗G< k1%u}~){*Q&67_H87EL?ޏ}#L}0\Z#{B<?K񢙶# ЇAB faJ$B clU$Ru	6{/RKJd%.%FY4J *UGdv.\r2	KVY\0={3eVOlލ,\n^v&i.ʞx\r͖d+$Hŕq3YS?t\r!\\Lv\09hZj5C\\}3fJ\0*rcn%:H}tCu:Z\n\0[QY@Tr0⾑a&sԏfI8VKb\0|Ld^s%rP?f!\rBUУ܊}1=}QaeSf\rԏbG/0r,:)Kf}=ud/˥BZKZs_Zo\r϶2b\r\r;zqi \0\0rD \"\nLԣ<dêO1+H\0Lnʩ(\0	pi95yE?{.6\0EUw8D\'N>\nYu]!C(SM;\"|d\\Tc^y$j[\0#0ccNq)+{M{\nX>7-ݱ6\'\"D_3h.vo*EE8g24΢H(͖hVZ2\'\r&Г\0^޶Na6ȣI>ŷRV1ƋiS-;qg/vq?[lPL)U0sz(zCCa>/iՋ]\\m*ѱ}33Ia$VP\">yoSWfAh9e)59Jfq)B)g偣F\0}1/a4G~?ct?1hot)ZQj<lD!\ZZ-m35:+:\\SXv޴f\Zncuթ>%ʼUs!MqO/ʹ|\"CifDcJ\rn+JoBH\"i\n%mJQD)zT[>ҷz2o͍&n{!]f1_Qk]_٨1\'/CD(6\Z5KOGy!/.E<ߚ*|ub-NU(;{Z|+ݹ1H7Q\0Mi(%7\Z*7]WXǲ~̣˭>r=ESt4m2>y`\"Fi;Vf\Z)\"h[F%Sk @TGu(/SD6MӴcA6h^ \r7CUe-᫙rskUG$\"*;*9SHA\0A\0ߖtMW.s\ZveWĆ;*9ϙrhR{GnY.%HX\nBR !3\n-GqAف4{T{sb0#KߢuhSڎ}bͽ,3K]_*b;묾:FTqz$*攞5*RJRG0b㋉}gFj.LWEHߛWxR%q93-hc>54p=\ZBO/§2A,RkDh>8/?Uɋ=6(ۧ!^)C^00͕eNEKUSCjYGNqD^#/6S\nePA)PN#Ll.gʨm}}̾>E٩yB\nJ\n%KU@<hG3\nA.:4˛/\'ʱt9嗓ڙl*A Qtu0\\	D)YJS@5Q\'@\"N0qK:CbdqnD8j@@h#}!5~E>;Q,q<yƶ.Mg8_IR[6jЪHߴX$BP$EkJRH\0}stJʅɧ,<5dUVp~FJ5n\'>A3ia *9Q$UpaA)\0\n\0(\0|u2&]Y\n\ZFMOU\rI]Dy3J]RF5{[GE){sQuT-@q;ɯ.[9iV]7WbU;8ۢBw֥+N緑TmZs8\r\"f\"-ƞ	*o5a.?ʉi|>vCzd0!%nl\'J*t\";q6XTڄ6TxsZDe \0 \0!I]\'-k~yCn9Pۉ\nBJ@ (A\0+{qIdy%/ܡEMAYͯŗ,mDa!TV\0){ٳ0uG.3<e9+|X0)쪛Y ZSHNǏ8QJ!:vӧqKk?>\rqC,u\n\0q2։5R/\"\\e	p36J)ri[_g1\'B`̴j\n?:ΗG{\\Ҧ%!%N˚\0\Z]AE.˜{6Ӗ?\"/\n	%tHRmֲ&2B^ïEh/$ʖKRBGե+}\";<e\\\Z5\"E{zE6a\nvGf;o^FUzMp5]y)Q\0s&UvUB+l?KOebYa98E#\"Pve\0M/~	G$zB8[VSu+@t=PF+,ڋs6HRFUT\'/I{m5N3*(ՂJQjiNم䘐lR59Tf\ZRh@\ZhFU<\0yFөp\Zxc.~~fe)fߘ@JhW!.Ԏ1YqS(\02DҴ4H\ZcbO)RMdX$T|ƚ_Kg&,L립G(Vszwp굢	D)exLH(2%:G*JB$q41zI,#ۓm50qaIlł>=?2$% \0\0\0Br+䲽;Q_5t&+R9C    G弡W |vdHw0dqU}Iqܑd[>1ME!	K.\"K^d(;GT2C_3,6:57A4$Rz\0m\'Y9VxۡpI\'E_\'lMdnB9إ]~°BZWYYd{ ϵ{%j!zz*wDF˞u,&{zVUjm\r\\WӲ-ѻR@+x͒l+FI4zp{\"QiSx#N8wW\'y+ғ\nid&En+K3\"|:h\0)JRIJ@Uzǆ\Zq-׭,<@_O@%MLt1do*MJ;iT&ֻNU%\'f0q\\U-i̬\Zh;CmTғ8HOP<pҔ1s ƑܦI>\08\nh\"o҉ôZ{`zXwD`jyUƈR5Ԣ4;vgemT(ee\Z2b~m|r{\ZxOL(.a5Zˊ\0\">>\'^Vz<Bgld2ŧP	EkADتÎ++CE\Z|\\0:UrғY\"e	AQөQӢ4+ˆ:OqaepR*\"rGUgn_dtrl)5S\0$TRh\ryBshkq%m%$Q	tڀtzGDj:4$9ӜܤdPKu	*R\0/sW2i.\nRMH=FJ|m;ewkdiđƵCٔaa4*_Yp}є@  \0 \0 \0 \0ڝr]r4\'PI7)\0 v;wrJlхx\n.z\n(pɆlxn8.|US5AЎǼ͍N\"	&ifT\ZpU<\r7t{jsA\nUC{^P(\'eˋi8H\"ǈizz{\n\'3f[I*EOm\rG(U\nFdP:p\")D<eNs&%uM;]N \0,	i\\.h|c!U(ϣ]Z)5)QA\rM47y50YAג?j.2UGF?htv\ra՘Z\nI7P;-scqfT\0S32%ߗYuEwkꨗm⋇8<\"%MRMĂH9(({\"˄^mt/#j@:LЧc[;9Pԓޔ\0BV[{HᭉIo=4y-M@j\\Bl9,ISj\0loL>mE}%mm{JP9)O6+7Ɔ%dYd$kMs\nqiBIUAH?B+Zv,.AU%Wo/[\rQ \0 \0 \0 \0 \0 \0!aRU6>P+R+@)\"\0Vnxbe)PKB̓Zz[aSRd\n\0Shm]4oGwE©y\';!Ώn\"a7Vi@LzS\0\089R!L/zQҔۭ4RT\'GOn?,KIT3Ke:Tun\r\rގ32dzh=GIeASo4}\nT\r|AHЍɔ\n|\n`()am^BPJڨ	IX(I#wM\'eiM(g]jVګ\\V=׋s/(RZ\0$*	\n5P$\ZnH]:5|P8U?RRR\n(aU\Z;-R ]Tp&粱V ܊RjuNJ8\0ᗴBf9%9w]]A#i4E58.?=LE	%KQ˸H&W>A#]GXi+-\n38]j6ׇHD:8n@+ڣJBק6t% ,A7&S\0bE[p9.V۱)m:NV:eda2B[m!)H̣(e!ôIĘ  \0 \0 \0 \0 \0 \0 \0 ^r*`ul\"Jƺ8Xi\0\n\r@I%.ʗj~#W[V\Zl;XK͐U.-|&]o+s@P..ꮃت;E{y5:$/MFeHH߉61s?&ŷmUԂ6RHZC_6ziR\0HBJ(}cX%KUJG}fNU&ݑEw-GfK\'KyW}AI\'2P6+b1([dzoSÏ\nV)kMVN(`[]ҘK%5.H9oJ~cfS.\r@E}4VkI<i&fU|l](+aƀXs\0bEr<TNQ:0-f(JHH7*<I<c0 A\0A\0A\0A\0A\0A\0A\0A\0Aڽ*Er,P)?\Z\n繼7׋XS~Bځ~&󕰄ɲ>E2l\0BuԵA6#%]U\0A QI6&\\C	\nBAEk\\$!l>]_byYШK65tᓗ!hr0%)JBB@ \0\0\Z\0$Fp!C\0 \0 \0 \0 \0 ','pdf.png¿¿image/png','gl.jpg¿¿image/jpeg','gl.jpg¿¿image/jpeg','intexM.jpeg¿¿image/jpeg','pdf.png¿¿image/png',NULL);
/*!40000 ALTER TABLE `documentos` ENABLE KEYS */;
UNLOCK TABLES;

--
-- Table structure for table `editorial`
--

DROP TABLE IF EXISTS `editorial`;
/*!40101 SET @saved_cs_client     = @@character_set_client */;
/*!40101 SET character_set_client = utf8 */;
CREATE TABLE `editorial` (
  `ideditorial` int(30) NOT NULL AUTO_INCREMENT,
  `editorialNombre` varchar(50) NOT NULL,
  `editorialComentarios` varchar(140) DEFAULT NULL,
  PRIMARY KEY (`ideditorial`)
) ENGINE=InnoDB AUTO_INCREMENT=9 DEFAULT CHARSET=utf8;
/*!40101 SET character_set_client = @saved_cs_client */;

--
-- Dumping data for table `editorial`
--

LOCK TABLES `editorial` WRITE;
/*!40000 ALTER TABLE `editorial` DISABLE KEYS */;
REPLACE INTO `editorial` VALUES (1,'rousoes',NULL),(2,'lessss ',NULL),(3,'Delsas',NULL),(4,'NSUM',NULL),(5,'Diakonia',NULL),(6,'Herder',NULL),(7,'UCA Editores',NULL),(8,'Alfaguara',NULL);
/*!40000 ALTER TABLE `editorial` ENABLE KEYS */;
UNLOCK TABLES;

--
-- Table structure for table `editorialLibro`
--

DROP TABLE IF EXISTS `editorialLibro`;
/*!40101 SET @saved_cs_client     = @@character_set_client */;
/*!40101 SET character_set_client = utf8 */;
CREATE TABLE `editorialLibro` (
  `ideditorial` int(30) NOT NULL,
  `idLibro` int(30) NOT NULL,
  `editorialLibroComentario` varchar(145) DEFAULT NULL,
  PRIMARY KEY (`ideditorial`,`idLibro`),
  KEY `fk_editorialLibro_2_idx` (`idLibro`),
  CONSTRAINT `fk_editorialLibro_1` FOREIGN KEY (`ideditorial`) REFERENCES `editorial` (`ideditorial`) ON UPDATE CASCADE,
  CONSTRAINT `fk_editorialLibro_2` FOREIGN KEY (`idLibro`) REFERENCES `recurso` (`idrecurso`) ON UPDATE CASCADE
) ENGINE=InnoDB DEFAULT CHARSET=utf8;
/*!40101 SET character_set_client = @saved_cs_client */;

--
-- Dumping data for table `editorialLibro`
--

LOCK TABLES `editorialLibro` WRITE;
/*!40000 ALTER TABLE `editorialLibro` DISABLE KEYS */;
REPLACE INTO `editorialLibro` VALUES (1,766,''),(5,1,''),(5,1140,''),(6,1890,''),(7,98,''),(8,7663,'');
/*!40000 ALTER TABLE `editorialLibro` ENABLE KEYS */;
UNLOCK TABLES;

--
-- Table structure for table `ejemplar`
--

DROP TABLE IF EXISTS `ejemplar`;
/*!40101 SET @saved_cs_client     = @@character_set_client */;
/*!40101 SET character_set_client = utf8 */;
CREATE TABLE `ejemplar` (
  `idRecurso` int(30) NOT NULL,
  `ejemplarCorrelativo` int(30) NOT NULL,
  `ejemplarAnioDeIngreso` int(4) NOT NULL,
  `ejemplarActivo` bit(1) NOT NULL DEFAULT b'1',
  `ejemplarComentario` varchar(145) DEFAULT NULL,
  PRIMARY KEY (`idRecurso`,`ejemplarCorrelativo`),
  CONSTRAINT `fk_ejemplar_1` FOREIGN KEY (`idRecurso`) REFERENCES `recurso` (`idrecurso`) ON UPDATE CASCADE
) ENGINE=InnoDB DEFAULT CHARSET=utf8;
/*!40101 SET character_set_client = @saved_cs_client */;

--
-- Dumping data for table `ejemplar`
--

LOCK TABLES `ejemplar` WRITE;
/*!40000 ALTER TABLE `ejemplar` DISABLE KEYS */;
REPLACE INTO `ejemplar` VALUES (1,1,2020,'',NULL),(2,566,2020,'',NULL),(2,2568,2020,'',NULL),(2,5687,2020,'',NULL),(6,236,2020,'',NULL),(6,8955,2020,'',NULL),(98,98,2020,'',NULL),(766,0,2020,'',NULL),(766,30,2020,'\0',NULL),(1140,1140,2020,'',NULL),(1890,0,2020,'',NULL),(1890,1890,2020,'',NULL),(7663,7663,2020,'',NULL);
/*!40000 ALTER TABLE `ejemplar` ENABLE KEYS */;
UNLOCK TABLES;

--
-- Table structure for table `entregaUtiles`
--

DROP TABLE IF EXISTS `entregaUtiles`;
/*!40101 SET @saved_cs_client     = @@character_set_client */;
/*!40101 SET character_set_client = utf8 */;
CREATE TABLE `entregaUtiles` (
  `idEstudiante` int(30) NOT NULL,
  `año` int(4) NOT NULL,
  `idEntregante` int(30) NOT NULL,
  `idRepresentante` int(30) NOT NULL,
  `zapatos1` bit(1) NOT NULL DEFAULT b'0',
  `uniforme1` bit(1) NOT NULL DEFAULT b'0',
  `utiles1` bit(1) NOT NULL DEFAULT b'0',
  `zapatos2` bit(1) NOT NULL DEFAULT b'0',
  `uniforme2` bit(1) NOT NULL DEFAULT b'0',
  `utiles2` bit(1) NOT NULL DEFAULT b'0',
  `comentario` varchar(100) DEFAULT NULL,
  PRIMARY KEY (`idEstudiante`,`año`),
  KEY `fk_entregaUtiles_2_idx` (`idEntregante`),
  KEY `fk_entregaUtiles_3_idx` (`idRepresentante`),
  CONSTRAINT `fk_entregaUtiles_1` FOREIGN KEY (`idEstudiante`) REFERENCES `estudiante` (`idestudiante`) ON UPDATE CASCADE,
  CONSTRAINT `fk_entregaUtiles_2` FOREIGN KEY (`idEntregante`) REFERENCES `persona` (`idpersona`) ON UPDATE CASCADE,
  CONSTRAINT `fk_entregaUtiles_3` FOREIGN KEY (`idRepresentante`) REFERENCES `estudiante` (`idestudiante`) ON UPDATE CASCADE
) ENGINE=InnoDB DEFAULT CHARSET=utf8;
/*!40101 SET character_set_client = @saved_cs_client */;

--
-- Dumping data for table `entregaUtiles`
--

LOCK TABLES `entregaUtiles` WRITE;
/*!40000 ALTER TABLE `entregaUtiles` DISABLE KEYS */;
REPLACE INTO `entregaUtiles` VALUES (16018,2020,1045367073,1045367091,'','','','\0','','\0',NULL),(16019,2020,1045367073,1045367072,'','\0','\0','\0','','\0',NULL),(16020,2020,1045367073,1045367075,'\0','\0','\0','\0','','\0',NULL),(16021,2020,1045367073,1045367078,'','','\0','\0','','\0',NULL);
/*!40000 ALTER TABLE `entregaUtiles` ENABLE KEYS */;
UNLOCK TABLES;

--
-- Table structure for table `estudiante`
--

DROP TABLE IF EXISTS `estudiante`;
/*!40101 SET @saved_cs_client     = @@character_set_client */;
/*!40101 SET character_set_client = utf8 */;
CREATE TABLE `estudiante` (
  `idestudiante` int(30) NOT NULL,
  `estudiantePartidaNac` bit(1) NOT NULL DEFAULT b'0',
  `estudianteTipoCalle` int(1) NOT NULL,
  `estudianteRiesgoVulnerabilidad` varchar(100) DEFAULT NULL,
  `estudianteMedioTransporte` int(1) DEFAULT NULL,
  `estudianteDistanciaAlCentro` decimal(5,2) DEFAULT NULL,
  `estudianteTrabaja` bit(1) DEFAULT b'1',
  `estudianteDependenciaEconomica` varchar(45) DEFAULT NULL,
  `estudianteParvularia` bit(1) DEFAULT b'0',
  `estudianteEnfermedades` varchar(100) DEFAULT NULL,
  `estudianteMedicamentos` varchar(250) DEFAULT NULL,
  `estudianteParentescoRepresentante` varchar(45) DEFAULT NULL,
  `estudianteEsEstudiante` bit(1) NOT NULL DEFAULT b'0',
  `estudianteEscolaridad` varchar(45) NOT NULL,
  `estudianteFormaTrabajo` varchar(45) DEFAULT NULL,
  `estudianteCentroProcedencia` varchar(45) DEFAULT NULL,
  `estudianteNoPartida` varchar(45) DEFAULT NULL,
  `estudianteRepresentanteFamiliar` bit(1) DEFAULT b'0',
  `estudianteRepresentante` int(30) DEFAULT NULL,
  `estudiantePadre` int(30) DEFAULT NULL,
  `estudianteMadre` int(30) DEFAULT NULL,
  `estudianteComentario` varchar(145) DEFAULT NULL COMMENT 'Detalle de la información de los estudiantes y sus representates.',
  PRIMARY KEY (`idestudiante`),
  KEY `fk_estudiante1_2_idx` (`estudiantePadre`),
  KEY `fk_estudiante1_3_idx` (`estudianteMadre`),
  KEY `fk_estudiante1_4_idx` (`estudianteRepresentante`),
  CONSTRAINT `fk_estudiante1_1` FOREIGN KEY (`idestudiante`) REFERENCES `persona` (`idpersona`) ON UPDATE CASCADE,
  CONSTRAINT `fk_estudiante1_2` FOREIGN KEY (`estudiantePadre`) REFERENCES `persona` (`idpersona`) ON UPDATE CASCADE,
  CONSTRAINT `fk_estudiante1_3` FOREIGN KEY (`estudianteMadre`) REFERENCES `persona` (`idpersona`) ON UPDATE CASCADE,
  CONSTRAINT `fk_estudiante_1` FOREIGN KEY (`estudianteRepresentante`) REFERENCES `estudiante` (`idestudiante`) ON DELETE CASCADE ON UPDATE CASCADE
) ENGINE=InnoDB DEFAULT CHARSET=utf8;
/*!40101 SET character_set_client = @saved_cs_client */;

--
-- Dumping data for table `estudiante`
--

LOCK TABLES `estudiante` WRITE;
/*!40000 ALTER TABLE `estudiante` DISABLE KEYS */;
REPLACE INTO `estudiante` VALUES (16018,'',0,'',4,2.50,'\0','Madre¿ ','','','','Hermano','','Noveno Grado','','deedededdede','','',1045367091,NULL,1045367091,''),(16019,'',1,'',0,2.00,'\0','Padre#Madre¿ ','\0','','','madre','','Noveno Grado','','centro escolar','','',1045367072,1045367074,1045367072,''),(16020,'',1,'',2,20.00,'\0','Padre#Madre','\0','','','hermano','','Noveno Grado','','65cñjxj xf o uz uhzl zllzi','','',1045367075,1045367076,1045367077,''),(16021,'',1,'no hay',1,1.00,'\0','Padre#Madre¿ ','','NINGUNA','','PADRE','','Noveno Grado','','CE SAMAFI','','\0',1045367078,1045367078,1878979878,''),(16023,'',0,'',4,12.00,'\0','Madre¿ ','','','','eeeeeeeeee','','Noveno Grado','','sdss sd fdsgfd s sdfsgf sgdfg fdss','','',1636363636,1636363636,1000000001,''),(16024,'',0,'',0,0.00,'\0','Padre#Madre¿ ','','','','aaaaaa','','Noveno Grado','','tdrjryry','','',1000000002,NULL,1000000002,''),(16025,'',0,'',0,10.00,'\0','Padre#Madre¿ ','','','','iiiii','','Noveno Grado','','hhhhhhjkl','','',1000000001,NULL,1000000001,''),(16026,'',0,'',0,4.50,'\0','Padre#Madre','','','','dbffb dfb d ','','Noveno Grado','','cxdbxc dxf bsdx bsfzbfdgdsg','','',1000000001,NULL,1000000001,''),(16027,'',0,'',0,0.00,'\0','Padre#Madre#Abuelo/a¿ ','','','','qqqqqqqqqqqq','','Noveno Grado','','sdvds dfsdfgds dfsgds fdsgf','','',1000000001,1000000002,1000000001,''),(16030,'',1,'',0,12.00,'\0','Padre#Madre#Hermano/a¿ ','','','','eeeee','','Noveno Grado','','rrrrrrrrr rrrrr','','',1123456789,1123456789,1987654321,''),(1000000001,'',0,'',NULL,NULL,'',NULL,NULL,NULL,NULL,'qqqqqqqqqqqq','\0','98797987','98779877',NULL,'','',NULL,NULL,NULL,''),(1000000002,'',0,'',NULL,NULL,'',NULL,NULL,NULL,NULL,'aaaaaa','\0','eeee','eee',NULL,'','',NULL,NULL,NULL,''),(1045367072,'',1,'',NULL,NULL,'\0',NULL,NULL,NULL,NULL,'madre','\0','5','Domésticos',NULL,'','',NULL,NULL,NULL,''),(1045367075,'',0,'',NULL,NULL,'\0',NULL,NULL,NULL,NULL,'hermano','\0','8','opǘfh ṕfci',NULL,'','',NULL,NULL,NULL,''),(1045367078,'\0',0,'ADS',NULL,NULL,'\0',NULL,NULL,NULL,NULL,'PADRE','\0','6','ADSF',NULL,'','\0',NULL,NULL,NULL,''),(1045367091,'',0,'',NULL,NULL,'',NULL,NULL,NULL,NULL,'Hermano','\0','ftydcyh','uñññogbñ',NULL,'','',NULL,NULL,NULL,''),(1123456789,'',0,'',NULL,NULL,'',NULL,NULL,NULL,NULL,'eeeee','\0','eeeeeeeeeee','eeeeee',NULL,'','',NULL,NULL,NULL,''),(1636363636,'',0,'',NULL,NULL,'',NULL,NULL,NULL,NULL,'eeeeeeeeee','\0','9','98898 988989',NULL,'','',NULL,NULL,NULL,'');
/*!40000 ALTER TABLE `estudiante` ENABLE KEYS */;
UNLOCK TABLES;

--
-- Table structure for table `evaluacionMaestro`
--

DROP TABLE IF EXISTS `evaluacionMaestro`;
/*!40101 SET @saved_cs_client     = @@character_set_client */;
/*!40101 SET character_set_client = utf8 */;
CREATE TABLE `evaluacionMaestro` (
  `idMaestro` int(30) NOT NULL,
  `fechaHora` datetime NOT NULL,
  `grado` int(30) NOT NULL,
  `gradoModalidad` enum('C','S','G') NOT NULL,
  `seccion` enum('A','B','C') NOT NULL,
  `año` int(4) NOT NULL,
  `materia` int(30) NOT NULL,
  `turno` enum('M','v') NOT NULL,
  `Estudiantes` int(30) NOT NULL,
  `horaInicio` time NOT NULL,
  `horaFin` time NOT NULL,
  `unidad` varchar(45) NOT NULL,
  `objetivo` varchar(80) NOT NULL,
  `evaluador` int(30) NOT NULL,
  `actitudicionales` longtext NOT NULL,
  `resumen` varchar(250) DEFAULT NULL,
  `propuestaMejora` varchar(145) DEFAULT NULL,
  `evaluacionMaestroComentario` varchar(145) DEFAULT NULL,
  `planGrado` bit(1) NOT NULL DEFAULT b'1',
  `jornalización` bit(1) NOT NULL DEFAULT b'1',
  `cartaDidactica` bit(1) NOT NULL DEFAULT b'1',
  `guionClase` bit(1) NOT NULL DEFAULT b'1',
  `agendaDiaria` bit(1) NOT NULL DEFAULT b'1',
  `ColocaObjetivo` bit(1) NOT NULL DEFAULT b'1',
  `ambientacion` bit(1) NOT NULL DEFAULT b'1',
  `puntual` bit(1) NOT NULL DEFAULT b'1',
  `comites` bit(1) NOT NULL DEFAULT b'1',
  `ejesTransversales` bit(1) NOT NULL DEFAULT b'1',
  `horarioLimpiezaHOrnato` bit(1) NOT NULL DEFAULT b'1',
  `valores` bit(1) NOT NULL DEFAULT b'1',
  `asistencia` bit(1) NOT NULL DEFAULT b'1',
  `revisaTareas` bit(1) NOT NULL DEFAULT b'1',
  `repasoClaseAnterior` bit(1) NOT NULL DEFAULT b'1',
  `organizaClase` bit(1) NOT NULL DEFAULT b'1',
  `ambienteAdecuado` bit(1) NOT NULL DEFAULT b'1',
  `usaGuiaClase` bit(1) NOT NULL DEFAULT b'1',
  `presentaAgenda` bit(1) NOT NULL DEFAULT b'1',
  `presentaObjetivo` bit(1) NOT NULL DEFAULT b'1',
  `presentaContenido` bit(1) NOT NULL DEFAULT b'1',
  `ideasClaras` bit(1) NOT NULL DEFAULT b'1',
  `claseCentradaDocente` bit(1) NOT NULL DEFAULT b'1',
  `participanAlumnos` bit(1) NOT NULL DEFAULT b'1',
  `recursosDidacticos` bit(1) NOT NULL DEFAULT b'1',
  `especialidadPractica` bit(1) NOT NULL DEFAULT b'1',
  `disciplinaDigna` bit(1) NOT NULL DEFAULT b'1',
  `llamarEstudianteNombre` bit(1) NOT NULL DEFAULT b'1',
  `despazaSalon` bit(1) NOT NULL DEFAULT b'1',
  `preguntaEstudiantes` bit(1) NOT NULL DEFAULT b'1',
  `aprovechaTiempo` bit(1) NOT NULL DEFAULT b'1',
  `verificaComprensionContenido` bit(1) NOT NULL DEFAULT b'1',
  `tratoIgualitario` bit(1) NOT NULL DEFAULT b'1',
  `trabajosGrupos` bit(1) NOT NULL DEFAULT b'1',
  `tecnicasAdecuadas` bit(1) NOT NULL DEFAULT b'1',
  `aprendizajeCreativo` bit(1) NOT NULL DEFAULT b'1',
  `diferenciasIndividuaes` bit(1) NOT NULL DEFAULT b'1',
  `soloLibro` bit(1) NOT NULL DEFAULT b'1',
  `listaCotejo` bit(1) NOT NULL DEFAULT b'1',
  `copiaPizarron` bit(1) NOT NULL DEFAULT b'1',
  `ejerciciosPizarron` bit(1) NOT NULL DEFAULT b'1',
  `dominaContenido` bit(1) NOT NULL DEFAULT b'1',
  `metodoDefinido` bit(1) NOT NULL DEFAULT b'1',
  `desarrollaEjezTransv` bit(1) NOT NULL DEFAULT b'1',
  `porcentajesEvaluacion` bit(1) NOT NULL DEFAULT b'1',
  `asignaTareas` bit(1) NOT NULL DEFAULT b'1',
  `fuentesConsulta` bit(1) NOT NULL DEFAULT b'1',
  `claridadEvaluacion` bit(1) NOT NULL DEFAULT b'1',
  `refuerzoContenido` bit(1) NOT NULL DEFAULT b'1',
  `aclaraDudas` bit(1) NOT NULL DEFAULT b'1',
  `clasePlanificada` bit(1) NOT NULL DEFAULT b'1',
  PRIMARY KEY (`idMaestro`,`fechaHora`),
  KEY `fk_evaluacionMaestro_1_idx` (`idMaestro`),
  KEY `fk_evaluacionMaestro_2` (`grado`,`seccion`,`año`,`gradoModalidad`),
  KEY `fk_evaluacionMaestro_3_idx` (`evaluador`),
  KEY `fk_evaluacionMaestro_4_idx` (`materia`),
  CONSTRAINT `fk_evaluacionMaestro_1` FOREIGN KEY (`idMaestro`) REFERENCES `maestro` (`idmaestro`) ON UPDATE CASCADE,
  CONSTRAINT `fk_evaluacionMaestro_2` FOREIGN KEY (`grado`, `seccion`, `año`, `gradoModalidad`) REFERENCES `grado` (`idgrado`, `gradoSeccion`, `gradoAño`, `gradoModalidad`) ON UPDATE CASCADE,
  CONSTRAINT `fk_evaluacionMaestro_3` FOREIGN KEY (`evaluador`) REFERENCES `persona` (`idpersona`) ON UPDATE CASCADE,
  CONSTRAINT `fk_evaluacionMaestro_4` FOREIGN KEY (`materia`) REFERENCES `materia` (`idmateria`) ON UPDATE CASCADE
) ENGINE=InnoDB DEFAULT CHARSET=utf8;
/*!40101 SET character_set_client = @saved_cs_client */;

--
-- Dumping data for table `evaluacionMaestro`
--

LOCK TABLES `evaluacionMaestro` WRITE;
/*!40000 ALTER TABLE `evaluacionMaestro` DISABLE KEYS */;
REPLACE INTO `evaluacionMaestro` VALUES (1045367084,'2020-03-08 00:52:10',1,'C','A',2020,2,'M',12,'07:15:00','08:00:00','gfhfghjfghj fghjfghj','fghjfghjf fjghjfghjf hfgjfghjfg',1045367073,'ukykyi','ykikkkkkkkkkkkkk','kiiiiiiiiii','yyyyyyyyyyyyyyy','','\0','\0','\0','\0','\0','\0','\0','','\0','\0','\0','\0','','\0','','','','','\0','','\0','','\0','\0','\0','\0','\0','\0','\0','\0','\0','\0','\0','\0','\0','\0','\0','\0','','\0','','\0','','\0','\0','','','','\0','\0');
/*!40000 ALTER TABLE `evaluacionMaestro` ENABLE KEYS */;
UNLOCK TABLES;

--
-- Table structure for table `expedientePS`
--

DROP TABLE IF EXISTS `expedientePS`;
/*!40101 SET @saved_cs_client     = @@character_set_client */;
/*!40101 SET character_set_client = utf8 */;
CREATE TABLE `expedientePS` (
  `idEstudiante` int(30) NOT NULL,
  `ExpedientePsPersonasVivien` varchar(300) NOT NULL,
  `expedientePSComentario` varchar(140) DEFAULT NULL,
  PRIMARY KEY (`idEstudiante`),
  KEY `fk_expedientePS_1_idx` (`idEstudiante`),
  CONSTRAINT `fk_expedientePS_1` FOREIGN KEY (`idEstudiante`) REFERENCES `estudiante` (`idestudiante`) ON UPDATE CASCADE
) ENGINE=InnoDB DEFAULT CHARSET=utf8;
/*!40101 SET character_set_client = @saved_cs_client */;

--
-- Dumping data for table `expedientePS`
--

LOCK TABLES `expedientePS` WRITE;
/*!40000 ALTER TABLE `expedientePS` DISABLE KEYS */;
REPLACE INTO `expedientePS` VALUES (16018,'dñsfjsjnfdlavn avsi oiva siasij vp{a sj{sdjvp',''),(16019,'aualdskf',NULL);
/*!40000 ALTER TABLE `expedientePS` ENABLE KEYS */;
UNLOCK TABLES;

--
-- Table structure for table `financiamiento`
--

DROP TABLE IF EXISTS `financiamiento`;
/*!40101 SET @saved_cs_client     = @@character_set_client */;
/*!40101 SET character_set_client = utf8 */;
CREATE TABLE `financiamiento` (
  `idfinanciamiento` int(30) NOT NULL AUTO_INCREMENT,
  `financiamientoNombre` varchar(45) NOT NULL,
  `financiamientoComentario` varchar(145) DEFAULT NULL COMMENT 'Lista de las formas en las que se fiancea el pago de los cargos de los docentes.',
  PRIMARY KEY (`idfinanciamiento`)
) ENGINE=InnoDB AUTO_INCREMENT=5 DEFAULT CHARSET=utf8;
/*!40101 SET character_set_client = @saved_cs_client */;

--
-- Dumping data for table `financiamiento`
--

LOCK TABLES `financiamiento` WRITE;
/*!40000 ALTER TABLE `financiamiento` DISABLE KEYS */;
REPLACE INTO `financiamiento` VALUES (1,'MINED',NULL),(2,'CDE',NULL),(3,'Alcaldía',NULL),(4,'ONG2',NULL);
/*!40000 ALTER TABLE `financiamiento` ENABLE KEYS */;
UNLOCK TABLES;

--
-- Table structure for table `grado`
--

DROP TABLE IF EXISTS `grado`;
/*!40101 SET @saved_cs_client     = @@character_set_client */;
/*!40101 SET character_set_client = utf8 */;
CREATE TABLE `grado` (
  `gradoAño` int(4) NOT NULL,
  `idgrado` int(30) NOT NULL,
  `gradoSeccion` enum('A','B','C') NOT NULL,
  `gradoModalidad` enum('C','S','G') NOT NULL,
  `aulaGrado` int(30) NOT NULL,
  `gradoActivo` bit(1) NOT NULL,
  `gradoMaestroGuia` int(30) DEFAULT NULL,
  `gradoCoemntario` varchar(145) DEFAULT NULL COMMENT 'Historico de los grados y secciones junto a los maestros que han sido sus maestros guías.',
  PRIMARY KEY (`idgrado`,`gradoSeccion`,`gradoAño`,`gradoModalidad`),
  KEY `fk_grado_1` (`gradoMaestroGuia`),
  KEY `fk_grado_2` (`aulaGrado`),
  CONSTRAINT `fk_grado_1` FOREIGN KEY (`gradoMaestroGuia`) REFERENCES `maestro` (`idmaestro`) ON UPDATE CASCADE,
  CONSTRAINT `fk_grado_2` FOREIGN KEY (`aulaGrado`) REFERENCES `aula` (`idaula`) ON UPDATE CASCADE
) ENGINE=InnoDB DEFAULT CHARSET=utf8;
/*!40101 SET character_set_client = @saved_cs_client */;

--
-- Dumping data for table `grado`
--

LOCK TABLES `grado` WRITE;
/*!40000 ALTER TABLE `grado` DISABLE KEYS */;
REPLACE INTO `grado` VALUES (2019,1,'A','C',1,'',NULL,NULL),(2020,1,'A','C',1,'',1045367087,NULL),(2020,1,'A','G',11,'',1045367086,NULL),(2020,1,'B','C',2,'',NULL,NULL),(2020,1,'B','G',10,'',NULL,NULL),(2020,2,'A','C',3,'',NULL,NULL),(2020,2,'A','G',9,'',NULL,NULL),(2020,2,'B','C',4,'',NULL,NULL),(2020,2,'B','G',8,'',NULL,NULL),(2020,3,'A','C',5,'',NULL,NULL),(2020,3,'B','C',6,'',NULL,NULL);
/*!40000 ALTER TABLE `grado` ENABLE KEYS */;
UNLOCK TABLES;

--
-- Table structure for table `gradoEvaluacion`
--

DROP TABLE IF EXISTS `gradoEvaluacion`;
/*!40101 SET @saved_cs_client     = @@character_set_client */;
/*!40101 SET character_set_client = utf8 */;
CREATE TABLE `gradoEvaluacion` (
  `idGrado` int(30) NOT NULL,
  `gradoSeccion` enum('A','B','C') NOT NULL,
  `gradoAño` int(4) NOT NULL,
  `gradoModalidad` enum('C','S','G') NOT NULL,
  `fechaEvaluacion` date NOT NULL COMMENT 'histórico de evaluaciones a cada grado del instituto.',
  `evaluador` int(30) NOT NULL,
  `organizadorLimpieza` bit(1) NOT NULL,
  `organizadorClase` bit(1) NOT NULL,
  `normas` bit(1) NOT NULL,
  `mision` bit(1) NOT NULL,
  `vision` bit(1) NOT NULL,
  `mapasRiesgo` bit(1) NOT NULL,
  `comites` bit(1) NOT NULL,
  `bienvenidos` bit(1) NOT NULL,
  `valores` bit(1) NOT NULL,
  `directiva` bit(1) NOT NULL,
  `material` bit(1) NOT NULL,
  `observacionesPositivas` varchar(145) DEFAULT NULL,
  `observacioneNegativas` varchar(145) DEFAULT NULL,
  `Recomendaciones` varchar(145) DEFAULT NULL,
  `evaluacionGradoComentario` varchar(145) DEFAULT NULL COMMENT 'Historico de evaluaciones de cada grado.',
  PRIMARY KEY (`idGrado`,`gradoSeccion`,`gradoAño`,`gradoModalidad`,`fechaEvaluacion`),
  KEY `fk_gradoEvaluacion_2_idx` (`evaluador`),
  CONSTRAINT `fk_gradoEvaluacion_1` FOREIGN KEY (`idGrado`, `gradoSeccion`, `gradoAño`, `gradoModalidad`) REFERENCES `grado` (`idgrado`, `gradoSeccion`, `gradoAño`, `gradoModalidad`) ON UPDATE CASCADE,
  CONSTRAINT `fk_gradoEvaluacion_2` FOREIGN KEY (`evaluador`) REFERENCES `persona` (`idpersona`) ON UPDATE CASCADE
) ENGINE=InnoDB DEFAULT CHARSET=utf8;
/*!40101 SET character_set_client = @saved_cs_client */;

--
-- Dumping data for table `gradoEvaluacion`
--

LOCK TABLES `gradoEvaluacion` WRITE;
/*!40000 ALTER TABLE `gradoEvaluacion` DISABLE KEYS */;
/*!40000 ALTER TABLE `gradoEvaluacion` ENABLE KEYS */;
UNLOCK TABLES;

--
-- Table structure for table `horario`
--

DROP TABLE IF EXISTS `horario`;
/*!40101 SET @saved_cs_client     = @@character_set_client */;
/*!40101 SET character_set_client = utf8 */;
CREATE TABLE `horario` (
  `idhorario` int(30) NOT NULL,
  `horaInicio` time NOT NULL,
  `horaFin` time NOT NULL,
  `horarioComentario` varchar(145) DEFAULT NULL COMMENT 'Listado de las horas en las que se dan clases durate la semana',
  PRIMARY KEY (`idhorario`)
) ENGINE=InnoDB DEFAULT CHARSET=utf8;
/*!40101 SET character_set_client = @saved_cs_client */;

--
-- Dumping data for table `horario`
--

LOCK TABLES `horario` WRITE;
/*!40000 ALTER TABLE `horario` DISABLE KEYS */;
REPLACE INTO `horario` VALUES (1,'07:15:00','08:00:00',''),(2,'08:00:00','08:45:00',''),(3,'08:45:00','09:05:00',''),(4,'09:05:00','09:50:00',''),(5,'09:50:00','10:35:00',''),(6,'10:35:00','10:45:00',''),(7,'10:45:00','11:30:00',''),(8,'11:30:00','12:15:00',''),(9,'12:15:00','13:15:00',''),(10,'13:15:00','14:00:00',''),(11,'14:00:00','14:45:00',''),(12,'14:45:00','15:00:00',''),(13,'14:00:00','15:45:00',''),(14,'15:45:00','16:30:00',''),(15,'16:30:00','17:15:00','');
/*!40000 ALTER TABLE `horario` ENABLE KEYS */;
UNLOCK TABLES;

--
-- Table structure for table `maestoCargo`
--

DROP TABLE IF EXISTS `maestoCargo`;
/*!40101 SET @saved_cs_client     = @@character_set_client */;
/*!40101 SET character_set_client = utf8 */;
CREATE TABLE `maestoCargo` (
  `idMaesto` int(30) NOT NULL,
  `idCargo` int(30) NOT NULL,
  `idNombramiento` int(30) NOT NULL,
  `idFinanciamiento` int(30) NOT NULL,
  `fechaNombramiento` date NOT NULL,
  `fechaDestitucion` date DEFAULT NULL,
  `razondestitucion` varchar(145) DEFAULT NULL,
  `maestoCargoComentario` varchar(145) DEFAULT NULL COMMENT 'Histórico de los cargos que los maestros tienen o han tenido dentro de la institucion.',
  PRIMARY KEY (`idMaesto`,`idCargo`,`idNombramiento`,`idFinanciamiento`,`fechaNombramiento`),
  KEY `fk_maestoCargo_2_idx` (`idCargo`),
  KEY `fk_maestoCargo_3_idx` (`idNombramiento`),
  KEY `fk_maestoCargo_4_idx` (`idFinanciamiento`),
  CONSTRAINT `fk_maestoCargo_1` FOREIGN KEY (`idMaesto`) REFERENCES `maestro` (`idmaestro`) ON UPDATE CASCADE,
  CONSTRAINT `fk_maestoCargo_2` FOREIGN KEY (`idCargo`) REFERENCES `cargo` (`idcargo`) ON UPDATE CASCADE,
  CONSTRAINT `fk_maestoCargo_3` FOREIGN KEY (`idNombramiento`) REFERENCES `tipoNombramiento` (`idtipoNombramiento`) ON UPDATE CASCADE,
  CONSTRAINT `fk_maestoCargo_4` FOREIGN KEY (`idFinanciamiento`) REFERENCES `financiamiento` (`idfinanciamiento`) ON UPDATE CASCADE
) ENGINE=InnoDB DEFAULT CHARSET=utf8;
/*!40101 SET character_set_client = @saved_cs_client */;

--
-- Dumping data for table `maestoCargo`
--

LOCK TABLES `maestoCargo` WRITE;
/*!40000 ALTER TABLE `maestoCargo` DISABLE KEYS */;
REPLACE INTO `maestoCargo` VALUES (1045367084,2,1,1,'2020-01-24',NULL,NULL,NULL),(1045367085,2,1,1,'2020-01-24',NULL,NULL,NULL),(1123456789,1,1,1,'2020-02-26',NULL,NULL,NULL);
/*!40000 ALTER TABLE `maestoCargo` ENABLE KEYS */;
UNLOCK TABLES;

--
-- Table structure for table `maestro`
--

DROP TABLE IF EXISTS `maestro`;
/*!40101 SET @saved_cs_client     = @@character_set_client */;
/*!40101 SET character_set_client = utf8 */;
CREATE TABLE `maestro` (
  `idmaestro` int(30) NOT NULL,
  `maestroNip` int(30) NOT NULL,
  `maestroNup` int(30) NOT NULL,
  `maestroCodigo` int(30) NOT NULL,
  `maestroPartidas` int(30) NOT NULL,
  `maestroSubnumeros` int(30) NOT NULL,
  `maestroNivel` int(30) NOT NULL,
  `maestroCategoria` int(30) NOT NULL,
  `maestroAfp` varchar(45) NOT NULL,
  `maestroBienestar` int(30) NOT NULL,
  `maestrocolTelefonoResidencia` varchar(9) NOT NULL,
  `maestroEspecialidad` int(30) NOT NULL,
  `maestroFechaMagisterio` date NOT NULL,
  `maestroFechaInstitucion` date NOT NULL,
  `maestroFechaProximoAsenso` date DEFAULT NULL,
  `maestroTurno` enum('M','V','T') NOT NULL,
  `maestroTiempoCategoria` varchar(10) NOT NULL,
  `maestroSinEscalafon` bit(1) NOT NULL DEFAULT b'1',
  `maestroTipoSalario` int(30) NOT NULL,
  `maestroUtilidadTecnologica` bit(1) NOT NULL DEFAULT b'1',
  `maestroHorasUsoTecnologia` int(30) NOT NULL DEFAULT '0',
  `maestroUsoVideoconferencias` bit(1) NOT NULL DEFAULT b'0',
  `maestroRecursosWeb` bit(1) NOT NULL DEFAULT b'1',
  `maestroCapacitacionesVirtuales` bit(1) NOT NULL DEFAULT b'1',
  `maestroComentario` varchar(45) DEFAULT NULL COMMENT 'Detalle de la información de todos los docentes de la institución.',
  PRIMARY KEY (`idmaestro`),
  KEY `fk_maestro_2_idx` (`maestroTipoSalario`),
  KEY `fk_maestro_3_idx` (`maestroEspecialidad`),
  CONSTRAINT `fk_maestro_1` FOREIGN KEY (`idmaestro`) REFERENCES `persona` (`idpersona`) ON UPDATE CASCADE,
  CONSTRAINT `fk_maestro_2` FOREIGN KEY (`maestroTipoSalario`) REFERENCES `tipoSueldos` (`idtipoSueldo`) ON UPDATE CASCADE,
  CONSTRAINT `fk_maestro_3` FOREIGN KEY (`maestroEspecialidad`) REFERENCES `tipoEspecialidades` (`idtipoEspecialidades`) ON UPDATE CASCADE
) ENGINE=InnoDB DEFAULT CHARSET=utf8;
/*!40101 SET character_set_client = @saved_cs_client */;

--
-- Dumping data for table `maestro`
--

LOCK TABLES `maestro` WRITE;
/*!40000 ALTER TABLE `maestro` DISABLE KEYS */;
REPLACE INTO `maestro` VALUES (1045367084,124596,884545,544548,2131331,315388,2,3,'Confía',2356546,'4444-4444',1,'1986-01-24','2020-01-24',NULL,'M','2','',1,'\0',0,'\0','\0','\0',''),(1045367085,8778878,78787,78787,787,787,1,1,'Confía',784555485,'3333-3333',2,'2020-01-24','2020-01-24','2020-01-24','V','1','',1,'',5,'','','',''),(1045367086,88888,88888,88888,88888,88888,2,3,'Crecer',88888,'2424-2424',7,'2020-01-24','2020-01-24','2020-01-24','T','2','',1,'',3,'\0','','\0',''),(1045367087,31132321,321312231,312123123,321231123,123312312,1,3,'Crecer',354563,'1111-1111',5,'2020-01-24','2020-01-24','2020-01-24','T','1','',2,'',15,'','','',''),(1123456789,0,0,0,0,0,0,0,'oooo',0,'7777-7777',1,'2020-02-26','2020-02-26','2020-02-26','T','0','\0',1,'\0',0,'\0','\0','\0','');
/*!40000 ALTER TABLE `maestro` ENABLE KEYS */;
UNLOCK TABLES;

--
-- Table structure for table `materia`
--

DROP TABLE IF EXISTS `materia`;
/*!40101 SET @saved_cs_client     = @@character_set_client */;
/*!40101 SET character_set_client = utf8 */;
CREATE TABLE `materia` (
  `idmateria` int(30) NOT NULL AUTO_INCREMENT,
  `materiaNombre` varchar(60) NOT NULL,
  `materiaAbreviacion` varchar(45) NOT NULL,
  `tipoMateria` int(30) NOT NULL COMMENT 'Listado de las materias que se imparten en la institucion.',
  `materiaComentario` varchar(145) DEFAULT NULL,
  PRIMARY KEY (`idmateria`),
  UNIQUE KEY `materiaAbreviacion_UNIQUE` (`materiaAbreviacion`),
  KEY `fk_materia_1_idx` (`tipoMateria`),
  CONSTRAINT `fk_materia_1` FOREIGN KEY (`tipoMateria`) REFERENCES `tipoMateria` (`idtipoMateria`) ON UPDATE CASCADE
) ENGINE=InnoDB AUTO_INCREMENT=23 DEFAULT CHARSET=utf8;
/*!40101 SET character_set_client = @saved_cs_client */;

--
-- Dumping data for table `materia`
--

LOCK TABLES `materia` WRITE;
/*!40000 ALTER TABLE `materia` DISABLE KEYS */;
REPLACE INTO `materia` VALUES (1,'Matemática','MAT',1,'c0d6c8'),(2,'Lenguaje','LEN',1,'bfc4de'),(3,'Inglés','ING',1,'9dc4ae'),(4,'Informática','INF',1,'c4b0c4'),(5,'Estudios Sociales','EE.SS',1,'8e8cb3'),(6,'Educación Físiaca','EE.FF',1,'e6ddaf'),(7,'Ciencias Naturales','CC.NN',1,'cae3cb'),(8,'Moral, Urbanidad y Cívica','MUC',1,''),(9,'Orientación Para La Vida','OPV',2,'a9aed6'),(10,'Seminario','SEM',2,''),(11,'Curso de Habilidad Laboral','CHL',2,''),(12,'Tecnología I','TG1',3,''),(13,'Tecnología II','TG2',3,''),(14,'Tecnología III','TG3',3,''),(15,'Práctica Profesional I','PP1',3,''),(16,'Práctica Profesional II','PP2',3,''),(17,'Práctica Profesional III','PP3',3,''),(18,'Laboratorio de Creatividad I','LC1',3,'f0b8f0'),(19,'Laboratorio de Creatividad II','LC2',3,''),(20,'Laboratorio de Creatividad III','LC3',3,''),(21,'Contaduría','CTD',4,'b5c4ae'),(22,'General','GNL',4,'e8d0e8');
/*!40000 ALTER TABLE `materia` ENABLE KEYS */;
UNLOCK TABLES;

--
-- Table structure for table `matricula`
--

DROP TABLE IF EXISTS `matricula`;
/*!40101 SET @saved_cs_client     = @@character_set_client */;
/*!40101 SET character_set_client = utf8 */;
CREATE TABLE `matricula` (
  `idmatricula` int(30) NOT NULL,
  `matriculaAnyo` int(4) NOT NULL,
  `matriculaNivel` int(30) NOT NULL,
  `gradoModalidad` enum('C','S','G') NOT NULL,
  `matriculaSeccion` enum('A','B','C') NOT NULL DEFAULT 'A',
  `matriculaRepite` bit(1) NOT NULL,
  `matriculaComentario` varchar(140) DEFAULT NULL,
  PRIMARY KEY (`idmatricula`,`matriculaAnyo`),
  KEY `fk_matricula_1` (`matriculaNivel`,`matriculaSeccion`,`matriculaAnyo`,`gradoModalidad`),
  CONSTRAINT `fk_matricula1_1` FOREIGN KEY (`idmatricula`) REFERENCES `estudiante` (`idestudiante`) ON UPDATE CASCADE,
  CONSTRAINT `fk_matricula_1` FOREIGN KEY (`matriculaNivel`, `matriculaSeccion`, `matriculaAnyo`, `gradoModalidad`) REFERENCES `grado` (`idgrado`, `gradoSeccion`, `gradoAño`, `gradoModalidad`) ON DELETE NO ACTION ON UPDATE CASCADE
) ENGINE=InnoDB DEFAULT CHARSET=utf8;
/*!40101 SET character_set_client = @saved_cs_client */;

--
-- Dumping data for table `matricula`
--

LOCK TABLES `matricula` WRITE;
/*!40000 ALTER TABLE `matricula` DISABLE KEYS */;
REPLACE INTO `matricula` VALUES (16018,2019,1,'C','A','\0','R'),(16018,2020,2,'C','A','\0','R'),(16019,2020,1,'G','A','\0','R'),(16020,2020,2,'C','A','\0','R'),(16021,2020,1,'C','A','\0','R'),(16023,2020,1,'G','B','\0','R'),(16024,2020,1,'G','A','\0','R'),(16025,2020,3,'C','A','\0','R'),(16026,2020,3,'C','B','\0','R'),(16027,2020,2,'G','A','\0','R'),(16030,2020,1,'C','B','\0','R');
/*!40000 ALTER TABLE `matricula` ENABLE KEYS */;
UNLOCK TABLES;

--
-- Table structure for table `mestroHorarioMaterias`
--

DROP TABLE IF EXISTS `mestroHorarioMaterias`;
/*!40101 SET @saved_cs_client     = @@character_set_client */;
/*!40101 SET character_set_client = utf8 */;
CREATE TABLE `mestroHorarioMaterias` (
  `idMaestro` int(30) NOT NULL,
  `idMateria` int(30) NOT NULL COMMENT 'Detalle de las materias y horarios que cada docente imparte en la institución.',
  `idHorario` int(30) NOT NULL,
  `diaSemana` int(30) NOT NULL,
  `idGrado` int(30) NOT NULL,
  `gradoModalidad` enum('C','S','G') NOT NULL,
  `seccionGrado` enum('A','B','C') NOT NULL,
  `añoGrado` int(4) NOT NULL,
  `mestroHorarioMateriasComentarios` varchar(145) DEFAULT NULL,
  PRIMARY KEY (`idMaestro`,`idMateria`,`idHorario`,`diaSemana`,`idGrado`,`seccionGrado`,`añoGrado`,`gradoModalidad`),
  KEY `fk_mestroHorarioMaterias_2_idx` (`idMateria`),
  KEY `fk_mestroHorarioMaterias_4` (`idGrado`,`seccionGrado`,`añoGrado`,`gradoModalidad`),
  KEY `fk_mestroHorarioMaterias_3_idx` (`idHorario`),
  KEY `fk_mestroHorarioMaterias_5_idx` (`diaSemana`),
  CONSTRAINT `fk_mestroHorarioMaterias_1` FOREIGN KEY (`idMaestro`) REFERENCES `maestro` (`idmaestro`) ON UPDATE CASCADE,
  CONSTRAINT `fk_mestroHorarioMaterias_2` FOREIGN KEY (`idMateria`) REFERENCES `materia` (`idmateria`) ON UPDATE CASCADE,
  CONSTRAINT `fk_mestroHorarioMaterias_3` FOREIGN KEY (`idHorario`) REFERENCES `horario` (`idhorario`) ON UPDATE CASCADE,
  CONSTRAINT `fk_mestroHorarioMaterias_4` FOREIGN KEY (`idGrado`, `seccionGrado`, `añoGrado`, `gradoModalidad`) REFERENCES `grado` (`idgrado`, `gradoSeccion`, `gradoAño`, `gradoModalidad`) ON UPDATE CASCADE,
  CONSTRAINT `fk_mestroHorarioMaterias_5` FOREIGN KEY (`diaSemana`) REFERENCES `diasEstudio` (`idDias`) ON UPDATE CASCADE
) ENGINE=InnoDB DEFAULT CHARSET=utf8;
/*!40101 SET character_set_client = @saved_cs_client */;

--
-- Dumping data for table `mestroHorarioMaterias`
--

LOCK TABLES `mestroHorarioMaterias` WRITE;
/*!40000 ALTER TABLE `mestroHorarioMaterias` DISABLE KEYS */;
REPLACE INTO `mestroHorarioMaterias` VALUES (1045367084,1,1,1,2,'G','A',2020,NULL),(1045367084,1,1,6,1,'G','A',2020,NULL),(1045367084,1,2,6,1,'G','A',2020,NULL),(1045367084,1,7,3,1,'C','A',2020,NULL),(1045367084,1,8,3,1,'C','A',2020,NULL),(1045367084,2,2,1,1,'G','A',2020,NULL),(1045367084,2,4,1,1,'G','A',2020,NULL),(1045367084,2,5,1,2,'C','B',2020,NULL),(1045367084,2,7,1,2,'C','B',2020,NULL),(1045367084,2,8,1,2,'C','A',2020,NULL),(1045367084,2,10,1,2,'C','A',2020,NULL),(1045367084,2,11,1,1,'C','A',2020,NULL),(1045367084,2,13,1,1,'C','A',2020,NULL),(1045367084,2,14,1,1,'C','B',2020,NULL),(1045367084,2,15,1,1,'C','B',2020,NULL),(1045367084,5,1,2,1,'C','A',2020,NULL),(1045367084,5,2,2,1,'C','A',2020,NULL),(1045367084,5,4,2,1,'C','B',2020,NULL),(1045367084,5,5,2,1,'C','B',2020,NULL),(1045367084,10,1,4,2,'C','A',2020,NULL),(1045367084,14,8,2,3,'C','B',2020,NULL),(1045367085,1,2,1,2,'G','A',2020,NULL),(1045367085,1,4,1,2,'G','A',2020,NULL),(1045367085,1,5,1,1,'G','B',2020,NULL),(1045367085,1,7,1,1,'G','B',2020,NULL),(1045367085,1,7,2,1,'G','A',2020,NULL),(1045367085,1,8,1,2,'G','B',2020,NULL),(1045367085,1,8,2,1,'G','A',2020,NULL),(1045367085,1,10,1,2,'G','B',2020,NULL),(1045367085,1,11,1,1,'C','B',2020,NULL),(1045367085,1,13,1,1,'C','B',2020,NULL),(1045367085,1,14,1,2,'C','A',2020,NULL),(1045367085,1,15,1,2,'C','A',2020,NULL),(1045367085,2,1,1,1,'G','A',2020,NULL),(1045367085,3,4,2,1,'C','A',2020,NULL),(1045367085,3,5,2,1,'C','A',2020,NULL),(1045367085,3,8,3,1,'C','B',2020,NULL),(1045367085,11,1,2,2,'G','B',2020,NULL),(1045367085,11,2,2,2,'G','B',2020,NULL),(1045367086,2,8,3,1,'G','A',2020,NULL),(1045367086,5,7,1,1,'C','A',2020,NULL),(1045367086,5,8,1,1,'C','A',2020,NULL),(1045367086,5,10,1,1,'C','A',2020,NULL),(1045367086,6,5,1,3,'C','B',2020,NULL),(1045367086,7,1,1,1,'C','A',2020,NULL),(1045367086,7,1,2,1,'G','B',2020,NULL),(1045367086,7,2,1,1,'C','A',2020,NULL),(1045367086,7,2,2,1,'G','B',2020,NULL),(1045367086,7,4,1,2,'C','B',2020,NULL),(1045367086,9,14,1,1,'C','A',2020,NULL),(1045367086,9,15,1,1,'C','A',2020,NULL),(1045367086,21,11,1,3,'C','A',2020,NULL),(1045367086,21,13,1,3,'C','A',2020,NULL),(1045367087,1,2,5,1,'C','B',2020,NULL),(1045367087,1,15,5,1,'G','B',2020,NULL),(1045367087,4,1,1,3,'C','A',2020,NULL),(1045367087,4,2,1,3,'C','A',2020,NULL),(1045367087,4,4,1,1,'C','A',2020,NULL),(1045367087,4,5,1,1,'C','A',2020,NULL),(1045367087,4,8,3,1,'G','B',2020,NULL),(1045367087,5,1,5,3,'C','B',2020,NULL),(1045367087,7,11,1,1,'G','B',2020,NULL),(1045367087,7,13,1,1,'G','B',2020,NULL),(1045367087,8,1,4,2,'C','B',2020,NULL),(1045367087,10,7,1,1,'G','A',2020,NULL),(1045367087,10,8,1,1,'G','A',2020,NULL),(1045367087,12,1,2,1,'C','B',2020,NULL),(1045367087,12,2,2,1,'C','B',2020,NULL),(1045367087,14,10,1,3,'C','B',2020,NULL),(1045367087,22,14,1,2,'G','B',2020,NULL),(1045367087,22,15,1,2,'G','B',2020,NULL);
/*!40000 ALTER TABLE `mestroHorarioMaterias` ENABLE KEYS */;
UNLOCK TABLES;

--
-- Table structure for table `notificaciones`
--

DROP TABLE IF EXISTS `notificaciones`;
/*!40101 SET @saved_cs_client     = @@character_set_client */;
/*!40101 SET character_set_client = utf8 */;
CREATE TABLE `notificaciones` (
  `idnotificacion` int(30) NOT NULL AUTO_INCREMENT,
  `fechaHora` datetime NOT NULL,
  `destinatario` int(30) NOT NULL,
  `remitente` int(30) NOT NULL,
  `notificacionTitulo` varchar(140) NOT NULL,
  `notificacionCuerpo` varchar(300) NOT NULL,
  `vista` bit(1) NOT NULL,
  `notificacionComentario` varchar(145) DEFAULT NULL,
  PRIMARY KEY (`idnotificacion`),
  KEY `fk_notificaciones_1_idx` (`destinatario`,`remitente`),
  KEY `fk_notificaciones_2_idx` (`remitente`),
  CONSTRAINT `fk_notificaciones_1` FOREIGN KEY (`destinatario`) REFERENCES `persona` (`idpersona`) ON UPDATE CASCADE,
  CONSTRAINT `fk_notificaciones_2` FOREIGN KEY (`remitente`) REFERENCES `persona` (`idpersona`) ON UPDATE CASCADE
) ENGINE=InnoDB AUTO_INCREMENT=222 DEFAULT CHARSET=utf8;
/*!40101 SET character_set_client = @saved_cs_client */;

--
-- Dumping data for table `notificaciones`
--

LOCK TABLES `notificaciones` WRITE;
/*!40000 ALTER TABLE `notificaciones` DISABLE KEYS */;
REPLACE INTO `notificaciones` VALUES (1,'2020-02-14 22:41:29',16021,1045367073,'Hay una nueva evaluación de su grado','El grado en el que usted está inscrito ha sido evaluado recientemente por Guillermo Delsas. Vea los resultados en el historial de evaluaciones de su grado.','\0',' '),(2,'2020-02-14 22:41:30',1045367084,1045367073,'Hay una nueva evaluación del su grado','El grado del que usted guía ha sido evaluado recientemente por Guillermo Delsas. Vea los resultados en el historial de evaluaciones de su grado.','',' '),(3,'2020-02-14 22:42:23',1045367085,1045367073,'Nuevo tutelaje','Guillermo Delsas le ha entregado el tutelaje del grado 1° TVC Contador Sección A año 2020','\0',' '),(4,'2020-02-14 22:42:23',1045367084,1045367073,'Tutelaje removido','Guillermo Delsas le ha quitado el tutelaje del grado 1° TVC Contador Sección A año 2020','',' '),(5,'2020-02-14 22:43:07',1045367086,1045367073,'Nuevo tutelaje','Guillermo Delsas le ha entregado el tutelaje del grado 1° General Sección A año 2020','',' '),(6,'2020-02-14 22:43:07',1045367084,1045367073,'Tutelaje removido','Guillermo Delsas le ha quitado el tutelaje del grado 1° General Sección A año 2020','',' '),(7,'2020-02-14 22:43:21',1045367087,1045367073,'Nuevo tutelaje','Guillermo Delsas le ha entregado el tutelaje del grado 1° TVC Contador Sección B año 2020','\0',' '),(8,'2020-02-14 22:43:21',1045367084,1045367073,'Tutelaje removido','Guillermo Delsas le ha quitado el tutelaje del grado 1° TVC Contador Sección B año 2020','',' '),(9,'2020-02-14 22:45:32',1045367084,1045367073,'Nuevo tutelaje','Guillermo Delsas le ha entregado el tutelaje del grado 3° TVC Contador Sección A año 2020','',' '),(10,'2020-02-14 22:45:50',1045367084,1045367073,'Nuevo tutelaje','Guillermo Delsas le ha entregado el tutelaje del grado 2° TVC Contador Sección A año 2020','',' '),(11,'2020-02-14 22:53:41',1045367084,1045367073,'Tutelaje removido','Guillermo Delsas le ha quitado el tutelaje del grado 3° TVC Contador Sección A año 2020','',' '),(12,'2020-02-14 22:53:51',1045367087,1045367073,'Nuevo tutelaje','Guillermo Delsas le ha entregado el tutelaje del grado 3° TVC Contador Sección B año 2020','\0',' '),(13,'2020-02-14 22:53:51',1045367084,1045367073,'Tutelaje removido','Guillermo Delsas le ha quitado el tutelaje del grado 3° TVC Contador Sección B año 2020','',' '),(14,'2020-02-14 22:54:11',1045367084,1045367073,'Nuevo tutelaje','Guillermo Delsas le ha entregado el tutelaje del grado 3° TVC Contador Sección B año 2020','',' '),(15,'2020-02-14 22:54:11',1045367087,1045367073,'Tutelaje removido','Guillermo Delsas le ha quitado el tutelaje del grado 3° TVC Contador Sección B año 2020','\0',' '),(16,'2020-02-14 22:54:25',1045367084,1045367073,'Tutelaje removido','Guillermo Delsas le ha quitado el tutelaje del grado 3° TVC Contador Sección B año 2020','',' '),(17,'2020-02-14 22:55:05',1045367084,1045367073,'Nuevo tutelaje','Guillermo Delsas le ha entregado el tutelaje del grado 1° TVC Contador Sección A año 2019','',' '),(18,'2020-02-14 22:55:05',1045367087,1045367073,'Tutelaje removido','Guillermo Delsas le ha quitado el tutelaje del grado 1° TVC Contador Sección A año 2019','',' '),(19,'2020-02-14 22:55:06',1045367085,1045367073,'Nuevo tutelaje','Guillermo Delsas le ha entregado el tutelaje del grado 1° TVC Contador Sección A año 2020','',' '),(20,'2020-02-14 22:55:19',1045367084,1045367073,'Tutelaje removido','Guillermo Delsas le ha quitado el tutelaje del grado 1° TVC Contador Sección A año 2019','',' '),(21,'2020-02-14 22:55:37',1045367085,1045367073,'Tutelaje removido','Guillermo Delsas le ha quitado el tutelaje del grado 1° TVC Contador Sección A año 2020','',' '),(22,'2020-02-14 22:57:38',16018,1045367073,'Hay una nueva evaluación de su grado','El grado en el que usted está inscrito ha sido evaluado recientemente por Guillermo Delsas. Vea los resultados en el historial de evaluaciones de su grado.','',' '),(23,'2020-02-14 22:57:38',16020,1045367073,'Hay una nueva evaluación de su grado','El grado en el que usted está inscrito ha sido evaluado recientemente por Guillermo Delsas. Vea los resultados en el historial de evaluaciones de su grado.','\0',' '),(24,'2020-02-14 22:57:38',1045367084,1045367073,'Hay una nueva evaluación del su grado','El grado del que usted guía ha sido evaluado recientemente por Guillermo Delsas. Vea los resultados en el historial de evaluaciones de su grado.','\0',' '),(25,'2020-02-14 22:57:40',16018,1045367073,'Hay una nueva evaluación de su grado','El grado en el que usted está inscrito ha sido evaluado recientemente por Guillermo Delsas. Vea los resultados en el historial de evaluaciones de su grado.','',' '),(26,'2020-02-14 22:57:40',16020,1045367073,'Hay una nueva evaluación de su grado','El grado en el que usted está inscrito ha sido evaluado recientemente por Guillermo Delsas. Vea los resultados en el historial de evaluaciones de su grado.','\0',' '),(27,'2020-02-14 22:57:40',1045367084,1045367073,'Hay una nueva evaluación del su grado','El grado del que usted guía ha sido evaluado recientemente por Guillermo Delsas. Vea los resultados en el historial de evaluaciones de su grado.','\0',' '),(28,'2020-02-14 22:59:52',16018,1045367073,'Se ha eliminado una evaluación de su grado','Guillermo Delsas ha eliminado una evaluación del grado en el que usted está inscrito.','',' '),(29,'2020-02-14 22:59:52',16020,1045367073,'Se ha eliminado una evaluación de su grado','Guillermo Delsas ha eliminado una evaluación del grado en el que usted está inscrito.','\0',' '),(30,'2020-02-14 22:59:52',1045367084,1045367073,'Se ha eliminado una evaluación de su grado','Guillermo Delsas ha eliminado una evaluación del grado que usted es guía.','\0',' '),(31,'2020-02-14 23:00:46',16018,1045367073,'Se ha eliminado una evaluación de su grado','Guillermo Delsas ha eliminado una evaluación del grado en el que usted está inscrito.','',' '),(32,'2020-02-14 23:00:46',16020,1045367073,'Se ha eliminado una evaluación de su grado','Guillermo Delsas ha eliminado una evaluación del grado en el que usted está inscrito.','\0',' '),(33,'2020-02-14 23:00:46',1045367084,1045367073,'Se ha eliminado una evaluación de su grado','Guillermo Delsas ha eliminado una evaluación del grado que usted es guía.','\0',' '),(34,'2020-02-14 23:00:49',16018,1045367073,'Se ha eliminado una evaluación de su grado','Guillermo Delsas ha eliminado una evaluación del grado en el que usted está inscrito.','',' '),(35,'2020-02-14 23:00:50',16020,1045367073,'Se ha eliminado una evaluación de su grado','Guillermo Delsas ha eliminado una evaluación del grado en el que usted está inscrito.','\0',' '),(36,'2020-02-14 23:00:50',1045367084,1045367073,'Se ha eliminado una evaluación de su grado','Guillermo Delsas ha eliminado una evaluación del grado que usted es guía.','\0',' '),(37,'2020-02-14 23:01:42',16019,1045367073,'Se ha eliminado una evaluación de su grado','Guillermo Delsas ha eliminado una evaluación del grado en el que usted está inscrito.','\0',' '),(38,'2020-02-14 23:01:42',1045367086,1045367073,'Se ha eliminado una evaluación de su grado','Guillermo Delsas ha eliminado una evaluación del grado que usted es guía.','',' '),(39,'2020-02-14 23:11:14',16018,1045367073,'Hay una nueva evaluación de su grado','El grado en el que usted está inscrito ha sido evaluado recientemente por Guillermo Delsas. Vea los resultados en el historial de evaluaciones de su grado.','',' '),(40,'2020-02-14 23:11:14',16020,1045367073,'Hay una nueva evaluación de su grado','El grado en el que usted está inscrito ha sido evaluado recientemente por Guillermo Delsas. Vea los resultados en el historial de evaluaciones de su grado.','\0',' '),(41,'2020-02-14 23:11:14',1045367084,1045367073,'Hay una nueva evaluación del su grado','El grado del que usted guía ha sido evaluado recientemente por Guillermo Delsas. Vea los resultados en el historial de evaluaciones de su grado.','\0',' '),(42,'2020-02-14 23:12:05',16018,1045367073,'Hay una nueva evaluación de su grado','El grado en el que usted está inscrito ha sido evaluado recientemente por Guillermo Delsas. Vea los resultados en el historial de evaluaciones de su grado.','',' '),(43,'2020-02-14 23:12:05',16020,1045367073,'Hay una nueva evaluación de su grado','El grado en el que usted está inscrito ha sido evaluado recientemente por Guillermo Delsas. Vea los resultados en el historial de evaluaciones de su grado.','\0',' '),(44,'2020-02-14 23:12:05',1045367084,1045367073,'Hay una nueva evaluación del su grado','El grado del que usted guía ha sido evaluado recientemente por Guillermo Delsas. Vea los resultados en el historial de evaluaciones de su grado.','\0',' '),(45,'2020-02-14 23:13:07',16018,1045367073,'Se ha eliminado una evaluación de su grado','Guillermo Delsas ha eliminado una evaluación del grado en el que usted está inscrito.','\0',' '),(46,'2020-02-14 23:13:07',16020,1045367073,'Se ha eliminado una evaluación de su grado','Guillermo Delsas ha eliminado una evaluación del grado en el que usted está inscrito.','\0',' '),(47,'2020-02-14 23:13:07',1045367084,1045367073,'Se ha eliminado una evaluación de su grado','Guillermo Delsas ha eliminado una evaluación del grado que usted es guía.','',' '),(48,'2020-02-14 23:13:42',16018,1045367073,'Hay una nueva evaluación de su grado','El grado en el que usted está inscrito ha sido evaluado recientemente por Guillermo Delsas. Vea los resultados en el historial de evaluaciones de su grado.','\0',' '),(49,'2020-02-14 23:13:42',16020,1045367073,'Hay una nueva evaluación de su grado','El grado en el que usted está inscrito ha sido evaluado recientemente por Guillermo Delsas. Vea los resultados en el historial de evaluaciones de su grado.','\0',' '),(50,'2020-02-14 23:13:42',1045367084,1045367073,'Hay una nueva evaluación del su grado','El grado del que usted guía ha sido evaluado recientemente por Guillermo Delsas. Vea los resultados en el historial de evaluaciones de su grado.','',' '),(51,'2020-02-18 10:59:56',1045367080,1045367080,'Nuevo recurso agregado','María Peña Ha agregado un nuevo recurso: ID: 1990084, NOMBRE: Gabinete','\0',' '),(52,'2020-02-18 11:05:05',1045367080,1045367080,'Solicitud exitosa','Su solicitud de recursos de Tecnológico CRA ha sido guardada con éxito. Recibirá una notificación cuando sea aprobada por el encargado de área correspondiente.','\0',' '),(53,'2020-02-18 11:05:05',1045367080,1045367080,'Nueva solicitud de recursos','María Carmen Peña Cárcamo ha solicitado recursos','\0',' '),(54,'2020-02-18 11:06:33',16018,16018,'Solicitud exitosa','Su solicitud de recursos de Tecnológico CRA ha sido guardada con éxito. Recibirá una notificación cuando sea aprobada por el encargado de área correspondiente.','\0',' '),(55,'2020-02-18 11:06:33',1045367080,16018,'Nueva solicitud de recursos','Francisco Antonio Regalado Cruz ha solicitado recursos','\0',' '),(56,'2020-02-18 11:08:52',16018,1045367080,'Rechazo de reserva','Su solicitud de reserva de equipo con fecha 18/02/2020 a las 11:05 AM ha sido rechazada por María Peña. La razón del rechazo es: No hay equipo disponible.','',' '),(57,'2020-02-18 11:10:16',1045367080,1045367080,'Aceptación de reserva','Su solicitud de reserva de equipo con fecha 18/02/2020 a las 11:01 AM ha sido aceptada por María Peña.','\0',' '),(58,'2020-02-18 11:10:39',16018,16018,'Solicitud exitosa','Su solicitud de recursos de Tecnológico CRA ha sido guardada con éxito. Recibirá una notificación cuando sea aprobada por el encargado de área correspondiente.','',' '),(59,'2020-02-18 11:10:39',1045367080,16018,'Nueva solicitud de recursos','Francisco Antonio Regalado Cruz ha solicitado recursos','',' '),(60,'2020-02-18 11:11:11',1045367080,1045367080,'Entrega de equipo reservado','Los recursos que solicitó el día 18/02/2020 a las 11:01 AM han sido entregados en este momento por María Peña','',' '),(61,'2020-02-18 11:12:02',1045367080,1045367080,'Devolución de equipo reservado','Los recursos que solicitó el día 18/02/2020 a las 11:01 AM han sido recibidos en este momento por María Peña','',' '),(62,'2020-02-18 11:13:10',1045367080,16018,'Cancelación de reserva','La solicitud de reserva de equipo con fecha 18/02/2020 a las 11:09 AM ha sido cancelada por Francisco Regalado. La razón de la cancelación es: ya no XD.','',' '),(63,'2020-02-18 11:17:13',1045367080,1045367080,'Solicitud exitosa','Su solicitud de recursos de Bibliográfico ha sido guardada con éxito. Recibirá una notificación cuando sea aprobada por el encargado de área correspondiente.','',' '),(64,'2020-02-18 11:17:13',1045367081,1045367080,'Nueva solicitud de recursos','María Carmen Peña Cárcamo ha solicitado recursos','\0',' '),(65,'2020-02-18 11:20:53',1045367084,16018,'Solicitud de permiso nueva','Francisco Antonio Regalado Cruz ha solicitado un nuevo permiso.','',' '),(66,'2020-02-18 11:20:53',1045367085,16018,'Solicitud de permiso nueva','Francisco Antonio Regalado Cruz ha solicitado un nuevo permiso.','',' '),(67,'2020-02-18 11:23:06',16018,1045367073,'Rechado de permiso','Guillermo Aldolfo Delsas Murcia ha rechazado su solicitud de permiso. Motivo del rechazo: no puede faltar porque habrá activadad evaluada ','',' '),(68,'2020-02-18 11:26:45',16018,16018,'Modificación de solicitud de permiso','Su permiso se ha solicitado para entre las fechas: 19/02/2020 y 19/02/2020','',' '),(69,'2020-02-18 11:26:45',1045367084,16018,'Modificaciones en una solicitud de permiso','Francisco Antonio Regalado Cruz ha cambiado su solicitud de permiso.','',' '),(70,'2020-02-18 11:26:45',1045367085,16018,'Modificaciones en una solicitud de permiso','Francisco Antonio Regalado Cruz ha cambiado su solicitud de permiso.','',' '),(71,'2020-02-18 11:27:06',16018,1045367073,'Aceptación de permiso','Guillermo Aldolfo Delsas Murcia ha aceptado su solicitud de permiso. ','',' '),(72,'2020-02-18 13:40:01',1000000000,1045367073,'Asignación de cargo','Guillermo Delsas le ha asignado el cargo de Bibliotecario. Los cambios en su menú lo verá cuando actualice o cambie de págiba. Compruebe sus asignaciones de cargos en su perfil de usuario.','\0',' '),(73,'2020-02-20 19:22:30',16018,1045367073,'Se ha registrado un cambio de sección','Guillermo Delsas ha cambiado la sección donde usted estaba inscrito a la sección \'A\'.','',' '),(74,'2020-02-20 19:40:13',16021,1045367073,'Su solicitud de nuevo ingreso ha sido aceptada','Usted ha sido aceptado en el Instituto Nacional \'Texistepeque\'! Ha sido inscrito en Primero Contador Sección A','\0',' '),(75,'2020-02-20 19:40:13',16018,1045367073,'Su solicitud de nuevo ingreso ha sido aceptada','Usted ha sido aceptado en el Instituto Nacional \'Texistepeque\'! Ha sido inscrito en Primero Contador Sección A','',' '),(76,'2020-02-20 19:43:14',16020,1045367073,'Su solicitud de nuevo ingreso ha sido aceptada','Usted ha sido aceptado en el Instituto Nacional \'Texistepeque\'! Ha sido inscrito en Segundo Contador Sección A','\0',' '),(77,'2020-02-20 19:43:35',16019,1045367073,'Su solicitud de nuevo ingreso ha sido aceptada','Usted ha sido aceptado en el Instituto Nacional \'Texistepeque\'! Ha sido inscrito en Primero General Sección A','\0',' '),(78,'2020-02-20 20:46:10',16018,1045367073,'Se ha registrado un cambio de sección','Guillermo Delsas ha cambiado la sección donde usted estaba inscrito a la sección \'A\'.','',' '),(79,'2020-02-24 07:19:04',16018,1045367073,'Nueva concesión de permiso','Guillermo Aldolfo Delsas Murcia le ha concedido un nuevo permiso a petición de joijoj jojioo iojojojo iojojo.','\0',' '),(80,'2020-02-24 07:21:40',16018,1045367073,'Sesión de consulta iniciada','La sesión de consulta con el psicólogo lic. Guillermo Delsas ha iniciado.','\0',' '),(81,'2020-02-24 17:04:40',1045367080,1045367080,'Nuevo anuncio disponible','Nuevo auncio publicado recientemente por María Peña','',' '),(82,'2020-02-24 17:18:52',1045367084,1045367073,'Cambios en el menú','La barra de menús ha sufrido cambios y los verá cuando actualice o cambie de página. Notificación del sistema.','',' '),(83,'2020-02-24 17:18:52',1045367085,1045367073,'Cambios en el menú','La barra de menús ha sufrido cambios y los verá cuando actualice o cambie de página. Notificación del sistema.','',' '),(84,'2020-02-24 17:18:52',1045367086,1045367073,'Cambios en el menú','La barra de menús ha sufrido cambios y los verá cuando actualice o cambie de página. Notificación del sistema.','',' '),(85,'2020-02-24 17:18:52',1045367087,1045367073,'Cambios en el menú','La barra de menús ha sufrido cambios y los verá cuando actualice o cambie de página. Notificación del sistema.','',' '),(86,'2020-02-24 17:20:42',1045367090,1045367073,'Cambios en el menú','La barra de menús ha sufrido cambios y los verá cuando actualice o cambie de página. Notificación del sistema.','',' '),(87,'2020-02-24 17:21:08',1045367090,1045367073,'Cambios en el menú','La barra de menús ha sufrido cambios y los verá cuando actualice o cambie de página. Notificación del sistema.','',' '),(88,'2020-02-24 17:22:11',1045367090,1045367073,'Cambios en el menú','La barra de menús ha sufrido cambios y los verá cuando actualice o cambie de página. Notificación del sistema.','\0',' '),(89,'2020-02-24 17:22:56',1045367090,1045367073,'Cambios en el menú','La barra de menús ha sufrido cambios y los verá cuando actualice o cambie de página. Notificación del sistema.','\0',' '),(90,'2020-02-24 17:26:50',1045367085,1045367073,'Nuevo tutelaje','Guillermo Delsas le ha entregado el tutelaje del grado 1° TVC ContadorSección A año 2020','',' '),(91,'2020-02-24 19:48:20',16021,1045367073,'Se ha eliminado una evaluación de su grado','Guillermo Delsas ha eliminado una evaluación del grado en el que usted está inscrito.','\0',' '),(92,'2020-02-24 19:48:20',1045367085,1045367073,'Se ha eliminado una evaluación de su grado','Guillermo Delsas ha eliminado una evaluación del grado que usted es guía.','',' '),(93,'2020-02-24 20:06:05',1045367073,1045367073,'Cambios en el menú','La barra de menús ha sufrido cambios y los verá cuando actualice o cambie de página. Notificación del sistema.','',' '),(94,'2020-02-24 20:06:06',1045367073,1045367073,'Cambios en el menú','La barra de menús ha sufrido cambios y los verá cuando actualice o cambie de página. Notificación del sistema.','',' '),(95,'2020-02-24 21:05:21',16018,1045367073,'Se ha registrado actividad en la entrega de paquetes.','Lo que se le ha entregado es: , Uniforme.','',' '),(96,'2020-02-24 21:09:49',16018,1045367073,'Se ha registrado actividad en la entrega de paquetes.','Lo que se le ha entregado es: Útiles, Uniforme.','',' '),(97,'2020-02-24 21:21:30',16019,1045367073,'Se ha registrado actividad en la entrega de paquetes.','Lo que se le ha entregado es: , Zapatos.','\0',' '),(98,'2020-02-24 21:21:47',16021,1045367073,'Se ha registrado actividad en la entrega de paquetes.','Lo que se le ha entregado es: , Uniforme.','\0',' '),(99,'2020-02-24 21:57:48',16018,1045367073,'Se ha registrado actividad en la entrega de paquetes.','Lo que se le ha entregado es: Útiles, Uniforme, Zapatos.','',' '),(100,'2020-02-24 21:58:34',16021,1045367073,'Se ha registrado actividad en la entrega de paquetes.','Lo que se le ha entregado es: , Uniforme, Zapatos.','\0',' '),(101,'2020-02-24 21:59:29',16019,1045367073,'Se ha registrado actividad en la entrega de paquetes.','Lo que se le ha entregado es: , Uniforme, Zapatos.','\0',' '),(102,'2020-02-24 22:00:17',16020,1045367073,'Se ha registrado actividad en la entrega de paquetes.','Lo que se le ha entregado es: , Uniforme.','\0',' '),(103,'2020-02-24 22:00:24',16021,1045367073,'Se ha registrado actividad en la entrega de paquetes.','Lo que se le ha entregado es: , Uniforme, Zapatos.','\0',' '),(104,'2020-02-24 22:17:08',1045367084,1045367073,'Cambios en el menú','La barra de menús ha sufrido cambios y los verá cuando actualice o cambie de página. Notificación del sistema.','',' '),(105,'2020-02-24 22:17:09',1045367085,1045367073,'Cambios en el menú','La barra de menús ha sufrido cambios y los verá cuando actualice o cambie de página. Notificación del sistema.','',' '),(106,'2020-02-24 22:17:09',1045367086,1045367073,'Cambios en el menú','La barra de menús ha sufrido cambios y los verá cuando actualice o cambie de página. Notificación del sistema.','\0',' '),(107,'2020-02-24 22:17:09',1045367087,1045367073,'Cambios en el menú','La barra de menús ha sufrido cambios y los verá cuando actualice o cambie de página. Notificación del sistema.','',' '),(108,'2020-02-24 22:50:48',1045367085,1045367073,'Nuevo tutelaje','Guillermo Delsas le ha entregado el tutelaje del grado 1° TVC Contador Sección A año 2020','\0',' '),(109,'2020-02-24 22:51:12',1045367087,1045367073,'Tutelaje removido','Guillermo Delsas le ha quitado el tutelaje del grado 1° TVC Contador Sección B año 2020','',' '),(110,'2020-02-24 22:52:39',1045367087,1045367073,'Nuevo tutelaje','Guillermo Delsas le ha entregado el tutelaje del grado 1° TVC Contador Sección B año 2020','',' '),(111,'2020-02-24 22:57:07',1045367087,1045367073,'Nuevo tutelaje','Guillermo Delsas le ha entregado el tutelaje del grado 1° General Sección B año 2020','',' '),(112,'2020-02-24 22:57:53',1045367087,1045367073,'Tutelaje removido','Guillermo Delsas le ha quitado el tutelaje del grado 1° General Sección B año 2020','',' '),(113,'2020-02-24 22:58:04',1045367087,1045367073,'Tutelaje removido','Guillermo Delsas le ha quitado el tutelaje del grado 1° TVC Contador Sección B año 2020','',' '),(114,'2020-02-24 22:58:50',1045367087,1045367073,'Nuevo tutelaje','Guillermo Delsas le ha entregado el tutelaje del grado 1° TVC Contador Sección B año 2020','',' '),(115,'2020-02-24 23:07:03',1045367084,1045367073,'Tutelaje removido','Guillermo Delsas le ha quitado el tutelaje del grado 2° TVC Contador Sección A año 2020','',' '),(116,'2020-02-24 23:07:17',1045367087,1045367073,'Tutelaje removido','Guillermo Delsas le ha quitado el tutelaje del grado 1° TVC Contador Sección B año 2020','',' '),(117,'2020-02-24 23:07:26',1045367087,1045367073,'Nuevo tutelaje','Guillermo Delsas le ha entregado el tutelaje del grado 1° TVC Contador Sección A año 2020','',' '),(118,'2020-02-24 23:07:27',1045367085,1045367073,'Tutelaje removido','Guillermo Delsas le ha quitado el tutelaje del grado 1° TVC Contador Sección A año 2020','\0',' '),(119,'2020-02-24 23:07:53',1045367087,1045367073,'Tutelaje removido','Guillermo Delsas le ha quitado el tutelaje del grado 1° TVC Contador Sección A año 2020','',' '),(120,'2020-02-24 23:08:17',1045367087,1045367073,'Nuevo tutelaje','Guillermo Delsas le ha entregado el tutelaje del grado 1° TVC Contador Sección A año 2020','',' '),(121,'2020-02-25 23:30:29',1045367084,1045367073,'Evaluación nueva','Guillermo Delsas ha realizado una nueva evaluación de su desempeño. Puede ver su historial de desempeño en la pestaña historiales del menú perfil.','',' '),(122,'2020-02-25 23:46:15',1045367084,1045367073,'Evaluación nueva','Guillermo Delsas ha realizado una nueva evaluación de su desempeño. Puede ver su historial de desempeño en la pestaña historiales del menú perfil.','',' '),(123,'2020-02-26 09:22:06',16018,1045367086,'Nuevo anuncio disponible','Nuevo auncio publicado recientemente por Juan Bartanes','',' '),(124,'2020-02-26 09:22:07',16019,1045367086,'Nuevo anuncio disponible','Nuevo auncio publicado recientemente por Juan Bartanes','\0',' '),(125,'2020-02-26 09:22:07',16020,1045367086,'Nuevo anuncio disponible','Nuevo auncio publicado recientemente por Juan Bartanes','\0',' '),(126,'2020-02-26 09:22:07',16021,1045367086,'Nuevo anuncio disponible','Nuevo auncio publicado recientemente por Juan Bartanes','\0',' '),(127,'2020-02-26 09:22:44',16018,1045367086,'Nuevo anuncio disponible','Nuevo auncio publicado recientemente por Juan Bartanes','',' '),(128,'2020-02-26 09:22:44',16019,1045367086,'Nuevo anuncio disponible','Nuevo auncio publicado recientemente por Juan Bartanes','\0',' '),(129,'2020-02-26 09:22:44',16020,1045367086,'Nuevo anuncio disponible','Nuevo auncio publicado recientemente por Juan Bartanes','\0',' '),(130,'2020-02-26 09:22:44',16021,1045367086,'Nuevo anuncio disponible','Nuevo auncio publicado recientemente por Juan Bartanes','\0',' '),(131,'2020-02-26 09:29:39',1045367086,1045367086,'Solicitud exitosa','Su permiso se ha solicitado para entre las fechas: 26/02/2020 y 27/02/2020','',' '),(132,'2020-02-26 09:29:40',1145367070,1045367086,'Solicitud de permiso nueva','Juan Manuel Bartanes Pilar ha solicitado un nuevo permiso.','\0',' '),(133,'2020-02-26 09:29:40',1045367084,1045367086,'Solicitud de permiso nueva','Juan Manuel Bartanes Pilar ha solicitado un nuevo permiso.','',' '),(134,'2020-02-26 09:29:40',1045367085,1045367086,'Solicitud de permiso nueva','Juan Manuel Bartanes Pilar ha solicitado un nuevo permiso.','\0',' '),(135,'2020-02-28 12:20:25',16024,1045367073,'Se ha registrado un cambio de sección','Guillermo Delsas ha cambiado la sección donde usted estaba inscrito a la sección \'B\'.','\0',' '),(136,'2020-02-28 22:00:22',1045367073,1045367073,'Cambios en el menú','La barra de menús ha sufrido cambios y los verá cuando actualice o cambie de página. Notificación del sistema.','',' '),(137,'2020-02-28 22:00:46',1045367083,1045367073,'Cambios en el menú','La barra de menús ha sufrido cambios y los verá cuando actualice o cambie de página. Notificación del sistema.','',' '),(138,'2020-02-28 22:00:46',1123456789,1045367073,'Cambios en el menú','La barra de menús ha sufrido cambios y los verá cuando actualice o cambie de página. Notificación del sistema.','\0',' '),(139,'2020-02-28 22:01:25',1145367070,1045367073,'Cambios en el menú','La barra de menús ha sufrido cambios y los verá cuando actualice o cambie de página. Notificación del sistema.','\0',' '),(140,'2020-02-28 22:01:25',1045367084,1045367073,'Cambios en el menú','La barra de menús ha sufrido cambios y los verá cuando actualice o cambie de página. Notificación del sistema.','',' '),(141,'2020-02-28 22:01:25',1045367085,1045367073,'Cambios en el menú','La barra de menús ha sufrido cambios y los verá cuando actualice o cambie de página. Notificación del sistema.','\0',' '),(142,'2020-02-28 22:01:58',1045367090,1045367073,'Cambios en el menú','La barra de menús ha sufrido cambios y los verá cuando actualice o cambie de página. Notificación del sistema.','\0',' '),(143,'2020-02-29 11:48:15',1045367073,1045367073,'Cambios en el menú','La barra de menús ha sufrido cambios y los verá cuando actualice o cambie de página. Notificación del sistema.','',' '),(144,'2020-02-29 12:02:45',16021,1045367073,'Actividad en las contribuciones registrado.','No tiene registro de pago de las contribuciones para el año en curso.','\0',' '),(145,'2020-02-29 12:02:58',16023,1045367073,'Actividad en las contribuciones registrado.','No tiene registro de pago de las contribuciones para el año en curso.','\0',' '),(146,'2020-02-29 12:18:09',16030,1045367073,'Actividad en las contribuciones registrado.','Los meses que ya ha pagado son : Enero, Febrero.','\0',' '),(147,'2020-02-29 21:23:30',16024,1045367073,'Actividad en las contribuciones registrado.','El mes pagado es Enero.','\0',' '),(148,'2020-02-29 21:24:29',16024,1045367073,'Actividad en las contribuciones registrado.','Los meses que ya ha pagado son : Enero, Febrero, Marzo.','\0',' '),(149,'2020-03-02 12:16:17',1145367070,16018,'Solicitud de permiso nueva','Francisco Antonio Pereira Cruz ha solicitado un nuevo permiso.','\0',' '),(150,'2020-03-02 12:16:18',1045367084,16018,'Solicitud de permiso nueva','Francisco Antonio Pereira Cruz ha solicitado un nuevo permiso.','',' '),(151,'2020-03-02 12:16:18',1045367085,16018,'Solicitud de permiso nueva','Francisco Antonio Pereira Cruz ha solicitado un nuevo permiso.','\0',' '),(152,'2020-03-02 12:19:47',16018,1045367084,'Rechado de permiso','María Pilar Dolores ALvarado ha rechazado su solicitud de permiso. Motivo del rechazo: rg ','',' '),(153,'2020-03-02 12:22:17',16018,16018,'Modificación de solicitud de permiso','Su permiso se ha solicitado para entre las fechas: 02/03/2020 y 02/03/2020','',' '),(154,'2020-03-02 12:22:17',1145367070,16018,'Modificaciones en una solicitud de permiso','Francisco Antonio Pereira Cruz ha cambiado su solicitud de permiso.','\0',' '),(155,'2020-03-02 12:22:17',1045367084,16018,'Modificaciones en una solicitud de permiso','Francisco Antonio Pereira Cruz ha cambiado su solicitud de permiso.','\0',' '),(156,'2020-03-02 12:22:18',1045367085,16018,'Modificaciones en una solicitud de permiso','Francisco Antonio Pereira Cruz ha cambiado su solicitud de permiso.','\0',' '),(157,'2020-03-02 12:23:35',1045367083,1045367073,'Cambios en el menú','La barra de menús ha sufrido cambios y los verá cuando actualice o cambie de página. Notificación del sistema.','',' '),(158,'2020-03-02 12:23:35',1123456789,1045367073,'Cambios en el menú','La barra de menús ha sufrido cambios y los verá cuando actualice o cambie de página. Notificación del sistema.','\0',' '),(159,'2020-03-02 12:23:52',1145367070,1045367073,'Cambios en el menú','La barra de menús ha sufrido cambios y los verá cuando actualice o cambie de página. Notificación del sistema.','\0',' '),(160,'2020-03-02 12:23:52',1045367084,1045367073,'Cambios en el menú','La barra de menús ha sufrido cambios y los verá cuando actualice o cambie de página. Notificación del sistema.','\0',' '),(161,'2020-03-02 12:23:52',1045367085,1045367073,'Cambios en el menú','La barra de menús ha sufrido cambios y los verá cuando actualice o cambie de página. Notificación del sistema.','\0',' '),(162,'2020-03-02 12:24:13',1045367084,1045367073,'Cambios en el menú','La barra de menús ha sufrido cambios y los verá cuando actualice o cambie de página. Notificación del sistema.','\0',' '),(163,'2020-03-02 12:24:13',1045367085,1045367073,'Cambios en el menú','La barra de menús ha sufrido cambios y los verá cuando actualice o cambie de página. Notificación del sistema.','\0',' '),(164,'2020-03-02 12:24:13',1045367086,1045367073,'Cambios en el menú','La barra de menús ha sufrido cambios y los verá cuando actualice o cambie de página. Notificación del sistema.','\0',' '),(165,'2020-03-02 12:24:13',1045367087,1045367073,'Cambios en el menú','La barra de menús ha sufrido cambios y los verá cuando actualice o cambie de página. Notificación del sistema.','\0',' '),(166,'2020-03-02 12:27:44',1045367081,1045367083,'Edición de recurso','Laura López Ha editado la información del recurso: ID: 98, NOMBRE: No me agarran viva','\0',' '),(167,'2020-03-02 12:27:44',1000000000,1045367083,'Edición de recurso','Laura López Ha editado la información del recurso: ID: 98, NOMBRE: No me agarran viva','\0',' '),(168,'2020-03-02 12:28:37',1045367080,1045367080,'Solicitud exitosa','Su permiso se ha solicitado para entre las fechas: 02/03/2020 y 02/03/2020','\0',' '),(169,'2020-03-02 12:28:37',1045367083,1045367080,'Solicitud de permiso nueva','María Carmen Peña Cárcamo ha solicitado un nuevo permiso.','\0',' '),(170,'2020-03-02 12:28:38',1123456789,1045367080,'Solicitud de permiso nueva','María Carmen Peña Cárcamo ha solicitado un nuevo permiso.','\0',' '),(171,'2020-03-02 12:33:23',1045367083,1045367073,'Cambios en el menú','La barra de menús ha sufrido cambios y los verá cuando actualice o cambie de página. Notificación del sistema.','\0',' '),(172,'2020-03-02 12:33:23',1123456789,1045367073,'Cambios en el menú','La barra de menús ha sufrido cambios y los verá cuando actualice o cambie de página. Notificación del sistema.','\0',' '),(173,'2020-03-02 12:33:52',1045367080,1045367073,'Cambios en el menú','La barra de menús ha sufrido cambios y los verá cuando actualice o cambie de página. Notificación del sistema.','\0',' '),(174,'2020-03-02 12:34:30',1045367082,1045367073,'Cambios en el menú','La barra de menús ha sufrido cambios y los verá cuando actualice o cambie de página. Notificación del sistema.','\0',' '),(175,'2020-03-02 12:34:44',1045367081,1045367073,'Cambios en el menú','La barra de menús ha sufrido cambios y los verá cuando actualice o cambie de página. Notificación del sistema.','\0',' '),(176,'2020-03-02 12:34:44',1000000000,1045367073,'Cambios en el menú','La barra de menús ha sufrido cambios y los verá cuando actualice o cambie de página. Notificación del sistema.','\0',' '),(177,'2020-03-02 12:43:34',1045367073,1045367073,'Cambios en el menú','La barra de menús ha sufrido cambios y los verá cuando actualice o cambie de página. Notificación del sistema.','',' '),(178,'2020-03-02 12:43:45',1045367083,1045367073,'Cambios en el menú','La barra de menús ha sufrido cambios y los verá cuando actualice o cambie de página. Notificación del sistema.','\0',' '),(179,'2020-03-02 12:43:45',1123456789,1045367073,'Cambios en el menú','La barra de menús ha sufrido cambios y los verá cuando actualice o cambie de página. Notificación del sistema.','\0',' '),(180,'2020-03-02 12:43:58',1145367070,1045367073,'Cambios en el menú','La barra de menús ha sufrido cambios y los verá cuando actualice o cambie de página. Notificación del sistema.','\0',' '),(181,'2020-03-02 12:43:58',1045367084,1045367073,'Cambios en el menú','La barra de menús ha sufrido cambios y los verá cuando actualice o cambie de página. Notificación del sistema.','\0',' '),(182,'2020-03-02 12:43:58',1045367085,1045367073,'Cambios en el menú','La barra de menús ha sufrido cambios y los verá cuando actualice o cambie de página. Notificación del sistema.','\0',' '),(183,'2020-03-02 12:44:28',1045367991,1045367073,'Cambios en el menú','La barra de menús ha sufrido cambios y los verá cuando actualice o cambie de página. Notificación del sistema.','\0',' '),(184,'2020-03-02 12:55:45',1045367073,1045367073,'Cambios en el menú','La barra de menús ha sufrido cambios y los verá cuando actualice o cambie de página. Notificación del sistema.','',' '),(185,'2020-03-02 12:55:55',1045367083,1045367073,'Cambios en el menú','La barra de menús ha sufrido cambios y los verá cuando actualice o cambie de página. Notificación del sistema.','\0',' '),(186,'2020-03-02 12:55:55',1123456789,1045367073,'Cambios en el menú','La barra de menús ha sufrido cambios y los verá cuando actualice o cambie de página. Notificación del sistema.','\0',' '),(187,'2020-03-02 12:56:03',1145367070,1045367073,'Cambios en el menú','La barra de menús ha sufrido cambios y los verá cuando actualice o cambie de página. Notificación del sistema.','\0',' '),(188,'2020-03-02 12:56:03',1045367084,1045367073,'Cambios en el menú','La barra de menús ha sufrido cambios y los verá cuando actualice o cambie de página. Notificación del sistema.','\0',' '),(189,'2020-03-02 12:56:03',1045367085,1045367073,'Cambios en el menú','La barra de menús ha sufrido cambios y los verá cuando actualice o cambie de página. Notificación del sistema.','\0',' '),(190,'2020-03-02 19:19:43',1123456789,1045367073,'Nuevo tutelaje','Guillermo Delsas le ha entregado el tutelaje del grado 1° General Sección C año 2020','\0',' '),(191,'2020-03-08 00:12:45',1045367084,1045367073,'Se ha agregado una nueva hora clase al horario','Agregación: Sábado 07:15 AM - 08:00 AM Materia: Matemática. Profesor: María Dolores. Grado: 1° General Sección A','\0',' '),(192,'2020-03-08 00:13:22',1045367084,1045367073,'Se ha eliminado una nueva hora clase del horario','Elimnación: Sábado 07:15 AM - 08:00 AM. Materia: Matemática. Profesor: María Pilar María Dolores. Grado: 1° General Sección A','\0',' '),(193,'2020-03-08 00:20:53',1045367084,1045367073,'Se ha agregado una nueva hora clase al horario','Agregación: Sábado 07:15 AM - 08:00 AM Materia: Matemática Profesor: María Pilar Dolores ALvarado Grado: 1° TVC Contador Sección A','\0',' '),(194,'2020-03-08 00:22:32',1045367085,1045367073,'Se ha agregado una nueva hora clase al horario','Agregación: Sábado 07:15 AM - 08:00 AM Materia: Matemática Profesor: Francisco Javier Magaña Arriola Grado: 1° General Sección A','\0',' '),(195,'2020-03-08 00:23:01',1045367085,1045367073,'Seha editado el horario','Modificación: Sábado 08:00 AM - 08:45 AM Materia: Matemática Profesor: Francisco Javier Magaña Arriola Grado: 1° General Sección A','\0',' '),(196,'2020-03-08 00:23:10',1045367084,1045367073,'Seha editado el horario','Modificación: Sábado 08:00 AM - 08:45 AM Materia: Matemática Profesor: María Pilar Dolores ALvarado Grado: 1° General Sección A','\0',' '),(197,'2020-03-08 00:29:13',1045367084,1045367073,'Seha editado el horario','Modificación: Sábado 07:15 AM - 08:00 AM Materia: Matemática. Profesor: María Dolores. Grado: 1° General Sección A','\0',' '),(198,'2020-03-08 00:52:33',1045367084,1045367073,'Evaluación eliminada','Guillermo Delsas le ha retirado una evaluación de su desempeño. Puede ver su historial de desempeño en la pestaña historiales del menú perfil.','\0',' '),(199,'2020-03-08 00:53:42',1045367084,1045367073,'Evaluación nueva','Guillermo Delsas ha realizado una nueva evaluación de su desempeño. Puede ver su historial de desempeño en la pestaña historiales del menú perfil.','\0',' '),(200,'2020-03-08 00:54:07',1045367084,1045367073,'Evaluación eliminada','Guillermo Delsas le ha retirado una evaluación de su desempeño. Puede ver su historial de desempeño en la pestaña historiales del menú perfil.','\0',' '),(201,'2020-03-08 14:45:15',16021,1045367073,'Su solicitud de nuevo ingreso ha sido aceptada','Usted ha sido aceptado en el Instituto Nacional \'Texistepeque\'! Ha sido inscrito en Primero Contador Sección A','\0',' '),(202,'2020-03-08 14:45:16',16018,1045367073,'Su solicitud de nuevo ingreso ha sido aceptada','Usted ha sido aceptado en el Instituto Nacional \'Texistepeque\'! Ha sido inscrito en Primero Contador Sección A','\0',' '),(203,'2020-03-08 14:45:16',16030,1045367073,'Su solicitud de nuevo ingreso ha sido aceptada','Usted ha sido aceptado en el Instituto Nacional \'Texistepeque\'! Ha sido inscrito en Primero Contador Sección B','\0',' '),(204,'2020-03-08 14:45:33',16020,1045367073,'Su solicitud de nuevo ingreso ha sido aceptada','Usted ha sido aceptado en el Instituto Nacional \'Texistepeque\'! Ha sido inscrito en Segundo Contador Sección A','\0',' '),(205,'2020-03-08 14:45:34',16018,1045367073,'Su solicitud de nuevo ingreso ha sido aceptada','Usted ha sido aceptado en el Instituto Nacional \'Texistepeque\'! Ha sido inscrito en Segundo Contador Sección A','\0',' '),(206,'2020-03-08 14:45:47',16025,1045367073,'Su solicitud de nuevo ingreso ha sido aceptada','Usted ha sido aceptado en el Instituto Nacional \'Texistepeque\'! Ha sido inscrito en Tercero Contador Sección A','\0',' '),(207,'2020-03-08 14:45:47',16026,1045367073,'Su solicitud de nuevo ingreso ha sido aceptada','Usted ha sido aceptado en el Instituto Nacional \'Texistepeque\'! Ha sido inscrito en Tercero Contador Sección B','\0',' '),(208,'2020-03-08 14:45:56',16019,1045367073,'Su solicitud de nuevo ingreso ha sido aceptada','Usted ha sido aceptado en el Instituto Nacional \'Texistepeque\'! Ha sido inscrito en Primero General Sección A','\0',' '),(209,'2020-03-08 14:45:57',16023,1045367073,'Su solicitud de nuevo ingreso ha sido aceptada','Usted ha sido aceptado en el Instituto Nacional \'Texistepeque\'! Ha sido inscrito en Primero General Sección B','\0',' '),(210,'2020-03-08 14:45:57',16024,1045367073,'Su solicitud de nuevo ingreso ha sido aceptada','Usted ha sido aceptado en el Instituto Nacional \'Texistepeque\'! Ha sido inscrito en Primero General Sección A','\0',' '),(211,'2020-03-08 14:46:02',16027,1045367073,'Su solicitud de nuevo ingreso ha sido aceptada','Usted ha sido aceptado en el Instituto Nacional \'Texistepeque\'! Ha sido inscrito en Segundo General Sección A','\0',' '),(212,'2020-03-08 14:52:13',1045367073,1045367073,'Cambios en el menú','La barra de menús ha sufrido cambios y los verá cuando actualice o cambie de página. Notificación del sistema.','',' '),(213,'2020-03-08 14:52:41',1045367083,1045367073,'Cambios en el menú','La barra de menús ha sufrido cambios y los verá cuando actualice o cambie de página. Notificación del sistema.','\0',' '),(214,'2020-03-08 14:52:41',1123456789,1045367073,'Cambios en el menú','La barra de menús ha sufrido cambios y los verá cuando actualice o cambie de página. Notificación del sistema.','\0',' '),(215,'2020-03-08 14:52:56',1145367070,1045367073,'Cambios en el menú','La barra de menús ha sufrido cambios y los verá cuando actualice o cambie de página. Notificación del sistema.','\0',' '),(216,'2020-03-08 14:52:56',1045367084,1045367073,'Cambios en el menú','La barra de menús ha sufrido cambios y los verá cuando actualice o cambie de página. Notificación del sistema.','\0',' '),(217,'2020-03-08 14:52:57',1045367085,1045367073,'Cambios en el menú','La barra de menús ha sufrido cambios y los verá cuando actualice o cambie de página. Notificación del sistema.','\0',' '),(218,'2020-03-08 14:53:13',1045367084,1045367073,'Cambios en el menú','La barra de menús ha sufrido cambios y los verá cuando actualice o cambie de página. Notificación del sistema.','\0',' '),(219,'2020-03-08 14:53:13',1045367085,1045367073,'Cambios en el menú','La barra de menús ha sufrido cambios y los verá cuando actualice o cambie de página. Notificación del sistema.','\0',' '),(220,'2020-03-08 14:53:13',1045367086,1045367073,'Cambios en el menú','La barra de menús ha sufrido cambios y los verá cuando actualice o cambie de página. Notificación del sistema.','\0',' '),(221,'2020-03-08 14:53:13',1045367087,1045367073,'Cambios en el menú','La barra de menús ha sufrido cambios y los verá cuando actualice o cambie de página. Notificación del sistema.','\0',' ');
/*!40000 ALTER TABLE `notificaciones` ENABLE KEYS */;
UNLOCK TABLES;

--
-- Table structure for table `pais`
--

DROP TABLE IF EXISTS `pais`;
/*!40101 SET @saved_cs_client     = @@character_set_client */;
/*!40101 SET character_set_client = utf8 */;
CREATE TABLE `pais` (
  `idpais` int(30) NOT NULL,
  `paisNombre` varchar(50) NOT NULL,
  `paisComentarios` varchar(140) DEFAULT NULL,
  PRIMARY KEY (`idpais`)
) ENGINE=InnoDB DEFAULT CHARSET=utf8;
/*!40101 SET character_set_client = @saved_cs_client */;

--
-- Dumping data for table `pais`
--

LOCK TABLES `pais` WRITE;
/*!40000 ALTER TABLE `pais` DISABLE KEYS */;
REPLACE INTO `pais` VALUES (1,'Afganistán',''),(2,'Islas Gland',''),(3,'Albania',''),(4,'Alemania',''),(5,'Andorra',''),(6,'Angola',''),(7,'Anguilla',''),(8,'Antártida',''),(9,'Antigua y Barbuda',''),(10,'Antillas Holandesas',''),(11,'Arabia Saudí',''),(12,'Argelia',''),(13,'Argentina',''),(14,'Armenia',''),(15,'Aruba',''),(16,'Australia',''),(17,'Austria',''),(18,'Azerbaiyán',''),(19,'Bahamas',''),(20,'Bahréin',''),(21,'Bangladesh',''),(22,'Barbados',''),(23,'Bielorrusia',''),(24,'Bélgica',''),(25,'Belice',''),(26,'Benin',''),(27,'Bermudas',''),(28,'Bhután',''),(29,'Bolivia',''),(30,'Bosnia y Herzegovina',''),(31,'Botsuana',''),(32,'Isla Bouvet',''),(33,'Brasil',''),(34,'Brunéi',''),(35,'Bulgaria',''),(36,'Burkina Faso',''),(37,'Burundi',''),(38,'Cabo Verde',''),(39,'Islas Caimán',''),(40,'Camboya',''),(41,'Camerún',''),(42,'Canadá',''),(43,'República Centroafricana',''),(44,'Chad',''),(45,'República Checa',''),(46,'Chile',''),(47,'China',''),(48,'Chipre',''),(49,'Isla de Navidad',''),(50,'Ciudad del Vaticano',''),(51,'Islas Cocos',''),(52,'Colombia',''),(53,'Comoras',''),(54,'República Democrática del Congo',''),(55,'Congo',''),(56,'Islas Cook',''),(57,'Corea del Norte',''),(58,'Corea del Sur',''),(59,'Costa de Marfil',''),(60,'Costa Rica',''),(61,'Croacia',''),(62,'Cuba',''),(63,'Dinamarca',''),(64,'Dominica',''),(65,'República Dominicana',''),(66,'Ecuador',''),(67,'Egipto',''),(68,'El Salvador',''),(69,'Emiratos Árabes Unidos',''),(70,'Eritrea',''),(71,'Eslovaquia',''),(72,'Eslovenia',''),(73,'España',''),(74,'Islas ultramarinas de Estados Unidos',''),(75,'Estados Unidos',''),(76,'Estonia',''),(77,'Etiopía',''),(78,'Islas Feroe',''),(79,'Filipinas',''),(80,'Finlandia',''),(81,'Fiyi',''),(82,'Francia',''),(83,'Gabón',''),(84,'Gambia',''),(85,'Georgia',''),(86,'Islas Georgias del Sur y Sandwich del Sur',''),(87,'Ghana',''),(88,'Gibraltar',''),(89,'Granada',''),(90,'Grecia',''),(91,'Groenlandia',''),(92,'Guadalupe',''),(93,'Guam',''),(94,'Guatemala',''),(95,'Guayana Francesa',''),(96,'Guinea',''),(97,'Guinea Ecuatorial',''),(98,'Guinea-Bissau',''),(99,'Guyana',''),(100,'Haití',''),(101,'Islas Heard y McDonald',''),(102,'Honduras',''),(103,'Hong Kong',''),(104,'Hungría',''),(105,'India',''),(106,'Indonesia',''),(107,'Irán',''),(108,'Iraq',''),(109,'Irlanda',''),(110,'Islandia',''),(111,'Israel',''),(112,'Italia',''),(113,'Jamaica',''),(114,'Japón',''),(115,'Jordania',''),(116,'Kazajstán',''),(117,'Kenia',''),(118,'Kirguistán',''),(119,'Kiribati',''),(120,'Kuwait',''),(121,'Laos',''),(122,'Lesotho',''),(123,'Letonia',''),(124,'Líbano',''),(125,'Liberia',''),(126,'Libia',''),(127,'Liechtenstein',''),(128,'Lituania',''),(129,'Luxemburgo',''),(130,'Macao',''),(131,'ARY Macedonia',''),(132,'Madagascar',''),(133,'Malasia',''),(134,'Malawi',''),(135,'Maldivas',''),(136,'Malí',''),(137,'Malta',''),(138,'Islas Malvinas',''),(139,'Islas Marianas del Norte',''),(140,'Marruecos',''),(141,'Islas Marshall',''),(142,'Martinica',''),(143,'Mauricio',''),(144,'Mauritania',''),(145,'Mayotte',''),(146,'México',''),(147,'Micronesia',''),(148,'Moldavia',''),(149,'Mónaco',''),(150,'Mongolia',''),(151,'Montserrat',''),(152,'Mozambique',''),(153,'Myanmar',''),(154,'Namibia',''),(155,'Nauru',''),(156,'Nepal',''),(157,'Nicaragua',''),(158,'Níger',''),(159,'Nigeria',''),(160,'Niue',''),(161,'Isla Norfolk',''),(162,'Noruega',''),(163,'Nueva Caledonia',''),(164,'Nueva Zelanda',''),(165,'Omán',''),(166,'Países Bajos',''),(167,'Pakistán',''),(168,'Palau',''),(169,'Palestina',''),(170,'Panamá',''),(171,'Papúa Nueva Guinea',''),(172,'Paraguay',''),(173,'Perú',''),(174,'Islas Pitcairn',''),(175,'Polinesia Francesa',''),(176,'Polonia',''),(177,'Portugal',''),(178,'Puerto Rico',''),(179,'Qatar',''),(180,'Reino Unido',''),(181,'Reunión',''),(182,'Ruanda',''),(183,'Rumania',''),(184,'Rusia',''),(185,'Sahara Occidental',''),(186,'Islas Salomón',''),(187,'Samoa',''),(188,'Samoa Americana',''),(189,'San Cristóbal y Nevis',''),(190,'San Marino',''),(191,'San Pedro y Miquelón',''),(192,'San Vicente y las Granadinas',''),(193,'Santa Helena',''),(194,'Santa Lucía',''),(195,'Santo Tomé y Príncipe',''),(196,'Senegal',''),(197,'Serbia y Montenegro',''),(198,'Seychelles',''),(199,'Sierra Leona',''),(200,'Singapur',''),(201,'Siria',''),(202,'Somalia',''),(203,'Sri Lanka',''),(204,'Suazilandia',''),(205,'Sudáfrica',''),(206,'Sudán',''),(207,'Suecia',''),(208,'Suiza',''),(209,'Surinam',''),(210,'Svalbard y Jan Mayen',''),(211,'Tailandia',''),(212,'Taiwán',''),(213,'Tanzania',''),(214,'Tayikistán',''),(215,'Territorio Británico del Océano Índico',''),(216,'Territorios Australes Franceses',''),(217,'Timor Oriental',''),(218,'Togo',''),(219,'Tokelau',''),(220,'Tonga',''),(221,'Trinidad y Tobago',''),(222,'Túnez',''),(223,'Islas Turcas y Caicos',''),(224,'Turkmenistán',''),(225,'Turquía',''),(226,'Tuvalu',''),(227,'Ucrania',''),(228,'Uganda',''),(229,'Uruguay',''),(230,'Uzbekistán',''),(231,'Vanuatu',''),(232,'Venezuela',''),(233,'Vietnam',''),(234,'Islas Vírgenes Británicas',''),(235,'Islas Vírgenes de los Estados Unidos',''),(236,'Wallis y Futuna',''),(237,'Yemen',''),(238,'Yibuti',''),(239,'Zambia',''),(240,'Zimbabue','');
/*!40000 ALTER TABLE `pais` ENABLE KEYS */;
UNLOCK TABLES;

--
-- Table structure for table `permisos`
--

DROP TABLE IF EXISTS `permisos`;
/*!40101 SET @saved_cs_client     = @@character_set_client */;
/*!40101 SET character_set_client = utf8 */;
CREATE TABLE `permisos` (
  `ipPersona` int(30) NOT NULL,
  `permisoFechaSolicitud` date NOT NULL,
  `tipoPermiso` int(30) NOT NULL,
  `permisoFechaInicio` date NOT NULL,
  `permisoFechafin` date NOT NULL,
  `tipoPersona` int(30) NOT NULL,
  `permisosMotivo` varchar(250) DEFAULT NULL,
  `permisosEstado` enum('0','1','2','3') NOT NULL DEFAULT '0',
  `permisosSolicitante` int(30) NOT NULL,
  `permisosComentario` varchar(250) DEFAULT NULL,
  PRIMARY KEY (`ipPersona`,`permisoFechaSolicitud`,`tipoPermiso`,`permisoFechaInicio`),
  KEY `fk_permisos_2_idx` (`ipPersona`),
  KEY `fk_permisos_1_idx` (`tipoPersona`),
  KEY `fk_permisos_3_idx` (`permisosSolicitante`),
  KEY `fk_permisos_4_idx` (`tipoPermiso`),
  CONSTRAINT `fk_permisos_1` FOREIGN KEY (`ipPersona`) REFERENCES `persona` (`idpersona`) ON UPDATE CASCADE,
  CONSTRAINT `fk_permisos_2` FOREIGN KEY (`tipoPersona`) REFERENCES `tipoPersona` (`idtipoPersona`) ON DELETE CASCADE ON UPDATE CASCADE,
  CONSTRAINT `fk_permisos_3` FOREIGN KEY (`permisosSolicitante`) REFERENCES `persona` (`idpersona`) ON UPDATE CASCADE,
  CONSTRAINT `fk_permisos_4` FOREIGN KEY (`tipoPermiso`) REFERENCES `tipoPermiso` (`idtipoPermiso`) ON DELETE NO ACTION ON UPDATE NO ACTION
) ENGINE=InnoDB DEFAULT CHARSET=utf8;
/*!40101 SET character_set_client = @saved_cs_client */;

--
-- Dumping data for table `permisos`
--

LOCK TABLES `permisos` WRITE;
/*!40000 ALTER TABLE `permisos` DISABLE KEYS */;
REPLACE INTO `permisos` VALUES (16018,'2020-02-18',4,'2020-02-19','2020-02-19',8,'Cita medica','1',16018,'0¿¿¿¿¿¿ '),(16018,'2020-02-24',4,'2020-02-24','2020-02-24',8,'jjjjjjjjj','1',1045367073,'44444444-4¿¿joijoj jojioo¿¿iojojojo iojojo¿¿ '),(16018,'2020-02-26',4,'2020-02-26','2020-02-26',8,'oiglih','1',1045367084,'88687787-6¿¿kugkug kugkugk¿¿ kukugku kugkgu¿¿ '),(16018,'2020-03-02',4,'2020-03-02','2020-03-02',8,'544545454 5555','0',16018,'0¿¿¿¿¿¿ '),(1045367080,'2020-03-02',1,'2020-03-02','2020-03-02',6,NULL,'0',1045367080,'0¿¿1¿¿¿¿'),(1045367084,'2020-02-03',3,'2020-02-03','2020-02-03',4,NULL,'3',1045367084,'0¿¿1¿¿¿¿4'),(1045367085,'2020-02-03',1,'2020-02-03','2020-02-03',4,NULL,'1',1045367085,'1¿¿0¿¿¿¿'),(1045367086,'2020-02-26',1,'2020-02-26','2020-02-27',4,NULL,'2',1045367086,'1¿¿1¿¿¿¿hhikhk');
/*!40000 ALTER TABLE `permisos` ENABLE KEYS */;
UNLOCK TABLES;

--
-- Table structure for table `persona`
--

DROP TABLE IF EXISTS `persona`;
/*!40101 SET @saved_cs_client     = @@character_set_client */;
/*!40101 SET character_set_client = utf8 */;
CREATE TABLE `persona` (
  `idpersona` int(30) NOT NULL,
  `PersonaNombre` varchar(45) NOT NULL,
  `personaApellido` varchar(45) NOT NULL,
  `personaNacimiento` date DEFAULT NULL,
  `personaDireccion` varchar(250) DEFAULT NULL,
  `personaTelefono` varchar(9) DEFAULT NULL,
  `personaCodigoResidencia` int(4) DEFAULT NULL,
  `personaZonaVivienda` int(1) DEFAULT NULL,
  `personaLugarNac` varchar(100) DEFAULT NULL,
  `personaContrasenya` varchar(60) DEFAULT NULL,
  `personaOCupacion` varchar(50) DEFAULT NULL,
  `tipoPersona` int(30) DEFAULT NULL,
  `personaActivo` bit(1) NOT NULL DEFAULT b'0',
  `personaNit` varchar(20) DEFAULT NULL,
  `personaSexo` bit(1) DEFAULT b'0',
  `personaEstadoFamiliar` int(1) DEFAULT NULL,
  `personaNacionalidad` varchar(45) DEFAULT NULL,
  `personaEmail` varchar(45) DEFAULT NULL,
  `personaDiscapacidades` varchar(250) DEFAULT NULL,
  `personaComentarios` varchar(250) DEFAULT NULL COMMENT 'Detalle de la información relevante de todo el recurso humano de la institución.',
  PRIMARY KEY (`idpersona`),
  KEY `fk_persona_1_idx` (`tipoPersona`),
  CONSTRAINT `fk_persona_1` FOREIGN KEY (`tipoPersona`) REFERENCES `tipoPersona` (`idtipoPersona`) ON UPDATE CASCADE
) ENGINE=InnoDB DEFAULT CHARSET=utf8;
/*!40101 SET character_set_client = @saved_cs_client */;

--
-- Dumping data for table `persona`
--

LOCK TABLES `persona` WRITE;
/*!40000 ALTER TABLE `persona` DISABLE KEYS */;
REPLACE INTO `persona` VALUES (16018,'Francisco Antonio','Pereira Cruz','1999-02-13','gggggggggh','',0,1,'01#01','8d2a5f7d4afa5d0530789d3066945330','',8,'','','\0',0,'Salvadoreña','','',''),(16019,'Rigoberto Alexander','Cárcamo Murga','1998-08-13','santa ana texistepeque','',0,2,'02#13','5218f316b3f85b751c613a06aa18010d','',8,'','','\0',0,'Salvadoreña','','',''),(16020,'Andrea Johana','Pleitez Alcántara','2000-09-23','santa ana metapán','',0,0,'02#07','ac2a728f9f17b5d860b6dabd80a5162f','Estudiante',8,'','','',0,'Salvadoreña','','',''),(16021,'ANA','GONZALEZ','1992-01-15','texis','7776-7767',0,1,'05#05','b075703bbe07a50ddcccfaac424bb6d9','',8,'','1246-545645-456-4','',0,'Salvadoreña','gasd','NO',''),(16023,'Adrés Flavio','Morales Vargas','2005-02-24','sjablisda diaud flasid ail vilsv lsdi lsidfuv lsdvf il dfdlsisdli fvsdlibvskjcñ uvñf avñ','',0,1,'01#01','3ba9af181751761d3b387f74ded2d783','',8,'','','\0',0,'Salvadoreña','','',''),(16024,'aaaaa bbbbb','cccccc ddddd','1987-02-18','k{','',0,1,'01#01','3bd8fdb090f1f5eb66a00c84dbc5ad51','',8,'','','\0',NULL,'Extrangera','','',''),(16025,'oopopop poopopopooo','oiioioooi iiiiiiioioioii','2020-02-27','kj,hjkgkjgkg','',0,1,'01#01','5eed6c6e569d984796ebca9c1169451e','',8,'','','\0',0,'Salvadoreña','','',''),(16026,'jhkhjklhjlk jklhkjhlkj','lkjhkjhlkjhk kjlhkjhlkh','2020-02-05','cvbbvnc n d f fdg nfgn fgdn dfgn ','',0,1,'01#05','a70dab11c90d06b809d0be230731762a','',8,'','','\0',0,'Salvadoreña','','',''),(16027,'sdffffff gfdsgsdf','sdfghsd sdghfshdf','2020-02-05','dsgffgdsg','',0,1,'01#03','30f48cd3c7e73511070b95ee0a884c23','',8,'','','\0',0,'Salvadoreña','','',''),(16030,'bla nla','mla gla','2006-02-22','Cas. LA Y Griega, Cantón Chilcuyo, Texistepeque, Santa Ana','5037-0337',0,1,'02#02','3a24b25a7b092a252166a1641ae953e7','',8,'','','\0',0,'Salvadoreña','guillermox020@gmail.com','',''),(1000000000,'Kajiahguoga ugia gi','jjjsihgsiyugiyh','2020-02-18',',jlglglhljhlhlh lhjkhjkjgk  kg kgk','9869-6989',0,0,'01#01','4c93008615c2d041e33ebac605d14b5b','ñhñhñññhñkhñhhññhkhh',15,'','0000-000000-000-0','\0',0,'Salvadoreña','ohgoh ohohlkhon','',''),(1000000001,'jkjpjk{jkj{ñl {jp{jijp{ij','hdjdd jtyjdydy','2020-02-19','titititit ti tor   ddr u dujdj','',0,0,'01#02','977bc7f02200d98ad3ba9b1c94acc8df','',9,'','','\0',1,'Salvadoreña','','',''),(1000000002,'656464564646 65465456','6456465 4564656',NULL,'','5646-5464',0,0,' # ','','',11,'\0',NULL,'',0,'Salvadoreña',NULL,'',''),(1045367072,'Ana Lidia','Cárcamo Flores','1975-07-15','texistepeque santa ana','6666-6666',0,1,'02#13','7845e7b45be70d2391a2b16c2ffb68e3','',9,'','','',1,'Salvadoreña','','',''),(1045367073,'Guillermo Aldolfo','Delsas Murcia','1991-01-17','texistepeque Santa ana','7033-7878',0,0,'02#13','02951a6cb9595ef475fed783e59c687e','Ingeniero de Sistemas Informáticos',1,'','0213-170191-102-9','\0',0,'Salvadoreña','guillermox020@gmail.com',NULL,NULL),(1045367074,'Adán Rigoberto','Flores Colsí',NULL,'','4555-5555',0,0,' # ','630abdfb00098f16ba48450363d8d64d','',11,'\0',NULL,'',0,'Salvadoreña',NULL,'',''),(1045367075,'Pablo José','Martínez Córdova','1985-11-22','santa ana texistepeque','9999-9999',0,0,'02#13','13f93ad73a8401c8735cc30fd70c7698','',9,'','','\0',0,'Salvadoreña','','',''),(1045367076,'Juan Sigfredo','Arriola Sagastume',NULL,'','6444-4444',0,0,' # ','ea519761c0e00b5ae877cbfce9ce697a','',11,'\0',NULL,'',0,'Salvadoreña',NULL,'',''),(1045367077,'Venancia María','Rosales Mata',NULL,'','7856-4666',0,0,' # ','2161b146f79c6a1b733b60a8e0ef7175','',10,'\0',NULL,'',0,'Salvadoreña',NULL,'',''),(1045367078,'ALGO','KJL','2020-01-09','AASDF','7676-7676',0,0,'06#03','b5f3b2cc02b99130ed22362b7af8f69f','',9,'','7989-898987-987-9','\0',1,'Salvadoreña','ADSFADS','',''),(1045367080,'María Carmen','Peña Cárcamo','1990-06-20','santa ana santa ana santa ana','9999-9999',0,1,'02#10','6e80cf219e79bc8a8d83ce9a5b757f64','Licenciada en administración de Empresas',6,'','9999-999999-999-9','',0,'Salvadoreña','99999999999@gmail.com','',''),(1045367081,'Hugo Daniel','Flores Diaz','1989-08-12','ahuachapan ahuachapan','8888-8888',0,1,'01#01','ad9f88eb26394a8ad9f46975cf79a133','Abogado',5,'','8888-888888-888-8','\0',0,'Salvadoreña','888888888@gmail.com','',''),(1045367082,'José Antonio','Murcia Pérez','1979-07-15','sonsonate sonsonate','7777-7777',0,1,'03#01','5f04b909d4b1bca2e6e57dbbf7208c51','profesor',7,'','7777-777777-777-7','\0',1,'Salvadoreña','77777777@gmail.com','',''),(1045367083,'Laura María','López Suñiga','1960-04-15','santa ana el porvenir','5555-5555',0,1,'02#05','a6ba5f99ff9616298b2212c76ea111dc','profesora',2,'','6666-666666-666-6','',1,'Salvadoreña','555555555@gmail.com','',''),(1045367084,'María Pilar','Dolores ALvarado','1956-01-13','santa ana texistepeque','4444-4444',213,1,'02#13','0c979466ac54e4b96f3f5c832e126941','profesora en matemáticas',4,'','4444-444444-444-4','',1,'Salvadoreña','444444444@gmail.com','',''),(1045367085,'Francisco Javier','Magaña Arriola','1988-05-25','santa ana coatepeque','3333-3333',206,0,'02#03','ff0c210fd0f86b21bc0497faef184c7b','profesor',4,'','3333-333333-333-3','\0',0,'Salvadoreña','333333333@gmail.com','',''),(1045367086,'Juan Manuel','Bartanes Pilar','1990-11-15','cuscatlan monte san juan','2222-2222',780,1,'05#05','f59bc51b847690dce791fce5f7179e04','Administrador de empresas',4,'','2222-222222-222-2','\0',1,'Salvadoreña','222222222@gmail.com','',''),(1045367087,'María Dolores','Pineda Mata','1983-07-15','santa ana metapán','1111-1111',210,1,'02#07','ee17cb731e48303aafe44cfe78c25853','profesora',4,'','1111-111111-111-1','',1,'Salvadoreña','111111111@gmail.com','',''),(1045367088,'Laura Isabel','Pneda Rosell','1981-05-10','santa ana santa ana','0000-0000',0,1,'02#10','c95b8be4befbee1a550a06fd19ed251a','Psicóloga',14,'','0000-000000-000-0','',1,'Salvadoreña','00000000@gmail.com','',''),(1045367089,'Álvaro Mateo','Cienfuegos Altamirano','1970-12-12','santa ana Texistepeque','4444-4444',0,0,'02#13','d5367241b0f4893393b6bc984029e999','Jornalero',15,'','4444-444444-444-4','\0',1,'Salvadoreña','444444444@gmail.com','',''),(1045367090,'Pablo Alejandro','Martínez Santos','1960-03-01','sonsonate acajutla','9999-8888',0,0,'03#01','8912074c9b782911ff4f5585c747c132','Técnico en reparación de computadoras',12,'','9999-999888-888-8','\0',1,'Salvadoreña','999988888@gmail.com','',''),(1045367091,'María Ángela','Cruz Santos','1989-03-25','ojoiojojiojojoijojioj','7988-6356',0,0,'02#13','f0ee269fcf3f4b1f8883aab03e6a7919','',9,'','','\0',0,'Salvadoreña','','',''),(1045367991,'5554545454 545454','787787 78787878',NULL,'f','5037-0337',0,0,'01#04','d2166ae36ca9432941030008402dbdb9','d',13,'','0000-000000-000-0','\0',0,'Salvadoreña','guillermox020@gmail.com','',''),(1100000001,'pkpokpko oppopkpokp','popkpkpkpokop pokpkpkp','2020-02-28','dddddd','9999-9999',0,0,'01#02','d69d3401d01a8ceed4549434e5ad9f40','ssssss',16,'','0000-000000-000-0','\0',0,'Salvadoreña','464456464564646','',''),(1123456789,'lpo op ioipo','poi puoupou','1940-02-21','Cas. LA Y Griega, Cantón Chilcuyo, Texistepeque, Santa Ana','5037-0337',0,0,'01#01','25f9e794323b453885f5181f1b624d0b','',9,'','','\0',0,'Salvadoreña','guillermox020@gmail.com','',''),(1145367070,'777 78878','878787 8878787','2020-02-25','ssssssssss','6666-6666',0,1,'01#02','311afc0eb09ddb34506312ce11997dc5','sssss',3,'','9888-888888-888-8','\0',0,'Salvadoreña','sssssssssssssss','',''),(1636363636,'63636 6363636','3636363 36363663','2000-02-23','ppopj pjjpjpj pjpjpoj jpojpjpo jpjpjpj pjpjp jp jpj poj poj pj pj p pih  yfgu ','3333-3333',0,0,'01#01','91bf23f9a18ef47a59b89c5695cc41e6','',9,'','','\0',0,'Salvadoreña','','',''),(1878979878,'ASD','RRR',NULL,'','6565-6556',0,0,' # ','8f6f215a557810bac37011f69ba876bf','',10,'\0',NULL,'',0,'Salvadoreña',NULL,'',''),(1987654321,'madrt madre','madre kajksn',NULL,'','5037-0337',0,0,' # ','','',10,'\0',NULL,'',0,'Salvadoreña',NULL,'','');
/*!40000 ALTER TABLE `persona` ENABLE KEYS */;
UNLOCK TABLES;

--
-- Table structure for table `personasReserva`
--

DROP TABLE IF EXISTS `personasReserva`;
/*!40101 SET @saved_cs_client     = @@character_set_client */;
/*!40101 SET character_set_client = utf8 */;
CREATE TABLE `personasReserva` (
  `idReserva` int(30) NOT NULL,
  `idpersona` int(30) NOT NULL,
  `personasReservaComentario` varchar(145) DEFAULT NULL,
  PRIMARY KEY (`idReserva`,`idpersona`),
  KEY `fk_personasReserva_1_idx` (`idpersona`),
  CONSTRAINT `fk_personasReserva_1` FOREIGN KEY (`idpersona`) REFERENCES `persona` (`idpersona`) ON UPDATE CASCADE,
  CONSTRAINT `fk_personasReserva_2` FOREIGN KEY (`idReserva`) REFERENCES `reserva` (`idreserva`) ON UPDATE CASCADE
) ENGINE=InnoDB DEFAULT CHARSET=utf8;
/*!40101 SET character_set_client = @saved_cs_client */;

--
-- Dumping data for table `personasReserva`
--

LOCK TABLES `personasReserva` WRITE;
/*!40000 ALTER TABLE `personasReserva` DISABLE KEYS */;
REPLACE INTO `personasReserva` VALUES (1,1045367080,''),(2,16018,''),(3,16018,''),(4,1045367080,'');
/*!40000 ALTER TABLE `personasReserva` ENABLE KEYS */;
UNLOCK TABLES;

--
-- Table structure for table `proyectoPedagogico`
--

DROP TABLE IF EXISTS `proyectoPedagogico`;
/*!40101 SET @saved_cs_client     = @@character_set_client */;
/*!40101 SET character_set_client = utf8 */;
CREATE TABLE `proyectoPedagogico` (
  `idproyectoPedagogico` int(30) NOT NULL AUTO_INCREMENT,
  `nombreProyecto` varchar(100) NOT NULL,
  `beneficiarios` varchar(300) DEFAULT NULL,
  `duracion` varchar(30) DEFAULT NULL,
  `diagnostico` text,
  `objetivoGeneral` varchar(100) NOT NULL,
  `objetivoEspecifico` varchar(100) DEFAULT NULL,
  `justificacion` text,
  `metodologia` text NOT NULL,
  `actividades` text NOT NULL,
  `recursoHumano` varchar(300) DEFAULT NULL,
  `recursoMaterial` varchar(300) DEFAULT NULL,
  `recursoFinanciero` varchar(300) DEFAULT NULL,
  `seguimiento` text,
  `productoEsperado` text,
  `proyectoPedagogicoComentario` varchar(300) DEFAULT NULL,
  PRIMARY KEY (`idproyectoPedagogico`)
) ENGINE=InnoDB DEFAULT CHARSET=utf8;
/*!40101 SET character_set_client = @saved_cs_client */;

--
-- Dumping data for table `proyectoPedagogico`
--

LOCK TABLES `proyectoPedagogico` WRITE;
/*!40000 ALTER TABLE `proyectoPedagogico` DISABLE KEYS */;
/*!40000 ALTER TABLE `proyectoPedagogico` ENABLE KEYS */;
UNLOCK TABLES;

--
-- Table structure for table `recurso`
--

DROP TABLE IF EXISTS `recurso`;
/*!40101 SET @saved_cs_client     = @@character_set_client */;
/*!40101 SET character_set_client = utf8 */;
CREATE TABLE `recurso` (
  `idrecurso` int(30) NOT NULL,
  `nombre` varchar(100) NOT NULL,
  `categoria` int(30) DEFAULT NULL,
  `idTipoRecurso` int(30) NOT NULL,
  `tipoCargo` int(30) NOT NULL,
  `pais` int(30) DEFAULT NULL,
  `activo` bit(1) DEFAULT NULL,
  `valorUnitario` float DEFAULT NULL,
  `estadoFisico` enum('R','B') NOT NULL,
  `tipoValor` enum('REAL','ESTIMADO') NOT NULL,
  `modelo` varchar(45) DEFAULT NULL,
  `recursoComentarios` varchar(140) DEFAULT NULL,
  PRIMARY KEY (`idrecurso`),
  KEY `fk_recurso_1_idx` (`idTipoRecurso`),
  KEY `fk_recurso_3_idx` (`pais`),
  KEY `fk_recurso_4_idx` (`categoria`),
  KEY `fk_recurso_2_idx` (`tipoCargo`),
  CONSTRAINT `fk_recurso_1` FOREIGN KEY (`idTipoRecurso`) REFERENCES `tipoRecurso` (`idtipoRecurso`) ON UPDATE CASCADE,
  CONSTRAINT `fk_recurso_2` FOREIGN KEY (`tipoCargo`) REFERENCES `tipoCargo` (`idtipoCargo`) ON UPDATE CASCADE,
  CONSTRAINT `fk_recurso_3` FOREIGN KEY (`pais`) REFERENCES `pais` (`idpais`) ON UPDATE CASCADE,
  CONSTRAINT `fk_recurso_4` FOREIGN KEY (`categoria`) REFERENCES `categoria` (`idcategoria`) ON UPDATE CASCADE
) ENGINE=InnoDB DEFAULT CHARSET=utf8;
/*!40101 SET character_set_client = @saved_cs_client */;

--
-- Dumping data for table `recurso`
--

LOCK TABLES `recurso` WRITE;
/*!40000 ALTER TABLE `recurso` DISABLE KEYS */;
REPLACE INTO `recurso` VALUES (1,'10 pasos para una mejor calidad de vida',100,3,1,68,'',10,'B','REAL','1',NULL),(2,'Cañon multimedia',NULL,1,1,NULL,'',325,'B','ESTIMADO','',NULL),(6,'Microscopio',NULL,2,3,NULL,'',356,'B','ESTIMADO','',NULL),(98,'No me agarran viva',900,3,1,68,'',3,'B','REAL','10',NULL),(766,'HOLALIBRO',0,3,1,2,'\0',67.8,'B','REAL','1234',NULL),(1140,'Luciernagas en El Mozote',800,3,1,68,'',12.85,'B','REAL','11',NULL),(1890,'El Arte de amargarse la vida',100,3,1,68,'',20.9,'B','REAL','1',NULL),(7663,'El libro de la selva',700,3,3,73,'',19.99,'B','REAL','2',NULL),(1990084,'Gabinete',NULL,1,3,NULL,'\0',150,'B','ESTIMADO','',NULL);
/*!40000 ALTER TABLE `recurso` ENABLE KEYS */;
UNLOCK TABLES;

--
-- Table structure for table `reserva`
--

DROP TABLE IF EXISTS `reserva`;
/*!40101 SET @saved_cs_client     = @@character_set_client */;
/*!40101 SET character_set_client = utf8 */;
CREATE TABLE `reserva` (
  `idreserva` int(30) NOT NULL AUTO_INCREMENT,
  `reservaFecha` datetime NOT NULL,
  `reservaEntrega` datetime NOT NULL,
  `reservaDevolucion` datetime NOT NULL,
  `tipoRecurso` int(30) NOT NULL,
  `tipoReserva` int(30) NOT NULL,
  `TipoProyecto` int(30) DEFAULT NULL,
  `reservaEstado` enum('S','E','D','R','C','A') NOT NULL,
  `reservaDevuelto` datetime DEFAULT NULL,
  `docente` int(30) DEFAULT NULL,
  `maeria` int(30) DEFAULT NULL,
  `tema` varchar(45) DEFAULT NULL,
  `objetivoTema` varchar(300) DEFAULT NULL,
  `observacionEntrega` varchar(250) DEFAULT NULL,
  `observacionDevolucion` varchar(250) DEFAULT NULL,
  `entregante` int(30) DEFAULT NULL,
  `recibe` int(30) DEFAULT NULL,
  `reservaComentario` varchar(300) DEFAULT NULL,
  PRIMARY KEY (`idreserva`),
  KEY `fk_reserva_1_idx` (`tipoReserva`),
  KEY `fk_reserva_2_idx` (`docente`),
  KEY `fk_reserva_3_idx` (`maeria`),
  KEY `fk_reserva_4_idx` (`TipoProyecto`),
  KEY `fk_reserva_5_idx` (`entregante`),
  KEY `fk_reserva_6_idx` (`recibe`),
  KEY `fk_reserva_7_idx` (`tipoRecurso`),
  CONSTRAINT `fk_reserva_1` FOREIGN KEY (`tipoReserva`) REFERENCES `tipoReserva` (`idtipoReserva`) ON UPDATE CASCADE,
  CONSTRAINT `fk_reserva_2` FOREIGN KEY (`docente`) REFERENCES `maestro` (`idmaestro`) ON UPDATE CASCADE,
  CONSTRAINT `fk_reserva_3` FOREIGN KEY (`maeria`) REFERENCES `materia` (`idmateria`) ON UPDATE CASCADE,
  CONSTRAINT `fk_reserva_4` FOREIGN KEY (`TipoProyecto`) REFERENCES `tipoProyecto` (`idtipoProyecto`) ON UPDATE CASCADE,
  CONSTRAINT `fk_reserva_5` FOREIGN KEY (`entregante`) REFERENCES `persona` (`idpersona`) ON DELETE NO ACTION ON UPDATE CASCADE,
  CONSTRAINT `fk_reserva_6` FOREIGN KEY (`recibe`) REFERENCES `persona` (`idpersona`) ON DELETE NO ACTION ON UPDATE CASCADE,
  CONSTRAINT `fk_reserva_7` FOREIGN KEY (`tipoRecurso`) REFERENCES `tipoRecurso` (`idtipoRecurso`) ON UPDATE CASCADE
) ENGINE=InnoDB AUTO_INCREMENT=5 DEFAULT CHARSET=utf8;
/*!40101 SET character_set_client = @saved_cs_client */;

--
-- Dumping data for table `reserva`
--

LOCK TABLES `reserva` WRITE;
/*!40000 ALTER TABLE `reserva` DISABLE KEYS */;
REPLACE INTO `reserva` VALUES (1,'2020-02-18 11:01:06','2020-02-18 13:03:00','2020-02-18 15:45:00',1,1,3,'D',NULL,NULL,NULL,'Película de obra La Odisea','Contextualizar la obra','El equipo esta en optimas condiciones','Recibido',1045367080,1045367080,'María Peña¿¿1¿¿0¿¿¿¿0'),(2,'2020-02-18 11:05:56','2020-02-18 11:07:00','2020-02-18 12:06:00',1,1,2,'R',NULL,NULL,NULL,'sdfsfddfs','sfdsfdsfsdf',NULL,NULL,NULL,NULL,'Francisco Regalado¿¿2¿¿0¿¿No hay equipo disponible¿¿0'),(3,'2020-02-18 11:09:54','2020-02-18 11:11:00','2020-02-18 11:19:00',1,1,2,'C',NULL,NULL,NULL,'sdf','sdfdgdthfhg',NULL,NULL,NULL,NULL,'Francisco Regalado¿¿2¿¿0¿¿ya no XD¿¿0'),(4,'2020-02-18 11:14:38','2020-02-18 13:15:00','2020-02-18 15:00:00',3,1,NULL,'S',NULL,NULL,NULL,'','',NULL,NULL,NULL,NULL,'María Peña¿¿4¿¿0¿¿¿¿0');
/*!40000 ALTER TABLE `reserva` ENABLE KEYS */;
UNLOCK TABLES;

--
-- Table structure for table `reservaDetalle`
--

DROP TABLE IF EXISTS `reservaDetalle`;
/*!40101 SET @saved_cs_client     = @@character_set_client */;
/*!40101 SET character_set_client = utf8 */;
CREATE TABLE `reservaDetalle` (
  `idRecurso` int(30) NOT NULL,
  `ejemplarCorrelativo` int(30) NOT NULL,
  `reservaDetalleComentario` varchar(145) DEFAULT NULL,
  `idReserva` int(30) NOT NULL,
  PRIMARY KEY (`idRecurso`,`ejemplarCorrelativo`,`idReserva`),
  KEY `fk_reservaDetalle_2_idx` (`idRecurso`,`ejemplarCorrelativo`),
  KEY `fk_reservaDetalle_1_idx` (`idReserva`),
  CONSTRAINT `fk_reservaDetalle_1` FOREIGN KEY (`idReserva`) REFERENCES `reserva` (`idreserva`) ON UPDATE CASCADE,
  CONSTRAINT `fk_reservaDetalle_2` FOREIGN KEY (`idRecurso`, `ejemplarCorrelativo`) REFERENCES `ejemplar` (`idRecurso`, `ejemplarCorrelativo`) ON DELETE NO ACTION ON UPDATE NO ACTION
) ENGINE=InnoDB DEFAULT CHARSET=utf8;
/*!40101 SET character_set_client = @saved_cs_client */;

--
-- Dumping data for table `reservaDetalle`
--

LOCK TABLES `reservaDetalle` WRITE;
/*!40000 ALTER TABLE `reservaDetalle` DISABLE KEYS */;
REPLACE INTO `reservaDetalle` VALUES (2,2568,'',1);
/*!40000 ALTER TABLE `reservaDetalle` ENABLE KEYS */;
UNLOCK TABLES;

--
-- Table structure for table `reservaXpedagogia`
--

DROP TABLE IF EXISTS `reservaXpedagogia`;
/*!40101 SET @saved_cs_client     = @@character_set_client */;
/*!40101 SET character_set_client = utf8 */;
CREATE TABLE `reservaXpedagogia` (
  `idProyectoPedagogico` int(30) NOT NULL,
  `idReserva` int(30) NOT NULL,
  `reservaXpedagogiaComentario` varchar(145) DEFAULT NULL,
  PRIMARY KEY (`idProyectoPedagogico`,`idReserva`),
  KEY `fk_reservaXpedagogia_2_idx` (`idReserva`),
  CONSTRAINT `fk_reservaXpedagogia_1` FOREIGN KEY (`idProyectoPedagogico`) REFERENCES `proyectoPedagogico` (`idproyectoPedagogico`) ON UPDATE CASCADE,
  CONSTRAINT `fk_reservaXpedagogia_2` FOREIGN KEY (`idReserva`) REFERENCES `reserva` (`idreserva`) ON UPDATE CASCADE
) ENGINE=InnoDB DEFAULT CHARSET=utf8;
/*!40101 SET character_set_client = @saved_cs_client */;

--
-- Dumping data for table `reservaXpedagogia`
--

LOCK TABLES `reservaXpedagogia` WRITE;
/*!40000 ALTER TABLE `reservaXpedagogia` DISABLE KEYS */;
REPLACE INTO `reservaXpedagogia` VALUES (1,6,''),(1,7,'');
/*!40000 ALTER TABLE `reservaXpedagogia` ENABLE KEYS */;
UNLOCK TABLES;

--
-- Table structure for table `solicitudReserva`
--

DROP TABLE IF EXISTS `solicitudReserva`;
/*!40101 SET @saved_cs_client     = @@character_set_client */;
/*!40101 SET character_set_client = utf8 */;
CREATE TABLE `solicitudReserva` (
  `idRecurso` int(30) NOT NULL,
  `idReserva` int(30) NOT NULL,
  `solicitudReservaComentario` varchar(145) DEFAULT NULL,
  PRIMARY KEY (`idRecurso`,`idReserva`),
  KEY `fk_solicitudReserva_2_idx` (`idRecurso`),
  KEY `fk_solicitudReserva_1_idx` (`idReserva`),
  CONSTRAINT `fk_solicitudReserva_1` FOREIGN KEY (`idReserva`) REFERENCES `reserva` (`idreserva`) ON UPDATE CASCADE,
  CONSTRAINT `fk_solicitudReserva_2` FOREIGN KEY (`idRecurso`) REFERENCES `recurso` (`idrecurso`) ON UPDATE CASCADE
) ENGINE=InnoDB DEFAULT CHARSET=utf8;
/*!40101 SET character_set_client = @saved_cs_client */;

--
-- Dumping data for table `solicitudReserva`
--

LOCK TABLES `solicitudReserva` WRITE;
/*!40000 ALTER TABLE `solicitudReserva` DISABLE KEYS */;
REPLACE INTO `solicitudReserva` VALUES (2,1,'1'),(2,2,'1'),(2,3,'1'),(98,4,'1');
/*!40000 ALTER TABLE `solicitudReserva` ENABLE KEYS */;
UNLOCK TABLES;

--
-- Table structure for table `tema`
--

DROP TABLE IF EXISTS `tema`;
/*!40101 SET @saved_cs_client     = @@character_set_client */;
/*!40101 SET character_set_client = utf8 */;
CREATE TABLE `tema` (
  `idPersona` int(30) NOT NULL,
  `temaNombre` varchar(140) NOT NULL,
  `temaComentario` varchar(145) DEFAULT NULL,
  PRIMARY KEY (`idPersona`),
  CONSTRAINT `fk_tema_1` FOREIGN KEY (`idPersona`) REFERENCES `persona` (`idpersona`) ON DELETE CASCADE ON UPDATE CASCADE
) ENGINE=InnoDB DEFAULT CHARSET=utf8;
/*!40101 SET character_set_client = @saved_cs_client */;

--
-- Dumping data for table `tema`
--

LOCK TABLES `tema` WRITE;
/*!40000 ALTER TABLE `tema` DISABLE KEYS */;
REPLACE INTO `tema` VALUES (1045367073,'luna-pink',''),(1045367086,'hot-sneaks','');
/*!40000 ALTER TABLE `tema` ENABLE KEYS */;
UNLOCK TABLES;

--
-- Table structure for table `tipoCargo`
--

DROP TABLE IF EXISTS `tipoCargo`;
/*!40101 SET @saved_cs_client     = @@character_set_client */;
/*!40101 SET character_set_client = utf8 */;
CREATE TABLE `tipoCargo` (
  `idtipoCargo` int(30) NOT NULL AUTO_INCREMENT,
  `nombre` varchar(100) NOT NULL,
  `tipoCargoComentario` varchar(145) DEFAULT NULL,
  PRIMARY KEY (`idtipoCargo`),
  UNIQUE KEY `idtipoCargo_UNIQUE` (`idtipoCargo`)
) ENGINE=InnoDB AUTO_INCREMENT=4 DEFAULT CHARSET=utf8;
/*!40101 SET character_set_client = @saved_cs_client */;

--
-- Dumping data for table `tipoCargo`
--

LOCK TABLES `tipoCargo` WRITE;
/*!40000 ALTER TABLE `tipoCargo` DISABLE KEYS */;
REPLACE INTO `tipoCargo` VALUES (1,'Fondos Propios',NULL),(2,'Actividades de la institución',NULL),(3,'Donación',NULL);
/*!40000 ALTER TABLE `tipoCargo` ENABLE KEYS */;
UNLOCK TABLES;

--
-- Table structure for table `tipoEspecialidades`
--

DROP TABLE IF EXISTS `tipoEspecialidades`;
/*!40101 SET @saved_cs_client     = @@character_set_client */;
/*!40101 SET character_set_client = utf8 */;
CREATE TABLE `tipoEspecialidades` (
  `idtipoEspecialidades` int(30) NOT NULL AUTO_INCREMENT,
  `tipoEspecialidadesNombre` varchar(70) NOT NULL,
  `tipoEspecialidadesComentario` varchar(145) DEFAULT '',
  PRIMARY KEY (`idtipoEspecialidades`)
) ENGINE=InnoDB AUTO_INCREMENT=10 DEFAULT CHARSET=utf8;
/*!40101 SET character_set_client = @saved_cs_client */;

--
-- Dumping data for table `tipoEspecialidades`
--

LOCK TABLES `tipoEspecialidades` WRITE;
/*!40000 ALTER TABLE `tipoEspecialidades` DISABLE KEYS */;
REPLACE INTO `tipoEspecialidades` VALUES (1,'Matemáticas',''),(2,'Ciencias Naturales',''),(3,'Educación Física',''),(4,'Ciencias de la Educación',''),(5,'Lenguaje',''),(6,'Ciencias Sociales',''),(7,'Administración y Ciencias Comerciales',''),(8,'Inglés',''),(9,'Informática','');
/*!40000 ALTER TABLE `tipoEspecialidades` ENABLE KEYS */;
UNLOCK TABLES;

--
-- Table structure for table `tipoMateria`
--

DROP TABLE IF EXISTS `tipoMateria`;
/*!40101 SET @saved_cs_client     = @@character_set_client */;
/*!40101 SET character_set_client = utf8 */;
CREATE TABLE `tipoMateria` (
  `idtipoMateria` int(30) NOT NULL AUTO_INCREMENT,
  `tipoMateriaNombre` varchar(50) NOT NULL COMMENT 'Listado de los tipos de materias que se imparten en la institución.',
  `tipoMateriaComentario` varchar(145) DEFAULT NULL,
  PRIMARY KEY (`idtipoMateria`)
) ENGINE=InnoDB AUTO_INCREMENT=5 DEFAULT CHARSET=utf8;
/*!40101 SET character_set_client = @saved_cs_client */;

--
-- Dumping data for table `tipoMateria`
--

LOCK TABLES `tipoMateria` WRITE;
/*!40000 ALTER TABLE `tipoMateria` DISABLE KEYS */;
REPLACE INTO `tipoMateria` VALUES (1,'Área Básica',NULL),(2,'Área Aplicada',NULL),(3,'Área Técnica',NULL),(4,'Modalidad y Opciones',NULL);
/*!40000 ALTER TABLE `tipoMateria` ENABLE KEYS */;
UNLOCK TABLES;

--
-- Table structure for table `tipoNombramiento`
--

DROP TABLE IF EXISTS `tipoNombramiento`;
/*!40101 SET @saved_cs_client     = @@character_set_client */;
/*!40101 SET character_set_client = utf8 */;
CREATE TABLE `tipoNombramiento` (
  `idtipoNombramiento` int(30) NOT NULL AUTO_INCREMENT,
  `tipoNombramientoNombre` varchar(60) NOT NULL COMMENT 'Listado de las formas en las que se uede nombrar el cargo de un docente dentro de la institución.',
  `tipoNombramientoCoemntario` varchar(145) DEFAULT NULL,
  PRIMARY KEY (`idtipoNombramiento`)
) ENGINE=InnoDB AUTO_INCREMENT=4 DEFAULT CHARSET=utf8;
/*!40101 SET character_set_client = @saved_cs_client */;

--
-- Dumping data for table `tipoNombramiento`
--

LOCK TABLES `tipoNombramiento` WRITE;
/*!40000 ALTER TABLE `tipoNombramiento` DISABLE KEYS */;
REPLACE INTO `tipoNombramiento` VALUES (1,'Propietario',NULL),(2,'Interino',NULL),(3,'Suplente',NULL);
/*!40000 ALTER TABLE `tipoNombramiento` ENABLE KEYS */;
UNLOCK TABLES;

--
-- Table structure for table `tipoPermiso`
--

DROP TABLE IF EXISTS `tipoPermiso`;
/*!40101 SET @saved_cs_client     = @@character_set_client */;
/*!40101 SET character_set_client = utf8 */;
CREATE TABLE `tipoPermiso` (
  `idtipoPermiso` int(30) NOT NULL AUTO_INCREMENT,
  `tipoPermisoNombre` varchar(45) NOT NULL,
  `tipoPermisoDiasMes` int(2) NOT NULL,
  `tipoPermisoComentarios` varchar(250) DEFAULT NULL,
  PRIMARY KEY (`idtipoPermiso`)
) ENGINE=InnoDB AUTO_INCREMENT=8 DEFAULT CHARSET=utf8;
/*!40101 SET character_set_client = @saved_cs_client */;

--
-- Dumping data for table `tipoPermiso`
--

LOCK TABLES `tipoPermiso` WRITE;
/*!40000 ALTER TABLE `tipoPermiso` DISABLE KEYS */;
REPLACE INTO `tipoPermiso` VALUES (1,'Enfermedad',8,NULL),(2,'Materindad',0,NULL),(3,'Paternidad',0,NULL),(4,'Faltar a clases',0,NULL),(5,'Salir temporalmente de la institución',0,NULL),(6,'Retirarse de la institución',0,NULL),(7,'No portar uniforme',5,NULL);
/*!40000 ALTER TABLE `tipoPermiso` ENABLE KEYS */;
UNLOCK TABLES;

--
-- Table structure for table `tipoPersona`
--

DROP TABLE IF EXISTS `tipoPersona`;
/*!40101 SET @saved_cs_client     = @@character_set_client */;
/*!40101 SET character_set_client = utf8 */;
CREATE TABLE `tipoPersona` (
  `idtipoPersona` int(30) NOT NULL AUTO_INCREMENT,
  `tipoPersonaNombre` varchar(45) NOT NULL,
  `tipoPersonaComentario` varchar(145) DEFAULT NULL,
  PRIMARY KEY (`idtipoPersona`)
) ENGINE=InnoDB AUTO_INCREMENT=18 DEFAULT CHARSET=utf8;
/*!40101 SET character_set_client = @saved_cs_client */;

--
-- Dumping data for table `tipoPersona`
--

LOCK TABLES `tipoPersona` WRITE;
/*!40000 ALTER TABLE `tipoPersona` DISABLE KEYS */;
REPLACE INTO `tipoPersona` VALUES (1,'Administrador','fa fa-diamond'),(2,'Director','pi pi-circle-on'),(3,'Subdirector','pi pi-circle-off'),(4,'Maestro','fa fa-street-view'),(5,'Bibliotecario','fa fa-forumbee'),(6,'Administrador CRA','fa fa-transgender-alt'),(7,'Laboratorista','fa fa-android'),(8,'Estudiante','fa fa-child'),(9,'Representante','fa fa-user-secret'),(10,'Madre de familia',''),(11,'Padre de familia',''),(12,'Colector','fa fa-cc-mastercard'),(13,'Secretaria','fa fa-database'),(14,'Psicologo',''),(15,'Ordenanza',''),(16,'Vigilante',''),(17,'Mantenimiento','');
/*!40000 ALTER TABLE `tipoPersona` ENABLE KEYS */;
UNLOCK TABLES;

--
-- Table structure for table `tipoProyecto`
--

DROP TABLE IF EXISTS `tipoProyecto`;
/*!40101 SET @saved_cs_client     = @@character_set_client */;
/*!40101 SET character_set_client = utf8 */;
CREATE TABLE `tipoProyecto` (
  `idtipoProyecto` int(30) NOT NULL AUTO_INCREMENT,
  `tipoProyectoNombre` varchar(45) NOT NULL,
  `tipoProyectoComentario` varchar(140) DEFAULT NULL,
  PRIMARY KEY (`idtipoProyecto`)
) ENGINE=InnoDB AUTO_INCREMENT=4 DEFAULT CHARSET=utf8;
/*!40101 SET character_set_client = @saved_cs_client */;

--
-- Dumping data for table `tipoProyecto`
--

LOCK TABLES `tipoProyecto` WRITE;
/*!40000 ALTER TABLE `tipoProyecto` DISABLE KEYS */;
REPLACE INTO `tipoProyecto` VALUES (1,'Proyecto Planificado',''),(2,'Exposición De Alumnos',''),(3,'Clase De Docente Con Tecnología','');
/*!40000 ALTER TABLE `tipoProyecto` ENABLE KEYS */;
UNLOCK TABLES;

--
-- Table structure for table `tipoRecurso`
--

DROP TABLE IF EXISTS `tipoRecurso`;
/*!40101 SET @saved_cs_client     = @@character_set_client */;
/*!40101 SET character_set_client = utf8 */;
CREATE TABLE `tipoRecurso` (
  `idtipoRecurso` int(30) NOT NULL AUTO_INCREMENT,
  `tipoRecursoNombre` varchar(50) NOT NULL,
  `tipoRecursoComentario` varchar(140) DEFAULT NULL,
  PRIMARY KEY (`idtipoRecurso`)
) ENGINE=InnoDB AUTO_INCREMENT=4 DEFAULT CHARSET=utf8;
/*!40101 SET character_set_client = @saved_cs_client */;

--
-- Dumping data for table `tipoRecurso`
--

LOCK TABLES `tipoRecurso` WRITE;
/*!40000 ALTER TABLE `tipoRecurso` DISABLE KEYS */;
REPLACE INTO `tipoRecurso` VALUES (1,'Tecnológico CRA',NULL),(2,'Laboratorio de Ciencias Naturales',NULL),(3,'Bibliográfico',NULL);
/*!40000 ALTER TABLE `tipoRecurso` ENABLE KEYS */;
UNLOCK TABLES;

--
-- Table structure for table `tipoReserva`
--

DROP TABLE IF EXISTS `tipoReserva`;
/*!40101 SET @saved_cs_client     = @@character_set_client */;
/*!40101 SET character_set_client = utf8 */;
CREATE TABLE `tipoReserva` (
  `idtipoReserva` int(30) NOT NULL AUTO_INCREMENT,
  `tipoReservaNombre` varchar(30) NOT NULL,
  `tipoReservaComentario` varchar(100) DEFAULT NULL,
  PRIMARY KEY (`idtipoReserva`)
) ENGINE=InnoDB AUTO_INCREMENT=5 DEFAULT CHARSET=utf8;
/*!40101 SET character_set_client = @saved_cs_client */;

--
-- Dumping data for table `tipoReserva`
--

LOCK TABLES `tipoReserva` WRITE;
/*!40000 ALTER TABLE `tipoReserva` DISABLE KEYS */;
REPLACE INTO `tipoReserva` VALUES (1,'Uso en sala',NULL),(2,'Uso dentro de la institución',NULL),(3,'Uso en aula',NULL),(4,'Uso fuera de la institución',NULL);
/*!40000 ALTER TABLE `tipoReserva` ENABLE KEYS */;
UNLOCK TABLES;

--
-- Table structure for table `tipoReservaRecurso`
--

DROP TABLE IF EXISTS `tipoReservaRecurso`;
/*!40101 SET @saved_cs_client     = @@character_set_client */;
/*!40101 SET character_set_client = utf8 */;
CREATE TABLE `tipoReservaRecurso` (
  `tipoReserva` int(30) NOT NULL,
  `tipoRecurso` int(30) NOT NULL,
  `tipoReservaRecursoComentario` varchar(145) DEFAULT NULL,
  PRIMARY KEY (`tipoReserva`,`tipoRecurso`),
  KEY `fk_tipoReservaRecurso_2_idx` (`tipoRecurso`),
  CONSTRAINT `fk_tipoReservaRecurso_1` FOREIGN KEY (`tipoReserva`) REFERENCES `tipoReserva` (`idtipoReserva`) ON UPDATE CASCADE,
  CONSTRAINT `fk_tipoReservaRecurso_2` FOREIGN KEY (`tipoRecurso`) REFERENCES `recurso` (`idrecurso`) ON UPDATE CASCADE
) ENGINE=InnoDB DEFAULT CHARSET=utf8;
/*!40101 SET character_set_client = @saved_cs_client */;

--
-- Dumping data for table `tipoReservaRecurso`
--

LOCK TABLES `tipoReservaRecurso` WRITE;
/*!40000 ALTER TABLE `tipoReservaRecurso` DISABLE KEYS */;
REPLACE INTO `tipoReservaRecurso` VALUES (1,1,''),(1,2,''),(1,6,''),(1,98,''),(1,766,''),(1,1140,''),(1,1890,''),(1,7663,''),(2,98,''),(2,766,''),(2,1140,''),(2,1890,''),(3,2,''),(3,98,''),(3,766,''),(3,1140,''),(3,1890,''),(3,1990084,''),(4,98,''),(4,766,''),(4,1140,''),(4,1890,'');
/*!40000 ALTER TABLE `tipoReservaRecurso` ENABLE KEYS */;
UNLOCK TABLES;

--
-- Table structure for table `tipoSueldos`
--

DROP TABLE IF EXISTS `tipoSueldos`;
/*!40101 SET @saved_cs_client     = @@character_set_client */;
/*!40101 SET character_set_client = utf8 */;
CREATE TABLE `tipoSueldos` (
  `idtipoSueldo` int(30) NOT NULL AUTO_INCREMENT,
  `tipoSueldoNombre` varchar(50) NOT NULL,
  `tipoSueldosComentario` varchar(145) DEFAULT NULL,
  PRIMARY KEY (`idtipoSueldo`)
) ENGINE=InnoDB AUTO_INCREMENT=5 DEFAULT CHARSET=utf8;
/*!40101 SET character_set_client = @saved_cs_client */;

--
-- Dumping data for table `tipoSueldos`
--

LOCK TABLES `tipoSueldos` WRITE;
/*!40000 ALTER TABLE `tipoSueldos` DISABLE KEYS */;
REPLACE INTO `tipoSueldos` VALUES (1,'Sueldo Base',''),(2,'Horas Clase',''),(3,'Ad Honorem',''),(4,'Sueldo Base + Vitalicio',NULL);
/*!40000 ALTER TABLE `tipoSueldos` ENABLE KEYS */;
UNLOCK TABLES;

--
-- Table structure for table `tipopersonaPermiso`
--

DROP TABLE IF EXISTS `tipopersonaPermiso`;
/*!40101 SET @saved_cs_client     = @@character_set_client */;
/*!40101 SET character_set_client = utf8 */;
CREATE TABLE `tipopersonaPermiso` (
  `idtipopersona` int(30) NOT NULL,
  `idtipoPermiso` int(30) NOT NULL,
  `tipopersonaPermisoComentario` varchar(45) DEFAULT NULL,
  PRIMARY KEY (`idtipopersona`,`idtipoPermiso`),
  KEY `fk_tipopersonaPermiso_2_idx` (`idtipoPermiso`),
  CONSTRAINT `fk_tipopersonaPermiso_1` FOREIGN KEY (`idtipopersona`) REFERENCES `tipoPersona` (`idtipoPersona`) ON DELETE CASCADE ON UPDATE CASCADE,
  CONSTRAINT `fk_tipopersonaPermiso_2` FOREIGN KEY (`idtipoPermiso`) REFERENCES `tipoPermiso` (`idtipoPermiso`) ON DELETE CASCADE ON UPDATE CASCADE
) ENGINE=InnoDB DEFAULT CHARSET=utf8;
/*!40101 SET character_set_client = @saved_cs_client */;

--
-- Dumping data for table `tipopersonaPermiso`
--

LOCK TABLES `tipopersonaPermiso` WRITE;
/*!40000 ALTER TABLE `tipopersonaPermiso` DISABLE KEYS */;
REPLACE INTO `tipopersonaPermiso` VALUES (3,1,''),(3,2,''),(3,3,''),(4,1,''),(4,2,''),(4,3,''),(5,1,''),(5,2,''),(5,3,''),(6,1,''),(6,2,''),(6,3,''),(7,1,''),(7,2,''),(7,3,''),(8,4,''),(8,5,''),(8,6,''),(8,7,''),(9,4,''),(9,5,''),(9,6,''),(9,7,''),(12,1,''),(12,2,''),(12,3,''),(13,1,''),(13,2,''),(13,3,''),(14,1,''),(14,2,''),(14,3,''),(15,1,''),(15,2,''),(15,3,'');
/*!40000 ALTER TABLE `tipopersonaPermiso` ENABLE KEYS */;
UNLOCK TABLES;

--
-- Table structure for table `zona`
--

DROP TABLE IF EXISTS `zona`;
/*!40101 SET @saved_cs_client     = @@character_set_client */;
/*!40101 SET character_set_client = utf8 */;
CREATE TABLE `zona` (
  `idzona` int(30) NOT NULL AUTO_INCREMENT COMMENT 'La Identificación de la zona geográfica (1°, 2° y 3°) en la que está dividido el instituto.',
  `zonaNombre` varchar(45) NOT NULL,
  `zonaCoementario` varchar(145) DEFAULT NULL,
  PRIMARY KEY (`idzona`)
) ENGINE=InnoDB AUTO_INCREMENT=5 DEFAULT CHARSET=utf8;
/*!40101 SET character_set_client = @saved_cs_client */;

--
-- Dumping data for table `zona`
--

LOCK TABLES `zona` WRITE;
/*!40000 ALTER TABLE `zona` DISABLE KEYS */;
REPLACE INTO `zona` VALUES (1,'Zona 1',NULL),(2,'Zona 2',NULL),(3,'Zona 3',NULL),(4,'zona 4',NULL);
/*!40000 ALTER TABLE `zona` ENABLE KEYS */;
UNLOCK TABLES;

--
-- Dumping events for database 'intex'
--

--
-- Dumping routines for database 'intex'
--
/*!40103 SET TIME_ZONE=@OLD_TIME_ZONE */;

/*!40101 SET SQL_MODE=@OLD_SQL_MODE */;
/*!40014 SET FOREIGN_KEY_CHECKS=@OLD_FOREIGN_KEY_CHECKS */;
/*!40014 SET UNIQUE_CHECKS=@OLD_UNIQUE_CHECKS */;
/*!40101 SET CHARACTER_SET_CLIENT=@OLD_CHARACTER_SET_CLIENT */;
/*!40101 SET CHARACTER_SET_RESULTS=@OLD_CHARACTER_SET_RESULTS */;
/*!40101 SET COLLATION_CONNECTION=@OLD_COLLATION_CONNECTION */;
/*!40111 SET SQL_NOTES=@OLD_SQL_NOTES */;

-- Dump completed on 2020-03-08 20:29:58
